ISO-10303-21;
HEADER;
FILE_DESCRIPTION(('FreeCAD Model'),'2;1');
FILE_NAME('Open CASCADE Shape Model','2026-07-13T14:02:10',(''),(''),
  'Open CASCADE STEP processor 7.8','FreeCAD','Unknown');
FILE_SCHEMA(('AUTOMOTIVE_DESIGN { 1 0 10303 214 1 1 1 1 }'));
ENDSEC;
DATA;
#1 = APPLICATION_PROTOCOL_DEFINITION('international standard',
  'automotive_design',2000,#2);
#2 = APPLICATION_CONTEXT(
  'core data for automotive mechanical design processes');
#3 = SHAPE_DEFINITION_REPRESENTATION(#4,#10);
#4 = PRODUCT_DEFINITION_SHAPE('','',#5);
#5 = PRODUCT_DEFINITION('design','',#6,#9);
#6 = PRODUCT_DEFINITION_FORMATION('','',#7);
#7 = PRODUCT('Ender3','Ender3','',(#8));
#8 = PRODUCT_CONTEXT('',#2,'mechanical');
#9 = PRODUCT_DEFINITION_CONTEXT('part definition',#2,'design');
#10 = ADVANCED_BREP_SHAPE_REPRESENTATION('',(#11,#15),#6623);
#11 = AXIS2_PLACEMENT_3D('',#12,#13,#14);
#12 = CARTESIAN_POINT('',(0.,0.,0.));
#13 = DIRECTION('',(0.,0.,1.));
#14 = DIRECTION('',(1.,0.,-0.));
#15 = MANIFOLD_SOLID_BREP('',#16);
#16 = CLOSED_SHELL('',(#17,#478,#509,#533,#557,#574,#605,#630,#655,#679,
    #703,#728,#753,#777,#801,#826,#851,#875,#899,#924,#949,#966,#997,
    #1022,#1047,#1071,#1095,#1120,#1145,#1169,#1193,#1211,#1242,#1267,
    #1292,#1316,#1340,#1365,#1390,#1407,#1439,#1463,#1487,#1512,#1537,
    #1561,#1585,#1610,#1635,#1659,#1683,#1701,#1726,#1751,#1782,#1806,
    #1830,#1847,#1934,#1959,#1984,#2074,#2115,#2140,#2166,#2201,#2234,
    #2259,#2284,#2349,#2373,#2398,#2423,#2440,#2621,#2648,#2679,#2704,
    #2729,#2760,#2789,#2814,#2839,#2864,#2904,#2939,#2964,#2997,#3021,
    #3046,#3071,#3088,#3120,#3144,#3168,#3193,#3218,#3251,#3284,#3313,
    #3342,#3367,#3392,#3420,#3445,#3470,#3679,#3707,#3732,#3757,#3790,
    #3815,#3840,#3857,#3894,#3919,#3969,#3994,#4018,#4036,#4060,#4072,
    #4090,#4116,#4169,#4194,#4238,#4256,#4274,#4298,#4324,#4341,#4358,
    #4376,#4394,#4412,#4424,#4611,#4636,#4729,#4746,#4771,#4854,#4885,
    #5046,#5071,#5164,#5181,#5206,#5231,#5499,#5519,#5539,#5555,#5577,
    #5594,#5610,#5626,#5637,#5654,#5671,#5683,#5695,#5707,#5719,#5800,
    #5809,#5827,#5844,#5856,#5873,#5890,#5907,#5948,#5965,#5982,#5994,
    #6011,#6033,#6046,#6058,#6075,#6092,#6109,#6150,#6167,#6184,#6196,
    #6213,#6238,#6262,#6287,#6311,#6329,#6354,#6378,#6403,#6427,#6445,
    #6470,#6494,#6519,#6543,#6561,#6575,#6589,#6603,#6613));
#17 = ADVANCED_FACE('',(#18,#52,#190,#277,#347,#451,#462),#473,.T.);
#18 = FACE_BOUND('',#19,.T.);
#19 = EDGE_LOOP('',(#20,#30,#38,#46));
#20 = ORIENTED_EDGE('',*,*,#21,.F.);
#21 = EDGE_CURVE('',#22,#24,#26,.T.);
#22 = VERTEX_POINT('',#23);
#23 = CARTESIAN_POINT('',(-83.37425533886,549.57237823995,
    99.834149792043));
#24 = VERTEX_POINT('',#25);
#25 = CARTESIAN_POINT('',(-133.1742553388,549.57237823995,
    99.834149792043));
#26 = LINE('',#27,#28);
#27 = CARTESIAN_POINT('',(-83.77425533886,549.57237823995,
    99.834149792043));
#28 = VECTOR('',#29,1.);
#29 = DIRECTION('',(-1.,-2.581E-14,-0.));
#30 = ORIENTED_EDGE('',*,*,#31,.F.);
#31 = EDGE_CURVE('',#32,#22,#34,.T.);
#32 = VERTEX_POINT('',#33);
#33 = CARTESIAN_POINT('',(-83.37425533886,549.57237823995,
    71.034149792043));
#34 = LINE('',#35,#36);
#35 = CARTESIAN_POINT('',(-83.37425533886,549.57237823995,
    71.434149792043));
#36 = VECTOR('',#37,1.);
#37 = DIRECTION('',(0.,7.48E-15,1.));
#38 = ORIENTED_EDGE('',*,*,#39,.F.);
#39 = EDGE_CURVE('',#40,#32,#42,.T.);
#40 = VERTEX_POINT('',#41);
#41 = CARTESIAN_POINT('',(-133.1742553388,549.57237823995,
    71.034149792043));
#42 = LINE('',#43,#44);
#43 = CARTESIAN_POINT('',(-132.7742553388,549.57237823995,
    71.034149792043));
#44 = VECTOR('',#45,1.);
#45 = DIRECTION('',(1.,2.581E-14,0.));
#46 = ORIENTED_EDGE('',*,*,#47,.F.);
#47 = EDGE_CURVE('',#24,#40,#48,.T.);
#48 = LINE('',#49,#50);
#49 = CARTESIAN_POINT('',(-133.1742553388,549.57237823995,
    99.434149792043));
#50 = VECTOR('',#51,1.);
#51 = DIRECTION('',(-0.,-7.48E-15,-1.));
#52 = FACE_BOUND('',#53,.T.);
#53 = EDGE_LOOP('',(#54,#64,#73,#81,#90,#98,#107,#115,#124,#132,#141,
    #149,#158,#166,#175,#183));
#54 = ORIENTED_EDGE('',*,*,#55,.T.);
#55 = EDGE_CURVE('',#56,#58,#60,.T.);
#56 = VERTEX_POINT('',#57);
#57 = CARTESIAN_POINT('',(-47.77425533887,549.57237823995,
    118.28426364623));
#58 = VERTEX_POINT('',#59);
#59 = CARTESIAN_POINT('',(-145.2742553388,549.57237823995,
    118.28426364623));
#60 = LINE('',#61,#62);
#61 = CARTESIAN_POINT('',(-91.87394160574,549.57237823995,
    118.28426364623));
#62 = VECTOR('',#63,1.);
#63 = DIRECTION('',(-1.,-2.433E-14,-7.352E-14));
#64 = ORIENTED_EDGE('',*,*,#65,.T.);
#65 = EDGE_CURVE('',#58,#66,#68,.T.);
#66 = VERTEX_POINT('',#67);
#67 = CARTESIAN_POINT('',(-146.8742553388,549.57237823995,
    116.68426364623));
#68 = CIRCLE('',#69,1.6);
#69 = AXIS2_PLACEMENT_3D('',#70,#71,#72);
#70 = CARTESIAN_POINT('',(-145.2742553388,549.57237823995,
    116.68426364623));
#71 = DIRECTION('',(2.433E-14,-1.,-1.E-17));
#72 = DIRECTION('',(-0.707106781187,-1.721097905408E-14,0.707106781186)
  );
#73 = ORIENTED_EDGE('',*,*,#74,.T.);
#74 = EDGE_CURVE('',#66,#75,#77,.T.);
#75 = VERTEX_POINT('',#76);
#76 = CARTESIAN_POINT('',(-146.8742553388,549.57237823995,110.7607339789
    ));
#77 = LINE('',#78,#79);
#78 = CARTESIAN_POINT('',(-146.8742553388,549.57237823995,
    98.684259303513));
#79 = VECTOR('',#80,1.);
#80 = DIRECTION('',(8.314E-14,1.E-17,-1.));
#81 = ORIENTED_EDGE('',*,*,#82,.T.);
#82 = EDGE_CURVE('',#75,#83,#85,.T.);
#83 = VERTEX_POINT('',#84);
#84 = CARTESIAN_POINT('',(-148.5742553388,549.57237823995,
    107.81624760604));
#85 = CIRCLE('',#86,3.4);
#86 = AXIS2_PLACEMENT_3D('',#87,#88,#89);
#87 = CARTESIAN_POINT('',(-150.2742553388,549.57237823995,110.7607339789
    ));
#88 = DIRECTION('',(-2.433E-14,1.,1.E-17));
#89 = DIRECTION('',(1.,2.433E-14,7.352E-14));
#90 = ORIENTED_EDGE('',*,*,#91,.T.);
#91 = EDGE_CURVE('',#83,#92,#94,.T.);
#92 = VERTEX_POINT('',#93);
#93 = CARTESIAN_POINT('',(-156.5742553388,549.57237823995,
    103.19744545252));
#94 = LINE('',#95,#96);
#95 = CARTESIAN_POINT('',(-130.0033940935,549.57237823995,
    118.53813934509));
#96 = VECTOR('',#97,1.);
#97 = DIRECTION('',(-0.866025403784,-2.107E-14,-0.5));
#98 = ORIENTED_EDGE('',*,*,#99,.T.);
#99 = EDGE_CURVE('',#92,#100,#102,.T.);
#100 = VERTEX_POINT('',#101);
#101 = CARTESIAN_POINT('',(-159.3742553388,549.57237823995,
    98.347703191331));
#102 = CIRCLE('',#103,5.6);
#103 = AXIS2_PLACEMENT_3D('',#104,#105,#106);
#104 = CARTESIAN_POINT('',(-153.7742553388,549.57237823995,
    98.347703191332));
#105 = DIRECTION('',(2.433E-14,-1.,-1.E-17));
#106 = DIRECTION('',(-1.,-2.433E-14,-7.07E-14));
#107 = ORIENTED_EDGE('',*,*,#108,.T.);
#108 = EDGE_CURVE('',#100,#109,#111,.T.);
#109 = VERTEX_POINT('',#110);
#110 = CARTESIAN_POINT('',(-159.3742553388,549.57237823995,
    89.110098884297));
#111 = LINE('',#112,#113);
#112 = CARTESIAN_POINT('',(-159.3742553388,549.57237823995,
    94.614055287417));
#113 = VECTOR('',#114,1.);
#114 = DIRECTION('',(7.352E-14,1.E-17,-1.));
#115 = ORIENTED_EDGE('',*,*,#116,.T.);
#116 = EDGE_CURVE('',#109,#117,#119,.T.);
#117 = VERTEX_POINT('',#118);
#118 = CARTESIAN_POINT('',(-156.5742553388,549.57237823995,
    84.260356623105));
#119 = CIRCLE('',#120,5.6);
#120 = AXIS2_PLACEMENT_3D('',#121,#122,#123);
#121 = CARTESIAN_POINT('',(-153.7742553388,549.57237823995,
    89.110098884298));
#122 = DIRECTION('',(2.433E-14,-1.,-1.E-17));
#123 = DIRECTION('',(-0.5,-1.215633974596E-14,-0.866025403784));
#124 = ORIENTED_EDGE('',*,*,#125,.T.);
#125 = EDGE_CURVE('',#117,#126,#128,.T.);
#126 = VERTEX_POINT('',#127);
#127 = CARTESIAN_POINT('',(-148.5742553388,549.57237823995,
    79.641554469588));
#128 = LINE('',#129,#130);
#129 = CARTESIAN_POINT('',(-130.5199601599,549.57237823995,
    69.21790228804));
#130 = VECTOR('',#131,1.);
#131 = DIRECTION('',(0.866025403784,2.108E-14,-0.5));
#132 = ORIENTED_EDGE('',*,*,#133,.T.);
#133 = EDGE_CURVE('',#126,#134,#136,.T.);
#134 = VERTEX_POINT('',#135);
#135 = CARTESIAN_POINT('',(-146.8742553388,549.57237823995,
    76.697068096721));
#136 = CIRCLE('',#137,3.4);
#137 = AXIS2_PLACEMENT_3D('',#138,#139,#140);
#138 = CARTESIAN_POINT('',(-150.2742553388,549.57237823995,
    76.697068096721));
#139 = DIRECTION('',(-2.433E-14,1.,1.E-17));
#140 = DIRECTION('',(0.5,1.215633974596E-14,0.866025403784));
#141 = ORIENTED_EDGE('',*,*,#142,.T.);
#142 = EDGE_CURVE('',#134,#143,#145,.T.);
#143 = VERTEX_POINT('',#144);
#144 = CARTESIAN_POINT('',(-146.8742553388,549.57237823995,
    58.684149792042));
#145 = LINE('',#146,#147);
#146 = CARTESIAN_POINT('',(-146.8742553388,549.57237823995,
    81.190661528759));
#147 = VECTOR('',#148,1.);
#148 = DIRECTION('',(7.448E-14,1.E-17,-1.));
#149 = ORIENTED_EDGE('',*,*,#150,.T.);
#150 = EDGE_CURVE('',#143,#151,#153,.T.);
#151 = VERTEX_POINT('',#152);
#152 = CARTESIAN_POINT('',(-145.2742553388,549.57237823995,
    57.084149792043));
#153 = CIRCLE('',#154,1.6);
#154 = AXIS2_PLACEMENT_3D('',#155,#156,#157);
#155 = CARTESIAN_POINT('',(-145.2742553388,549.57237823995,
    58.684149792043));
#156 = DIRECTION('',(2.433E-14,-1.,-1.E-17));
#157 = DIRECTION('',(-0.707106781186,-1.719683691846E-14,-0.707106781187
    ));
#158 = ORIENTED_EDGE('',*,*,#159,.T.);
#159 = EDGE_CURVE('',#151,#160,#162,.T.);
#160 = VERTEX_POINT('',#161);
#161 = CARTESIAN_POINT('',(-47.77425533886,549.57237823995,
    57.08414979205));
#162 = LINE('',#163,#164);
#163 = CARTESIAN_POINT('',(-66.02415105609,549.57237823995,
    57.084149792048));
#164 = VECTOR('',#165,1.);
#165 = DIRECTION('',(1.,2.433E-14,7.352E-14));
#166 = ORIENTED_EDGE('',*,*,#167,.T.);
#167 = EDGE_CURVE('',#160,#168,#170,.T.);
#168 = VERTEX_POINT('',#169);
#169 = CARTESIAN_POINT('',(-46.17425533886,549.57237823995,
    58.68414979205));
#170 = CIRCLE('',#171,1.6);
#171 = AXIS2_PLACEMENT_3D('',#172,#173,#174);
#172 = CARTESIAN_POINT('',(-47.77425533886,549.57237823995,
    58.68414979205));
#173 = DIRECTION('',(2.433E-14,-1.,-1.E-17));
#174 = DIRECTION('',(0.707106781187,1.721097905408E-14,-0.707106781186)
  );
#175 = ORIENTED_EDGE('',*,*,#176,.T.);
#176 = EDGE_CURVE('',#168,#177,#179,.T.);
#177 = VERTEX_POINT('',#178);
#178 = CARTESIAN_POINT('',(-46.17425533887,549.57237823995,
    116.68426364623));
#179 = LINE('',#180,#181);
#180 = CARTESIAN_POINT('',(-46.17425533887,549.57237823995,
    102.18425930352));
#181 = VECTOR('',#182,1.);
#182 = DIRECTION('',(-7.352E-14,-1.E-17,1.));
#183 = ORIENTED_EDGE('',*,*,#184,.T.);
#184 = EDGE_CURVE('',#177,#56,#185,.T.);
#185 = CIRCLE('',#186,1.6);
#186 = AXIS2_PLACEMENT_3D('',#187,#188,#189);
#187 = CARTESIAN_POINT('',(-47.77425533887,549.57237823995,
    116.68426364623));
#188 = DIRECTION('',(2.433E-14,-1.,-1.E-17));
#189 = DIRECTION('',(0.707106781186,1.719683691846E-14,0.707106781187));
#190 = FACE_BOUND('',#191,.T.);
#191 = EDGE_LOOP('',(#192,#202,#211,#219,#228,#236,#245,#253,#262,#270)
  );
#192 = ORIENTED_EDGE('',*,*,#193,.T.);
#193 = EDGE_CURVE('',#194,#196,#198,.T.);
#194 = VERTEX_POINT('',#195);
#195 = CARTESIAN_POINT('',(-67.27425533887,549.57237823995,
    114.08426364622));
#196 = VERTEX_POINT('',#197);
#197 = CARTESIAN_POINT('',(-50.77425533887,549.57237823995,
    114.08426364623));
#198 = LINE('',#199,#200);
#199 = CARTESIAN_POINT('',(-123.024151056,549.57237823995,114.0842636462
    ));
#200 = VECTOR('',#201,1.);
#201 = DIRECTION('',(1.,2.433E-14,3.5725E-13));
#202 = ORIENTED_EDGE('',*,*,#203,.T.);
#203 = EDGE_CURVE('',#196,#204,#206,.T.);
#204 = VERTEX_POINT('',#205);
#205 = CARTESIAN_POINT('',(-48.37425533887,549.57237823995,
    111.68426364623));
#206 = CIRCLE('',#207,2.4);
#207 = AXIS2_PLACEMENT_3D('',#208,#209,#210);
#208 = CARTESIAN_POINT('',(-50.77425533887,549.57237823995,
    111.68426364623));
#209 = DIRECTION('',(-2.433E-14,1.,1.E-17));
#210 = DIRECTION('',(0.707106781186,1.719683691846E-14,0.707106781187));
#211 = ORIENTED_EDGE('',*,*,#212,.T.);
#212 = EDGE_CURVE('',#204,#213,#215,.T.);
#213 = VERTEX_POINT('',#214);
#214 = CARTESIAN_POINT('',(-48.37425533887,549.57237823995,
    109.89470857513));
#215 = LINE('',#216,#217);
#216 = CARTESIAN_POINT('',(-48.37425533887,549.57237823995,
    96.923456364184));
#217 = VECTOR('',#218,1.);
#218 = DIRECTION('',(7.332E-14,1.E-17,-1.));
#219 = ORIENTED_EDGE('',*,*,#220,.T.);
#220 = EDGE_CURVE('',#213,#221,#223,.T.);
#221 = VERTEX_POINT('',#222);
#222 = CARTESIAN_POINT('',(-50.07425533887,549.57237823995,
    106.95022220226));
#223 = CIRCLE('',#224,3.4);
#224 = AXIS2_PLACEMENT_3D('',#225,#226,#227);
#225 = CARTESIAN_POINT('',(-51.77425533887,549.57237823995,
    109.89470857513));
#226 = DIRECTION('',(-2.433E-14,1.,1.E-17));
#227 = DIRECTION('',(0.866025403784,2.107539807408E-14,-0.5));
#228 = ORIENTED_EDGE('',*,*,#229,.T.);
#229 = EDGE_CURVE('',#221,#230,#232,.T.);
#230 = VERTEX_POINT('',#231);
#231 = CARTESIAN_POINT('',(-56.57425533887,549.57237823995,
    103.19744545253));
#232 = LINE('',#233,#234);
#233 = CARTESIAN_POINT('',(-71.50339409357,549.57237823995,
    94.578103173733));
#234 = VECTOR('',#235,1.);
#235 = DIRECTION('',(-0.866025403784,-2.107E-14,-0.5));
#236 = ORIENTED_EDGE('',*,*,#237,.T.);
#237 = EDGE_CURVE('',#230,#238,#240,.T.);
#238 = VERTEX_POINT('',#239);
#239 = CARTESIAN_POINT('',(-59.97425533887,549.57237823995,
    103.19744545253));
#240 = CIRCLE('',#241,3.4);
#241 = AXIS2_PLACEMENT_3D('',#242,#243,#244);
#242 = CARTESIAN_POINT('',(-58.27425533887,549.57237823995,
    106.14193182539));
#243 = DIRECTION('',(-2.433E-14,1.,9.999999999998E-18));
#244 = DIRECTION('',(0.5,1.217366025404E-14,-0.866025403784));
#245 = ORIENTED_EDGE('',*,*,#246,.T.);
#246 = EDGE_CURVE('',#238,#247,#249,.T.);
#247 = VERTEX_POINT('',#248);
#248 = CARTESIAN_POINT('',(-67.97425533887,549.57237823995,
    107.81624760604));
#249 = LINE('',#250,#251);
#250 = CARTESIAN_POINT('',(-70.04496015999,549.57237823995,
    109.01176959193));
#251 = VECTOR('',#252,1.);
#252 = DIRECTION('',(-0.866025403784,-2.108E-14,0.5));
#253 = ORIENTED_EDGE('',*,*,#254,.T.);
#254 = EDGE_CURVE('',#247,#255,#257,.T.);
#255 = VERTEX_POINT('',#256);
#256 = CARTESIAN_POINT('',(-69.67425533887,549.57237823995,
    110.76073397891));
#257 = CIRCLE('',#258,3.4);
#258 = AXIS2_PLACEMENT_3D('',#259,#260,#261);
#259 = CARTESIAN_POINT('',(-66.27425533887,549.57237823995,
    110.76073397891));
#260 = DIRECTION('',(-2.433E-14,1.,1.E-17));
#261 = DIRECTION('',(-0.5,-1.215633974596E-14,-0.866025403784));
#262 = ORIENTED_EDGE('',*,*,#263,.T.);
#263 = EDGE_CURVE('',#255,#264,#266,.T.);
#264 = VERTEX_POINT('',#265);
#265 = CARTESIAN_POINT('',(-69.67425533887,549.57237823995,
    111.68426364623));
#266 = LINE('',#267,#268);
#267 = CARTESIAN_POINT('',(-69.67425533887,549.57237823995,
    99.684259303516));
#268 = VECTOR('',#269,1.);
#269 = DIRECTION('',(-7.352E-14,-1.E-17,1.));
#270 = ORIENTED_EDGE('',*,*,#271,.T.);
#271 = EDGE_CURVE('',#264,#194,#272,.T.);
#272 = CIRCLE('',#273,2.4);
#273 = AXIS2_PLACEMENT_3D('',#274,#275,#276);
#274 = CARTESIAN_POINT('',(-67.27425533887,549.57237823995,
    111.68426364623));
#275 = DIRECTION('',(-2.433E-14,1.,1.E-17));
#276 = DIRECTION('',(-0.707106781187,-1.721097905408E-14,0.707106781186)
  );
#277 = FACE_BOUND('',#278,.T.);
#278 = EDGE_LOOP('',(#279,#289,#298,#306,#315,#323,#332,#340));
#279 = ORIENTED_EDGE('',*,*,#280,.T.);
#280 = EDGE_CURVE('',#281,#283,#285,.T.);
#281 = VERTEX_POINT('',#282);
#282 = CARTESIAN_POINT('',(-48.37425533887,549.57237823995,
    102.96650534485));
#283 = VERTEX_POINT('',#284);
#284 = CARTESIAN_POINT('',(-48.37425533886,549.57237823995,
    84.491296730789));
#285 = LINE('',#286,#287);
#286 = CARTESIAN_POINT('',(-48.37425533886,549.57237823995,
    84.221750442012));
#287 = VECTOR('',#288,1.);
#288 = DIRECTION('',(7.332E-14,1.E-17,-1.));
#289 = ORIENTED_EDGE('',*,*,#290,.T.);
#290 = EDGE_CURVE('',#283,#291,#293,.T.);
#291 = VERTEX_POINT('',#292);
#292 = CARTESIAN_POINT('',(-50.47425533886,549.57237823995,
    83.27886116549));
#293 = CIRCLE('',#294,1.4);
#294 = AXIS2_PLACEMENT_3D('',#295,#296,#297);
#295 = CARTESIAN_POINT('',(-49.77425533886,549.57237823995,
    84.491296730789));
#296 = DIRECTION('',(-2.433E-14,1.,1.E-17));
#297 = DIRECTION('',(0.5,1.217366025404E-14,-0.866025403784));
#298 = ORIENTED_EDGE('',*,*,#299,.T.);
#299 = EDGE_CURVE('',#291,#300,#302,.T.);
#300 = VERTEX_POINT('',#301);
#301 = CARTESIAN_POINT('',(-55.47425533886,549.57237823995,
    86.165612511438));
#302 = LINE('',#303,#304);
#303 = CARTESIAN_POINT('',(-66.91996015999,549.57237823995,
    92.773793270981));
#304 = VECTOR('',#305,1.);
#305 = DIRECTION('',(-0.866025403784,-2.108E-14,0.5));
#306 = ORIENTED_EDGE('',*,*,#307,.T.);
#307 = EDGE_CURVE('',#300,#308,#310,.T.);
#308 = VERTEX_POINT('',#309);
#309 = CARTESIAN_POINT('',(-57.17425533886,549.57237823995,
    89.110098884305));
#310 = CIRCLE('',#311,3.4);
#311 = AXIS2_PLACEMENT_3D('',#312,#313,#314);
#312 = CARTESIAN_POINT('',(-53.77425533886,549.57237823995,
    89.110098884305));
#313 = DIRECTION('',(-2.433E-14,1.,1.E-17));
#314 = DIRECTION('',(-0.5,-1.215633974596E-14,-0.866025403784));
#315 = ORIENTED_EDGE('',*,*,#316,.T.);
#316 = EDGE_CURVE('',#308,#317,#319,.T.);
#317 = VERTEX_POINT('',#318);
#318 = CARTESIAN_POINT('',(-57.17425533887,549.57237823995,
    98.347703191339));
#319 = LINE('',#320,#321);
#320 = CARTESIAN_POINT('',(-57.17425533886,549.57237823995,
    85.934230839974));
#321 = VECTOR('',#322,1.);
#322 = DIRECTION('',(-7.352E-14,-1.E-17,1.));
#323 = ORIENTED_EDGE('',*,*,#324,.T.);
#324 = EDGE_CURVE('',#317,#325,#327,.T.);
#325 = VERTEX_POINT('',#326);
#326 = CARTESIAN_POINT('',(-55.47425533887,549.57237823995,
    101.2921895642));
#327 = CIRCLE('',#328,3.4);
#328 = AXIS2_PLACEMENT_3D('',#329,#330,#331);
#329 = CARTESIAN_POINT('',(-53.77425533887,549.57237823995,
    98.347703191339));
#330 = DIRECTION('',(-2.433E-14,1.,1.E-17));
#331 = DIRECTION('',(-1.,-2.433E-14,-8.24E-14));
#332 = ORIENTED_EDGE('',*,*,#333,.T.);
#333 = EDGE_CURVE('',#325,#334,#336,.T.);
#334 = VERTEX_POINT('',#335);
#335 = CARTESIAN_POINT('',(-50.47425533887,549.57237823995,
    104.17894091015));
#336 = LINE('',#337,#338);
#337 = CARTESIAN_POINT('',(-67.15339409357,549.57237823995,
    94.549235660273));
#338 = VECTOR('',#339,1.);
#339 = DIRECTION('',(0.866025403784,2.107E-14,0.5));
#340 = ORIENTED_EDGE('',*,*,#341,.T.);
#341 = EDGE_CURVE('',#334,#281,#342,.T.);
#342 = CIRCLE('',#343,1.4);
#343 = AXIS2_PLACEMENT_3D('',#344,#345,#346);
#344 = CARTESIAN_POINT('',(-49.77425533887,549.57237823995,
    102.96650534485));
#345 = DIRECTION('',(-2.433E-14,1.,1.E-17));
#346 = DIRECTION('',(0.5,1.215633974596E-14,0.866025403784));
#347 = FACE_BOUND('',#348,.T.);
#348 = EDGE_LOOP('',(#349,#360,#368,#377,#385,#394,#402,#411,#419,#428,
    #436,#445));
#349 = ORIENTED_EDGE('',*,*,#350,.T.);
#350 = EDGE_CURVE('',#351,#353,#355,.T.);
#351 = VERTEX_POINT('',#352);
#352 = CARTESIAN_POINT('',(-59.97425533886,549.57237823995,
    84.260356623112));
#353 = VERTEX_POINT('',#354);
#354 = CARTESIAN_POINT('',(-56.57425533886,549.57237823995,
    84.260356623112));
#355 = CIRCLE('',#356,3.4);
#356 = AXIS2_PLACEMENT_3D('',#357,#358,#359);
#357 = CARTESIAN_POINT('',(-58.27425533886,549.57237823995,
    81.315870250245));
#358 = DIRECTION('',(-2.433E-14,1.,1.E-17));
#359 = DIRECTION('',(-0.5,-1.217366025404E-14,0.866025403784));
#360 = ORIENTED_EDGE('',*,*,#361,.T.);
#361 = EDGE_CURVE('',#353,#362,#364,.T.);
#362 = VERTEX_POINT('',#363);
#363 = CARTESIAN_POINT('',(-50.07425533886,549.57237823995,
    80.50757987338));
#364 = LINE('',#365,#366);
#365 = CARTESIAN_POINT('',(-64.76996015999,549.57237823995,
    88.992149007789));
#366 = VECTOR('',#367,1.);
#367 = DIRECTION('',(0.866025403784,2.108E-14,-0.5));
#368 = ORIENTED_EDGE('',*,*,#369,.T.);
#369 = EDGE_CURVE('',#362,#370,#372,.T.);
#370 = VERTEX_POINT('',#371);
#371 = CARTESIAN_POINT('',(-48.37425533886,549.57237823995,
    77.563093500513));
#372 = CIRCLE('',#373,3.4);
#373 = AXIS2_PLACEMENT_3D('',#374,#375,#376);
#374 = CARTESIAN_POINT('',(-51.77425533886,549.57237823995,
    77.563093500513));
#375 = DIRECTION('',(-2.433E-14,1.,1.E-17));
#376 = DIRECTION('',(0.5,1.215633974596E-14,0.866025403784));
#377 = ORIENTED_EDGE('',*,*,#378,.T.);
#378 = EDGE_CURVE('',#370,#379,#381,.T.);
#379 = VERTEX_POINT('',#380);
#380 = CARTESIAN_POINT('',(-48.37425533886,549.57237823995,
    66.59343838591));
#381 = LINE('',#382,#383);
#382 = CARTESIAN_POINT('',(-48.37425533886,549.57237823995,
    76.138846673357));
#383 = VECTOR('',#384,1.);
#384 = DIRECTION('',(7.352E-14,1.E-17,-1.));
#385 = ORIENTED_EDGE('',*,*,#386,.T.);
#386 = EDGE_CURVE('',#379,#387,#389,.T.);
#387 = VERTEX_POINT('',#388);
#388 = CARTESIAN_POINT('',(-50.07425533886,549.57237823995,
    63.648952013043));
#389 = CIRCLE('',#390,3.4);
#390 = AXIS2_PLACEMENT_3D('',#391,#392,#393);
#391 = CARTESIAN_POINT('',(-51.77425533886,549.57237823995,
    66.59343838591));
#392 = DIRECTION('',(-2.433E-14,1.,1.E-17));
#393 = DIRECTION('',(1.,2.433E-14,7.352E-14));
#394 = ORIENTED_EDGE('',*,*,#395,.T.);
#395 = EDGE_CURVE('',#387,#396,#398,.T.);
#396 = VERTEX_POINT('',#397);
#397 = CARTESIAN_POINT('',(-56.57425533886,549.57237823995,
    59.89617526331));
#398 = LINE('',#399,#400);
#399 = CARTESIAN_POINT('',(-60.1325678567,549.57237823995,
    57.841782573278));
#400 = VECTOR('',#401,1.);
#401 = DIRECTION('',(-0.866025403784,-2.107E-14,-0.5));
#402 = ORIENTED_EDGE('',*,*,#403,.T.);
#403 = EDGE_CURVE('',#396,#404,#406,.T.);
#404 = VERTEX_POINT('',#405);
#405 = CARTESIAN_POINT('',(-59.97425533886,549.57237823995,
    59.89617526331));
#406 = CIRCLE('',#407,3.4);
#407 = AXIS2_PLACEMENT_3D('',#408,#409,#410);
#408 = CARTESIAN_POINT('',(-58.27425533886,549.57237823995,
    62.840661636177));
#409 = DIRECTION('',(-2.433E-14,1.,1.E-17));
#410 = DIRECTION('',(7.01E-14,1.000000000171E-17,-1.));
#411 = ORIENTED_EDGE('',*,*,#412,.T.);
#412 = EDGE_CURVE('',#404,#413,#415,.T.);
#413 = VERTEX_POINT('',#414);
#414 = CARTESIAN_POINT('',(-67.97425533886,549.57237823995,
    64.514977416826));
#415 = LINE('',#416,#417);
#416 = CARTESIAN_POINT('',(-79.41996015999,549.57237823995,
    71.123158176369));
#417 = VECTOR('',#418,1.);
#418 = DIRECTION('',(-0.866025403784,-2.108E-14,0.5));
#419 = ORIENTED_EDGE('',*,*,#420,.T.);
#420 = EDGE_CURVE('',#413,#421,#423,.T.);
#421 = VERTEX_POINT('',#422);
#422 = CARTESIAN_POINT('',(-69.67425533886,549.57237823995,
    67.459463789693));
#423 = CIRCLE('',#424,3.4);
#424 = AXIS2_PLACEMENT_3D('',#425,#426,#427);
#425 = CARTESIAN_POINT('',(-66.27425533886,549.57237823995,
    67.459463789694));
#426 = DIRECTION('',(-2.433E-14,1.,9.999999999998E-18));
#427 = DIRECTION('',(-0.5,-1.215633974596E-14,-0.866025403784));
#428 = ORIENTED_EDGE('',*,*,#429,.T.);
#429 = EDGE_CURVE('',#421,#430,#432,.T.);
#430 = VERTEX_POINT('',#431);
#431 = CARTESIAN_POINT('',(-69.67425533886,549.57237823995,
    76.697068096727));
#432 = LINE('',#433,#434);
#433 = CARTESIAN_POINT('',(-69.67425533886,549.57237823995,
    81.190661528765));
#434 = VECTOR('',#435,1.);
#435 = DIRECTION('',(-7.352E-14,-1.E-17,1.));
#436 = ORIENTED_EDGE('',*,*,#437,.T.);
#437 = EDGE_CURVE('',#430,#438,#440,.T.);
#438 = VERTEX_POINT('',#439);
#439 = CARTESIAN_POINT('',(-67.97425533886,549.57237823995,
    79.641554469594));
#440 = CIRCLE('',#441,3.4);
#441 = AXIS2_PLACEMENT_3D('',#442,#443,#444);
#442 = CARTESIAN_POINT('',(-66.27425533886,549.57237823995,
    76.697068096728));
#443 = DIRECTION('',(-2.433E-14,1.,1.E-17));
#444 = DIRECTION('',(-1.,-2.433E-14,-8.536E-14));
#445 = ORIENTED_EDGE('',*,*,#446,.T.);
#446 = EDGE_CURVE('',#438,#351,#447,.T.);
#447 = LINE('',#448,#449);
#448 = CARTESIAN_POINT('',(-69.52839409357,549.57237823995,
    78.744272041207));
#449 = VECTOR('',#450,1.);
#450 = DIRECTION('',(0.866025403784,2.107E-14,0.5));
#451 = FACE_BOUND('',#452,.T.);
#452 = EDGE_LOOP('',(#453));
#453 = ORIENTED_EDGE('',*,*,#454,.T.);
#454 = EDGE_CURVE('',#455,#455,#457,.T.);
#455 = VERTEX_POINT('',#456);
#456 = CARTESIAN_POINT('',(-110.3242553388,549.57237823995,
    105.43414979204));
#457 = CIRCLE('',#458,2.05);
#458 = AXIS2_PLACEMENT_3D('',#459,#460,#461);
#459 = CARTESIAN_POINT('',(-108.2742553388,549.57237823995,
    105.43414979204));
#460 = DIRECTION('',(-2.581E-14,1.,-7.48E-15));
#461 = DIRECTION('',(-1.,-2.581E-14,9.474E-14));
#462 = FACE_BOUND('',#463,.T.);
#463 = EDGE_LOOP('',(#464));
#464 = ORIENTED_EDGE('',*,*,#465,.T.);
#465 = EDGE_CURVE('',#466,#466,#468,.T.);
#466 = VERTEX_POINT('',#467);
#467 = CARTESIAN_POINT('',(-110.3242553388,549.57237823995,
    65.434149792043));
#468 = CIRCLE('',#469,2.05);
#469 = AXIS2_PLACEMENT_3D('',#470,#471,#472);
#470 = CARTESIAN_POINT('',(-108.2742553388,549.57237823995,
    65.434149792043));
#471 = DIRECTION('',(-2.581E-14,1.,-7.48E-15));
#472 = DIRECTION('',(-1.,-2.581E-14,9.474E-14));
#473 = PLANE('',#474);
#474 = AXIS2_PLACEMENT_3D('',#475,#476,#477);
#475 = CARTESIAN_POINT('',(-99.47514819543,549.57237823995,
    87.909120606762));
#476 = DIRECTION('',(2.581E-14,-1.,7.48E-15));
#477 = DIRECTION('',(-1.,-2.581E-14,0.));
#478 = ADVANCED_FACE('',(#479),#504,.F.);
#479 = FACE_BOUND('',#480,.T.);
#480 = EDGE_LOOP('',(#481,#489,#490,#498));
#481 = ORIENTED_EDGE('',*,*,#482,.F.);
#482 = EDGE_CURVE('',#22,#483,#485,.T.);
#483 = VERTEX_POINT('',#484);
#484 = CARTESIAN_POINT('',(-83.77425533886,549.97237823995,
    99.434149792043));
#485 = LINE('',#486,#487);
#486 = CARTESIAN_POINT('',(-88.3075886722,554.50571157328,
    94.900816458709));
#487 = VECTOR('',#488,1.);
#488 = DIRECTION('',(-0.57735026919,0.57735026919,-0.57735026919));
#489 = ORIENTED_EDGE('',*,*,#21,.T.);
#490 = ORIENTED_EDGE('',*,*,#491,.T.);
#491 = EDGE_CURVE('',#24,#492,#494,.T.);
#492 = VERTEX_POINT('',#493);
#493 = CARTESIAN_POINT('',(-132.7742553388,549.97237823995,
    99.434149792043));
#494 = LINE('',#495,#496);
#495 = CARTESIAN_POINT('',(-124.7409220055,558.00571157328,
    91.400816458709));
#496 = VECTOR('',#497,1.);
#497 = DIRECTION('',(0.57735026919,0.57735026919,-0.57735026919));
#498 = ORIENTED_EDGE('',*,*,#499,.F.);
#499 = EDGE_CURVE('',#483,#492,#500,.T.);
#500 = LINE('',#501,#502);
#501 = CARTESIAN_POINT('',(-83.77425533886,549.97237823995,
    99.434149792043));
#502 = VECTOR('',#503,1.);
#503 = DIRECTION('',(-1.,-2.581E-14,-0.));
#504 = PLANE('',#505);
#505 = AXIS2_PLACEMENT_3D('',#506,#507,#508);
#506 = CARTESIAN_POINT('',(-83.77425533886,549.77237823995,
    99.634149792043));
#507 = DIRECTION('',(-1.608E-14,0.707106781187,0.707106781187));
#508 = DIRECTION('',(1.,2.427527704148E-14,-1.534722958521E-15));
#509 = ADVANCED_FACE('',(#510),#528,.F.);
#510 = FACE_BOUND('',#511,.T.);
#511 = EDGE_LOOP('',(#512,#520,#521,#522));
#512 = ORIENTED_EDGE('',*,*,#513,.F.);
#513 = EDGE_CURVE('',#32,#514,#516,.T.);
#514 = VERTEX_POINT('',#515);
#515 = CARTESIAN_POINT('',(-83.77425533886,549.97237823995,
    71.434149792043));
#516 = LINE('',#517,#518);
#517 = CARTESIAN_POINT('',(-91.8075886722,558.00571157328,
    79.467483125377));
#518 = VECTOR('',#519,1.);
#519 = DIRECTION('',(-0.57735026919,0.57735026919,0.57735026919));
#520 = ORIENTED_EDGE('',*,*,#31,.T.);
#521 = ORIENTED_EDGE('',*,*,#482,.T.);
#522 = ORIENTED_EDGE('',*,*,#523,.F.);
#523 = EDGE_CURVE('',#514,#483,#524,.T.);
#524 = LINE('',#525,#526);
#525 = CARTESIAN_POINT('',(-83.77425533886,549.97237823995,
    71.434149792043));
#526 = VECTOR('',#527,1.);
#527 = DIRECTION('',(0.,7.48E-15,1.));
#528 = PLANE('',#529);
#529 = AXIS2_PLACEMENT_3D('',#530,#531,#532);
#530 = CARTESIAN_POINT('',(-83.57425533886,549.77237823995,
    71.434149792043));
#531 = DIRECTION('',(0.707106781186,0.707106781187,0.));
#532 = DIRECTION('',(3.74E-15,-3.74E-15,-1.));
#533 = ADVANCED_FACE('',(#534),#552,.F.);
#534 = FACE_BOUND('',#535,.T.);
#535 = EDGE_LOOP('',(#536,#537,#538,#546));
#536 = ORIENTED_EDGE('',*,*,#491,.F.);
#537 = ORIENTED_EDGE('',*,*,#47,.T.);
#538 = ORIENTED_EDGE('',*,*,#539,.T.);
#539 = EDGE_CURVE('',#40,#540,#542,.T.);
#540 = VERTEX_POINT('',#541);
#541 = CARTESIAN_POINT('',(-132.7742553388,549.97237823995,
    71.434149792043));
#542 = LINE('',#543,#544);
#543 = CARTESIAN_POINT('',(-128.2409220055,554.50571157328,
    75.967483125376));
#544 = VECTOR('',#545,1.);
#545 = DIRECTION('',(0.57735026919,0.57735026919,0.57735026919));
#546 = ORIENTED_EDGE('',*,*,#547,.F.);
#547 = EDGE_CURVE('',#492,#540,#548,.T.);
#548 = LINE('',#549,#550);
#549 = CARTESIAN_POINT('',(-132.7742553388,549.97237823995,
    99.434149792043));
#550 = VECTOR('',#551,1.);
#551 = DIRECTION('',(-0.,-7.48E-15,-1.));
#552 = PLANE('',#553);
#553 = AXIS2_PLACEMENT_3D('',#554,#555,#556);
#554 = CARTESIAN_POINT('',(-132.9742553388,549.77237823995,
    99.434149792043));
#555 = DIRECTION('',(-0.707106781187,0.707106781187,0.));
#556 = DIRECTION('',(3.74E-15,3.74E-15,1.));
#557 = ADVANCED_FACE('',(#558),#569,.F.);
#558 = FACE_BOUND('',#559,.T.);
#559 = EDGE_LOOP('',(#560,#561,#562,#563));
#560 = ORIENTED_EDGE('',*,*,#539,.F.);
#561 = ORIENTED_EDGE('',*,*,#39,.T.);
#562 = ORIENTED_EDGE('',*,*,#513,.T.);
#563 = ORIENTED_EDGE('',*,*,#564,.F.);
#564 = EDGE_CURVE('',#540,#514,#565,.T.);
#565 = LINE('',#566,#567);
#566 = CARTESIAN_POINT('',(-132.7742553388,549.97237823995,
    71.434149792043));
#567 = VECTOR('',#568,1.);
#568 = DIRECTION('',(1.,2.581E-14,0.));
#569 = PLANE('',#570);
#570 = AXIS2_PLACEMENT_3D('',#571,#572,#573);
#571 = CARTESIAN_POINT('',(-132.7742553388,549.77237823995,
    71.234149792043));
#572 = DIRECTION('',(-1.609E-14,0.707106781187,-0.707106781187));
#573 = DIRECTION('',(-1.,-2.428234810929E-14,-1.527651890709E-15));
#574 = ADVANCED_FACE('',(#575),#600,.F.);
#575 = FACE_BOUND('',#576,.T.);
#576 = EDGE_LOOP('',(#577,#585,#593,#599));
#577 = ORIENTED_EDGE('',*,*,#578,.F.);
#578 = EDGE_CURVE('',#579,#56,#581,.T.);
#579 = VERTEX_POINT('',#580);
#580 = CARTESIAN_POINT('',(-47.77425533887,549.97237823995,
    118.68426364623));
#581 = LINE('',#582,#583);
#582 = CARTESIAN_POINT('',(-47.77425533887,549.97237823995,
    118.68426364623));
#583 = VECTOR('',#584,1.);
#584 = DIRECTION('',(7.151E-14,-0.707106781187,-0.707106781187));
#585 = ORIENTED_EDGE('',*,*,#586,.F.);
#586 = EDGE_CURVE('',#587,#579,#589,.T.);
#587 = VERTEX_POINT('',#588);
#588 = CARTESIAN_POINT('',(-145.2742553388,549.97237823995,
    118.68426364623));
#589 = LINE('',#590,#591);
#590 = CARTESIAN_POINT('',(-91.87394160574,549.97237823995,
    118.68426364623));
#591 = VECTOR('',#592,1.);
#592 = DIRECTION('',(1.,2.433E-14,7.352E-14));
#593 = ORIENTED_EDGE('',*,*,#594,.F.);
#594 = EDGE_CURVE('',#58,#587,#595,.T.);
#595 = LINE('',#596,#597);
#596 = CARTESIAN_POINT('',(-145.2742553388,549.57237823995,
    118.28426364623));
#597 = VECTOR('',#598,1.);
#598 = DIRECTION('',(-7.151E-14,0.707106781187,0.707106781187));
#599 = ORIENTED_EDGE('',*,*,#55,.F.);
#600 = PLANE('',#601);
#601 = AXIS2_PLACEMENT_3D('',#602,#603,#604);
#602 = CARTESIAN_POINT('',(-91.87394160574,549.77237823995,
    118.48426364623));
#603 = DIRECTION('',(3.478E-14,0.707106781187,-0.707106781187));
#604 = DIRECTION('',(1.,4.981182615033E-14,9.899817384967E-14));
#605 = ADVANCED_FACE('',(#606),#625,.T.);
#606 = FACE_BOUND('',#607,.T.);
#607 = EDGE_LOOP('',(#608,#616,#623,#624));
#608 = ORIENTED_EDGE('',*,*,#609,.F.);
#609 = EDGE_CURVE('',#610,#177,#612,.T.);
#610 = VERTEX_POINT('',#611);
#611 = CARTESIAN_POINT('',(-45.77425533887,549.97237823995,
    116.68426364623));
#612 = LINE('',#613,#614);
#613 = CARTESIAN_POINT('',(-45.77425533887,549.97237823995,
    116.68426364623));
#614 = VECTOR('',#615,1.);
#615 = DIRECTION('',(-0.707106781187,-0.707106781187,-4.432E-14));
#616 = ORIENTED_EDGE('',*,*,#617,.F.);
#617 = EDGE_CURVE('',#579,#610,#618,.T.);
#618 = CIRCLE('',#619,2.);
#619 = AXIS2_PLACEMENT_3D('',#620,#621,#622);
#620 = CARTESIAN_POINT('',(-47.77425533887,549.97237823995,
    116.68426364623));
#621 = DIRECTION('',(-2.433E-14,1.,1.E-17));
#622 = DIRECTION('',(0.707106781186,1.719683691846E-14,0.707106781187));
#623 = ORIENTED_EDGE('',*,*,#578,.T.);
#624 = ORIENTED_EDGE('',*,*,#184,.F.);
#625 = CONICAL_SURFACE('',#626,1.8,0.785398163397);
#626 = AXIS2_PLACEMENT_3D('',#627,#628,#629);
#627 = CARTESIAN_POINT('',(-47.77425533887,549.77237823995,
    116.68426364623));
#628 = DIRECTION('',(-2.761E-14,1.,-1.084E-14));
#629 = DIRECTION('',(0.707106781186,2.718825573662E-14,0.707106781187));
#630 = ADVANCED_FACE('',(#631),#650,.T.);
#631 = FACE_BOUND('',#632,.T.);
#632 = EDGE_LOOP('',(#633,#641,#642,#643));
#633 = ORIENTED_EDGE('',*,*,#634,.T.);
#634 = EDGE_CURVE('',#635,#66,#637,.T.);
#635 = VERTEX_POINT('',#636);
#636 = CARTESIAN_POINT('',(-147.2742553388,549.97237823995,
    116.68426364623));
#637 = LINE('',#638,#639);
#638 = CARTESIAN_POINT('',(-147.2742553388,549.97237823995,
    116.68426364623));
#639 = VECTOR('',#640,1.);
#640 = DIRECTION('',(0.707106781182,-0.707106781191,5.966E-14));
#641 = ORIENTED_EDGE('',*,*,#65,.F.);
#642 = ORIENTED_EDGE('',*,*,#594,.T.);
#643 = ORIENTED_EDGE('',*,*,#644,.F.);
#644 = EDGE_CURVE('',#635,#587,#645,.T.);
#645 = CIRCLE('',#646,2.);
#646 = AXIS2_PLACEMENT_3D('',#647,#648,#649);
#647 = CARTESIAN_POINT('',(-145.2742553388,549.97237823994,
    116.68426364623));
#648 = DIRECTION('',(-2.433E-14,1.,1.E-17));
#649 = DIRECTION('',(-0.707106781187,-1.721097905408E-14,0.707106781186)
  );
#650 = CONICAL_SURFACE('',#651,1.8,0.785398163401);
#651 = AXIS2_PLACEMENT_3D('',#652,#653,#654);
#652 = CARTESIAN_POINT('',(-145.2742553388,549.77237823995,
    116.68426364623));
#653 = DIRECTION('',(-2.761E-14,1.,-1.084E-14));
#654 = DIRECTION('',(-0.707106781187,-1.18581807205E-14,0.707106781186)
  );
#655 = ADVANCED_FACE('',(#656),#674,.F.);
#656 = FACE_BOUND('',#657,.T.);
#657 = EDGE_LOOP('',(#658,#666,#672,#673));
#658 = ORIENTED_EDGE('',*,*,#659,.F.);
#659 = EDGE_CURVE('',#660,#168,#662,.T.);
#660 = VERTEX_POINT('',#661);
#661 = CARTESIAN_POINT('',(-45.77425533886,549.97237823995,
    58.68414979205));
#662 = LINE('',#663,#664);
#663 = CARTESIAN_POINT('',(-45.77425533886,549.97237823995,
    58.68414979205));
#664 = VECTOR('',#665,1.);
#665 = DIRECTION('',(-0.707106781186,-0.707106781187,-2.862E-14));
#666 = ORIENTED_EDGE('',*,*,#667,.F.);
#667 = EDGE_CURVE('',#610,#660,#668,.T.);
#668 = LINE('',#669,#670);
#669 = CARTESIAN_POINT('',(-45.77425533887,549.97237823995,
    102.18425930352));
#670 = VECTOR('',#671,1.);
#671 = DIRECTION('',(7.352E-14,1.E-17,-1.));
#672 = ORIENTED_EDGE('',*,*,#609,.T.);
#673 = ORIENTED_EDGE('',*,*,#176,.F.);
#674 = PLANE('',#675);
#675 = AXIS2_PLACEMENT_3D('',#676,#677,#678);
#676 = CARTESIAN_POINT('',(-45.97425533887,549.77237823995,
    102.18425930352));
#677 = DIRECTION('',(-0.707106781187,0.707106781187,-5.198E-14));
#678 = DIRECTION('',(-1.815795895139E-13,-2.550904104861E-13,-1.));
#679 = ADVANCED_FACE('',(#680),#698,.F.);
#680 = FACE_BOUND('',#681,.T.);
#681 = EDGE_LOOP('',(#682,#683,#691,#697));
#682 = ORIENTED_EDGE('',*,*,#634,.F.);
#683 = ORIENTED_EDGE('',*,*,#684,.F.);
#684 = EDGE_CURVE('',#685,#635,#687,.T.);
#685 = VERTEX_POINT('',#686);
#686 = CARTESIAN_POINT('',(-147.2742553388,549.97237823996,
    110.7607339789));
#687 = LINE('',#688,#689);
#688 = CARTESIAN_POINT('',(-147.2742553388,549.97237823995,
    98.684259303513));
#689 = VECTOR('',#690,1.);
#690 = DIRECTION('',(-8.314E-14,-1.E-17,1.));
#691 = ORIENTED_EDGE('',*,*,#692,.T.);
#692 = EDGE_CURVE('',#685,#75,#693,.T.);
#693 = LINE('',#694,#695);
#694 = CARTESIAN_POINT('',(-147.2742553388,549.97237823996,
    110.7607339789));
#695 = VECTOR('',#696,1.);
#696 = DIRECTION('',(0.707106781179,-0.707106781194,5.966E-14));
#697 = ORIENTED_EDGE('',*,*,#74,.F.);
#698 = PLANE('',#699);
#699 = AXIS2_PLACEMENT_3D('',#700,#701,#702);
#700 = CARTESIAN_POINT('',(-147.0742553388,549.77237823995,
    98.684259303513));
#701 = DIRECTION('',(0.707106781191,0.707106781182,5.879E-14));
#702 = DIRECTION('',(-3.38235807664E-13,2.55094192336E-13,1.));
#703 = ADVANCED_FACE('',(#704),#723,.T.);
#704 = FACE_BOUND('',#705,.T.);
#705 = EDGE_LOOP('',(#706,#714,#721,#722));
#706 = ORIENTED_EDGE('',*,*,#707,.F.);
#707 = EDGE_CURVE('',#708,#160,#710,.T.);
#708 = VERTEX_POINT('',#709);
#709 = CARTESIAN_POINT('',(-47.77425533886,549.97237823995,
    56.68414979205));
#710 = LINE('',#711,#712);
#711 = CARTESIAN_POINT('',(-47.77425533886,549.97237823995,
    56.68414979205));
#712 = VECTOR('',#713,1.);
#713 = DIRECTION('',(-1.677E-14,-0.707106781187,0.707106781186));
#714 = ORIENTED_EDGE('',*,*,#715,.F.);
#715 = EDGE_CURVE('',#660,#708,#716,.T.);
#716 = CIRCLE('',#717,2.);
#717 = AXIS2_PLACEMENT_3D('',#718,#719,#720);
#718 = CARTESIAN_POINT('',(-47.77425533886,549.97237823995,
    58.68414979205));
#719 = DIRECTION('',(-2.433E-14,1.,1.E-17));
#720 = DIRECTION('',(0.707106781187,1.721097905408E-14,-0.707106781186)
  );
#721 = ORIENTED_EDGE('',*,*,#659,.T.);
#722 = ORIENTED_EDGE('',*,*,#167,.F.);
#723 = CONICAL_SURFACE('',#724,1.8,0.785398163397);
#724 = AXIS2_PLACEMENT_3D('',#725,#726,#727);
#725 = CARTESIAN_POINT('',(-47.77425533886,549.77237823995,
    58.68414979205));
#726 = DIRECTION('',(-2.761E-14,1.,1.136E-14));
#727 = DIRECTION('',(0.707106781187,2.755595126284E-14,-0.707106781186)
  );
#728 = ADVANCED_FACE('',(#729),#748,.F.);
#729 = FACE_BOUND('',#730,.F.);
#730 = EDGE_LOOP('',(#731,#740,#741,#742));
#731 = ORIENTED_EDGE('',*,*,#732,.T.);
#732 = EDGE_CURVE('',#733,#685,#735,.T.);
#733 = VERTEX_POINT('',#734);
#734 = CARTESIAN_POINT('',(-148.7742553388,549.97237823995,
    108.16265776755));
#735 = CIRCLE('',#736,3.);
#736 = AXIS2_PLACEMENT_3D('',#737,#738,#739);
#737 = CARTESIAN_POINT('',(-150.2742553388,549.97237823996,
    110.7607339789));
#738 = DIRECTION('',(2.433E-14,-1.,-1.E-17));
#739 = DIRECTION('',(1.,2.433E-14,7.352E-14));
#740 = ORIENTED_EDGE('',*,*,#692,.T.);
#741 = ORIENTED_EDGE('',*,*,#82,.T.);
#742 = ORIENTED_EDGE('',*,*,#743,.F.);
#743 = EDGE_CURVE('',#733,#83,#744,.T.);
#744 = LINE('',#745,#746);
#745 = CARTESIAN_POINT('',(-148.7742553388,549.97237823995,
    108.16265776755));
#746 = VECTOR('',#747,1.);
#747 = DIRECTION('',(0.353553390592,-0.707106781189,-0.612372435693));
#748 = CONICAL_SURFACE('',#749,3.2,0.785398163386);
#749 = AXIS2_PLACEMENT_3D('',#750,#751,#752);
#750 = CARTESIAN_POINT('',(-150.2742553388,549.77237823995,
    110.7607339789));
#751 = DIRECTION('',(2.761E-14,-1.,1.084E-14));
#752 = DIRECTION('',(1.,2.761E-14,7.352E-14));
#753 = ADVANCED_FACE('',(#754),#772,.F.);
#754 = FACE_BOUND('',#755,.T.);
#755 = EDGE_LOOP('',(#756,#764,#770,#771));
#756 = ORIENTED_EDGE('',*,*,#757,.F.);
#757 = EDGE_CURVE('',#758,#151,#760,.T.);
#758 = VERTEX_POINT('',#759);
#759 = CARTESIAN_POINT('',(-145.2742553388,549.97237823995,
    56.684149792043));
#760 = LINE('',#761,#762);
#761 = CARTESIAN_POINT('',(-145.2742553388,549.97237823995,
    56.684149792043));
#762 = VECTOR('',#763,1.);
#763 = DIRECTION('',(-3.247E-14,-0.707106781187,0.707106781187));
#764 = ORIENTED_EDGE('',*,*,#765,.F.);
#765 = EDGE_CURVE('',#708,#758,#766,.T.);
#766 = LINE('',#767,#768);
#767 = CARTESIAN_POINT('',(-66.02415105609,549.97237823995,
    56.684149792049));
#768 = VECTOR('',#769,1.);
#769 = DIRECTION('',(-1.,-2.433E-14,-7.352E-14));
#770 = ORIENTED_EDGE('',*,*,#707,.T.);
#771 = ORIENTED_EDGE('',*,*,#159,.F.);
#772 = PLANE('',#773);
#773 = AXIS2_PLACEMENT_3D('',#774,#775,#776);
#774 = CARTESIAN_POINT('',(-66.02415105609,549.77237823995,
    56.884149792048));
#775 = DIRECTION('',(-6.919E-14,0.707106781187,0.707106781187));
#776 = DIRECTION('',(-1.,-4.98097181903E-14,-4.80397181903E-14));
#777 = ADVANCED_FACE('',(#778),#796,.F.);
#778 = FACE_BOUND('',#779,.T.);
#779 = EDGE_LOOP('',(#780,#781,#789,#795));
#780 = ORIENTED_EDGE('',*,*,#743,.F.);
#781 = ORIENTED_EDGE('',*,*,#782,.F.);
#782 = EDGE_CURVE('',#783,#733,#785,.T.);
#783 = VERTEX_POINT('',#784);
#784 = CARTESIAN_POINT('',(-156.7742553388,549.97237823995,
    103.54385561403));
#785 = LINE('',#786,#787);
#786 = CARTESIAN_POINT('',(-130.2033940935,549.97237823995,
    118.88454950661));
#787 = VECTOR('',#788,1.);
#788 = DIRECTION('',(0.866025403784,2.107E-14,0.5));
#789 = ORIENTED_EDGE('',*,*,#790,.T.);
#790 = EDGE_CURVE('',#783,#92,#791,.T.);
#791 = LINE('',#792,#793);
#792 = CARTESIAN_POINT('',(-156.7742553388,549.97237823995,
    103.54385561403));
#793 = VECTOR('',#794,1.);
#794 = DIRECTION('',(0.353553390593,-0.707106781187,-0.612372435696));
#795 = ORIENTED_EDGE('',*,*,#91,.F.);
#796 = PLANE('',#797);
#797 = AXIS2_PLACEMENT_3D('',#798,#799,#800);
#798 = CARTESIAN_POINT('',(-130.1033940935,549.77237823995,
    118.71134442585));
#799 = DIRECTION('',(0.353553390595,0.707106781184,-0.612372435698));
#800 = DIRECTION('',(0.866025403784,1.708910790654E-13,0.5));
#801 = ADVANCED_FACE('',(#802),#821,.T.);
#802 = FACE_BOUND('',#803,.T.);
#803 = EDGE_LOOP('',(#804,#805,#806,#814));
#804 = ORIENTED_EDGE('',*,*,#757,.T.);
#805 = ORIENTED_EDGE('',*,*,#150,.F.);
#806 = ORIENTED_EDGE('',*,*,#807,.F.);
#807 = EDGE_CURVE('',#808,#143,#810,.T.);
#808 = VERTEX_POINT('',#809);
#809 = CARTESIAN_POINT('',(-147.2742553388,549.97237823994,
    58.684149792042));
#810 = LINE('',#811,#812);
#811 = CARTESIAN_POINT('',(-147.2742553388,549.97237823994,
    58.684149792042));
#812 = VECTOR('',#813,1.);
#813 = DIRECTION('',(0.707106781189,-0.707106781184,4.396E-14));
#814 = ORIENTED_EDGE('',*,*,#815,.F.);
#815 = EDGE_CURVE('',#758,#808,#816,.T.);
#816 = CIRCLE('',#817,2.);
#817 = AXIS2_PLACEMENT_3D('',#818,#819,#820);
#818 = CARTESIAN_POINT('',(-145.2742553388,549.97237823994,
    58.684149792043));
#819 = DIRECTION('',(-2.433E-14,1.,1.E-17));
#820 = DIRECTION('',(-0.707106781186,-1.719683691846E-14,-0.707106781187
    ));
#821 = CONICAL_SURFACE('',#822,1.8,0.785398163401);
#822 = AXIS2_PLACEMENT_3D('',#823,#824,#825);
#823 = CARTESIAN_POINT('',(-145.2742553388,549.77237823995,
    58.684149792043));
#824 = DIRECTION('',(-2.761E-14,1.,1.136E-14));
#825 = DIRECTION('',(-0.707106781186,-1.149048519428E-14,-0.707106781187
    ));
#826 = ADVANCED_FACE('',(#827),#846,.T.);
#827 = FACE_BOUND('',#828,.T.);
#828 = EDGE_LOOP('',(#829,#830,#839,#845));
#829 = ORIENTED_EDGE('',*,*,#790,.F.);
#830 = ORIENTED_EDGE('',*,*,#831,.F.);
#831 = EDGE_CURVE('',#832,#783,#834,.T.);
#832 = VERTEX_POINT('',#833);
#833 = CARTESIAN_POINT('',(-159.7742553388,549.97237823995,
    98.347703191331));
#834 = CIRCLE('',#835,6.);
#835 = AXIS2_PLACEMENT_3D('',#836,#837,#838);
#836 = CARTESIAN_POINT('',(-153.7742553388,549.97237823995,
    98.347703191332));
#837 = DIRECTION('',(-2.433E-14,1.,1.E-17));
#838 = DIRECTION('',(-1.,-2.433E-14,-7.07E-14));
#839 = ORIENTED_EDGE('',*,*,#840,.T.);
#840 = EDGE_CURVE('',#832,#100,#841,.T.);
#841 = LINE('',#842,#843);
#842 = CARTESIAN_POINT('',(-159.7742553388,549.97237823995,
    98.347703191331));
#843 = VECTOR('',#844,1.);
#844 = DIRECTION('',(0.707106781187,-0.707106781186,4.396E-14));
#845 = ORIENTED_EDGE('',*,*,#99,.F.);
#846 = CONICAL_SURFACE('',#847,5.8,0.785398163397);
#847 = AXIS2_PLACEMENT_3D('',#848,#849,#850);
#848 = CARTESIAN_POINT('',(-153.7742553388,549.77237823995,
    98.347703191332));
#849 = DIRECTION('',(-2.761E-14,1.,-1.084E-14));
#850 = DIRECTION('',(-1.,-2.761E-14,-7.07E-14));
#851 = ADVANCED_FACE('',(#852),#870,.F.);
#852 = FACE_BOUND('',#853,.T.);
#853 = EDGE_LOOP('',(#854,#862,#868,#869));
#854 = ORIENTED_EDGE('',*,*,#855,.F.);
#855 = EDGE_CURVE('',#856,#134,#858,.T.);
#856 = VERTEX_POINT('',#857);
#857 = CARTESIAN_POINT('',(-147.2742553388,549.97237823995,
    76.697068096721));
#858 = LINE('',#859,#860);
#859 = CARTESIAN_POINT('',(-147.2742553388,549.97237823995,
    76.697068096721));
#860 = VECTOR('',#861,1.);
#861 = DIRECTION('',(0.707106781187,-0.707106781187,4.396E-14));
#862 = ORIENTED_EDGE('',*,*,#863,.F.);
#863 = EDGE_CURVE('',#808,#856,#864,.T.);
#864 = LINE('',#865,#866);
#865 = CARTESIAN_POINT('',(-147.2742553388,549.97237823995,
    81.190661528759));
#866 = VECTOR('',#867,1.);
#867 = DIRECTION('',(-7.448E-14,-1.E-17,1.));
#868 = ORIENTED_EDGE('',*,*,#807,.T.);
#869 = ORIENTED_EDGE('',*,*,#142,.F.);
#870 = PLANE('',#871);
#871 = AXIS2_PLACEMENT_3D('',#872,#873,#874);
#872 = CARTESIAN_POINT('',(-147.0742553388,549.77237823995,
    81.190661528759));
#873 = DIRECTION('',(0.707106781187,0.707106781187,5.267E-14));
#874 = DIRECTION('',(-3.295783141651E-13,2.550916858349E-13,1.));
#875 = ADVANCED_FACE('',(#876),#894,.F.);
#876 = FACE_BOUND('',#877,.T.);
#877 = EDGE_LOOP('',(#878,#886,#887,#888));
#878 = ORIENTED_EDGE('',*,*,#879,.T.);
#879 = EDGE_CURVE('',#880,#109,#882,.T.);
#880 = VERTEX_POINT('',#881);
#881 = CARTESIAN_POINT('',(-159.7742553388,549.97237823995,
    89.110098884297));
#882 = LINE('',#883,#884);
#883 = CARTESIAN_POINT('',(-159.7742553388,549.97237823995,
    89.110098884297));
#884 = VECTOR('',#885,1.);
#885 = DIRECTION('',(0.707106781187,-0.707106781186,4.396E-14));
#886 = ORIENTED_EDGE('',*,*,#108,.F.);
#887 = ORIENTED_EDGE('',*,*,#840,.F.);
#888 = ORIENTED_EDGE('',*,*,#889,.F.);
#889 = EDGE_CURVE('',#880,#832,#890,.T.);
#890 = LINE('',#891,#892);
#891 = CARTESIAN_POINT('',(-159.7742553388,549.97237823995,
    94.614055287417));
#892 = VECTOR('',#893,1.);
#893 = DIRECTION('',(-7.352E-14,-1.E-17,1.));
#894 = PLANE('',#895);
#895 = AXIS2_PLACEMENT_3D('',#896,#897,#898);
#896 = CARTESIAN_POINT('',(-159.5742553388,549.77237823995,
    94.614055287417));
#897 = DIRECTION('',(0.707106781186,0.707106781187,5.199E-14));
#898 = DIRECTION('',(-3.286174815539E-13,2.550925184461E-13,1.));
#899 = ADVANCED_FACE('',(#900),#919,.F.);
#900 = FACE_BOUND('',#901,.F.);
#901 = EDGE_LOOP('',(#902,#911,#917,#918));
#902 = ORIENTED_EDGE('',*,*,#903,.T.);
#903 = EDGE_CURVE('',#856,#904,#906,.T.);
#904 = VERTEX_POINT('',#905);
#905 = CARTESIAN_POINT('',(-148.7742553388,549.97237823994,
    79.295144308075));
#906 = CIRCLE('',#907,3.);
#907 = AXIS2_PLACEMENT_3D('',#908,#909,#910);
#908 = CARTESIAN_POINT('',(-150.2742553388,549.97237823994,
    76.697068096721));
#909 = DIRECTION('',(2.433E-14,-1.,-1.E-17));
#910 = DIRECTION('',(0.5,1.215633974596E-14,0.866025403784));
#911 = ORIENTED_EDGE('',*,*,#912,.T.);
#912 = EDGE_CURVE('',#904,#126,#913,.T.);
#913 = LINE('',#914,#915);
#914 = CARTESIAN_POINT('',(-148.7742553388,549.97237823994,
    79.295144308075));
#915 = VECTOR('',#916,1.);
#916 = DIRECTION('',(0.353553390597,-0.70710678118,0.612372435702));
#917 = ORIENTED_EDGE('',*,*,#133,.T.);
#918 = ORIENTED_EDGE('',*,*,#855,.F.);
#919 = CONICAL_SURFACE('',#920,3.2,0.785398163408);
#920 = AXIS2_PLACEMENT_3D('',#921,#922,#923);
#921 = CARTESIAN_POINT('',(-150.2742553388,549.77237823994,
    76.697068096721));
#922 = DIRECTION('',(2.761E-14,-1.,-1.136E-14));
#923 = DIRECTION('',(0.5,3.966951413007E-15,0.866025403784));
#924 = ADVANCED_FACE('',(#925),#944,.T.);
#925 = FACE_BOUND('',#926,.T.);
#926 = EDGE_LOOP('',(#927,#928,#937,#943));
#927 = ORIENTED_EDGE('',*,*,#879,.F.);
#928 = ORIENTED_EDGE('',*,*,#929,.F.);
#929 = EDGE_CURVE('',#930,#880,#932,.T.);
#930 = VERTEX_POINT('',#931);
#931 = CARTESIAN_POINT('',(-156.7742553388,549.97237823994,
    83.913946461591));
#932 = CIRCLE('',#933,6.);
#933 = AXIS2_PLACEMENT_3D('',#934,#935,#936);
#934 = CARTESIAN_POINT('',(-153.7742553388,549.97237823995,
    89.110098884298));
#935 = DIRECTION('',(-2.433E-14,1.,1.E-17));
#936 = DIRECTION('',(-0.5,-1.215633974596E-14,-0.866025403784));
#937 = ORIENTED_EDGE('',*,*,#938,.T.);
#938 = EDGE_CURVE('',#930,#117,#939,.T.);
#939 = LINE('',#940,#941);
#940 = CARTESIAN_POINT('',(-156.7742553388,549.97237823994,
    83.913946461591));
#941 = VECTOR('',#942,1.);
#942 = DIRECTION('',(0.353553390595,-0.707106781184,0.612372435698));
#943 = ORIENTED_EDGE('',*,*,#116,.F.);
#944 = CONICAL_SURFACE('',#945,5.8,0.785398163397);
#945 = AXIS2_PLACEMENT_3D('',#946,#947,#948);
#946 = CARTESIAN_POINT('',(-153.7742553388,549.77237823995,
    89.110098884298));
#947 = DIRECTION('',(-2.761E-14,1.,1.136E-14));
#948 = DIRECTION('',(-0.5,-3.966951413007E-15,-0.866025403784));
#949 = ADVANCED_FACE('',(#950),#961,.F.);
#950 = FACE_BOUND('',#951,.T.);
#951 = EDGE_LOOP('',(#952,#953,#959,#960));
#952 = ORIENTED_EDGE('',*,*,#938,.F.);
#953 = ORIENTED_EDGE('',*,*,#954,.F.);
#954 = EDGE_CURVE('',#904,#930,#955,.T.);
#955 = LINE('',#956,#957);
#956 = CARTESIAN_POINT('',(-130.7199601599,549.97237823995,
    68.871492126526));
#957 = VECTOR('',#958,1.);
#958 = DIRECTION('',(-0.866025403784,-2.108E-14,0.5));
#959 = ORIENTED_EDGE('',*,*,#912,.T.);
#960 = ORIENTED_EDGE('',*,*,#125,.F.);
#961 = PLANE('',#962);
#962 = AXIS2_PLACEMENT_3D('',#963,#964,#965);
#963 = CARTESIAN_POINT('',(-130.6199601599,549.77237823995,
    69.044697207283));
#964 = DIRECTION('',(0.353553390592,0.707106781189,0.612372435693));
#965 = DIRECTION('',(-0.866025403785,8.407163853974E-14,0.5));
#966 = ADVANCED_FACE('',(#967),#992,.F.);
#967 = FACE_BOUND('',#968,.T.);
#968 = EDGE_LOOP('',(#969,#977,#985,#991));
#969 = ORIENTED_EDGE('',*,*,#970,.F.);
#970 = EDGE_CURVE('',#971,#194,#973,.T.);
#971 = VERTEX_POINT('',#972);
#972 = CARTESIAN_POINT('',(-67.27425533887,549.97237823995,
    113.68426364623));
#973 = LINE('',#974,#975);
#974 = CARTESIAN_POINT('',(-67.27425533887,549.97237823995,
    113.68426364623));
#975 = VECTOR('',#976,1.);
#976 = DIRECTION('',(-2.2088E-13,-0.707106781193,0.70710678118));
#977 = ORIENTED_EDGE('',*,*,#978,.F.);
#978 = EDGE_CURVE('',#979,#971,#981,.T.);
#979 = VERTEX_POINT('',#980);
#980 = CARTESIAN_POINT('',(-50.77425533887,549.97237823995,
    113.68426364623));
#981 = LINE('',#982,#983);
#982 = CARTESIAN_POINT('',(-123.024151056,549.97237823995,
    113.68426364623));
#983 = VECTOR('',#984,1.);
#984 = DIRECTION('',(-1.,-2.433E-14,-3.5725E-13));
#985 = ORIENTED_EDGE('',*,*,#986,.F.);
#986 = EDGE_CURVE('',#196,#979,#987,.T.);
#987 = LINE('',#988,#989);
#988 = CARTESIAN_POINT('',(-50.77425533887,549.57237823995,
    114.08426364623));
#989 = VECTOR('',#990,1.);
#990 = DIRECTION('',(2.2088E-13,0.707106781189,-0.707106781184));
#991 = ORIENTED_EDGE('',*,*,#193,.F.);
#992 = PLANE('',#993);
#993 = AXIS2_PLACEMENT_3D('',#994,#995,#996);
#994 = CARTESIAN_POINT('',(-123.024151056,549.77237823995,
    113.88426364622));
#995 = DIRECTION('',(-2.6982E-13,0.707106781159,0.707106781214));
#996 = DIRECTION('',(-1.,-4.981155169436E-14,-3.317715516944E-13));
#997 = ADVANCED_FACE('',(#998),#1017,.F.);
#998 = FACE_BOUND('',#999,.F.);
#999 = EDGE_LOOP('',(#1000,#1009,#1015,#1016));
#1000 = ORIENTED_EDGE('',*,*,#1001,.T.);
#1001 = EDGE_CURVE('',#971,#1002,#1004,.T.);
#1002 = VERTEX_POINT('',#1003);
#1003 = CARTESIAN_POINT('',(-69.27425533887,549.97237823996,
    111.68426364623));
#1004 = CIRCLE('',#1005,2.);
#1005 = AXIS2_PLACEMENT_3D('',#1006,#1007,#1008);
#1006 = CARTESIAN_POINT('',(-67.27425533887,549.97237823996,
    111.68426364623));
#1007 = DIRECTION('',(2.433E-14,-1.,-1.E-17));
#1008 = DIRECTION('',(-0.707106781187,-1.721097905408E-14,0.707106781186
    ));
#1009 = ORIENTED_EDGE('',*,*,#1010,.T.);
#1010 = EDGE_CURVE('',#1002,#264,#1011,.T.);
#1011 = LINE('',#1012,#1013);
#1012 = CARTESIAN_POINT('',(-69.27425533887,549.97237823996,
    111.68426364623));
#1013 = VECTOR('',#1014,1.);
#1014 = DIRECTION('',(-0.707106781174,-0.707106781199,-4.432E-14));
#1015 = ORIENTED_EDGE('',*,*,#271,.T.);
#1016 = ORIENTED_EDGE('',*,*,#970,.F.);
#1017 = CONICAL_SURFACE('',#1018,2.2,0.785398163381);
#1018 = AXIS2_PLACEMENT_3D('',#1019,#1020,#1021);
#1019 = CARTESIAN_POINT('',(-67.27425533887,549.77237823996,
    111.68426364623));
#1020 = DIRECTION('',(2.761E-14,-1.,1.084E-14));
#1021 = DIRECTION('',(-0.707106781187,-1.18581807205E-14,0.707106781186)
  );
#1022 = ADVANCED_FACE('',(#1023),#1042,.F.);
#1023 = FACE_BOUND('',#1024,.F.);
#1024 = EDGE_LOOP('',(#1025,#1034,#1035,#1036));
#1025 = ORIENTED_EDGE('',*,*,#1026,.T.);
#1026 = EDGE_CURVE('',#1027,#979,#1029,.T.);
#1027 = VERTEX_POINT('',#1028);
#1028 = CARTESIAN_POINT('',(-48.77425533887,549.97237823995,
    111.68426364623));
#1029 = CIRCLE('',#1030,2.);
#1030 = AXIS2_PLACEMENT_3D('',#1031,#1032,#1033);
#1031 = CARTESIAN_POINT('',(-50.77425533887,549.97237823996,
    111.68426364623));
#1032 = DIRECTION('',(2.433E-14,-1.,-1.E-17));
#1033 = DIRECTION('',(0.707106781186,1.719683691846E-14,0.707106781187)
  );
#1034 = ORIENTED_EDGE('',*,*,#986,.F.);
#1035 = ORIENTED_EDGE('',*,*,#203,.T.);
#1036 = ORIENTED_EDGE('',*,*,#1037,.F.);
#1037 = EDGE_CURVE('',#1027,#204,#1038,.T.);
#1038 = LINE('',#1039,#1040);
#1039 = CARTESIAN_POINT('',(-48.77425533887,549.97237823995,
    111.68426364623));
#1040 = VECTOR('',#1041,1.);
#1041 = DIRECTION('',(0.707106781187,-0.707106781187,5.966E-14));
#1042 = CONICAL_SURFACE('',#1043,2.2,0.785398163381);
#1043 = AXIS2_PLACEMENT_3D('',#1044,#1045,#1046);
#1044 = CARTESIAN_POINT('',(-50.77425533887,549.77237823996,
    111.68426364623));
#1045 = DIRECTION('',(2.761E-14,-1.,1.084E-14));
#1046 = DIRECTION('',(0.707106781186,2.718825573662E-14,0.707106781187)
  );
#1047 = ADVANCED_FACE('',(#1048),#1066,.F.);
#1048 = FACE_BOUND('',#1049,.T.);
#1049 = EDGE_LOOP('',(#1050,#1058,#1064,#1065));
#1050 = ORIENTED_EDGE('',*,*,#1051,.F.);
#1051 = EDGE_CURVE('',#1052,#255,#1054,.T.);
#1052 = VERTEX_POINT('',#1053);
#1053 = CARTESIAN_POINT('',(-69.27425533887,549.97237823995,
    110.76073397891));
#1054 = LINE('',#1055,#1056);
#1055 = CARTESIAN_POINT('',(-69.27425533887,549.97237823995,
    110.76073397891));
#1056 = VECTOR('',#1057,1.);
#1057 = DIRECTION('',(-0.707106781187,-0.707106781187,-4.432E-14));
#1058 = ORIENTED_EDGE('',*,*,#1059,.F.);
#1059 = EDGE_CURVE('',#1002,#1052,#1060,.T.);
#1060 = LINE('',#1061,#1062);
#1061 = CARTESIAN_POINT('',(-69.27425533887,549.97237823995,
    99.684259303516));
#1062 = VECTOR('',#1063,1.);
#1063 = DIRECTION('',(7.352E-14,1.E-17,-1.));
#1064 = ORIENTED_EDGE('',*,*,#1010,.T.);
#1065 = ORIENTED_EDGE('',*,*,#263,.F.);
#1066 = PLANE('',#1067);
#1067 = AXIS2_PLACEMENT_3D('',#1068,#1069,#1070);
#1068 = CARTESIAN_POINT('',(-69.47425533887,549.77237823995,
    99.684259303516));
#1069 = DIRECTION('',(-0.707106781187,0.707106781187,-5.198E-14));
#1070 = DIRECTION('',(-1.815795895139E-13,-2.550904104861E-13,-1.));
#1071 = ADVANCED_FACE('',(#1072),#1090,.F.);
#1072 = FACE_BOUND('',#1073,.T.);
#1073 = EDGE_LOOP('',(#1074,#1075,#1083,#1089));
#1074 = ORIENTED_EDGE('',*,*,#1037,.F.);
#1075 = ORIENTED_EDGE('',*,*,#1076,.F.);
#1076 = EDGE_CURVE('',#1077,#1027,#1079,.T.);
#1077 = VERTEX_POINT('',#1078);
#1078 = CARTESIAN_POINT('',(-48.77425533887,549.97237823995,
    109.89470857513));
#1079 = LINE('',#1080,#1081);
#1080 = CARTESIAN_POINT('',(-48.77425533887,549.97237823995,
    96.923456364184));
#1081 = VECTOR('',#1082,1.);
#1082 = DIRECTION('',(-7.332E-14,-1.E-17,1.));
#1083 = ORIENTED_EDGE('',*,*,#1084,.T.);
#1084 = EDGE_CURVE('',#1077,#213,#1085,.T.);
#1085 = LINE('',#1086,#1087);
#1086 = CARTESIAN_POINT('',(-48.77425533887,549.97237823995,
    109.89470857513));
#1087 = VECTOR('',#1088,1.);
#1088 = DIRECTION('',(0.707106781187,-0.707106781187,5.966E-14));
#1089 = ORIENTED_EDGE('',*,*,#212,.F.);
#1090 = PLANE('',#1091);
#1091 = AXIS2_PLACEMENT_3D('',#1092,#1093,#1094);
#1092 = CARTESIAN_POINT('',(-48.57425533887,549.77237823995,
    96.923456364184));
#1093 = DIRECTION('',(0.707106781187,0.707106781187,5.185E-14));
#1094 = DIRECTION('',(-3.284184866045E-13,2.550915133955E-13,1.));
#1095 = ADVANCED_FACE('',(#1096),#1115,.F.);
#1096 = FACE_BOUND('',#1097,.F.);
#1097 = EDGE_LOOP('',(#1098,#1099,#1100,#1109));
#1098 = ORIENTED_EDGE('',*,*,#254,.T.);
#1099 = ORIENTED_EDGE('',*,*,#1051,.F.);
#1100 = ORIENTED_EDGE('',*,*,#1101,.T.);
#1101 = EDGE_CURVE('',#1052,#1102,#1104,.T.);
#1102 = VERTEX_POINT('',#1103);
#1103 = CARTESIAN_POINT('',(-67.77425533887,549.97237823995,
    108.16265776756));
#1104 = CIRCLE('',#1105,3.);
#1105 = AXIS2_PLACEMENT_3D('',#1106,#1107,#1108);
#1106 = CARTESIAN_POINT('',(-66.27425533887,549.97237823995,
    110.76073397891));
#1107 = DIRECTION('',(2.433E-14,-1.,-1.E-17));
#1108 = DIRECTION('',(-0.5,-1.215633974596E-14,-0.866025403784));
#1109 = ORIENTED_EDGE('',*,*,#1110,.T.);
#1110 = EDGE_CURVE('',#1102,#247,#1111,.T.);
#1111 = LINE('',#1112,#1113);
#1112 = CARTESIAN_POINT('',(-67.77425533887,549.97237823995,
    108.16265776756));
#1113 = VECTOR('',#1114,1.);
#1114 = DIRECTION('',(-0.353553390593,-0.707106781187,-0.612372435696));
#1115 = CONICAL_SURFACE('',#1116,3.2,0.785398163397);
#1116 = AXIS2_PLACEMENT_3D('',#1117,#1118,#1119);
#1117 = CARTESIAN_POINT('',(-66.27425533887,549.77237823995,
    110.76073397891));
#1118 = DIRECTION('',(2.761E-14,-1.,1.084E-14));
#1119 = DIRECTION('',(-0.5,-2.319271537702E-14,-0.866025403784));
#1120 = ADVANCED_FACE('',(#1121),#1140,.F.);
#1121 = FACE_BOUND('',#1122,.F.);
#1122 = EDGE_LOOP('',(#1123,#1132,#1133,#1134));
#1123 = ORIENTED_EDGE('',*,*,#1124,.T.);
#1124 = EDGE_CURVE('',#1125,#1077,#1127,.T.);
#1125 = VERTEX_POINT('',#1126);
#1126 = CARTESIAN_POINT('',(-50.27425533887,549.97237823995,
    107.29663236377));
#1127 = CIRCLE('',#1128,3.);
#1128 = AXIS2_PLACEMENT_3D('',#1129,#1130,#1131);
#1129 = CARTESIAN_POINT('',(-51.77425533887,549.97237823995,
    109.89470857513));
#1130 = DIRECTION('',(2.433E-14,-1.,-1.E-17));
#1131 = DIRECTION('',(0.866025403784,2.107539807408E-14,-0.5));
#1132 = ORIENTED_EDGE('',*,*,#1084,.T.);
#1133 = ORIENTED_EDGE('',*,*,#220,.T.);
#1134 = ORIENTED_EDGE('',*,*,#1135,.F.);
#1135 = EDGE_CURVE('',#1125,#221,#1136,.T.);
#1136 = LINE('',#1137,#1138);
#1137 = CARTESIAN_POINT('',(-50.27425533887,549.97237823995,
    107.29663236377));
#1138 = VECTOR('',#1139,1.);
#1139 = DIRECTION('',(0.353553390593,-0.707106781187,-0.612372435696));
#1140 = CONICAL_SURFACE('',#1141,3.2,0.785398163397);
#1141 = AXIS2_PLACEMENT_3D('',#1142,#1143,#1144);
#1142 = CARTESIAN_POINT('',(-51.77425533887,549.77237823995,
    109.89470857513));
#1143 = DIRECTION('',(2.761E-14,-1.,1.084E-14));
#1144 = DIRECTION('',(0.866025403784,1.849096139849E-14,-0.5));
#1145 = ADVANCED_FACE('',(#1146),#1164,.F.);
#1146 = FACE_BOUND('',#1147,.T.);
#1147 = EDGE_LOOP('',(#1148,#1156,#1162,#1163));
#1148 = ORIENTED_EDGE('',*,*,#1149,.F.);
#1149 = EDGE_CURVE('',#1150,#238,#1152,.T.);
#1150 = VERTEX_POINT('',#1151);
#1151 = CARTESIAN_POINT('',(-59.77425533887,549.97237823995,
    103.54385561404));
#1152 = LINE('',#1153,#1154);
#1153 = CARTESIAN_POINT('',(-59.77425533887,549.97237823995,
    103.54385561404));
#1154 = VECTOR('',#1155,1.);
#1155 = DIRECTION('',(-0.353553390593,-0.707106781187,-0.612372435696));
#1156 = ORIENTED_EDGE('',*,*,#1157,.F.);
#1157 = EDGE_CURVE('',#1102,#1150,#1158,.T.);
#1158 = LINE('',#1159,#1160);
#1159 = CARTESIAN_POINT('',(-69.84496015999,549.97237823995,
    109.35817975345));
#1160 = VECTOR('',#1161,1.);
#1161 = DIRECTION('',(0.866025403784,2.108E-14,-0.5));
#1162 = ORIENTED_EDGE('',*,*,#1110,.T.);
#1163 = ORIENTED_EDGE('',*,*,#246,.F.);
#1164 = PLANE('',#1165);
#1165 = AXIS2_PLACEMENT_3D('',#1166,#1167,#1168);
#1166 = CARTESIAN_POINT('',(-69.94496015999,549.77237823995,
    109.18497467269));
#1167 = DIRECTION('',(-0.353553390593,0.707106781187,-0.612372435696));
#1168 = DIRECTION('',(0.866025403784,-8.484879465698E-14,-0.5));
#1169 = ADVANCED_FACE('',(#1170),#1188,.F.);
#1170 = FACE_BOUND('',#1171,.T.);
#1171 = EDGE_LOOP('',(#1172,#1173,#1181,#1187));
#1172 = ORIENTED_EDGE('',*,*,#1135,.F.);
#1173 = ORIENTED_EDGE('',*,*,#1174,.F.);
#1174 = EDGE_CURVE('',#1175,#1125,#1177,.T.);
#1175 = VERTEX_POINT('',#1176);
#1176 = CARTESIAN_POINT('',(-56.77425533887,549.97237823995,
    103.54385561404));
#1177 = LINE('',#1178,#1179);
#1178 = CARTESIAN_POINT('',(-71.70339409357,549.97237823995,
    94.924513335246));
#1179 = VECTOR('',#1180,1.);
#1180 = DIRECTION('',(0.866025403784,2.107E-14,0.5));
#1181 = ORIENTED_EDGE('',*,*,#1182,.T.);
#1182 = EDGE_CURVE('',#1175,#230,#1183,.T.);
#1183 = LINE('',#1184,#1185);
#1184 = CARTESIAN_POINT('',(-56.77425533887,549.97237823995,
    103.54385561404));
#1185 = VECTOR('',#1186,1.);
#1186 = DIRECTION('',(0.353553390593,-0.707106781187,-0.612372435696));
#1187 = ORIENTED_EDGE('',*,*,#229,.F.);
#1188 = PLANE('',#1189);
#1189 = AXIS2_PLACEMENT_3D('',#1190,#1191,#1192);
#1190 = CARTESIAN_POINT('',(-71.60339409357,549.77237823995,
    94.751308254489));
#1191 = DIRECTION('',(0.353553390593,0.707106781187,-0.612372435696));
#1192 = DIRECTION('',(0.866025403784,1.70780056763E-13,0.5));
#1193 = ADVANCED_FACE('',(#1194),#1206,.F.);
#1194 = FACE_BOUND('',#1195,.F.);
#1195 = EDGE_LOOP('',(#1196,#1197,#1198,#1205));
#1196 = ORIENTED_EDGE('',*,*,#237,.T.);
#1197 = ORIENTED_EDGE('',*,*,#1149,.F.);
#1198 = ORIENTED_EDGE('',*,*,#1199,.T.);
#1199 = EDGE_CURVE('',#1150,#1175,#1200,.T.);
#1200 = CIRCLE('',#1201,3.);
#1201 = AXIS2_PLACEMENT_3D('',#1202,#1203,#1204);
#1202 = CARTESIAN_POINT('',(-58.27425533887,549.97237823995,
    106.14193182539));
#1203 = DIRECTION('',(2.433E-14,-1.,-9.999999999998E-18));
#1204 = DIRECTION('',(0.5,1.217366025404E-14,-0.866025403784));
#1205 = ORIENTED_EDGE('',*,*,#1182,.T.);
#1206 = CONICAL_SURFACE('',#1207,3.2,0.785398163397);
#1207 = AXIS2_PLACEMENT_3D('',#1208,#1209,#1210);
#1208 = CARTESIAN_POINT('',(-58.27425533887,549.77237823995,
    106.14193182539));
#1209 = DIRECTION('',(2.761E-14,-1.,1.084E-14));
#1210 = DIRECTION('',(0.5,4.417284622979E-15,-0.866025403784));
#1211 = ADVANCED_FACE('',(#1212),#1237,.F.);
#1212 = FACE_BOUND('',#1213,.T.);
#1213 = EDGE_LOOP('',(#1214,#1222,#1230,#1236));
#1214 = ORIENTED_EDGE('',*,*,#1215,.F.);
#1215 = EDGE_CURVE('',#1216,#281,#1218,.T.);
#1216 = VERTEX_POINT('',#1217);
#1217 = CARTESIAN_POINT('',(-48.77425533887,549.97237823995,
    102.96650534485));
#1218 = LINE('',#1219,#1220);
#1219 = CARTESIAN_POINT('',(-48.77425533887,549.97237823995,
    102.96650534485));
#1220 = VECTOR('',#1221,1.);
#1221 = DIRECTION('',(0.707106781187,-0.707106781187,4.396E-14));
#1222 = ORIENTED_EDGE('',*,*,#1223,.F.);
#1223 = EDGE_CURVE('',#1224,#1216,#1226,.T.);
#1224 = VERTEX_POINT('',#1225);
#1225 = CARTESIAN_POINT('',(-48.77425533886,549.97237823995,
    84.491296730789));
#1226 = LINE('',#1227,#1228);
#1227 = CARTESIAN_POINT('',(-48.77425533886,549.97237823995,
    84.221750442012));
#1228 = VECTOR('',#1229,1.);
#1229 = DIRECTION('',(-7.332E-14,-1.E-17,1.));
#1230 = ORIENTED_EDGE('',*,*,#1231,.F.);
#1231 = EDGE_CURVE('',#283,#1224,#1232,.T.);
#1232 = LINE('',#1233,#1234);
#1233 = CARTESIAN_POINT('',(-48.37425533886,549.57237823995,
    84.491296730789));
#1234 = VECTOR('',#1235,1.);
#1235 = DIRECTION('',(-0.707106781187,0.707106781187,-4.396E-14));
#1236 = ORIENTED_EDGE('',*,*,#280,.F.);
#1237 = PLANE('',#1238);
#1238 = AXIS2_PLACEMENT_3D('',#1239,#1240,#1241);
#1239 = CARTESIAN_POINT('',(-48.57425533886,549.77237823995,
    84.221750442012));
#1240 = DIRECTION('',(0.707106781187,0.707106781187,5.185E-14));
#1241 = DIRECTION('',(-3.284184866045E-13,2.550915133955E-13,1.));
#1242 = ADVANCED_FACE('',(#1243),#1262,.F.);
#1243 = FACE_BOUND('',#1244,.F.);
#1244 = EDGE_LOOP('',(#1245,#1254,#1260,#1261));
#1245 = ORIENTED_EDGE('',*,*,#1246,.T.);
#1246 = EDGE_CURVE('',#1216,#1247,#1249,.T.);
#1247 = VERTEX_POINT('',#1248);
#1248 = CARTESIAN_POINT('',(-50.27425533887,549.97237823995,
    103.83253074864));
#1249 = CIRCLE('',#1250,1.);
#1250 = AXIS2_PLACEMENT_3D('',#1251,#1252,#1253);
#1251 = CARTESIAN_POINT('',(-49.77425533887,549.97237823995,
    102.96650534485));
#1252 = DIRECTION('',(2.433E-14,-1.,-1.E-17));
#1253 = DIRECTION('',(0.5,1.215633974596E-14,0.866025403784));
#1254 = ORIENTED_EDGE('',*,*,#1255,.T.);
#1255 = EDGE_CURVE('',#1247,#334,#1256,.T.);
#1256 = LINE('',#1257,#1258);
#1257 = CARTESIAN_POINT('',(-50.27425533887,549.97237823995,
    103.83253074864));
#1258 = VECTOR('',#1259,1.);
#1259 = DIRECTION('',(-0.353553390593,-0.707106781187,0.612372435696));
#1260 = ORIENTED_EDGE('',*,*,#341,.T.);
#1261 = ORIENTED_EDGE('',*,*,#1215,.F.);
#1262 = CONICAL_SURFACE('',#1263,1.2,0.785398163397);
#1263 = AXIS2_PLACEMENT_3D('',#1264,#1265,#1266);
#1264 = CARTESIAN_POINT('',(-49.77425533887,549.77237823995,
    102.96650534485));
#1265 = DIRECTION('',(2.761E-14,-1.,1.084E-14));
#1266 = DIRECTION('',(0.5,2.319271537702E-14,0.866025403784));
#1267 = ADVANCED_FACE('',(#1268),#1287,.F.);
#1268 = FACE_BOUND('',#1269,.F.);
#1269 = EDGE_LOOP('',(#1270,#1279,#1280,#1281));
#1270 = ORIENTED_EDGE('',*,*,#1271,.T.);
#1271 = EDGE_CURVE('',#1272,#1224,#1274,.T.);
#1272 = VERTEX_POINT('',#1273);
#1273 = CARTESIAN_POINT('',(-50.27425533886,549.97237823995,
    83.625271327004));
#1274 = CIRCLE('',#1275,1.);
#1275 = AXIS2_PLACEMENT_3D('',#1276,#1277,#1278);
#1276 = CARTESIAN_POINT('',(-49.77425533886,549.97237823995,
    84.491296730789));
#1277 = DIRECTION('',(2.433E-14,-1.,-1.E-17));
#1278 = DIRECTION('',(0.5,1.217366025404E-14,-0.866025403784));
#1279 = ORIENTED_EDGE('',*,*,#1231,.F.);
#1280 = ORIENTED_EDGE('',*,*,#290,.T.);
#1281 = ORIENTED_EDGE('',*,*,#1282,.F.);
#1282 = EDGE_CURVE('',#1272,#291,#1283,.T.);
#1283 = LINE('',#1284,#1285);
#1284 = CARTESIAN_POINT('',(-50.27425533886,549.97237823995,
    83.625271327004));
#1285 = VECTOR('',#1286,1.);
#1286 = DIRECTION('',(-0.353553390593,-0.707106781187,-0.612372435696));
#1287 = CONICAL_SURFACE('',#1288,1.2,0.785398163397);
#1288 = AXIS2_PLACEMENT_3D('',#1289,#1290,#1291);
#1289 = CARTESIAN_POINT('',(-49.77425533886,549.77237823995,
    84.491296730789));
#1290 = DIRECTION('',(2.761E-14,-1.,-1.136E-14));
#1291 = DIRECTION('',(0.5,2.364304858699E-14,-0.866025403784));
#1292 = ADVANCED_FACE('',(#1293),#1311,.F.);
#1293 = FACE_BOUND('',#1294,.T.);
#1294 = EDGE_LOOP('',(#1295,#1303,#1309,#1310));
#1295 = ORIENTED_EDGE('',*,*,#1296,.F.);
#1296 = EDGE_CURVE('',#1297,#325,#1299,.T.);
#1297 = VERTEX_POINT('',#1298);
#1298 = CARTESIAN_POINT('',(-55.27425533887,549.97237823995,
    100.94577940269));
#1299 = LINE('',#1300,#1301);
#1300 = CARTESIAN_POINT('',(-55.27425533887,549.97237823995,
    100.94577940269));
#1301 = VECTOR('',#1302,1.);
#1302 = DIRECTION('',(-0.353553390593,-0.707106781187,0.612372435696));
#1303 = ORIENTED_EDGE('',*,*,#1304,.F.);
#1304 = EDGE_CURVE('',#1247,#1297,#1305,.T.);
#1305 = LINE('',#1306,#1307);
#1306 = CARTESIAN_POINT('',(-66.95339409357,549.97237823995,
    94.20282549876));
#1307 = VECTOR('',#1308,1.);
#1308 = DIRECTION('',(-0.866025403784,-2.107E-14,-0.5));
#1309 = ORIENTED_EDGE('',*,*,#1255,.T.);
#1310 = ORIENTED_EDGE('',*,*,#333,.F.);
#1311 = PLANE('',#1312);
#1312 = AXIS2_PLACEMENT_3D('',#1313,#1314,#1315);
#1313 = CARTESIAN_POINT('',(-67.05339409357,549.77237823995,
    94.376030579516));
#1314 = DIRECTION('',(-0.353553390593,0.707106781186,0.612372435696));
#1315 = DIRECTION('',(-0.866025403784,-1.703637231287E-13,-0.5));
#1316 = ADVANCED_FACE('',(#1317),#1335,.F.);
#1317 = FACE_BOUND('',#1318,.T.);
#1318 = EDGE_LOOP('',(#1319,#1320,#1328,#1334));
#1319 = ORIENTED_EDGE('',*,*,#1282,.F.);
#1320 = ORIENTED_EDGE('',*,*,#1321,.F.);
#1321 = EDGE_CURVE('',#1322,#1272,#1324,.T.);
#1322 = VERTEX_POINT('',#1323);
#1323 = CARTESIAN_POINT('',(-55.27425533886,549.97237823995,
    86.512022672952));
#1324 = LINE('',#1325,#1326);
#1325 = CARTESIAN_POINT('',(-66.71996015999,549.97237823995,
    93.120203432495));
#1326 = VECTOR('',#1327,1.);
#1327 = DIRECTION('',(0.866025403784,2.108E-14,-0.5));
#1328 = ORIENTED_EDGE('',*,*,#1329,.T.);
#1329 = EDGE_CURVE('',#1322,#300,#1330,.T.);
#1330 = LINE('',#1331,#1332);
#1331 = CARTESIAN_POINT('',(-55.27425533886,549.97237823995,
    86.512022672952));
#1332 = VECTOR('',#1333,1.);
#1333 = DIRECTION('',(-0.353553390593,-0.707106781187,-0.612372435696));
#1334 = ORIENTED_EDGE('',*,*,#299,.F.);
#1335 = PLANE('',#1336);
#1336 = AXIS2_PLACEMENT_3D('',#1337,#1338,#1339);
#1337 = CARTESIAN_POINT('',(-66.81996015999,549.77237823995,
    92.946998351738));
#1338 = DIRECTION('',(-0.353553390593,0.707106781186,-0.612372435696));
#1339 = DIRECTION('',(0.866025403784,-8.448797217397E-14,-0.5));
#1340 = ADVANCED_FACE('',(#1341),#1360,.F.);
#1341 = FACE_BOUND('',#1342,.F.);
#1342 = EDGE_LOOP('',(#1343,#1344,#1345,#1354));
#1343 = ORIENTED_EDGE('',*,*,#324,.T.);
#1344 = ORIENTED_EDGE('',*,*,#1296,.F.);
#1345 = ORIENTED_EDGE('',*,*,#1346,.T.);
#1346 = EDGE_CURVE('',#1297,#1347,#1349,.T.);
#1347 = VERTEX_POINT('',#1348);
#1348 = CARTESIAN_POINT('',(-56.77425533887,549.97237823995,
    98.347703191339));
#1349 = CIRCLE('',#1350,3.);
#1350 = AXIS2_PLACEMENT_3D('',#1351,#1352,#1353);
#1351 = CARTESIAN_POINT('',(-53.77425533887,549.97237823995,
    98.347703191339));
#1352 = DIRECTION('',(2.433E-14,-1.,-1.E-17));
#1353 = DIRECTION('',(-1.,-2.433E-14,-8.24E-14));
#1354 = ORIENTED_EDGE('',*,*,#1355,.T.);
#1355 = EDGE_CURVE('',#1347,#317,#1356,.T.);
#1356 = LINE('',#1357,#1358);
#1357 = CARTESIAN_POINT('',(-56.77425533887,549.97237823995,
    98.347703191339));
#1358 = VECTOR('',#1359,1.);
#1359 = DIRECTION('',(-0.707106781187,-0.707106781186,-4.432E-14));
#1360 = CONICAL_SURFACE('',#1361,3.2,0.785398163397);
#1361 = AXIS2_PLACEMENT_3D('',#1362,#1363,#1364);
#1362 = CARTESIAN_POINT('',(-53.77425533887,549.77237823995,
    98.347703191339));
#1363 = DIRECTION('',(2.761E-14,-1.,1.084E-14));
#1364 = DIRECTION('',(-1.,-2.761E-14,-8.24E-14));
#1365 = ADVANCED_FACE('',(#1366),#1385,.F.);
#1366 = FACE_BOUND('',#1367,.F.);
#1367 = EDGE_LOOP('',(#1368,#1369,#1377,#1384));
#1368 = ORIENTED_EDGE('',*,*,#307,.T.);
#1369 = ORIENTED_EDGE('',*,*,#1370,.F.);
#1370 = EDGE_CURVE('',#1371,#308,#1373,.T.);
#1371 = VERTEX_POINT('',#1372);
#1372 = CARTESIAN_POINT('',(-56.77425533886,549.97237823995,
    89.110098884305));
#1373 = LINE('',#1374,#1375);
#1374 = CARTESIAN_POINT('',(-56.77425533886,549.97237823995,
    89.110098884305));
#1375 = VECTOR('',#1376,1.);
#1376 = DIRECTION('',(-0.707106781186,-0.707106781187,-6.002E-14));
#1377 = ORIENTED_EDGE('',*,*,#1378,.T.);
#1378 = EDGE_CURVE('',#1371,#1322,#1379,.T.);
#1379 = CIRCLE('',#1380,3.);
#1380 = AXIS2_PLACEMENT_3D('',#1381,#1382,#1383);
#1381 = CARTESIAN_POINT('',(-53.77425533886,549.97237823995,
    89.110098884305));
#1382 = DIRECTION('',(2.433E-14,-1.,-1.E-17));
#1383 = DIRECTION('',(-0.5,-1.215633974596E-14,-0.866025403784));
#1384 = ORIENTED_EDGE('',*,*,#1329,.T.);
#1385 = CONICAL_SURFACE('',#1386,3.2,0.785398163397);
#1386 = AXIS2_PLACEMENT_3D('',#1387,#1388,#1389);
#1387 = CARTESIAN_POINT('',(-53.77425533886,549.77237823995,
    89.110098884305));
#1388 = DIRECTION('',(2.761E-14,-1.,-1.136E-14));
#1389 = DIRECTION('',(-0.5,-3.966951413007E-15,-0.866025403784));
#1390 = ADVANCED_FACE('',(#1391),#1402,.F.);
#1391 = FACE_BOUND('',#1392,.T.);
#1392 = EDGE_LOOP('',(#1393,#1394,#1395,#1396));
#1393 = ORIENTED_EDGE('',*,*,#1355,.T.);
#1394 = ORIENTED_EDGE('',*,*,#316,.F.);
#1395 = ORIENTED_EDGE('',*,*,#1370,.F.);
#1396 = ORIENTED_EDGE('',*,*,#1397,.F.);
#1397 = EDGE_CURVE('',#1347,#1371,#1398,.T.);
#1398 = LINE('',#1399,#1400);
#1399 = CARTESIAN_POINT('',(-56.77425533886,549.97237823995,
    85.934230839974));
#1400 = VECTOR('',#1401,1.);
#1401 = DIRECTION('',(7.352E-14,1.E-17,-1.));
#1402 = PLANE('',#1403);
#1403 = AXIS2_PLACEMENT_3D('',#1404,#1405,#1406);
#1404 = CARTESIAN_POINT('',(-56.97425533886,549.77237823995,
    85.934230839974));
#1405 = DIRECTION('',(-0.707106781187,0.707106781186,-5.198E-14));
#1406 = DIRECTION('',(-1.815795895139E-13,-2.550904104861E-13,-1.));
#1407 = ADVANCED_FACE('',(#1408),#1434,.F.);
#1408 = FACE_BOUND('',#1409,.F.);
#1409 = EDGE_LOOP('',(#1410,#1411,#1419,#1428));
#1410 = ORIENTED_EDGE('',*,*,#350,.T.);
#1411 = ORIENTED_EDGE('',*,*,#1412,.T.);
#1412 = EDGE_CURVE('',#353,#1413,#1415,.T.);
#1413 = VERTEX_POINT('',#1414);
#1414 = CARTESIAN_POINT('',(-56.77425533886,549.97237823995,
    83.913946461598));
#1415 = LINE('',#1416,#1417);
#1416 = CARTESIAN_POINT('',(-56.57425533886,549.57237823995,
    84.260356623112));
#1417 = VECTOR('',#1418,1.);
#1418 = DIRECTION('',(-0.353553390593,0.707106781187,-0.612372435696));
#1419 = ORIENTED_EDGE('',*,*,#1420,.T.);
#1420 = EDGE_CURVE('',#1413,#1421,#1423,.T.);
#1421 = VERTEX_POINT('',#1422);
#1422 = CARTESIAN_POINT('',(-59.77425533886,549.97237823995,
    83.913946461598));
#1423 = CIRCLE('',#1424,3.);
#1424 = AXIS2_PLACEMENT_3D('',#1425,#1426,#1427);
#1425 = CARTESIAN_POINT('',(-58.27425533886,549.97237823995,
    81.315870250245));
#1426 = DIRECTION('',(2.433E-14,-1.,-1.E-17));
#1427 = DIRECTION('',(-0.5,-1.217366025404E-14,0.866025403784));
#1428 = ORIENTED_EDGE('',*,*,#1429,.T.);
#1429 = EDGE_CURVE('',#1421,#351,#1430,.T.);
#1430 = LINE('',#1431,#1432);
#1431 = CARTESIAN_POINT('',(-59.77425533886,549.97237823995,
    83.913946461598));
#1432 = VECTOR('',#1433,1.);
#1433 = DIRECTION('',(-0.353553390593,-0.707106781187,0.612372435696));
#1434 = CONICAL_SURFACE('',#1435,3.2,0.785398163397);
#1435 = AXIS2_PLACEMENT_3D('',#1436,#1437,#1438);
#1436 = CARTESIAN_POINT('',(-58.27425533886,549.77237823995,
    81.315870250245));
#1437 = DIRECTION('',(2.761E-14,-1.,-1.136E-14));
#1438 = DIRECTION('',(-0.5,-2.364304858699E-14,0.866025403784));
#1439 = ADVANCED_FACE('',(#1440),#1458,.F.);
#1440 = FACE_BOUND('',#1441,.T.);
#1441 = EDGE_LOOP('',(#1442,#1450,#1456,#1457));
#1442 = ORIENTED_EDGE('',*,*,#1443,.F.);
#1443 = EDGE_CURVE('',#1444,#438,#1446,.T.);
#1444 = VERTEX_POINT('',#1445);
#1445 = CARTESIAN_POINT('',(-67.77425533886,549.97237823995,
    79.295144308081));
#1446 = LINE('',#1447,#1448);
#1447 = CARTESIAN_POINT('',(-67.77425533886,549.97237823995,
    79.295144308081));
#1448 = VECTOR('',#1449,1.);
#1449 = DIRECTION('',(-0.353553390593,-0.707106781187,0.612372435696));
#1450 = ORIENTED_EDGE('',*,*,#1451,.F.);
#1451 = EDGE_CURVE('',#1421,#1444,#1452,.T.);
#1452 = LINE('',#1453,#1454);
#1453 = CARTESIAN_POINT('',(-69.32839409357,549.97237823995,
    78.397861879693));
#1454 = VECTOR('',#1455,1.);
#1455 = DIRECTION('',(-0.866025403784,-2.107E-14,-0.5));
#1456 = ORIENTED_EDGE('',*,*,#1429,.T.);
#1457 = ORIENTED_EDGE('',*,*,#446,.F.);
#1458 = PLANE('',#1459);
#1459 = AXIS2_PLACEMENT_3D('',#1460,#1461,#1462);
#1460 = CARTESIAN_POINT('',(-69.42839409357,549.77237823995,
    78.57106696045));
#1461 = DIRECTION('',(-0.353553390593,0.707106781187,0.612372435696));
#1462 = DIRECTION('',(-0.866025403784,-1.700861673726E-13,-0.5));
#1463 = ADVANCED_FACE('',(#1464),#1482,.F.);
#1464 = FACE_BOUND('',#1465,.T.);
#1465 = EDGE_LOOP('',(#1466,#1467,#1475,#1481));
#1466 = ORIENTED_EDGE('',*,*,#1412,.T.);
#1467 = ORIENTED_EDGE('',*,*,#1468,.F.);
#1468 = EDGE_CURVE('',#1469,#1413,#1471,.T.);
#1469 = VERTEX_POINT('',#1470);
#1470 = CARTESIAN_POINT('',(-50.27425533886,549.97237823995,
    80.161169711867));
#1471 = LINE('',#1472,#1473);
#1472 = CARTESIAN_POINT('',(-64.96996015999,549.97237823995,
    88.645738846275));
#1473 = VECTOR('',#1474,1.);
#1474 = DIRECTION('',(-0.866025403784,-2.108E-14,0.5));
#1475 = ORIENTED_EDGE('',*,*,#1476,.T.);
#1476 = EDGE_CURVE('',#1469,#362,#1477,.T.);
#1477 = LINE('',#1478,#1479);
#1478 = CARTESIAN_POINT('',(-50.27425533886,549.97237823995,
    80.161169711867));
#1479 = VECTOR('',#1480,1.);
#1480 = DIRECTION('',(0.353553390593,-0.707106781187,0.612372435696));
#1481 = ORIENTED_EDGE('',*,*,#361,.F.);
#1482 = PLANE('',#1483);
#1483 = AXIS2_PLACEMENT_3D('',#1484,#1485,#1486);
#1484 = CARTESIAN_POINT('',(-64.86996015999,549.77237823995,
    88.818943927032));
#1485 = DIRECTION('',(0.353553390593,0.707106781187,0.612372435696));
#1486 = DIRECTION('',(-0.866025403785,8.451572774959E-14,0.5));
#1487 = ADVANCED_FACE('',(#1488),#1507,.F.);
#1488 = FACE_BOUND('',#1489,.F.);
#1489 = EDGE_LOOP('',(#1490,#1491,#1492,#1501));
#1490 = ORIENTED_EDGE('',*,*,#437,.T.);
#1491 = ORIENTED_EDGE('',*,*,#1443,.F.);
#1492 = ORIENTED_EDGE('',*,*,#1493,.T.);
#1493 = EDGE_CURVE('',#1444,#1494,#1496,.T.);
#1494 = VERTEX_POINT('',#1495);
#1495 = CARTESIAN_POINT('',(-69.27425533886,549.97237823995,
    76.697068096727));
#1496 = CIRCLE('',#1497,3.);
#1497 = AXIS2_PLACEMENT_3D('',#1498,#1499,#1500);
#1498 = CARTESIAN_POINT('',(-66.27425533886,549.97237823995,
    76.697068096728));
#1499 = DIRECTION('',(2.433E-14,-1.,-1.E-17));
#1500 = DIRECTION('',(-1.,-2.433E-14,-8.536E-14));
#1501 = ORIENTED_EDGE('',*,*,#1502,.T.);
#1502 = EDGE_CURVE('',#1494,#430,#1503,.T.);
#1503 = LINE('',#1504,#1505);
#1504 = CARTESIAN_POINT('',(-69.27425533886,549.97237823995,
    76.697068096727));
#1505 = VECTOR('',#1506,1.);
#1506 = DIRECTION('',(-0.707106781187,-0.707106781187,-6.002E-14));
#1507 = CONICAL_SURFACE('',#1508,3.2,0.785398163397);
#1508 = AXIS2_PLACEMENT_3D('',#1509,#1510,#1511);
#1509 = CARTESIAN_POINT('',(-66.27425533886,549.77237823995,
    76.697068096728));
#1510 = DIRECTION('',(2.761E-14,-1.,-1.136E-14));
#1511 = DIRECTION('',(-1.,-2.761E-14,-8.536E-14));
#1512 = ADVANCED_FACE('',(#1513),#1532,.F.);
#1513 = FACE_BOUND('',#1514,.F.);
#1514 = EDGE_LOOP('',(#1515,#1516,#1524,#1531));
#1515 = ORIENTED_EDGE('',*,*,#369,.T.);
#1516 = ORIENTED_EDGE('',*,*,#1517,.F.);
#1517 = EDGE_CURVE('',#1518,#370,#1520,.T.);
#1518 = VERTEX_POINT('',#1519);
#1519 = CARTESIAN_POINT('',(-48.77425533886,549.97237823995,
    77.563093500513));
#1520 = LINE('',#1521,#1522);
#1521 = CARTESIAN_POINT('',(-48.77425533886,549.97237823995,
    77.563093500513));
#1522 = VECTOR('',#1523,1.);
#1523 = DIRECTION('',(0.707106781187,-0.707106781187,4.396E-14));
#1524 = ORIENTED_EDGE('',*,*,#1525,.T.);
#1525 = EDGE_CURVE('',#1518,#1469,#1526,.T.);
#1526 = CIRCLE('',#1527,3.);
#1527 = AXIS2_PLACEMENT_3D('',#1528,#1529,#1530);
#1528 = CARTESIAN_POINT('',(-51.77425533886,549.97237823995,
    77.563093500513));
#1529 = DIRECTION('',(2.433E-14,-1.,-1.E-17));
#1530 = DIRECTION('',(0.5,1.215633974596E-14,0.866025403784));
#1531 = ORIENTED_EDGE('',*,*,#1476,.T.);
#1532 = CONICAL_SURFACE('',#1533,3.2,0.785398163397);
#1533 = AXIS2_PLACEMENT_3D('',#1534,#1535,#1536);
#1534 = CARTESIAN_POINT('',(-51.77425533886,549.77237823995,
    77.563093500513));
#1535 = DIRECTION('',(2.761E-14,-1.,-1.136E-14));
#1536 = DIRECTION('',(0.5,3.966951413006E-15,0.866025403784));
#1537 = ADVANCED_FACE('',(#1538),#1556,.F.);
#1538 = FACE_BOUND('',#1539,.T.);
#1539 = EDGE_LOOP('',(#1540,#1548,#1554,#1555));
#1540 = ORIENTED_EDGE('',*,*,#1541,.F.);
#1541 = EDGE_CURVE('',#1542,#421,#1544,.T.);
#1542 = VERTEX_POINT('',#1543);
#1543 = CARTESIAN_POINT('',(-69.27425533886,549.97237823995,
    67.459463789693));
#1544 = LINE('',#1545,#1546);
#1545 = CARTESIAN_POINT('',(-69.27425533886,549.97237823995,
    67.459463789693));
#1546 = VECTOR('',#1547,1.);
#1547 = DIRECTION('',(-0.707106781187,-0.707106781187,-6.002E-14));
#1548 = ORIENTED_EDGE('',*,*,#1549,.F.);
#1549 = EDGE_CURVE('',#1494,#1542,#1550,.T.);
#1550 = LINE('',#1551,#1552);
#1551 = CARTESIAN_POINT('',(-69.27425533886,549.97237823995,
    81.190661528765));
#1552 = VECTOR('',#1553,1.);
#1553 = DIRECTION('',(7.352E-14,1.E-17,-1.));
#1554 = ORIENTED_EDGE('',*,*,#1502,.T.);
#1555 = ORIENTED_EDGE('',*,*,#429,.F.);
#1556 = PLANE('',#1557);
#1557 = AXIS2_PLACEMENT_3D('',#1558,#1559,#1560);
#1558 = CARTESIAN_POINT('',(-69.47425533886,549.77237823995,
    81.190661528765));
#1559 = DIRECTION('',(-0.707106781187,0.707106781187,-5.198E-14));
#1560 = DIRECTION('',(-1.815795895139E-13,-2.550904104861E-13,-1.));
#1561 = ADVANCED_FACE('',(#1562),#1580,.F.);
#1562 = FACE_BOUND('',#1563,.T.);
#1563 = EDGE_LOOP('',(#1564,#1565,#1573,#1579));
#1564 = ORIENTED_EDGE('',*,*,#1517,.F.);
#1565 = ORIENTED_EDGE('',*,*,#1566,.F.);
#1566 = EDGE_CURVE('',#1567,#1518,#1569,.T.);
#1567 = VERTEX_POINT('',#1568);
#1568 = CARTESIAN_POINT('',(-48.77425533886,549.97237823995,
    66.59343838591));
#1569 = LINE('',#1570,#1571);
#1570 = CARTESIAN_POINT('',(-48.77425533886,549.97237823995,
    76.138846673357));
#1571 = VECTOR('',#1572,1.);
#1572 = DIRECTION('',(-7.352E-14,-1.E-17,1.));
#1573 = ORIENTED_EDGE('',*,*,#1574,.T.);
#1574 = EDGE_CURVE('',#1567,#379,#1575,.T.);
#1575 = LINE('',#1576,#1577);
#1576 = CARTESIAN_POINT('',(-48.77425533886,549.97237823995,
    66.59343838591));
#1577 = VECTOR('',#1578,1.);
#1578 = DIRECTION('',(0.707106781187,-0.707106781187,4.396E-14));
#1579 = ORIENTED_EDGE('',*,*,#378,.F.);
#1580 = PLANE('',#1581);
#1581 = AXIS2_PLACEMENT_3D('',#1582,#1583,#1584);
#1582 = CARTESIAN_POINT('',(-48.57425533886,549.77237823995,
    76.138846673357));
#1583 = DIRECTION('',(0.707106781187,0.707106781187,5.199E-14));
#1584 = DIRECTION('',(-3.286174815539E-13,2.550925184461E-13,1.));
#1585 = ADVANCED_FACE('',(#1586),#1605,.F.);
#1586 = FACE_BOUND('',#1587,.F.);
#1587 = EDGE_LOOP('',(#1588,#1589,#1590,#1599));
#1588 = ORIENTED_EDGE('',*,*,#420,.T.);
#1589 = ORIENTED_EDGE('',*,*,#1541,.F.);
#1590 = ORIENTED_EDGE('',*,*,#1591,.T.);
#1591 = EDGE_CURVE('',#1542,#1592,#1594,.T.);
#1592 = VERTEX_POINT('',#1593);
#1593 = CARTESIAN_POINT('',(-67.77425533886,549.97237823995,
    64.86138757834));
#1594 = CIRCLE('',#1595,3.);
#1595 = AXIS2_PLACEMENT_3D('',#1596,#1597,#1598);
#1596 = CARTESIAN_POINT('',(-66.27425533886,549.97237823995,
    67.459463789694));
#1597 = DIRECTION('',(2.433E-14,-1.,-9.999999999998E-18));
#1598 = DIRECTION('',(-0.5,-1.215633974596E-14,-0.866025403784));
#1599 = ORIENTED_EDGE('',*,*,#1600,.T.);
#1600 = EDGE_CURVE('',#1592,#413,#1601,.T.);
#1601 = LINE('',#1602,#1603);
#1602 = CARTESIAN_POINT('',(-67.77425533886,549.97237823995,
    64.86138757834));
#1603 = VECTOR('',#1604,1.);
#1604 = DIRECTION('',(-0.353553390593,-0.707106781187,-0.612372435696));
#1605 = CONICAL_SURFACE('',#1606,3.2,0.785398163397);
#1606 = AXIS2_PLACEMENT_3D('',#1607,#1608,#1609);
#1607 = CARTESIAN_POINT('',(-66.27425533886,549.77237823995,
    67.459463789694));
#1608 = DIRECTION('',(2.761E-14,-1.,-1.136E-14));
#1609 = DIRECTION('',(-0.5,-3.966951413007E-15,-0.866025403784));
#1610 = ADVANCED_FACE('',(#1611),#1630,.F.);
#1611 = FACE_BOUND('',#1612,.F.);
#1612 = EDGE_LOOP('',(#1613,#1614,#1622,#1629));
#1613 = ORIENTED_EDGE('',*,*,#386,.T.);
#1614 = ORIENTED_EDGE('',*,*,#1615,.F.);
#1615 = EDGE_CURVE('',#1616,#387,#1618,.T.);
#1616 = VERTEX_POINT('',#1617);
#1617 = CARTESIAN_POINT('',(-50.27425533886,549.97237823995,
    63.995362174557));
#1618 = LINE('',#1619,#1620);
#1619 = CARTESIAN_POINT('',(-50.27425533886,549.97237823995,
    63.995362174557));
#1620 = VECTOR('',#1621,1.);
#1621 = DIRECTION('',(0.353553390593,-0.707106781187,-0.612372435696));
#1622 = ORIENTED_EDGE('',*,*,#1623,.T.);
#1623 = EDGE_CURVE('',#1616,#1567,#1624,.T.);
#1624 = CIRCLE('',#1625,3.);
#1625 = AXIS2_PLACEMENT_3D('',#1626,#1627,#1628);
#1626 = CARTESIAN_POINT('',(-51.77425533886,549.97237823995,
    66.59343838591));
#1627 = DIRECTION('',(2.433E-14,-1.,-1.E-17));
#1628 = DIRECTION('',(1.,2.433E-14,7.352E-14));
#1629 = ORIENTED_EDGE('',*,*,#1574,.T.);
#1630 = CONICAL_SURFACE('',#1631,3.2,0.785398163397);
#1631 = AXIS2_PLACEMENT_3D('',#1632,#1633,#1634);
#1632 = CARTESIAN_POINT('',(-51.77425533886,549.77237823995,
    66.59343838591));
#1633 = DIRECTION('',(2.761E-14,-1.,-1.136E-14));
#1634 = DIRECTION('',(1.,2.761E-14,7.352E-14));
#1635 = ADVANCED_FACE('',(#1636),#1654,.F.);
#1636 = FACE_BOUND('',#1637,.T.);
#1637 = EDGE_LOOP('',(#1638,#1646,#1652,#1653));
#1638 = ORIENTED_EDGE('',*,*,#1639,.F.);
#1639 = EDGE_CURVE('',#1640,#404,#1642,.T.);
#1640 = VERTEX_POINT('',#1641);
#1641 = CARTESIAN_POINT('',(-59.77425533886,549.97237823995,
    60.242585424824));
#1642 = LINE('',#1643,#1644);
#1643 = CARTESIAN_POINT('',(-59.77425533886,549.97237823995,
    60.242585424824));
#1644 = VECTOR('',#1645,1.);
#1645 = DIRECTION('',(-0.353553390593,-0.707106781187,-0.612372435696));
#1646 = ORIENTED_EDGE('',*,*,#1647,.F.);
#1647 = EDGE_CURVE('',#1592,#1640,#1648,.T.);
#1648 = LINE('',#1649,#1650);
#1649 = CARTESIAN_POINT('',(-79.21996015999,549.97237823995,
    71.469568337883));
#1650 = VECTOR('',#1651,1.);
#1651 = DIRECTION('',(0.866025403784,2.108E-14,-0.5));
#1652 = ORIENTED_EDGE('',*,*,#1600,.T.);
#1653 = ORIENTED_EDGE('',*,*,#412,.F.);
#1654 = PLANE('',#1655);
#1655 = AXIS2_PLACEMENT_3D('',#1656,#1657,#1658);
#1656 = CARTESIAN_POINT('',(-79.31996015999,549.77237823995,
    71.296363257126));
#1657 = DIRECTION('',(-0.353553390593,0.707106781186,-0.612372435696));
#1658 = DIRECTION('',(0.866025403784,-8.365530490551E-14,-0.5));
#1659 = ADVANCED_FACE('',(#1660),#1678,.F.);
#1660 = FACE_BOUND('',#1661,.T.);
#1661 = EDGE_LOOP('',(#1662,#1663,#1671,#1677));
#1662 = ORIENTED_EDGE('',*,*,#1615,.F.);
#1663 = ORIENTED_EDGE('',*,*,#1664,.F.);
#1664 = EDGE_CURVE('',#1665,#1616,#1667,.T.);
#1665 = VERTEX_POINT('',#1666);
#1666 = CARTESIAN_POINT('',(-56.77425533886,549.97237823995,
    60.242585424824));
#1667 = LINE('',#1668,#1669);
#1668 = CARTESIAN_POINT('',(-60.3325678567,549.97237823995,
    58.188192734791));
#1669 = VECTOR('',#1670,1.);
#1670 = DIRECTION('',(0.866025403784,2.107E-14,0.5));
#1671 = ORIENTED_EDGE('',*,*,#1672,.T.);
#1672 = EDGE_CURVE('',#1665,#396,#1673,.T.);
#1673 = LINE('',#1674,#1675);
#1674 = CARTESIAN_POINT('',(-56.77425533886,549.97237823995,
    60.242585424824));
#1675 = VECTOR('',#1676,1.);
#1676 = DIRECTION('',(0.353553390593,-0.707106781187,-0.612372435696));
#1677 = ORIENTED_EDGE('',*,*,#395,.F.);
#1678 = PLANE('',#1679);
#1679 = AXIS2_PLACEMENT_3D('',#1680,#1681,#1682);
#1680 = CARTESIAN_POINT('',(-60.2325678567,549.77237823995,
    58.014987654035));
#1681 = DIRECTION('',(0.353553390593,0.707106781187,-0.612372435696));
#1682 = DIRECTION('',(0.866025403784,1.705857677337E-13,0.5));
#1683 = ADVANCED_FACE('',(#1684),#1696,.F.);
#1684 = FACE_BOUND('',#1685,.F.);
#1685 = EDGE_LOOP('',(#1686,#1693,#1694,#1695));
#1686 = ORIENTED_EDGE('',*,*,#1687,.T.);
#1687 = EDGE_CURVE('',#1640,#1665,#1688,.T.);
#1688 = CIRCLE('',#1689,3.);
#1689 = AXIS2_PLACEMENT_3D('',#1690,#1691,#1692);
#1690 = CARTESIAN_POINT('',(-58.27425533886,549.97237823995,
    62.840661636177));
#1691 = DIRECTION('',(2.433E-14,-1.,-1.E-17));
#1692 = DIRECTION('',(7.01E-14,1.000000000171E-17,-1.));
#1693 = ORIENTED_EDGE('',*,*,#1672,.T.);
#1694 = ORIENTED_EDGE('',*,*,#403,.T.);
#1695 = ORIENTED_EDGE('',*,*,#1639,.F.);
#1696 = CONICAL_SURFACE('',#1697,3.2,0.785398163397);
#1697 = AXIS2_PLACEMENT_3D('',#1698,#1699,#1700);
#1698 = CARTESIAN_POINT('',(-58.27425533886,549.77237823995,
    62.840661636177));
#1699 = DIRECTION('',(2.761E-14,-1.,-1.136E-14));
#1700 = DIRECTION('',(7.01E-14,1.136E-14,-1.));
#1701 = ADVANCED_FACE('',(#1702),#1721,.F.);
#1702 = FACE_BOUND('',#1703,.F.);
#1703 = EDGE_LOOP('',(#1704,#1712,#1713,#1714));
#1704 = ORIENTED_EDGE('',*,*,#1705,.F.);
#1705 = EDGE_CURVE('',#455,#1706,#1708,.T.);
#1706 = VERTEX_POINT('',#1707);
#1707 = CARTESIAN_POINT('',(-109.9242553388,549.97237823995,
    105.43414979204));
#1708 = LINE('',#1709,#1710);
#1709 = CARTESIAN_POINT('',(-109.9242553388,549.97237823995,
    105.43414979204));
#1710 = VECTOR('',#1711,1.);
#1711 = DIRECTION('',(0.707106781187,0.707106781187,-6.619E-14));
#1712 = ORIENTED_EDGE('',*,*,#454,.T.);
#1713 = ORIENTED_EDGE('',*,*,#1705,.T.);
#1714 = ORIENTED_EDGE('',*,*,#1715,.F.);
#1715 = EDGE_CURVE('',#1706,#1706,#1716,.T.);
#1716 = CIRCLE('',#1717,1.65);
#1717 = AXIS2_PLACEMENT_3D('',#1718,#1719,#1720);
#1718 = CARTESIAN_POINT('',(-108.2742553388,549.97237823995,
    105.43414979204));
#1719 = DIRECTION('',(-2.581E-14,1.,-7.48E-15));
#1720 = DIRECTION('',(-1.,-2.581E-14,9.474E-14));
#1721 = CONICAL_SURFACE('',#1722,1.65,0.785398163397);
#1722 = AXIS2_PLACEMENT_3D('',#1723,#1724,#1725);
#1723 = CARTESIAN_POINT('',(-108.2742553388,549.97237823995,
    105.43414979204));
#1724 = DIRECTION('',(2.581E-14,-1.,7.48E-15));
#1725 = DIRECTION('',(-1.,-2.581E-14,9.474E-14));
#1726 = ADVANCED_FACE('',(#1727),#1746,.F.);
#1727 = FACE_BOUND('',#1728,.F.);
#1728 = EDGE_LOOP('',(#1729,#1737,#1738,#1739));
#1729 = ORIENTED_EDGE('',*,*,#1730,.F.);
#1730 = EDGE_CURVE('',#466,#1731,#1733,.T.);
#1731 = VERTEX_POINT('',#1732);
#1732 = CARTESIAN_POINT('',(-109.9242553388,549.97237823995,
    65.434149792043));
#1733 = LINE('',#1734,#1735);
#1734 = CARTESIAN_POINT('',(-109.9242553388,549.97237823995,
    65.434149792043));
#1735 = VECTOR('',#1736,1.);
#1736 = DIRECTION('',(0.707106781187,0.707106781187,-6.619E-14));
#1737 = ORIENTED_EDGE('',*,*,#465,.T.);
#1738 = ORIENTED_EDGE('',*,*,#1730,.T.);
#1739 = ORIENTED_EDGE('',*,*,#1740,.F.);
#1740 = EDGE_CURVE('',#1731,#1731,#1741,.T.);
#1741 = CIRCLE('',#1742,1.65);
#1742 = AXIS2_PLACEMENT_3D('',#1743,#1744,#1745);
#1743 = CARTESIAN_POINT('',(-108.2742553388,549.97237823995,
    65.434149792043));
#1744 = DIRECTION('',(-2.581E-14,1.,-7.48E-15));
#1745 = DIRECTION('',(-1.,-2.581E-14,9.474E-14));
#1746 = CONICAL_SURFACE('',#1747,1.65,0.785398163397);
#1747 = AXIS2_PLACEMENT_3D('',#1748,#1749,#1750);
#1748 = CARTESIAN_POINT('',(-108.2742553388,549.97237823995,
    65.434149792043));
#1749 = DIRECTION('',(2.581E-14,-1.,7.48E-15));
#1750 = DIRECTION('',(-1.,-2.581E-14,9.474E-14));
#1751 = ADVANCED_FACE('',(#1752),#1777,.F.);
#1752 = FACE_BOUND('',#1753,.F.);
#1753 = EDGE_LOOP('',(#1754,#1762,#1770,#1776));
#1754 = ORIENTED_EDGE('',*,*,#1755,.F.);
#1755 = EDGE_CURVE('',#1756,#483,#1758,.T.);
#1756 = VERTEX_POINT('',#1757);
#1757 = CARTESIAN_POINT('',(-83.77425533886,556.57237819525,
    99.434149792043));
#1758 = LINE('',#1759,#1760);
#1759 = CARTESIAN_POINT('',(-83.77425533886,556.57237819525,
    99.434149792043));
#1760 = VECTOR('',#1761,1.);
#1761 = DIRECTION('',(5.37E-14,-1.,3.131E-14));
#1762 = ORIENTED_EDGE('',*,*,#1763,.F.);
#1763 = EDGE_CURVE('',#1764,#1756,#1766,.T.);
#1764 = VERTEX_POINT('',#1765);
#1765 = CARTESIAN_POINT('',(-132.7742553388,556.57237819525,
    99.434149792043));
#1766 = LINE('',#1767,#1768);
#1767 = CARTESIAN_POINT('',(-132.7742553388,556.57237819525,
    99.434149792043));
#1768 = VECTOR('',#1769,1.);
#1769 = DIRECTION('',(1.,5.4E-14,0.));
#1770 = ORIENTED_EDGE('',*,*,#1771,.T.);
#1771 = EDGE_CURVE('',#1764,#492,#1772,.T.);
#1772 = LINE('',#1773,#1774);
#1773 = CARTESIAN_POINT('',(-132.7742553388,556.57237819525,
    99.434149792043));
#1774 = VECTOR('',#1775,1.);
#1775 = DIRECTION('',(5.37E-14,-1.,3.131E-14));
#1776 = ORIENTED_EDGE('',*,*,#499,.F.);
#1777 = PLANE('',#1778);
#1778 = AXIS2_PLACEMENT_3D('',#1779,#1780,#1781);
#1779 = CARTESIAN_POINT('',(-132.7742553388,556.57237819525,
    99.434149792043));
#1780 = DIRECTION('',(0.,3.131E-14,1.));
#1781 = DIRECTION('',(1.,5.37E-14,-1.681347E-27));
#1782 = ADVANCED_FACE('',(#1783),#1801,.F.);
#1783 = FACE_BOUND('',#1784,.F.);
#1784 = EDGE_LOOP('',(#1785,#1793,#1799,#1800));
#1785 = ORIENTED_EDGE('',*,*,#1786,.F.);
#1786 = EDGE_CURVE('',#1787,#514,#1789,.T.);
#1787 = VERTEX_POINT('',#1788);
#1788 = CARTESIAN_POINT('',(-83.77425533886,556.57237819525,
    71.434149792043));
#1789 = LINE('',#1790,#1791);
#1790 = CARTESIAN_POINT('',(-83.77425533886,556.57237819525,
    71.434149792043));
#1791 = VECTOR('',#1792,1.);
#1792 = DIRECTION('',(5.37E-14,-1.,3.131E-14));
#1793 = ORIENTED_EDGE('',*,*,#1794,.F.);
#1794 = EDGE_CURVE('',#1756,#1787,#1795,.T.);
#1795 = LINE('',#1796,#1797);
#1796 = CARTESIAN_POINT('',(-83.77425533886,556.57237819525,
    99.434149792043));
#1797 = VECTOR('',#1798,1.);
#1798 = DIRECTION('',(1.674E-27,-3.1E-14,-1.));
#1799 = ORIENTED_EDGE('',*,*,#1755,.T.);
#1800 = ORIENTED_EDGE('',*,*,#523,.F.);
#1801 = PLANE('',#1802);
#1802 = AXIS2_PLACEMENT_3D('',#1803,#1804,#1805);
#1803 = CARTESIAN_POINT('',(-83.77425533886,556.57237819525,
    99.434149792043));
#1804 = DIRECTION('',(1.,5.37E-14,0.));
#1805 = DIRECTION('',(1.681347E-27,-3.131E-14,-1.));
#1806 = ADVANCED_FACE('',(#1807),#1825,.F.);
#1807 = FACE_BOUND('',#1808,.F.);
#1808 = EDGE_LOOP('',(#1809,#1810,#1818,#1824));
#1809 = ORIENTED_EDGE('',*,*,#1771,.F.);
#1810 = ORIENTED_EDGE('',*,*,#1811,.F.);
#1811 = EDGE_CURVE('',#1812,#1764,#1814,.T.);
#1812 = VERTEX_POINT('',#1813);
#1813 = CARTESIAN_POINT('',(-132.7742553388,556.57237819525,
    71.434149792043));
#1814 = LINE('',#1815,#1816);
#1815 = CARTESIAN_POINT('',(-132.7742553388,556.57237819525,
    71.434149792043));
#1816 = VECTOR('',#1817,1.);
#1817 = DIRECTION('',(-1.674E-27,3.1E-14,1.));
#1818 = ORIENTED_EDGE('',*,*,#1819,.T.);
#1819 = EDGE_CURVE('',#1812,#540,#1820,.T.);
#1820 = LINE('',#1821,#1822);
#1821 = CARTESIAN_POINT('',(-132.7742553388,556.57237819525,
    71.434149792043));
#1822 = VECTOR('',#1823,1.);
#1823 = DIRECTION('',(5.37E-14,-1.,3.131E-14));
#1824 = ORIENTED_EDGE('',*,*,#547,.F.);
#1825 = PLANE('',#1826);
#1826 = AXIS2_PLACEMENT_3D('',#1827,#1828,#1829);
#1827 = CARTESIAN_POINT('',(-132.7742553388,556.57237819525,
    71.434149792043));
#1828 = DIRECTION('',(-1.,-5.37E-14,0.));
#1829 = DIRECTION('',(-1.681347E-27,3.131E-14,1.));
#1830 = ADVANCED_FACE('',(#1831),#1842,.F.);
#1831 = FACE_BOUND('',#1832,.F.);
#1832 = EDGE_LOOP('',(#1833,#1834,#1840,#1841));
#1833 = ORIENTED_EDGE('',*,*,#1819,.F.);
#1834 = ORIENTED_EDGE('',*,*,#1835,.F.);
#1835 = EDGE_CURVE('',#1787,#1812,#1836,.T.);
#1836 = LINE('',#1837,#1838);
#1837 = CARTESIAN_POINT('',(-83.77425533886,556.57237819525,
    71.434149792043));
#1838 = VECTOR('',#1839,1.);
#1839 = DIRECTION('',(-1.,-5.4E-14,0.));
#1840 = ORIENTED_EDGE('',*,*,#1786,.T.);
#1841 = ORIENTED_EDGE('',*,*,#564,.F.);
#1842 = PLANE('',#1843);
#1843 = AXIS2_PLACEMENT_3D('',#1844,#1845,#1846);
#1844 = CARTESIAN_POINT('',(-83.77425533886,556.57237819525,
    71.434149792043));
#1845 = DIRECTION('',(0.,-3.131E-14,-1.));
#1846 = DIRECTION('',(-1.,-5.37E-14,1.681347E-27));
#1847 = ADVANCED_FACE('',(#1848,#1873,#1884,#1895),#1929,.F.);
#1848 = FACE_BOUND('',#1849,.T.);
#1849 = EDGE_LOOP('',(#1850,#1851,#1859,#1867));
#1850 = ORIENTED_EDGE('',*,*,#586,.T.);
#1851 = ORIENTED_EDGE('',*,*,#1852,.T.);
#1852 = EDGE_CURVE('',#579,#1853,#1855,.T.);
#1853 = VERTEX_POINT('',#1854);
#1854 = CARTESIAN_POINT('',(-47.77425533887,569.57237823995,
    118.68426364623));
#1855 = LINE('',#1856,#1857);
#1856 = CARTESIAN_POINT('',(-47.77425533887,569.57237823995,
    118.68426364623));
#1857 = VECTOR('',#1858,1.);
#1858 = DIRECTION('',(-2.428E-14,1.,-1.9E-16));
#1859 = ORIENTED_EDGE('',*,*,#1860,.F.);
#1860 = EDGE_CURVE('',#1861,#1853,#1863,.T.);
#1861 = VERTEX_POINT('',#1862);
#1862 = CARTESIAN_POINT('',(-145.2742553388,569.57237823995,
    118.68426364622));
#1863 = LINE('',#1864,#1865);
#1864 = CARTESIAN_POINT('',(-115.2989410993,569.57237823995,
    118.68426364622));
#1865 = VECTOR('',#1866,1.);
#1866 = DIRECTION('',(1.,2.433E-14,7.352E-14));
#1867 = ORIENTED_EDGE('',*,*,#1868,.T.);
#1868 = EDGE_CURVE('',#1861,#587,#1869,.T.);
#1869 = LINE('',#1870,#1871);
#1870 = CARTESIAN_POINT('',(-145.2742553388,559.57237823995,
    118.68426364623));
#1871 = VECTOR('',#1872,1.);
#1872 = DIRECTION('',(4.981E-14,-1.,1.9E-16));
#1873 = FACE_BOUND('',#1874,.T.);
#1874 = EDGE_LOOP('',(#1875));
#1875 = ORIENTED_EDGE('',*,*,#1876,.F.);
#1876 = EDGE_CURVE('',#1877,#1877,#1879,.T.);
#1877 = VERTEX_POINT('',#1878);
#1878 = CARTESIAN_POINT('',(-131.6742553388,559.57237823995,
    118.68426364623));
#1879 = CIRCLE('',#1880,1.6);
#1880 = AXIS2_PLACEMENT_3D('',#1881,#1882,#1883);
#1881 = CARTESIAN_POINT('',(-133.2742553388,559.57237823995,
    118.68426364623));
#1882 = DIRECTION('',(-7.352E-14,1.9E-16,1.));
#1883 = DIRECTION('',(-1.,-4.981E-14,-7.352E-14));
#1884 = FACE_BOUND('',#1885,.T.);
#1885 = EDGE_LOOP('',(#1886));
#1886 = ORIENTED_EDGE('',*,*,#1887,.F.);
#1887 = EDGE_CURVE('',#1888,#1888,#1890,.T.);
#1888 = VERTEX_POINT('',#1889);
#1889 = CARTESIAN_POINT('',(-56.67425533887,559.57237823995,
    118.68426364623));
#1890 = CIRCLE('',#1891,1.6);
#1891 = AXIS2_PLACEMENT_3D('',#1892,#1893,#1894);
#1892 = CARTESIAN_POINT('',(-58.27425533887,559.57237823995,
    118.68426364623));
#1893 = DIRECTION('',(-7.352E-14,1.9E-16,1.));
#1894 = DIRECTION('',(-1.,-4.981E-14,-7.352E-14));
#1895 = FACE_BOUND('',#1896,.T.);
#1896 = EDGE_LOOP('',(#1897,#1907,#1915,#1923));
#1897 = ORIENTED_EDGE('',*,*,#1898,.F.);
#1898 = EDGE_CURVE('',#1899,#1901,#1903,.T.);
#1899 = VERTEX_POINT('',#1900);
#1900 = CARTESIAN_POINT('',(-130.2742553388,562.57237823995,
    118.68426364623));
#1901 = VERTEX_POINT('',#1902);
#1902 = CARTESIAN_POINT('',(-130.2742553388,556.57237823995,
    118.68426364623));
#1903 = LINE('',#1904,#1905);
#1904 = CARTESIAN_POINT('',(-130.2742553388,563.07237823995,
    118.68426364623));
#1905 = VECTOR('',#1906,1.);
#1906 = DIRECTION('',(4.981E-14,-1.,1.9E-16));
#1907 = ORIENTED_EDGE('',*,*,#1908,.F.);
#1908 = EDGE_CURVE('',#1909,#1899,#1911,.T.);
#1909 = VERTEX_POINT('',#1910);
#1910 = CARTESIAN_POINT('',(-61.27425533887,562.57237823995,
    118.68426364623));
#1911 = LINE('',#1912,#1913);
#1912 = CARTESIAN_POINT('',(-113.8740458885,562.57237823995,
    118.68426364623));
#1913 = VECTOR('',#1914,1.);
#1914 = DIRECTION('',(-1.,-4.981E-14,-7.352E-14));
#1915 = ORIENTED_EDGE('',*,*,#1916,.F.);
#1916 = EDGE_CURVE('',#1917,#1909,#1919,.T.);
#1917 = VERTEX_POINT('',#1918);
#1918 = CARTESIAN_POINT('',(-61.27425533887,556.57237823995,
    118.68426364623));
#1919 = LINE('',#1920,#1921);
#1920 = CARTESIAN_POINT('',(-61.27425533887,566.07237823995,
    118.68426364623));
#1921 = VECTOR('',#1922,1.);
#1922 = DIRECTION('',(-4.981E-14,1.,-1.9E-16));
#1923 = ORIENTED_EDGE('',*,*,#1924,.F.);
#1924 = EDGE_CURVE('',#1901,#1917,#1925,.T.);
#1925 = LINE('',#1926,#1927);
#1926 = CARTESIAN_POINT('',(-79.37404588852,556.57237823995,
    118.68426364623));
#1927 = VECTOR('',#1928,1.);
#1928 = DIRECTION('',(1.,4.981E-14,7.352E-14));
#1929 = PLANE('',#1930);
#1930 = AXIS2_PLACEMENT_3D('',#1931,#1932,#1933);
#1931 = CARTESIAN_POINT('',(-97.47383643817,569.57237823995,
    118.68426364623));
#1932 = DIRECTION('',(7.352E-14,-1.9E-16,-1.));
#1933 = DIRECTION('',(1.,2.433E-14,7.352E-14));
#1934 = ADVANCED_FACE('',(#1935),#1954,.T.);
#1935 = FACE_BOUND('',#1936,.T.);
#1936 = EDGE_LOOP('',(#1937,#1938,#1946,#1953));
#1937 = ORIENTED_EDGE('',*,*,#617,.T.);
#1938 = ORIENTED_EDGE('',*,*,#1939,.F.);
#1939 = EDGE_CURVE('',#1940,#610,#1942,.T.);
#1940 = VERTEX_POINT('',#1941);
#1941 = CARTESIAN_POINT('',(-45.77425533887,569.57237823995,
    116.68426364623));
#1942 = LINE('',#1943,#1944);
#1943 = CARTESIAN_POINT('',(-45.77425533887,569.57237823995,
    116.68426364623));
#1944 = VECTOR('',#1945,1.);
#1945 = DIRECTION('',(2.428E-14,-1.,1.9E-16));
#1946 = ORIENTED_EDGE('',*,*,#1947,.F.);
#1947 = EDGE_CURVE('',#1853,#1940,#1948,.T.);
#1948 = CIRCLE('',#1949,2.);
#1949 = AXIS2_PLACEMENT_3D('',#1950,#1951,#1952);
#1950 = CARTESIAN_POINT('',(-47.77425533887,569.57237823995,
    116.68426364623));
#1951 = DIRECTION('',(-2.433E-14,1.,1.E-17));
#1952 = DIRECTION('',(0.707106781186,1.719683691846E-14,0.707106781187)
  );
#1953 = ORIENTED_EDGE('',*,*,#1852,.F.);
#1954 = CYLINDRICAL_SURFACE('',#1955,2.);
#1955 = AXIS2_PLACEMENT_3D('',#1956,#1957,#1958);
#1956 = CARTESIAN_POINT('',(-47.77425533887,569.57237823995,
    116.68426364623));
#1957 = DIRECTION('',(-2.428E-14,1.,-1.9E-16));
#1958 = DIRECTION('',(0.707106781186,1.730290293563E-14,0.707106781187)
  );
#1959 = ADVANCED_FACE('',(#1960),#1979,.T.);
#1960 = FACE_BOUND('',#1961,.T.);
#1961 = EDGE_LOOP('',(#1962,#1963,#1964,#1973));
#1962 = ORIENTED_EDGE('',*,*,#644,.T.);
#1963 = ORIENTED_EDGE('',*,*,#1868,.F.);
#1964 = ORIENTED_EDGE('',*,*,#1965,.F.);
#1965 = EDGE_CURVE('',#1966,#1861,#1968,.T.);
#1966 = VERTEX_POINT('',#1967);
#1967 = CARTESIAN_POINT('',(-147.2742553388,569.57237823995,
    116.68426364623));
#1968 = CIRCLE('',#1969,2.);
#1969 = AXIS2_PLACEMENT_3D('',#1970,#1971,#1972);
#1970 = CARTESIAN_POINT('',(-145.2742553388,569.57237823995,
    116.68426364623));
#1971 = DIRECTION('',(-2.433E-14,1.,1.E-17));
#1972 = DIRECTION('',(-0.707106781187,-1.721097905408E-14,0.707106781186
    ));
#1973 = ORIENTED_EDGE('',*,*,#1974,.F.);
#1974 = EDGE_CURVE('',#635,#1966,#1975,.T.);
#1975 = LINE('',#1976,#1977);
#1976 = CARTESIAN_POINT('',(-147.2742553388,559.57237823995,
    116.68426364623));
#1977 = VECTOR('',#1978,1.);
#1978 = DIRECTION('',(-4.981E-14,1.,-1.9E-16));
#1979 = CYLINDRICAL_SURFACE('',#1980,2.);
#1980 = AXIS2_PLACEMENT_3D('',#1981,#1982,#1983);
#1981 = CARTESIAN_POINT('',(-145.2742553388,559.57237823995,
    116.68426364623));
#1982 = DIRECTION('',(4.981E-14,-1.,1.9E-16));
#1983 = DIRECTION('',(-0.707106781187,-3.508663848248E-14,0.707106781186
    ));
#1984 = ADVANCED_FACE('',(#1985),#2069,.F.);
#1985 = FACE_BOUND('',#1986,.T.);
#1986 = EDGE_LOOP('',(#1987,#1988,#1996,#2004,#2012,#2020,#2028,#2037,
    #2045,#2054,#2062,#2068));
#1987 = ORIENTED_EDGE('',*,*,#667,.T.);
#1988 = ORIENTED_EDGE('',*,*,#1989,.T.);
#1989 = EDGE_CURVE('',#660,#1990,#1992,.T.);
#1990 = VERTEX_POINT('',#1991);
#1991 = CARTESIAN_POINT('',(-45.77425533886,555.71608222647,
    58.68414979205));
#1992 = LINE('',#1993,#1994);
#1993 = CARTESIAN_POINT('',(-45.77425533886,564.07237823995,
    58.68414979205));
#1994 = VECTOR('',#1995,1.);
#1995 = DIRECTION('',(-2.428E-14,1.,2.01E-15));
#1996 = ORIENTED_EDGE('',*,*,#1997,.F.);
#1997 = EDGE_CURVE('',#1998,#1990,#2000,.T.);
#1998 = VERTEX_POINT('',#1999);
#1999 = CARTESIAN_POINT('',(-45.77425533886,561.42867425343,
    54.68414979205));
#2000 = LINE('',#2001,#2002);
#2001 = CARTESIAN_POINT('',(-45.77425533886,550.55396727841,
    62.298701591782));
#2002 = VECTOR('',#2003,1.);
#2003 = DIRECTION('',(-2.228E-14,-0.819152044289,0.573576436351));
#2004 = ORIENTED_EDGE('',*,*,#2005,.T.);
#2005 = EDGE_CURVE('',#1998,#2006,#2008,.T.);
#2006 = VERTEX_POINT('',#2007);
#2007 = CARTESIAN_POINT('',(-45.77425533886,569.57237823995,
    54.68414979205));
#2008 = LINE('',#2009,#2010);
#2009 = CARTESIAN_POINT('',(-45.77425533886,569.57237823995,
    54.68414979205));
#2010 = VECTOR('',#2011,1.);
#2011 = DIRECTION('',(-2.428E-14,1.,-1.9E-16));
#2012 = ORIENTED_EDGE('',*,*,#2013,.F.);
#2013 = EDGE_CURVE('',#2014,#2006,#2016,.T.);
#2014 = VERTEX_POINT('',#2015);
#2015 = CARTESIAN_POINT('',(-45.77425533886,569.57237823995,
    56.68414979205));
#2016 = LINE('',#2017,#2018);
#2017 = CARTESIAN_POINT('',(-45.77425533886,569.57237823995,
    56.68414979205));
#2018 = VECTOR('',#2019,1.);
#2019 = DIRECTION('',(7.352E-14,8.8E-16,-1.));
#2020 = ORIENTED_EDGE('',*,*,#2021,.T.);
#2021 = EDGE_CURVE('',#2014,#2022,#2024,.T.);
#2022 = VERTEX_POINT('',#2023);
#2023 = CARTESIAN_POINT('',(-45.77425533886,567.57237819525,
    56.68414979205));
#2024 = LINE('',#2025,#2026);
#2025 = CARTESIAN_POINT('',(-45.77425533886,569.57237823995,
    56.68414979205));
#2026 = VECTOR('',#2027,1.);
#2027 = DIRECTION('',(2.428E-14,-1.,-2.2E-16));
#2028 = ORIENTED_EDGE('',*,*,#2029,.T.);
#2029 = EDGE_CURVE('',#2022,#2030,#2032,.T.);
#2030 = VERTEX_POINT('',#2031);
#2031 = CARTESIAN_POINT('',(-45.77425533886,555.57237819525,
    68.68414979205));
#2032 = CIRCLE('',#2033,12.);
#2033 = AXIS2_PLACEMENT_3D('',#2034,#2035,#2036);
#2034 = CARTESIAN_POINT('',(-45.77425533886,567.57237819525,
    68.68414979205));
#2035 = DIRECTION('',(-1.,-2.428E-14,-7.352E-14));
#2036 = DIRECTION('',(6.915504320004E-14,-0.707106781187,-0.707106781187
    ));
#2037 = ORIENTED_EDGE('',*,*,#2038,.T.);
#2038 = EDGE_CURVE('',#2030,#2039,#2041,.T.);
#2039 = VERTEX_POINT('',#2040);
#2040 = CARTESIAN_POINT('',(-45.77425533887,555.57237819525,
    102.68426364623));
#2041 = LINE('',#2042,#2043);
#2042 = CARTESIAN_POINT('',(-45.77425533887,555.57237819525,
    110.68426364623));
#2043 = VECTOR('',#2044,1.);
#2044 = DIRECTION('',(-7.352E-14,2.66E-15,1.));
#2045 = ORIENTED_EDGE('',*,*,#2046,.T.);
#2046 = EDGE_CURVE('',#2039,#2047,#2049,.T.);
#2047 = VERTEX_POINT('',#2048);
#2048 = CARTESIAN_POINT('',(-45.77425533887,567.57237819526,
    114.68426364623));
#2049 = CIRCLE('',#2050,12.);
#2050 = AXIS2_PLACEMENT_3D('',#2051,#2052,#2053);
#2051 = CARTESIAN_POINT('',(-45.77425533887,567.57237819525,
    102.68426364623));
#2052 = DIRECTION('',(-1.,-2.428E-14,-7.352E-14));
#2053 = DIRECTION('',(-3.481793790563E-14,-0.707106781186,0.707106781187
    ));
#2054 = ORIENTED_EDGE('',*,*,#2055,.T.);
#2055 = EDGE_CURVE('',#2047,#2056,#2058,.T.);
#2056 = VERTEX_POINT('',#2057);
#2057 = CARTESIAN_POINT('',(-45.77425533887,569.57237823995,
    114.68426364623));
#2058 = LINE('',#2059,#2060);
#2059 = CARTESIAN_POINT('',(-45.77425533887,571.07237833681,
    114.68426364623));
#2060 = VECTOR('',#2061,1.);
#2061 = DIRECTION('',(-2.428E-14,1.,-2.5509E-13));
#2062 = ORIENTED_EDGE('',*,*,#2063,.F.);
#2063 = EDGE_CURVE('',#1940,#2056,#2064,.T.);
#2064 = LINE('',#2065,#2066);
#2065 = CARTESIAN_POINT('',(-45.77425533887,569.57237823995,
    120.68426364623));
#2066 = VECTOR('',#2067,1.);
#2067 = DIRECTION('',(7.352E-14,1.E-17,-1.));
#2068 = ORIENTED_EDGE('',*,*,#1939,.T.);
#2069 = PLANE('',#2070);
#2070 = AXIS2_PLACEMENT_3D('',#2071,#2072,#2073);
#2071 = CARTESIAN_POINT('',(-45.77425533887,569.57237823995,
    118.68426364623));
#2072 = DIRECTION('',(-1.,-2.428E-14,-7.352E-14));
#2073 = DIRECTION('',(7.352E-14,1.E-17,-1.));
#2074 = ADVANCED_FACE('',(#2075),#2110,.F.);
#2075 = FACE_BOUND('',#2076,.T.);
#2076 = EDGE_LOOP('',(#2077,#2078,#2079,#2087,#2095,#2104));
#2077 = ORIENTED_EDGE('',*,*,#684,.T.);
#2078 = ORIENTED_EDGE('',*,*,#1974,.T.);
#2079 = ORIENTED_EDGE('',*,*,#2080,.T.);
#2080 = EDGE_CURVE('',#1966,#2081,#2083,.T.);
#2081 = VERTEX_POINT('',#2082);
#2082 = CARTESIAN_POINT('',(-147.2742553388,569.57237823995,
    114.68426364622));
#2083 = LINE('',#2084,#2085);
#2084 = CARTESIAN_POINT('',(-147.2742553388,569.57237823995,
    98.684259303513));
#2085 = VECTOR('',#2086,1.);
#2086 = DIRECTION('',(7.239E-14,1.E-17,-1.));
#2087 = ORIENTED_EDGE('',*,*,#2088,.T.);
#2088 = EDGE_CURVE('',#2081,#2089,#2091,.T.);
#2089 = VERTEX_POINT('',#2090);
#2090 = CARTESIAN_POINT('',(-147.2742553388,567.57237819525,
    114.68426364622));
#2091 = LINE('',#2092,#2093);
#2092 = CARTESIAN_POINT('',(-147.2742553388,549.57237823995,
    114.68426364622));
#2093 = VECTOR('',#2094,1.);
#2094 = DIRECTION('',(4.981E-14,-1.,2.5509E-13));
#2095 = ORIENTED_EDGE('',*,*,#2096,.T.);
#2096 = EDGE_CURVE('',#2089,#2097,#2099,.T.);
#2097 = VERTEX_POINT('',#2098);
#2098 = CARTESIAN_POINT('',(-147.2742553388,558.69709639886,
    110.7607339789));
#2099 = CIRCLE('',#2100,12.);
#2100 = AXIS2_PLACEMENT_3D('',#2101,#2102,#2103);
#2101 = CARTESIAN_POINT('',(-147.2742553388,567.57237819525,
    102.68426364622));
#2102 = DIRECTION('',(1.,4.981E-14,8.314E-14));
#2103 = DIRECTION('',(-5.926140243926E-14,-0.364537669042,0.931188642462
    ));
#2104 = ORIENTED_EDGE('',*,*,#2105,.F.);
#2105 = EDGE_CURVE('',#685,#2097,#2106,.T.);
#2106 = LINE('',#2107,#2108);
#2107 = CARTESIAN_POINT('',(-147.2742553388,549.57237823995,
    110.7607339789));
#2108 = VECTOR('',#2109,1.);
#2109 = DIRECTION('',(-4.981E-14,1.,-2.5509E-13));
#2110 = PLANE('',#2111);
#2111 = AXIS2_PLACEMENT_3D('',#2112,#2113,#2114);
#2112 = CARTESIAN_POINT('',(-147.2742553388,549.57237823995,
    111.68426364622));
#2113 = DIRECTION('',(1.,4.981E-14,8.314E-14));
#2114 = DIRECTION('',(8.314000000001E-14,-2.5509E-13,-1.));
#2115 = ADVANCED_FACE('',(#2116),#2135,.T.);
#2116 = FACE_BOUND('',#2117,.T.);
#2117 = EDGE_LOOP('',(#2118,#2119,#2127,#2134));
#2118 = ORIENTED_EDGE('',*,*,#715,.T.);
#2119 = ORIENTED_EDGE('',*,*,#2120,.F.);
#2120 = EDGE_CURVE('',#2121,#708,#2123,.T.);
#2121 = VERTEX_POINT('',#2122);
#2122 = CARTESIAN_POINT('',(-47.77425533886,558.57237823995,
    56.68414979205));
#2123 = LINE('',#2124,#2125);
#2124 = CARTESIAN_POINT('',(-47.77425533886,564.07237823995,
    56.68414979205));
#2125 = VECTOR('',#2126,1.);
#2126 = DIRECTION('',(2.428E-14,-1.,-2.01E-15));
#2127 = ORIENTED_EDGE('',*,*,#2128,.T.);
#2128 = EDGE_CURVE('',#2121,#1990,#2129,.T.);
#2129 = ELLIPSE('',#2130,3.486893591242,2.);
#2130 = AXIS2_PLACEMENT_3D('',#2131,#2132,#2133);
#2131 = CARTESIAN_POINT('',(-47.77425533886,555.71608222647,
    58.68414979205));
#2132 = DIRECTION('',(7.416E-14,-0.573576436351,-0.819152044289));
#2133 = DIRECTION('',(2.234E-14,0.819152044289,-0.573576436351));
#2134 = ORIENTED_EDGE('',*,*,#1989,.F.);
#2135 = CYLINDRICAL_SURFACE('',#2136,2.);
#2136 = AXIS2_PLACEMENT_3D('',#2137,#2138,#2139);
#2137 = CARTESIAN_POINT('',(-47.77425533886,564.07237823995,
    58.68414979205));
#2138 = DIRECTION('',(-2.428E-14,1.,2.01E-15));
#2139 = DIRECTION('',(0.707106781187,1.85898372774E-14,-0.707106781186)
  );
#2140 = ADVANCED_FACE('',(#2141),#2161,.F.);
#2141 = FACE_BOUND('',#2142,.F.);
#2142 = EDGE_LOOP('',(#2143,#2151,#2159,#2160));
#2143 = ORIENTED_EDGE('',*,*,#2144,.T.);
#2144 = EDGE_CURVE('',#733,#2145,#2147,.T.);
#2145 = VERTEX_POINT('',#2146);
#2146 = CARTESIAN_POINT('',(-148.7742553388,556.49419897602,
    108.16265776755));
#2147 = LINE('',#2148,#2149);
#2148 = CARTESIAN_POINT('',(-148.7742553388,549.57237823995,
    108.16265776755));
#2149 = VECTOR('',#2150,1.);
#2150 = DIRECTION('',(-4.981E-14,1.,-2.5509E-13));
#2151 = ORIENTED_EDGE('',*,*,#2152,.F.);
#2152 = EDGE_CURVE('',#2097,#2145,#2153,.T.);
#2153 = B_SPLINE_CURVE_WITH_KNOTS('',3,(#2154,#2155,#2156,#2157,#2158),
  .UNSPECIFIED.,.F.,.F.,(4,1,4),(-0.479251051947,-0.27385774397,0.),
  .UNSPECIFIED.);
#2154 = CARTESIAN_POINT('',(-147.2742553388,558.69709639886,
    110.7607339789));
#2155 = CARTESIAN_POINT('',(-147.2742553388,558.23630391041,
    110.38095825236));
#2156 = CARTESIAN_POINT('',(-147.4384078288,557.25755281478,
    109.41483559014));
#2157 = CARTESIAN_POINT('',(-148.1937803401,556.6802436577,
    108.4977951643));
#2158 = CARTESIAN_POINT('',(-148.7742553388,556.49419897602,
    108.16265776755));
#2159 = ORIENTED_EDGE('',*,*,#2105,.F.);
#2160 = ORIENTED_EDGE('',*,*,#732,.F.);
#2161 = CYLINDRICAL_SURFACE('',#2162,3.);
#2162 = AXIS2_PLACEMENT_3D('',#2163,#2164,#2165);
#2163 = CARTESIAN_POINT('',(-150.2742553388,549.57237823995,
    110.7607339789));
#2164 = DIRECTION('',(4.981E-14,-1.,2.5509E-13));
#2165 = DIRECTION('',(1.,4.981000000002E-14,7.352E-14));
#2166 = ADVANCED_FACE('',(#2167,#2185),#2196,.T.);
#2167 = FACE_BOUND('',#2168,.T.);
#2168 = EDGE_LOOP('',(#2169,#2170,#2178,#2184));
#2169 = ORIENTED_EDGE('',*,*,#765,.T.);
#2170 = ORIENTED_EDGE('',*,*,#2171,.T.);
#2171 = EDGE_CURVE('',#758,#2172,#2174,.T.);
#2172 = VERTEX_POINT('',#2173);
#2173 = CARTESIAN_POINT('',(-145.2742553388,558.57237823995,
    56.684149792043));
#2174 = LINE('',#2175,#2176);
#2175 = CARTESIAN_POINT('',(-145.2742553388,554.07237823994,
    56.684149792043));
#2176 = VECTOR('',#2177,1.);
#2177 = DIRECTION('',(-4.981E-14,1.,2.01E-15));
#2178 = ORIENTED_EDGE('',*,*,#2179,.F.);
#2179 = EDGE_CURVE('',#2121,#2172,#2180,.T.);
#2180 = LINE('',#2181,#2182);
#2181 = CARTESIAN_POINT('',(-45.77425533886,558.57237823995,
    56.68414979205));
#2182 = VECTOR('',#2183,1.);
#2183 = DIRECTION('',(-1.,-2.429E-14,-7.352E-14));
#2184 = ORIENTED_EDGE('',*,*,#2120,.T.);
#2185 = FACE_BOUND('',#2186,.T.);
#2186 = EDGE_LOOP('',(#2187));
#2187 = ORIENTED_EDGE('',*,*,#2188,.F.);
#2188 = EDGE_CURVE('',#2189,#2189,#2191,.T.);
#2189 = VERTEX_POINT('',#2190);
#2190 = CARTESIAN_POINT('',(-98.12425533886,554.07237823995,
    56.684149792046));
#2191 = CIRCLE('',#2192,2.35);
#2192 = AXIS2_PLACEMENT_3D('',#2193,#2194,#2195);
#2193 = CARTESIAN_POINT('',(-95.77425533886,554.07237823995,
    56.684149792046));
#2194 = DIRECTION('',(7.352E-14,2.01E-15,-1.));
#2195 = DIRECTION('',(1.,4.981E-14,7.352E-14));
#2196 = PLANE('',#2197);
#2197 = AXIS2_PLACEMENT_3D('',#2198,#2199,#2200);
#2198 = CARTESIAN_POINT('',(-45.77425533886,558.57237823995,
    56.68414979205));
#2199 = DIRECTION('',(7.352E-14,2.01E-15,-1.));
#2200 = DIRECTION('',(2.428E-14,-1.,-2.009999999998E-15));
#2201 = ADVANCED_FACE('',(#2202),#2229,.F.);
#2202 = FACE_BOUND('',#2203,.T.);
#2203 = EDGE_LOOP('',(#2204,#2205,#2206,#2215,#2223));
#2204 = ORIENTED_EDGE('',*,*,#782,.T.);
#2205 = ORIENTED_EDGE('',*,*,#2144,.T.);
#2206 = ORIENTED_EDGE('',*,*,#2207,.T.);
#2207 = EDGE_CURVE('',#2145,#2208,#2210,.T.);
#2208 = VERTEX_POINT('',#2209);
#2209 = CARTESIAN_POINT('',(-156.7631123009,555.57237819525,103.55028905
    ));
#2210 = ELLIPSE('',#2211,24.,12.);
#2211 = AXIS2_PLACEMENT_3D('',#2212,#2213,#2214);
#2212 = CARTESIAN_POINT('',(-156.7631123008,567.57237819525,103.55028905
    ));
#2213 = DIRECTION('',(0.5,-1.9601E-13,-0.866025403784));
#2214 = DIRECTION('',(0.866025403784,4.442E-14,0.5));
#2215 = ORIENTED_EDGE('',*,*,#2216,.T.);
#2216 = EDGE_CURVE('',#2208,#2217,#2219,.T.);
#2217 = VERTEX_POINT('',#2218);
#2218 = CARTESIAN_POINT('',(-156.7742553388,555.57237819525,
    103.54385561403));
#2219 = LINE('',#2220,#2221);
#2220 = CARTESIAN_POINT('',(-90.71036245912,555.57237819525,
    141.68586195187));
#2221 = VECTOR('',#2222,1.);
#2222 = DIRECTION('',(-0.866025403784,-4.447E-14,-0.5));
#2223 = ORIENTED_EDGE('',*,*,#2224,.F.);
#2224 = EDGE_CURVE('',#783,#2217,#2225,.T.);
#2225 = LINE('',#2226,#2227);
#2226 = CARTESIAN_POINT('',(-156.7742553388,549.57237823995,
    103.54385561403));
#2227 = VECTOR('',#2228,1.);
#2228 = DIRECTION('',(-2.438E-14,1.,8.6E-16));
#2229 = PLANE('',#2230);
#2230 = AXIS2_PLACEMENT_3D('',#2231,#2232,#2233);
#2231 = CARTESIAN_POINT('',(-148.7742553388,549.57237823995,
    108.16265776755));
#2232 = DIRECTION('',(0.5,-1.9601E-13,-0.866025403784));
#2233 = DIRECTION('',(-0.866025403784,-1.7069E-13,-0.5));
#2234 = ADVANCED_FACE('',(#2235),#2254,.T.);
#2235 = FACE_BOUND('',#2236,.T.);
#2236 = EDGE_LOOP('',(#2237,#2238,#2246,#2253));
#2237 = ORIENTED_EDGE('',*,*,#815,.T.);
#2238 = ORIENTED_EDGE('',*,*,#2239,.F.);
#2239 = EDGE_CURVE('',#2240,#808,#2242,.T.);
#2240 = VERTEX_POINT('',#2241);
#2241 = CARTESIAN_POINT('',(-147.2742553388,555.71608222646,
    58.684149792042));
#2242 = LINE('',#2243,#2244);
#2243 = CARTESIAN_POINT('',(-147.2742553388,554.07237823994,
    58.684149792042));
#2244 = VECTOR('',#2245,1.);
#2245 = DIRECTION('',(4.981E-14,-1.,-2.01E-15));
#2246 = ORIENTED_EDGE('',*,*,#2247,.T.);
#2247 = EDGE_CURVE('',#2240,#2172,#2248,.T.);
#2248 = ELLIPSE('',#2249,3.486893591242,2.);
#2249 = AXIS2_PLACEMENT_3D('',#2250,#2251,#2252);
#2250 = CARTESIAN_POINT('',(-145.2742553388,555.71608222646,
    58.684149792043));
#2251 = DIRECTION('',(7.416E-14,-0.573576436351,-0.819152044289));
#2252 = DIRECTION('',(-8.82E-15,0.819152044289,-0.573576436351));
#2253 = ORIENTED_EDGE('',*,*,#2171,.F.);
#2254 = CYLINDRICAL_SURFACE('',#2255,2.);
#2255 = AXIS2_PLACEMENT_3D('',#2256,#2257,#2258);
#2256 = CARTESIAN_POINT('',(-145.2742553388,554.07237823994,
    58.684149792043));
#2257 = DIRECTION('',(-4.981E-14,1.,2.01E-15));
#2258 = DIRECTION('',(-0.707106781186,-3.379970414071E-14,
    -0.707106781187));
#2259 = ADVANCED_FACE('',(#2260),#2279,.T.);
#2260 = FACE_BOUND('',#2261,.T.);
#2261 = EDGE_LOOP('',(#2262,#2263,#2264,#2273));
#2262 = ORIENTED_EDGE('',*,*,#831,.T.);
#2263 = ORIENTED_EDGE('',*,*,#2224,.T.);
#2264 = ORIENTED_EDGE('',*,*,#2265,.T.);
#2265 = EDGE_CURVE('',#2217,#2266,#2268,.T.);
#2266 = VERTEX_POINT('',#2267);
#2267 = CARTESIAN_POINT('',(-159.7742553388,555.57237819525,
    98.347703191331));
#2268 = CIRCLE('',#2269,6.);
#2269 = AXIS2_PLACEMENT_3D('',#2270,#2271,#2272);
#2270 = CARTESIAN_POINT('',(-153.7742553388,555.57237819525,
    98.347703191332));
#2271 = DIRECTION('',(4.981E-14,-1.,2.66E-15));
#2272 = DIRECTION('',(-0.919537664417,-4.475678604337E-14,0.393001887679
    ));
#2273 = ORIENTED_EDGE('',*,*,#2274,.T.);
#2274 = EDGE_CURVE('',#2266,#832,#2275,.T.);
#2275 = LINE('',#2276,#2277);
#2276 = CARTESIAN_POINT('',(-159.7742553388,549.57237823995,
    98.347703191331));
#2277 = VECTOR('',#2278,1.);
#2278 = DIRECTION('',(2.438E-14,-1.,-8.6E-16));
#2279 = CYLINDRICAL_SURFACE('',#2280,6.);
#2280 = AXIS2_PLACEMENT_3D('',#2281,#2282,#2283);
#2281 = CARTESIAN_POINT('',(-153.7742553388,549.57237823995,
    98.347703191332));
#2282 = DIRECTION('',(2.438E-14,-1.,-8.6E-16));
#2283 = DIRECTION('',(-1.,-2.438E-14,-7.07E-14));
#2284 = ADVANCED_FACE('',(#2285),#2344,.F.);
#2285 = FACE_BOUND('',#2286,.T.);
#2286 = EDGE_LOOP('',(#2287,#2288,#2296,#2304,#2313,#2321,#2329,#2337,
    #2343));
#2287 = ORIENTED_EDGE('',*,*,#863,.T.);
#2288 = ORIENTED_EDGE('',*,*,#2289,.T.);
#2289 = EDGE_CURVE('',#856,#2290,#2292,.T.);
#2290 = VERTEX_POINT('',#2291);
#2291 = CARTESIAN_POINT('',(-147.2742553388,555.57237819524,
    76.69706809672));
#2292 = LINE('',#2293,#2294);
#2293 = CARTESIAN_POINT('',(-147.2742553388,549.57237823994,
    76.697068096722));
#2294 = VECTOR('',#2295,1.);
#2295 = DIRECTION('',(-4.981E-14,1.,-2.5509E-13));
#2296 = ORIENTED_EDGE('',*,*,#2297,.T.);
#2297 = EDGE_CURVE('',#2290,#2298,#2300,.T.);
#2298 = VERTEX_POINT('',#2299);
#2299 = CARTESIAN_POINT('',(-147.2742553388,555.57237819525,
    68.684149792043));
#2300 = LINE('',#2301,#2302);
#2301 = CARTESIAN_POINT('',(-147.2742553388,555.57237819525,
    89.690665871473));
#2302 = VECTOR('',#2303,1.);
#2303 = DIRECTION('',(7.448E-14,-2.66E-15,-1.));
#2304 = ORIENTED_EDGE('',*,*,#2305,.T.);
#2305 = EDGE_CURVE('',#2298,#2306,#2308,.T.);
#2306 = VERTEX_POINT('',#2307);
#2307 = CARTESIAN_POINT('',(-147.2742553388,567.57237819525,
    56.684149792043));
#2308 = CIRCLE('',#2309,12.);
#2309 = AXIS2_PLACEMENT_3D('',#2310,#2311,#2312);
#2310 = CARTESIAN_POINT('',(-147.2742553388,567.57237819525,
    68.684149792043));
#2311 = DIRECTION('',(1.,4.981E-14,7.448E-14));
#2312 = DIRECTION('',(8.788630183368E-14,-0.707106781186,-0.707106781187
    ));
#2313 = ORIENTED_EDGE('',*,*,#2314,.T.);
#2314 = EDGE_CURVE('',#2306,#2315,#2317,.T.);
#2315 = VERTEX_POINT('',#2316);
#2316 = CARTESIAN_POINT('',(-147.2742553388,569.57237823995,
    56.684149792043));
#2317 = LINE('',#2318,#2319);
#2318 = CARTESIAN_POINT('',(-147.2742553388,559.57237823994,
    56.684149792043));
#2319 = VECTOR('',#2320,1.);
#2320 = DIRECTION('',(-4.981E-14,1.,2.2E-16));
#2321 = ORIENTED_EDGE('',*,*,#2322,.T.);
#2322 = EDGE_CURVE('',#2315,#2323,#2325,.T.);
#2323 = VERTEX_POINT('',#2324);
#2324 = CARTESIAN_POINT('',(-147.2742553388,569.57237823995,
    54.684149792043));
#2325 = LINE('',#2326,#2327);
#2326 = CARTESIAN_POINT('',(-147.2742553388,569.57237823995,
    69.18420237642));
#2327 = VECTOR('',#2328,1.);
#2328 = DIRECTION('',(7.352E-14,1.E-17,-1.));
#2329 = ORIENTED_EDGE('',*,*,#2330,.T.);
#2330 = EDGE_CURVE('',#2323,#2331,#2333,.T.);
#2331 = VERTEX_POINT('',#2332);
#2332 = CARTESIAN_POINT('',(-147.2742553388,561.42867425343,
    54.684149792043));
#2333 = LINE('',#2334,#2335);
#2334 = CARTESIAN_POINT('',(-147.2742553388,559.57237823994,
    54.684149792043));
#2335 = VECTOR('',#2336,1.);
#2336 = DIRECTION('',(4.981E-14,-1.,1.9E-16));
#2337 = ORIENTED_EDGE('',*,*,#2338,.T.);
#2338 = EDGE_CURVE('',#2331,#2240,#2339,.T.);
#2339 = LINE('',#2340,#2341);
#2340 = CARTESIAN_POINT('',(-147.2742553388,559.34882155174,
    56.140478332137));
#2341 = VECTOR('',#2342,1.);
#2342 = DIRECTION('',(-2.22E-14,-0.819152044289,0.573576436351));
#2343 = ORIENTED_EDGE('',*,*,#2239,.T.);
#2344 = PLANE('',#2345);
#2345 = AXIS2_PLACEMENT_3D('',#2346,#2347,#2348);
#2346 = CARTESIAN_POINT('',(-147.2742553388,549.57237823994,
    76.697068096722));
#2347 = DIRECTION('',(1.,4.981E-14,7.448E-14));
#2348 = DIRECTION('',(7.448000000001E-14,-2.5509E-13,-1.));
#2349 = ADVANCED_FACE('',(#2350),#2368,.F.);
#2350 = FACE_BOUND('',#2351,.T.);
#2351 = EDGE_LOOP('',(#2352,#2353,#2354,#2362));
#2352 = ORIENTED_EDGE('',*,*,#889,.T.);
#2353 = ORIENTED_EDGE('',*,*,#2274,.F.);
#2354 = ORIENTED_EDGE('',*,*,#2355,.T.);
#2355 = EDGE_CURVE('',#2266,#2356,#2358,.T.);
#2356 = VERTEX_POINT('',#2357);
#2357 = CARTESIAN_POINT('',(-159.7742553388,555.57237819525,
    89.110098884297));
#2358 = LINE('',#2359,#2360);
#2359 = CARTESIAN_POINT('',(-159.7742553388,555.57237819525,
    103.11405963013));
#2360 = VECTOR('',#2361,1.);
#2361 = DIRECTION('',(7.352E-14,-2.66E-15,-1.));
#2362 = ORIENTED_EDGE('',*,*,#2363,.T.);
#2363 = EDGE_CURVE('',#2356,#880,#2364,.T.);
#2364 = LINE('',#2365,#2366);
#2365 = CARTESIAN_POINT('',(-159.7742553388,549.57237823995,
    89.110098884297));
#2366 = VECTOR('',#2367,1.);
#2367 = DIRECTION('',(2.438E-14,-1.,-8.6E-16));
#2368 = PLANE('',#2369);
#2369 = AXIS2_PLACEMENT_3D('',#2370,#2371,#2372);
#2370 = CARTESIAN_POINT('',(-159.7742553388,549.57237823995,
    103.54385561403));
#2371 = DIRECTION('',(1.,4.981E-14,7.352E-14));
#2372 = DIRECTION('',(7.352000000001E-14,-2.5509E-13,-1.));
#2373 = ADVANCED_FACE('',(#2374),#2393,.F.);
#2374 = FACE_BOUND('',#2375,.F.);
#2375 = EDGE_LOOP('',(#2376,#2377,#2386,#2392));
#2376 = ORIENTED_EDGE('',*,*,#2289,.T.);
#2377 = ORIENTED_EDGE('',*,*,#2378,.F.);
#2378 = EDGE_CURVE('',#2379,#2290,#2381,.T.);
#2379 = VERTEX_POINT('',#2380);
#2380 = CARTESIAN_POINT('',(-148.7742553388,555.57237819525,
    79.295144308073));
#2381 = CIRCLE('',#2382,3.);
#2382 = AXIS2_PLACEMENT_3D('',#2383,#2384,#2385);
#2383 = CARTESIAN_POINT('',(-150.2742553388,555.57237819524,
    76.69706809672));
#2384 = DIRECTION('',(-4.981E-14,1.,-2.66E-15));
#2385 = DIRECTION('',(0.866025403784,4.44667253625E-14,0.5));
#2386 = ORIENTED_EDGE('',*,*,#2387,.F.);
#2387 = EDGE_CURVE('',#904,#2379,#2388,.T.);
#2388 = LINE('',#2389,#2390);
#2389 = CARTESIAN_POINT('',(-148.7742553388,549.57237823994,
    79.295144308075));
#2390 = VECTOR('',#2391,1.);
#2391 = DIRECTION('',(-4.981E-14,1.,-2.5509E-13));
#2392 = ORIENTED_EDGE('',*,*,#903,.F.);
#2393 = CYLINDRICAL_SURFACE('',#2394,3.);
#2394 = AXIS2_PLACEMENT_3D('',#2395,#2396,#2397);
#2395 = CARTESIAN_POINT('',(-150.2742553388,549.57237823994,
    76.697068096721));
#2396 = DIRECTION('',(4.981E-14,-1.,2.5509E-13));
#2397 = DIRECTION('',(0.5,2.458194202514E-13,0.866025403784));
#2398 = ADVANCED_FACE('',(#2399),#2418,.T.);
#2399 = FACE_BOUND('',#2400,.T.);
#2400 = EDGE_LOOP('',(#2401,#2402,#2403,#2412));
#2401 = ORIENTED_EDGE('',*,*,#929,.T.);
#2402 = ORIENTED_EDGE('',*,*,#2363,.F.);
#2403 = ORIENTED_EDGE('',*,*,#2404,.T.);
#2404 = EDGE_CURVE('',#2356,#2405,#2407,.T.);
#2405 = VERTEX_POINT('',#2406);
#2406 = CARTESIAN_POINT('',(-156.7742553388,555.57237819525,
    83.913946461591));
#2407 = CIRCLE('',#2408,6.);
#2408 = AXIS2_PLACEMENT_3D('',#2409,#2410,#2411);
#2409 = CARTESIAN_POINT('',(-153.7742553388,555.57237819525,
    89.110098884298));
#2410 = DIRECTION('',(4.981E-14,-1.,2.66E-15));
#2411 = DIRECTION('',(-0.866025403784,-4.44667253625E-14,-0.5));
#2412 = ORIENTED_EDGE('',*,*,#2413,.T.);
#2413 = EDGE_CURVE('',#2405,#930,#2414,.T.);
#2414 = LINE('',#2415,#2416);
#2415 = CARTESIAN_POINT('',(-156.7742553388,549.57237823995,
    83.913946461591));
#2416 = VECTOR('',#2417,1.);
#2417 = DIRECTION('',(2.438E-14,-1.,-8.6E-16));
#2418 = CYLINDRICAL_SURFACE('',#2419,6.);
#2419 = AXIS2_PLACEMENT_3D('',#2420,#2421,#2422);
#2420 = CARTESIAN_POINT('',(-153.7742553388,549.57237823995,
    89.110098884298));
#2421 = DIRECTION('',(2.438E-14,-1.,-8.6E-16));
#2422 = DIRECTION('',(-0.5,-1.144521815274E-14,-0.866025403784));
#2423 = ADVANCED_FACE('',(#2424),#2435,.F.);
#2424 = FACE_BOUND('',#2425,.T.);
#2425 = EDGE_LOOP('',(#2426,#2427,#2428,#2434));
#2426 = ORIENTED_EDGE('',*,*,#954,.T.);
#2427 = ORIENTED_EDGE('',*,*,#2413,.F.);
#2428 = ORIENTED_EDGE('',*,*,#2429,.T.);
#2429 = EDGE_CURVE('',#2405,#2379,#2430,.T.);
#2430 = LINE('',#2431,#2432);
#2431 = CARTESIAN_POINT('',(-98.58814821861,555.57237819525,
    50.320181852619));
#2432 = VECTOR('',#2433,1.);
#2433 = DIRECTION('',(0.866025403784,4.181E-14,-0.5));
#2434 = ORIENTED_EDGE('',*,*,#2387,.F.);
#2435 = PLANE('',#2436);
#2436 = AXIS2_PLACEMENT_3D('',#2437,#2438,#2439);
#2437 = CARTESIAN_POINT('',(-156.7742553388,549.57237823994,
    83.913946461591));
#2438 = DIRECTION('',(0.5,2.4582E-13,0.866025403784));
#2439 = DIRECTION('',(0.866025403784,-8.441E-14,-0.5));
#2440 = ADVANCED_FACE('',(#2441,#2594,#2605),#2616,.F.);
#2441 = FACE_BOUND('',#2442,.T.);
#2442 = EDGE_LOOP('',(#2443,#2444,#2452,#2460,#2468,#2476,#2484,#2492,
    #2500,#2508,#2516,#2524,#2532,#2540,#2548,#2556,#2564,#2572,#2580,
    #2588));
#2443 = ORIENTED_EDGE('',*,*,#978,.T.);
#2444 = ORIENTED_EDGE('',*,*,#2445,.T.);
#2445 = EDGE_CURVE('',#971,#2446,#2448,.T.);
#2446 = VERTEX_POINT('',#2447);
#2447 = CARTESIAN_POINT('',(-67.27425533887,567.57237819525,
    113.68426364623));
#2448 = LINE('',#2449,#2450);
#2449 = CARTESIAN_POINT('',(-67.27425533887,561.07237833681,
    113.68426364623));
#2450 = VECTOR('',#2451,1.);
#2451 = DIRECTION('',(-2.428E-14,1.,-2.5509E-13));
#2452 = ORIENTED_EDGE('',*,*,#2453,.T.);
#2453 = EDGE_CURVE('',#2446,#2454,#2456,.T.);
#2454 = VERTEX_POINT('',#2455);
#2455 = CARTESIAN_POINT('',(-74.27425533887,567.57237819525,
    113.68426364622));
#2456 = LINE('',#2457,#2458);
#2457 = CARTESIAN_POINT('',(9.225744661128,567.57237819526,
    113.68426364623));
#2458 = VECTOR('',#2459,1.);
#2459 = DIRECTION('',(-1.,-4.981E-14,-7.352E-14));
#2460 = ORIENTED_EDGE('',*,*,#2461,.T.);
#2461 = EDGE_CURVE('',#2454,#2462,#2464,.T.);
#2462 = VERTEX_POINT('',#2463);
#2463 = CARTESIAN_POINT('',(-74.27425533887,553.57237823995,
    113.68426364623));
#2464 = LINE('',#2465,#2466);
#2465 = CARTESIAN_POINT('',(-74.27425533887,561.07237833681,
    113.68426364623));
#2466 = VECTOR('',#2467,1.);
#2467 = DIRECTION('',(2.433E-14,-1.,2.5509E-13));
#2468 = ORIENTED_EDGE('',*,*,#2469,.F.);
#2469 = EDGE_CURVE('',#2470,#2462,#2472,.T.);
#2470 = VERTEX_POINT('',#2471);
#2471 = CARTESIAN_POINT('',(-92.27425533887,553.57237823995,
    113.68426364623));
#2472 = LINE('',#2473,#2474);
#2473 = CARTESIAN_POINT('',(-121.5242553388,553.57237823995,
    113.68426364623));
#2474 = VECTOR('',#2475,1.);
#2475 = DIRECTION('',(1.,2.389E-14,3.5725E-13));
#2476 = ORIENTED_EDGE('',*,*,#2477,.T.);
#2477 = EDGE_CURVE('',#2470,#2478,#2480,.T.);
#2478 = VERTEX_POINT('',#2479);
#2479 = CARTESIAN_POINT('',(-92.27425533887,567.57237819525,
    113.68426364622));
#2480 = LINE('',#2481,#2482);
#2481 = CARTESIAN_POINT('',(-92.27425533887,561.07237833681,
    113.68426364623));
#2482 = VECTOR('',#2483,1.);
#2483 = DIRECTION('',(-2.433E-14,1.,-2.5509E-13));
#2484 = ORIENTED_EDGE('',*,*,#2485,.T.);
#2485 = EDGE_CURVE('',#2478,#2486,#2488,.T.);
#2486 = VERTEX_POINT('',#2487);
#2487 = CARTESIAN_POINT('',(-99.27425533887,567.57237819525,
    113.68426364623));
#2488 = LINE('',#2489,#2490);
#2489 = CARTESIAN_POINT('',(9.225744661128,567.57237819526,
    113.68426364623));
#2490 = VECTOR('',#2491,1.);
#2491 = DIRECTION('',(-1.,-4.981E-14,-7.352E-14));
#2492 = ORIENTED_EDGE('',*,*,#2493,.F.);
#2493 = EDGE_CURVE('',#2494,#2486,#2496,.T.);
#2494 = VERTEX_POINT('',#2495);
#2495 = CARTESIAN_POINT('',(-99.27425533886,553.57237823995,
    113.68426364623));
#2496 = LINE('',#2497,#2498);
#2497 = CARTESIAN_POINT('',(-99.27425533887,549.57237823995,
    113.68426364623));
#2498 = VECTOR('',#2499,1.);
#2499 = DIRECTION('',(-2.428E-14,1.,8.6E-16));
#2500 = ORIENTED_EDGE('',*,*,#2501,.F.);
#2501 = EDGE_CURVE('',#2502,#2494,#2504,.T.);
#2502 = VERTEX_POINT('',#2503);
#2503 = CARTESIAN_POINT('',(-117.2742553388,553.57237823995,
    113.68426364623));
#2504 = LINE('',#2505,#2506);
#2505 = CARTESIAN_POINT('',(-134.0242553388,553.57237823995,
    113.68426364623));
#2506 = VECTOR('',#2507,1.);
#2507 = DIRECTION('',(1.,2.389E-14,3.5725E-13));
#2508 = ORIENTED_EDGE('',*,*,#2509,.T.);
#2509 = EDGE_CURVE('',#2502,#2510,#2512,.T.);
#2510 = VERTEX_POINT('',#2511);
#2511 = CARTESIAN_POINT('',(-117.2742553388,567.57237819525,
    113.68426364622));
#2512 = LINE('',#2513,#2514);
#2513 = CARTESIAN_POINT('',(-117.2742553388,549.57237823995,
    113.68426364623));
#2514 = VECTOR('',#2515,1.);
#2515 = DIRECTION('',(-4.981E-14,1.,-2.5509E-13));
#2516 = ORIENTED_EDGE('',*,*,#2517,.T.);
#2517 = EDGE_CURVE('',#2510,#2518,#2520,.T.);
#2518 = VERTEX_POINT('',#2519);
#2519 = CARTESIAN_POINT('',(-124.2742553388,567.57237819525,
    113.68426364622));
#2520 = LINE('',#2521,#2522);
#2521 = CARTESIAN_POINT('',(-45.77425533887,567.57237819526,
    113.68426364623));
#2522 = VECTOR('',#2523,1.);
#2523 = DIRECTION('',(-1.,-4.981E-14,-7.352E-14));
#2524 = ORIENTED_EDGE('',*,*,#2525,.F.);
#2525 = EDGE_CURVE('',#2526,#2518,#2528,.T.);
#2526 = VERTEX_POINT('',#2527);
#2527 = CARTESIAN_POINT('',(-124.2742553388,553.57237823995,
    113.68426364623));
#2528 = LINE('',#2529,#2530);
#2529 = CARTESIAN_POINT('',(-124.2742553388,549.57237823995,
    113.68426364623));
#2530 = VECTOR('',#2531,1.);
#2531 = DIRECTION('',(-4.981E-14,1.,-2.5509E-13));
#2532 = ORIENTED_EDGE('',*,*,#2533,.F.);
#2533 = EDGE_CURVE('',#2534,#2526,#2536,.T.);
#2534 = VERTEX_POINT('',#2535);
#2535 = CARTESIAN_POINT('',(-142.2742553388,553.57237823995,
    113.68426364623));
#2536 = LINE('',#2537,#2538);
#2537 = CARTESIAN_POINT('',(-146.5242553388,553.57237823995,
    113.68426364622));
#2538 = VECTOR('',#2539,1.);
#2539 = DIRECTION('',(1.,2.389E-14,3.5725E-13));
#2540 = ORIENTED_EDGE('',*,*,#2541,.T.);
#2541 = EDGE_CURVE('',#2534,#2542,#2544,.T.);
#2542 = VERTEX_POINT('',#2543);
#2543 = CARTESIAN_POINT('',(-142.2742553388,567.57237819525,
    113.68426364622));
#2544 = LINE('',#2545,#2546);
#2545 = CARTESIAN_POINT('',(-142.2742553388,549.57237823995,
    113.68426364622));
#2546 = VECTOR('',#2547,1.);
#2547 = DIRECTION('',(-4.981E-14,1.,-2.5509E-13));
#2548 = ORIENTED_EDGE('',*,*,#2549,.T.);
#2549 = EDGE_CURVE('',#2542,#2550,#2552,.T.);
#2550 = VERTEX_POINT('',#2551);
#2551 = CARTESIAN_POINT('',(-146.2742553388,567.57237819525,
    113.68426364622));
#2552 = LINE('',#2553,#2554);
#2553 = CARTESIAN_POINT('',(-45.77425533887,567.57237819526,
    113.68426364623));
#2554 = VECTOR('',#2555,1.);
#2555 = DIRECTION('',(-1.,-4.981E-14,-7.352E-14));
#2556 = ORIENTED_EDGE('',*,*,#2557,.T.);
#2557 = EDGE_CURVE('',#2550,#2558,#2560,.T.);
#2558 = VERTEX_POINT('',#2559);
#2559 = CARTESIAN_POINT('',(-146.2742553388,569.57237823995,
    113.68426364622));
#2560 = LINE('',#2561,#2562);
#2561 = CARTESIAN_POINT('',(-146.2742553388,549.57237823995,
    113.68426364622));
#2562 = VECTOR('',#2563,1.);
#2563 = DIRECTION('',(-4.981E-14,1.,-2.5509E-13));
#2564 = ORIENTED_EDGE('',*,*,#2565,.T.);
#2565 = EDGE_CURVE('',#2558,#2566,#2568,.T.);
#2566 = VERTEX_POINT('',#2567);
#2567 = CARTESIAN_POINT('',(-46.77425533887,569.57237823995,
    113.68426364623));
#2568 = LINE('',#2569,#2570);
#2569 = CARTESIAN_POINT('',(-38.52415105609,569.57237823995,
    113.68426364623));
#2570 = VECTOR('',#2571,1.);
#2571 = DIRECTION('',(1.,2.433E-14,7.352E-14));
#2572 = ORIENTED_EDGE('',*,*,#2573,.T.);
#2573 = EDGE_CURVE('',#2566,#2574,#2576,.T.);
#2574 = VERTEX_POINT('',#2575);
#2575 = CARTESIAN_POINT('',(-46.77425533887,567.57237819526,
    113.68426364623));
#2576 = LINE('',#2577,#2578);
#2577 = CARTESIAN_POINT('',(-46.77425533887,571.07237833681,
    113.68426364623));
#2578 = VECTOR('',#2579,1.);
#2579 = DIRECTION('',(2.428E-14,-1.,2.5509E-13));
#2580 = ORIENTED_EDGE('',*,*,#2581,.T.);
#2581 = EDGE_CURVE('',#2574,#2582,#2584,.T.);
#2582 = VERTEX_POINT('',#2583);
#2583 = CARTESIAN_POINT('',(-50.77425533887,567.57237819526,
    113.68426364623));
#2584 = LINE('',#2585,#2586);
#2585 = CARTESIAN_POINT('',(9.225744661128,567.57237819526,
    113.68426364623));
#2586 = VECTOR('',#2587,1.);
#2587 = DIRECTION('',(-1.,-4.981E-14,-7.352E-14));
#2588 = ORIENTED_EDGE('',*,*,#2589,.T.);
#2589 = EDGE_CURVE('',#2582,#979,#2590,.T.);
#2590 = LINE('',#2591,#2592);
#2591 = CARTESIAN_POINT('',(-50.77425533887,561.07237833681,
    113.68426364623));
#2592 = VECTOR('',#2593,1.);
#2593 = DIRECTION('',(2.428E-14,-1.,2.5509E-13));
#2594 = FACE_BOUND('',#2595,.T.);
#2595 = EDGE_LOOP('',(#2596));
#2596 = ORIENTED_EDGE('',*,*,#2597,.F.);
#2597 = EDGE_CURVE('',#2598,#2598,#2600,.T.);
#2598 = VERTEX_POINT('',#2599);
#2599 = CARTESIAN_POINT('',(-130.2742553388,559.57237823995,
    113.68426364623));
#2600 = CIRCLE('',#2601,3.);
#2601 = AXIS2_PLACEMENT_3D('',#2602,#2603,#2604);
#2602 = CARTESIAN_POINT('',(-133.2742553388,559.57237823995,
    113.68426364622));
#2603 = DIRECTION('',(3.5725E-13,-2.5509E-13,-1.));
#2604 = DIRECTION('',(-1.,-4.981E-14,-3.5725E-13));
#2605 = FACE_BOUND('',#2606,.T.);
#2606 = EDGE_LOOP('',(#2607));
#2607 = ORIENTED_EDGE('',*,*,#2608,.F.);
#2608 = EDGE_CURVE('',#2609,#2609,#2611,.T.);
#2609 = VERTEX_POINT('',#2610);
#2610 = CARTESIAN_POINT('',(-55.27425533887,559.57237823995,
    113.68426364623));
#2611 = CIRCLE('',#2612,3.);
#2612 = AXIS2_PLACEMENT_3D('',#2613,#2614,#2615);
#2613 = CARTESIAN_POINT('',(-58.27425533887,559.57237823995,
    113.68426364623));
#2614 = DIRECTION('',(3.5725E-13,-2.5509E-13,-1.));
#2615 = DIRECTION('',(-1.,-4.981E-14,-3.5725E-13));
#2616 = PLANE('',#2617);
#2617 = AXIS2_PLACEMENT_3D('',#2618,#2619,#2620);
#2618 = CARTESIAN_POINT('',(-159.7742553388,549.57237823995,
    113.68426364622));
#2619 = DIRECTION('',(-3.5725E-13,2.5509E-13,1.));
#2620 = DIRECTION('',(1.,4.981E-14,3.5725E-13));
#2621 = ADVANCED_FACE('',(#2622),#2643,.F.);
#2622 = FACE_BOUND('',#2623,.F.);
#2623 = EDGE_LOOP('',(#2624,#2625,#2636,#2642));
#2624 = ORIENTED_EDGE('',*,*,#2445,.T.);
#2625 = ORIENTED_EDGE('',*,*,#2626,.T.);
#2626 = EDGE_CURVE('',#2446,#2627,#2629,.T.);
#2627 = VERTEX_POINT('',#2628);
#2628 = CARTESIAN_POINT('',(-69.27425533887,561.24782287492,
    111.68426364623));
#2629 = B_SPLINE_CURVE_WITH_KNOTS('',3,(#2630,#2631,#2632,#2633,#2634,
    #2635),.UNSPECIFIED.,.F.,.F.,(4,2,4),(-2.108806530623,
    -1.768721125777,-1.42863572093),.UNSPECIFIED.);
#2630 = CARTESIAN_POINT('',(-67.27425533887,567.57237819525,
    113.68426364623));
#2631 = CARTESIAN_POINT('',(-67.71889690697,566.529601286,
    113.68426364623));
#2632 = CARTESIAN_POINT('',(-68.20391030659,565.40151385989,
    113.52804256452));
#2633 = CARTESIAN_POINT('',(-68.97705363932,563.22331240075,
    112.8521603184));
#2634 = CARTESIAN_POINT('',(-69.27425533887,562.1753285245,
    112.33604817853));
#2635 = CARTESIAN_POINT('',(-69.27425533887,561.24782287492,
    111.68426364623));
#2636 = ORIENTED_EDGE('',*,*,#2637,.T.);
#2637 = EDGE_CURVE('',#2627,#1002,#2638,.T.);
#2638 = LINE('',#2639,#2640);
#2639 = CARTESIAN_POINT('',(-69.27425533887,561.07237833681,
    111.68426364623));
#2640 = VECTOR('',#2641,1.);
#2641 = DIRECTION('',(2.428E-14,-1.,2.5509E-13));
#2642 = ORIENTED_EDGE('',*,*,#1001,.F.);
#2643 = CYLINDRICAL_SURFACE('',#2644,2.);
#2644 = AXIS2_PLACEMENT_3D('',#2645,#2646,#2647);
#2645 = CARTESIAN_POINT('',(-67.27425533887,561.07237833681,
    111.68426364623));
#2646 = DIRECTION('',(2.428E-14,-1.,2.5509E-13));
#2647 = DIRECTION('',(-0.707106781187,1.632073161657E-13,0.707106781186)
  );
#2648 = ADVANCED_FACE('',(#2649),#2674,.F.);
#2649 = FACE_BOUND('',#2650,.F.);
#2650 = EDGE_LOOP('',(#2651,#2659,#2672,#2673));
#2651 = ORIENTED_EDGE('',*,*,#2652,.T.);
#2652 = EDGE_CURVE('',#1027,#2653,#2655,.T.);
#2653 = VERTEX_POINT('',#2654);
#2654 = CARTESIAN_POINT('',(-48.77425533887,561.24782287492,
    111.68426364623));
#2655 = LINE('',#2656,#2657);
#2656 = CARTESIAN_POINT('',(-48.77425533887,561.07237833681,
    111.68426364623));
#2657 = VECTOR('',#2658,1.);
#2658 = DIRECTION('',(-2.428E-14,1.,-2.5509E-13));
#2659 = ORIENTED_EDGE('',*,*,#2660,.T.);
#2660 = EDGE_CURVE('',#2653,#2582,#2661,.T.);
#2661 = B_SPLINE_CURVE_WITH_KNOTS('',3,(#2662,#2663,#2664,#2665,#2666,
    #2667,#2668,#2669,#2670,#2671),.UNSPECIFIED.,.F.,.F.,(4,2,2,2,4),(
    1.442037664079,1.593073712383,1.744109760687,1.926458145655,
    2.108806530623),.UNSPECIFIED.);
#2662 = CARTESIAN_POINT('',(-48.77425533887,561.24782287492,
    111.68426364623));
#2663 = CARTESIAN_POINT('',(-48.77425533887,561.65973937029,
    111.97372905316));
#2664 = CARTESIAN_POINT('',(-48.83955976853,562.12624452824,
    112.25652249438));
#2665 = CARTESIAN_POINT('',(-49.05594454177,563.08475998453,
    112.74158894119));
#2666 = CARTESIAN_POINT('',(-49.20574116865,563.57690038792,
    112.94417660076));
#2667 = CARTESIAN_POINT('',(-49.54633151961,564.57837074394,
    113.28476695172));
#2668 = CARTESIAN_POINT('',(-49.77896824771,565.18359719984,
    113.43945366564));
#2669 = CARTESIAN_POINT('',(-50.27425402175,566.40084650667,
    113.63907532171));
#2670 = CARTESIAN_POINT('',(-50.53584560214,567.01325780204,
    113.68426364623));
#2671 = CARTESIAN_POINT('',(-50.77425533887,567.57237819526,
    113.68426364623));
#2672 = ORIENTED_EDGE('',*,*,#2589,.T.);
#2673 = ORIENTED_EDGE('',*,*,#1026,.F.);
#2674 = CYLINDRICAL_SURFACE('',#2675,2.);
#2675 = AXIS2_PLACEMENT_3D('',#2676,#2677,#2678);
#2676 = CARTESIAN_POINT('',(-50.77425533887,561.07237833681,
    111.68426364623));
#2677 = DIRECTION('',(2.428E-14,-1.,2.5509E-13));
#2678 = DIRECTION('',(0.707106781186,1.975444214601E-13,0.707106781187)
  );
#2679 = ADVANCED_FACE('',(#2680),#2699,.T.);
#2680 = FACE_BOUND('',#2681,.T.);
#2681 = EDGE_LOOP('',(#2682,#2683,#2691,#2698));
#2682 = ORIENTED_EDGE('',*,*,#1059,.T.);
#2683 = ORIENTED_EDGE('',*,*,#2684,.T.);
#2684 = EDGE_CURVE('',#1052,#2685,#2687,.T.);
#2685 = VERTEX_POINT('',#2686);
#2686 = CARTESIAN_POINT('',(-69.27425533887,560.1044047777,
    110.76073397891));
#2687 = LINE('',#2688,#2689);
#2688 = CARTESIAN_POINT('',(-69.27425533887,549.57237823995,
    110.76073397891));
#2689 = VECTOR('',#2690,1.);
#2690 = DIRECTION('',(-2.428E-14,1.,4.E-17));
#2691 = ORIENTED_EDGE('',*,*,#2692,.T.);
#2692 = EDGE_CURVE('',#2685,#2627,#2693,.T.);
#2693 = CIRCLE('',#2694,11.);
#2694 = AXIS2_PLACEMENT_3D('',#2695,#2696,#2697);
#2695 = CARTESIAN_POINT('',(-69.27425533887,567.57237819525,
    102.68426364623));
#2696 = DIRECTION('',(-1.,-2.428E-14,-7.352E-14));
#2697 = DIRECTION('',(2.428E-14,-1.,2.57E-15));
#2698 = ORIENTED_EDGE('',*,*,#2637,.T.);
#2699 = PLANE('',#2700);
#2700 = AXIS2_PLACEMENT_3D('',#2701,#2702,#2703);
#2701 = CARTESIAN_POINT('',(-69.27425533887,549.57237823995,
    113.68426364622));
#2702 = DIRECTION('',(1.,2.428E-14,7.352E-14));
#2703 = DIRECTION('',(7.352E-14,1.E-17,-1.));
#2704 = ADVANCED_FACE('',(#2705),#2724,.T.);
#2705 = FACE_BOUND('',#2706,.T.);
#2706 = EDGE_LOOP('',(#2707,#2708,#2709,#2718));
#2707 = ORIENTED_EDGE('',*,*,#1076,.T.);
#2708 = ORIENTED_EDGE('',*,*,#2652,.T.);
#2709 = ORIENTED_EDGE('',*,*,#2710,.T.);
#2710 = EDGE_CURVE('',#2653,#2711,#2713,.T.);
#2711 = VERTEX_POINT('',#2712);
#2712 = CARTESIAN_POINT('',(-48.77425533887,559.26518348661,
    109.89470857513));
#2713 = CIRCLE('',#2714,11.);
#2714 = AXIS2_PLACEMENT_3D('',#2715,#2716,#2717);
#2715 = CARTESIAN_POINT('',(-48.77425533887,567.57237819525,
    102.68426364623));
#2716 = DIRECTION('',(1.,2.428E-14,7.332E-14));
#2717 = DIRECTION('',(2.428E-14,-1.,2.57E-15));
#2718 = ORIENTED_EDGE('',*,*,#2719,.T.);
#2719 = EDGE_CURVE('',#2711,#1077,#2720,.T.);
#2720 = LINE('',#2721,#2722);
#2721 = CARTESIAN_POINT('',(-48.77425533887,549.57237823995,
    109.89470857513));
#2722 = VECTOR('',#2723,1.);
#2723 = DIRECTION('',(2.428E-14,-1.,-4.E-17));
#2724 = PLANE('',#2725);
#2725 = AXIS2_PLACEMENT_3D('',#2726,#2727,#2728);
#2726 = CARTESIAN_POINT('',(-48.77425533887,549.57237823995,
    108.16265776756));
#2727 = DIRECTION('',(-1.,-2.428E-14,-7.332E-14));
#2728 = DIRECTION('',(-7.332E-14,9.E-17,1.));
#2729 = ADVANCED_FACE('',(#2730),#2755,.F.);
#2730 = FACE_BOUND('',#2731,.F.);
#2731 = EDGE_LOOP('',(#2732,#2733,#2748,#2754));
#2732 = ORIENTED_EDGE('',*,*,#2684,.T.);
#2733 = ORIENTED_EDGE('',*,*,#2734,.F.);
#2734 = EDGE_CURVE('',#2735,#2685,#2737,.T.);
#2735 = VERTEX_POINT('',#2736);
#2736 = CARTESIAN_POINT('',(-67.77425533887,558.0336572196,
    108.16265776756));
#2737 = B_SPLINE_CURVE_WITH_KNOTS('',3,(#2738,#2739,#2740,#2741,#2742,
    #2743,#2744,#2745,#2746,#2747),.UNSPECIFIED.,.F.,.F.,(4,2,2,2,4),(
    -1.254105063147,-1.201138638124,-1.068092631512,-0.9350466249,
    -0.885778456674),.UNSPECIFIED.);
#2738 = CARTESIAN_POINT('',(-67.77425533887,558.0336572196,
    108.16265776756));
#2739 = CARTESIAN_POINT('',(-67.92876205462,558.08489022834,
    108.25186226149));
#2740 = CARTESIAN_POINT('',(-68.07079637157,558.14444446159,
    108.35253930737));
#2741 = CARTESIAN_POINT('',(-68.5134638358,558.37232064731,
    108.72209220738));
#2742 = CARTESIAN_POINT('',(-68.77312323208,558.59485980958,
    109.05576120834));
#2743 = CARTESIAN_POINT('',(-69.12528612853,559.1298459592,
    109.74935182368));
#2744 = CARTESIAN_POINT('',(-69.21937813043,559.44307407319,
    110.10786254191));
#2745 = CARTESIAN_POINT('',(-69.26829586931,559.86917431536,
    110.53839923291));
#2746 = CARTESIAN_POINT('',(-69.27425533887,559.98599889709,
    110.65124902664));
#2747 = CARTESIAN_POINT('',(-69.27425533887,560.1044047777,
    110.76073397891));
#2748 = ORIENTED_EDGE('',*,*,#2749,.F.);
#2749 = EDGE_CURVE('',#1102,#2735,#2750,.T.);
#2750 = LINE('',#2751,#2752);
#2751 = CARTESIAN_POINT('',(-67.77425533887,549.57237823995,
    108.16265776756));
#2752 = VECTOR('',#2753,1.);
#2753 = DIRECTION('',(-2.428E-14,1.,4.E-17));
#2754 = ORIENTED_EDGE('',*,*,#1101,.F.);
#2755 = CYLINDRICAL_SURFACE('',#2756,3.);
#2756 = AXIS2_PLACEMENT_3D('',#2757,#2758,#2759);
#2757 = CARTESIAN_POINT('',(-66.27425533887,549.57237823995,
    110.76073397891));
#2758 = DIRECTION('',(2.428E-14,-1.,-4.E-17));
#2759 = DIRECTION('',(-0.5,-1.210535898385E-14,-0.866025403784));
#2760 = ADVANCED_FACE('',(#2761),#2784,.F.);
#2761 = FACE_BOUND('',#2762,.F.);
#2762 = EDGE_LOOP('',(#2763,#2771,#2782,#2783));
#2763 = ORIENTED_EDGE('',*,*,#2764,.T.);
#2764 = EDGE_CURVE('',#1125,#2765,#2767,.T.);
#2765 = VERTEX_POINT('',#2766);
#2766 = CARTESIAN_POINT('',(-50.27425533887,557.5860848482,
    107.29663236377));
#2767 = LINE('',#2768,#2769);
#2768 = CARTESIAN_POINT('',(-50.27425533887,549.57237823995,
    107.29663236377));
#2769 = VECTOR('',#2770,1.);
#2770 = DIRECTION('',(-2.428E-14,1.,4.E-17));
#2771 = ORIENTED_EDGE('',*,*,#2772,.T.);
#2772 = EDGE_CURVE('',#2765,#2711,#2773,.T.);
#2773 = B_SPLINE_CURVE_WITH_KNOTS('',3,(#2774,#2775,#2776,#2777,#2778,
    #2779,#2780,#2781),.UNSPECIFIED.,.F.,.F.,(4,2,2,4),(0.151632905802,
    0.222146644655,0.360006118013,0.497865591371),.UNSPECIFIED.);
#2774 = CARTESIAN_POINT('',(-50.27425533887,557.5860848482,
    107.29663236377));
#2775 = CARTESIAN_POINT('',(-50.06533882228,557.64179468,107.41725037086
    ));
#2776 = CARTESIAN_POINT('',(-49.87645097423,557.71086892716,
    107.56072686669));
#2777 = CARTESIAN_POINT('',(-49.40007035865,557.94194170168,
    108.01028733036));
#2778 = CARTESIAN_POINT('',(-49.15046267502,558.15176464225,
    108.38208434366));
#2779 = CARTESIAN_POINT('',(-48.83830593012,558.66230681642,
    109.15139218542));
#2780 = CARTESIAN_POINT('',(-48.77425533887,558.96396283795,
    109.54767054858));
#2781 = CARTESIAN_POINT('',(-48.77425533887,559.26518348661,
    109.89470857513));
#2782 = ORIENTED_EDGE('',*,*,#2719,.T.);
#2783 = ORIENTED_EDGE('',*,*,#1124,.F.);
#2784 = CYLINDRICAL_SURFACE('',#2785,3.);
#2785 = AXIS2_PLACEMENT_3D('',#2786,#2787,#2788);
#2786 = CARTESIAN_POINT('',(-51.77425533887,549.57237823995,
    109.89470857513));
#2787 = DIRECTION('',(2.428E-14,-1.,-4.E-17));
#2788 = DIRECTION('',(0.866025403784,2.104709680389E-14,-0.5));
#2789 = ADVANCED_FACE('',(#2790),#2809,.T.);
#2790 = FACE_BOUND('',#2791,.T.);
#2791 = EDGE_LOOP('',(#2792,#2793,#2801,#2808));
#2792 = ORIENTED_EDGE('',*,*,#1157,.T.);
#2793 = ORIENTED_EDGE('',*,*,#2794,.T.);
#2794 = EDGE_CURVE('',#1150,#2795,#2797,.T.);
#2795 = VERTEX_POINT('',#2796);
#2796 = CARTESIAN_POINT('',(-59.77425533887,556.60601591559,
    103.54385561404));
#2797 = LINE('',#2798,#2799);
#2798 = CARTESIAN_POINT('',(-59.77425533887,549.57237823995,
    103.54385561404));
#2799 = VECTOR('',#2800,1.);
#2800 = DIRECTION('',(-2.428E-14,1.,4.E-17));
#2801 = ORIENTED_EDGE('',*,*,#2802,.T.);
#2802 = EDGE_CURVE('',#2795,#2735,#2803,.T.);
#2803 = ELLIPSE('',#2804,22.,11.);
#2804 = AXIS2_PLACEMENT_3D('',#2805,#2806,#2807);
#2805 = CARTESIAN_POINT('',(-58.28539837683,567.57237819525,
    102.68426364623));
#2806 = DIRECTION('',(-0.5,-1.211E-14,-0.866025403784));
#2807 = DIRECTION('',(0.866025403784,4.185E-14,-0.5));
#2808 = ORIENTED_EDGE('',*,*,#2749,.F.);
#2809 = PLANE('',#2810);
#2810 = AXIS2_PLACEMENT_3D('',#2811,#2812,#2813);
#2811 = CARTESIAN_POINT('',(-67.77425533887,549.57237823995,
    108.16265776756));
#2812 = DIRECTION('',(0.5,1.211E-14,0.866025403784));
#2813 = DIRECTION('',(0.866025403784,2.108E-14,-0.5));
#2814 = ADVANCED_FACE('',(#2815),#2834,.T.);
#2815 = FACE_BOUND('',#2816,.T.);
#2816 = EDGE_LOOP('',(#2817,#2818,#2819,#2828));
#2817 = ORIENTED_EDGE('',*,*,#1174,.T.);
#2818 = ORIENTED_EDGE('',*,*,#2764,.T.);
#2819 = ORIENTED_EDGE('',*,*,#2820,.T.);
#2820 = EDGE_CURVE('',#2765,#2821,#2823,.T.);
#2821 = VERTEX_POINT('',#2822);
#2822 = CARTESIAN_POINT('',(-56.77425533887,556.60601591559,
    103.54385561404));
#2823 = ELLIPSE('',#2824,22.,11.);
#2824 = AXIS2_PLACEMENT_3D('',#2825,#2826,#2827);
#2825 = CARTESIAN_POINT('',(-58.2631123009,567.57237819525,
    102.68426364623));
#2826 = DIRECTION('',(0.5,1.217E-14,-0.866025403784));
#2827 = DIRECTION('',(-0.866025403784,-4.442E-14,-0.5));
#2828 = ORIENTED_EDGE('',*,*,#2829,.F.);
#2829 = EDGE_CURVE('',#1175,#2821,#2830,.T.);
#2830 = LINE('',#2831,#2832);
#2831 = CARTESIAN_POINT('',(-56.77425533887,549.57237823995,
    103.54385561404));
#2832 = VECTOR('',#2833,1.);
#2833 = DIRECTION('',(-2.428E-14,1.,4.E-17));
#2834 = PLANE('',#2835);
#2835 = AXIS2_PLACEMENT_3D('',#2836,#2837,#2838);
#2836 = CARTESIAN_POINT('',(-56.77425533887,549.57237823995,
    103.54385561404));
#2837 = DIRECTION('',(-0.5,-1.217E-14,0.866025403784));
#2838 = DIRECTION('',(0.866025403784,2.107E-14,0.5));
#2839 = ADVANCED_FACE('',(#2840),#2859,.F.);
#2840 = FACE_BOUND('',#2841,.F.);
#2841 = EDGE_LOOP('',(#2842,#2843,#2857,#2858));
#2842 = ORIENTED_EDGE('',*,*,#2794,.T.);
#2843 = ORIENTED_EDGE('',*,*,#2844,.F.);
#2844 = EDGE_CURVE('',#2821,#2795,#2845,.T.);
#2845 = B_SPLINE_CURVE_WITH_KNOTS('',3,(#2846,#2847,#2848,#2849,#2850,
    #2851,#2852,#2853,#2854,#2855,#2856),.UNSPECIFIED.,.F.,.F.,(4,2,3,2,
    4),(-0.150121836061,-0.113135060099,0.,0.112936503346,0.150106253995
    ),.UNSPECIFIED.);
#2846 = CARTESIAN_POINT('',(-56.77425533887,556.60601591559,
    103.54385561404));
#2847 = CARTESIAN_POINT('',(-56.88689187472,556.60091851907,
    103.47882487974));
#2848 = CARTESIAN_POINT('',(-57.00446414436,556.59694724852,
    103.42076588377));
#2849 = CARTESIAN_POINT('',(-57.49495143242,556.58423328824,
    103.21741368408));
#2850 = CARTESIAN_POINT('',(-57.89713847187,556.58190323564,
    103.14193182539));
#2851 = CARTESIAN_POINT('',(-58.27425533887,556.58190323564,
    103.14193182539));
#2852 = CARTESIAN_POINT('',(-58.65071035002,556.58190323564,
    103.14193182539));
#2853 = CARTESIAN_POINT('',(-59.05223701889,556.58422744496,
    103.21715093724));
#2854 = CARTESIAN_POINT('',(-59.54286764218,556.59690742659,
    103.4201841168));
#2855 = CARTESIAN_POINT('',(-59.6610579032,556.6008931354,
    103.47850104409));
#2856 = CARTESIAN_POINT('',(-59.77425533887,556.60601591559,
    103.54385561404));
#2857 = ORIENTED_EDGE('',*,*,#2829,.F.);
#2858 = ORIENTED_EDGE('',*,*,#1199,.F.);
#2859 = CYLINDRICAL_SURFACE('',#2860,3.);
#2860 = AXIS2_PLACEMENT_3D('',#2861,#2862,#2863);
#2861 = CARTESIAN_POINT('',(-58.27425533887,549.57237823995,
    106.14193182539));
#2862 = DIRECTION('',(2.428E-14,-1.,-4.E-17));
#2863 = DIRECTION('',(0.5,1.217464101615E-14,-0.866025403784));
#2864 = ADVANCED_FACE('',(#2865),#2899,.T.);
#2865 = FACE_BOUND('',#2866,.T.);
#2866 = EDGE_LOOP('',(#2867,#2868,#2876,#2885,#2893));
#2867 = ORIENTED_EDGE('',*,*,#1223,.T.);
#2868 = ORIENTED_EDGE('',*,*,#2869,.T.);
#2869 = EDGE_CURVE('',#1216,#2870,#2872,.T.);
#2870 = VERTEX_POINT('',#2871);
#2871 = CARTESIAN_POINT('',(-48.77425533887,556.57599971761,
    102.96650534485));
#2872 = LINE('',#2873,#2874);
#2873 = CARTESIAN_POINT('',(-48.77425533887,549.57237823995,
    102.96650534485));
#2874 = VECTOR('',#2875,1.);
#2875 = DIRECTION('',(-2.428E-14,1.,4.E-17));
#2876 = ORIENTED_EDGE('',*,*,#2877,.T.);
#2877 = EDGE_CURVE('',#2870,#2878,#2880,.T.);
#2878 = VERTEX_POINT('',#2879);
#2879 = CARTESIAN_POINT('',(-48.77425533887,556.57237819525,
    102.68426364623));
#2880 = CIRCLE('',#2881,11.);
#2881 = AXIS2_PLACEMENT_3D('',#2882,#2883,#2884);
#2882 = CARTESIAN_POINT('',(-48.77425533887,567.57237819525,
    102.68426364623));
#2883 = DIRECTION('',(1.,2.428E-14,7.332E-14));
#2884 = DIRECTION('',(2.428E-14,-1.,2.57E-15));
#2885 = ORIENTED_EDGE('',*,*,#2886,.T.);
#2886 = EDGE_CURVE('',#2878,#2887,#2889,.T.);
#2887 = VERTEX_POINT('',#2888);
#2888 = CARTESIAN_POINT('',(-48.77425533886,556.57237819525,
    84.491296730789));
#2889 = LINE('',#2890,#2891);
#2890 = CARTESIAN_POINT('',(-48.77425533886,556.57237819525,
    84.638851016071));
#2891 = VECTOR('',#2892,1.);
#2892 = DIRECTION('',(7.352E-14,-2.66E-15,-1.));
#2893 = ORIENTED_EDGE('',*,*,#2894,.T.);
#2894 = EDGE_CURVE('',#2887,#1224,#2895,.T.);
#2895 = LINE('',#2896,#2897);
#2896 = CARTESIAN_POINT('',(-48.77425533886,549.57237823995,
    84.491296730789));
#2897 = VECTOR('',#2898,1.);
#2898 = DIRECTION('',(2.428E-14,-1.,-4.E-17));
#2899 = PLANE('',#2900);
#2900 = AXIS2_PLACEMENT_3D('',#2901,#2902,#2903);
#2901 = CARTESIAN_POINT('',(-48.77425533886,549.57237823995,
    82.75924592322));
#2902 = DIRECTION('',(-1.,-2.428E-14,-7.332E-14));
#2903 = DIRECTION('',(-7.332E-14,9.E-17,1.));
#2904 = ADVANCED_FACE('',(#2905),#2934,.F.);
#2905 = FACE_BOUND('',#2906,.F.);
#2906 = EDGE_LOOP('',(#2907,#2908,#2927,#2933));
#2907 = ORIENTED_EDGE('',*,*,#2869,.T.);
#2908 = ORIENTED_EDGE('',*,*,#2909,.T.);
#2909 = EDGE_CURVE('',#2870,#2910,#2912,.T.);
#2910 = VERTEX_POINT('',#2911);
#2911 = CARTESIAN_POINT('',(-50.27425533887,556.63247496618,
    103.83253074864));
#2912 = B_SPLINE_CURVE_WITH_KNOTS('',3,(#2913,#2914,#2915,#2916,#2917,
    #2918,#2919,#2920,#2921,#2922,#2923,#2924,#2925,#2926),
  .UNSPECIFIED.,.F.,.F.,(4,2,2,2,2,2,4),(-0.452442965238,-0.414704593163
    ,-0.376966221088,-0.339272236742,-0.301578252397,-0.263869450245,
    -0.251526608404),.UNSPECIFIED.);
#2913 = CARTESIAN_POINT('',(-48.77425533887,556.57599971761,
    102.96650534485));
#2914 = CARTESIAN_POINT('',(-48.77425533887,556.57922739708,
    103.09225850318));
#2915 = CARTESIAN_POINT('',(-48.79941959183,556.58504674088,
    103.2262802624));
#2916 = CARTESIAN_POINT('',(-48.90157543893,556.59997523342,
    103.47268469108));
#2917 = CARTESIAN_POINT('',(-48.97856128856,556.60896290768,
    103.5850770866));
#2918 = CARTESIAN_POINT('',(-49.15604797948,556.62498511831,
    103.76245925698));
#2919 = CARTESIAN_POINT('',(-49.26838541019,556.63307267214,
    103.83935180791));
#2920 = CARTESIAN_POINT('',(-49.51466164842,556.6443272328,
    103.94137786687));
#2921 = CARTESIAN_POINT('',(-49.64860872438,556.64736761282,
    103.96650534485));
#2922 = CARTESIAN_POINT('',(-49.89995134604,556.64736761282,
    103.96650534485));
#2923 = CARTESIAN_POINT('',(-50.03394763511,556.64432480516,
    103.94135827508));
#2924 = CARTESIAN_POINT('',(-50.19744114604,556.63685056618,
    103.87359878858));
#2925 = CARTESIAN_POINT('',(-50.23666883218,556.6347526885,
    103.85423132839));
#2926 = CARTESIAN_POINT('',(-50.27425533887,556.63247496618,
    103.83253074864));
#2927 = ORIENTED_EDGE('',*,*,#2928,.T.);
#2928 = EDGE_CURVE('',#2910,#1247,#2929,.T.);
#2929 = LINE('',#2930,#2931);
#2930 = CARTESIAN_POINT('',(-50.27425533887,549.57237823995,
    103.83253074864));
#2931 = VECTOR('',#2932,1.);
#2932 = DIRECTION('',(2.428E-14,-1.,-4.E-17));
#2933 = ORIENTED_EDGE('',*,*,#1246,.F.);
#2934 = CYLINDRICAL_SURFACE('',#2935,1.);
#2935 = AXIS2_PLACEMENT_3D('',#2936,#2937,#2938);
#2936 = CARTESIAN_POINT('',(-49.77425533887,549.57237823995,
    102.96650534485));
#2937 = DIRECTION('',(2.428E-14,-1.,-4.E-17));
#2938 = DIRECTION('',(0.5,1.210535898385E-14,0.866025403784));
#2939 = ADVANCED_FACE('',(#2940),#2959,.F.);
#2940 = FACE_BOUND('',#2941,.F.);
#2941 = EDGE_LOOP('',(#2942,#2950,#2957,#2958));
#2942 = ORIENTED_EDGE('',*,*,#2943,.T.);
#2943 = EDGE_CURVE('',#1272,#2944,#2946,.T.);
#2944 = VERTEX_POINT('',#2945);
#2945 = CARTESIAN_POINT('',(-50.27425533886,556.57237819525,
    83.625271327004));
#2946 = LINE('',#2947,#2948);
#2947 = CARTESIAN_POINT('',(-50.27425533886,549.57237823995,
    83.625271327004));
#2948 = VECTOR('',#2949,1.);
#2949 = DIRECTION('',(-2.428E-14,1.,4.E-17));
#2950 = ORIENTED_EDGE('',*,*,#2951,.T.);
#2951 = EDGE_CURVE('',#2944,#2887,#2952,.T.);
#2952 = CIRCLE('',#2953,1.);
#2953 = AXIS2_PLACEMENT_3D('',#2954,#2955,#2956);
#2954 = CARTESIAN_POINT('',(-49.77425533886,556.57237819525,
    84.491296730789));
#2955 = DIRECTION('',(4.981E-14,-1.,2.66E-15));
#2956 = DIRECTION('',(0.5,2.260137242594E-14,-0.866025403784));
#2957 = ORIENTED_EDGE('',*,*,#2894,.T.);
#2958 = ORIENTED_EDGE('',*,*,#1271,.F.);
#2959 = CYLINDRICAL_SURFACE('',#2960,1.);
#2960 = AXIS2_PLACEMENT_3D('',#2961,#2962,#2963);
#2961 = CARTESIAN_POINT('',(-49.77425533886,549.57237823995,
    84.491296730789));
#2962 = DIRECTION('',(2.428E-14,-1.,-4.E-17));
#2963 = DIRECTION('',(0.5,1.217464101615E-14,-0.866025403784));
#2964 = ADVANCED_FACE('',(#2965),#2992,.T.);
#2965 = FACE_BOUND('',#2966,.T.);
#2966 = EDGE_LOOP('',(#2967,#2968,#2976,#2984,#2991));
#2967 = ORIENTED_EDGE('',*,*,#1304,.T.);
#2968 = ORIENTED_EDGE('',*,*,#2969,.T.);
#2969 = EDGE_CURVE('',#1297,#2970,#2972,.T.);
#2970 = VERTEX_POINT('',#2971);
#2971 = CARTESIAN_POINT('',(-55.27425533887,556.57237819525,
    100.94577940269));
#2972 = LINE('',#2973,#2974);
#2973 = CARTESIAN_POINT('',(-55.27425533887,549.57237823995,
    100.94577940269));
#2974 = VECTOR('',#2975,1.);
#2975 = DIRECTION('',(-2.428E-14,1.,4.E-17));
#2976 = ORIENTED_EDGE('',*,*,#2977,.T.);
#2977 = EDGE_CURVE('',#2970,#2978,#2980,.T.);
#2978 = VERTEX_POINT('',#2979);
#2979 = CARTESIAN_POINT('',(-52.2631123009,556.57237819525,
    102.68426364623));
#2980 = LINE('',#2981,#2982);
#2981 = CARTESIAN_POINT('',(-27.46036245912,556.57237819525,
    117.00413794402));
#2982 = VECTOR('',#2983,1.);
#2983 = DIRECTION('',(0.866025403784,4.447E-14,0.5));
#2984 = ORIENTED_EDGE('',*,*,#2985,.T.);
#2985 = EDGE_CURVE('',#2978,#2910,#2986,.T.);
#2986 = ELLIPSE('',#2987,22.,11.);
#2987 = AXIS2_PLACEMENT_3D('',#2988,#2989,#2990);
#2988 = CARTESIAN_POINT('',(-52.2631123009,567.57237819525,
    102.68426364623));
#2989 = DIRECTION('',(-0.5,-1.217E-14,0.866025403784));
#2990 = DIRECTION('',(-0.866025403784,-4.442E-14,-0.5));
#2991 = ORIENTED_EDGE('',*,*,#2928,.T.);
#2992 = PLANE('',#2993);
#2993 = AXIS2_PLACEMENT_3D('',#2994,#2995,#2996);
#2994 = CARTESIAN_POINT('',(-48.77425533887,549.57237823995,
    104.69855615242));
#2995 = DIRECTION('',(0.5,1.217E-14,-0.866025403784));
#2996 = DIRECTION('',(-0.866025403784,-2.107E-14,-0.5));
#2997 = ADVANCED_FACE('',(#2998),#3016,.T.);
#2998 = FACE_BOUND('',#2999,.T.);
#2999 = EDGE_LOOP('',(#3000,#3001,#3002,#3010));
#3000 = ORIENTED_EDGE('',*,*,#1321,.T.);
#3001 = ORIENTED_EDGE('',*,*,#2943,.T.);
#3002 = ORIENTED_EDGE('',*,*,#3003,.T.);
#3003 = EDGE_CURVE('',#2944,#3004,#3006,.T.);
#3004 = VERTEX_POINT('',#3005);
#3005 = CARTESIAN_POINT('',(-55.27425533886,556.57237819525,
    86.512022672952));
#3006 = LINE('',#3007,#3008);
#3007 = CARTESIAN_POINT('',(-34.58814821861,556.57237819525,
    74.568893158589));
#3008 = VECTOR('',#3009,1.);
#3009 = DIRECTION('',(-0.866025403784,-4.181E-14,0.5));
#3010 = ORIENTED_EDGE('',*,*,#3011,.F.);
#3011 = EDGE_CURVE('',#1322,#3004,#3012,.T.);
#3012 = LINE('',#3013,#3014);
#3013 = CARTESIAN_POINT('',(-55.27425533886,549.57237823995,
    86.512022672952));
#3014 = VECTOR('',#3015,1.);
#3015 = DIRECTION('',(-2.428E-14,1.,4.E-17));
#3016 = PLANE('',#3017);
#3017 = AXIS2_PLACEMENT_3D('',#3018,#3019,#3020);
#3018 = CARTESIAN_POINT('',(-55.27425533886,549.57237823995,
    86.512022672952));
#3019 = DIRECTION('',(0.5,1.211E-14,0.866025403784));
#3020 = DIRECTION('',(0.866025403784,2.108E-14,-0.5));
#3021 = ADVANCED_FACE('',(#3022),#3041,.F.);
#3022 = FACE_BOUND('',#3023,.F.);
#3023 = EDGE_LOOP('',(#3024,#3025,#3034,#3040));
#3024 = ORIENTED_EDGE('',*,*,#2969,.T.);
#3025 = ORIENTED_EDGE('',*,*,#3026,.F.);
#3026 = EDGE_CURVE('',#3027,#2970,#3029,.T.);
#3027 = VERTEX_POINT('',#3028);
#3028 = CARTESIAN_POINT('',(-56.77425533887,556.57237819525,
    98.347703191339));
#3029 = CIRCLE('',#3030,3.);
#3030 = AXIS2_PLACEMENT_3D('',#3031,#3032,#3033);
#3031 = CARTESIAN_POINT('',(-53.77425533887,556.57237819525,
    98.347703191339));
#3032 = DIRECTION('',(-4.981E-14,1.,-2.66E-15));
#3033 = DIRECTION('',(-1.,-4.981E-14,-8.24E-14));
#3034 = ORIENTED_EDGE('',*,*,#3035,.T.);
#3035 = EDGE_CURVE('',#3027,#1347,#3036,.T.);
#3036 = LINE('',#3037,#3038);
#3037 = CARTESIAN_POINT('',(-56.77425533887,549.57237823995,
    98.347703191339));
#3038 = VECTOR('',#3039,1.);
#3039 = DIRECTION('',(2.428E-14,-1.,-4.E-17));
#3040 = ORIENTED_EDGE('',*,*,#1346,.F.);
#3041 = CYLINDRICAL_SURFACE('',#3042,3.);
#3042 = AXIS2_PLACEMENT_3D('',#3043,#3044,#3045);
#3043 = CARTESIAN_POINT('',(-53.77425533887,549.57237823995,
    98.347703191339));
#3044 = DIRECTION('',(2.428E-14,-1.,-4.E-17));
#3045 = DIRECTION('',(-1.,-2.428E-14,-8.24E-14));
#3046 = ADVANCED_FACE('',(#3047),#3066,.F.);
#3047 = FACE_BOUND('',#3048,.F.);
#3048 = EDGE_LOOP('',(#3049,#3057,#3064,#3065));
#3049 = ORIENTED_EDGE('',*,*,#3050,.F.);
#3050 = EDGE_CURVE('',#3051,#1371,#3053,.T.);
#3051 = VERTEX_POINT('',#3052);
#3052 = CARTESIAN_POINT('',(-56.77425533886,556.57237819525,
    89.110098884305));
#3053 = LINE('',#3054,#3055);
#3054 = CARTESIAN_POINT('',(-56.77425533886,549.57237823995,
    89.110098884305));
#3055 = VECTOR('',#3056,1.);
#3056 = DIRECTION('',(2.428E-14,-1.,-4.E-17));
#3057 = ORIENTED_EDGE('',*,*,#3058,.F.);
#3058 = EDGE_CURVE('',#3004,#3051,#3059,.T.);
#3059 = CIRCLE('',#3060,3.);
#3060 = AXIS2_PLACEMENT_3D('',#3061,#3062,#3063);
#3061 = CARTESIAN_POINT('',(-53.77425533886,556.57237819525,
    89.110098884305));
#3062 = DIRECTION('',(-4.981E-14,1.,-2.66E-15));
#3063 = DIRECTION('',(-0.5,-2.720862757406E-14,-0.866025403784));
#3064 = ORIENTED_EDGE('',*,*,#3011,.F.);
#3065 = ORIENTED_EDGE('',*,*,#1378,.F.);
#3066 = CYLINDRICAL_SURFACE('',#3067,3.);
#3067 = AXIS2_PLACEMENT_3D('',#3068,#3069,#3070);
#3068 = CARTESIAN_POINT('',(-53.77425533886,549.57237823995,
    89.110098884305));
#3069 = DIRECTION('',(2.428E-14,-1.,-4.E-17));
#3070 = DIRECTION('',(-0.5,-1.210535898385E-14,-0.866025403784));
#3071 = ADVANCED_FACE('',(#3072),#3083,.F.);
#3072 = FACE_BOUND('',#3073,.T.);
#3073 = EDGE_LOOP('',(#3074,#3075,#3076,#3082));
#3074 = ORIENTED_EDGE('',*,*,#1397,.T.);
#3075 = ORIENTED_EDGE('',*,*,#3050,.F.);
#3076 = ORIENTED_EDGE('',*,*,#3077,.F.);
#3077 = EDGE_CURVE('',#3027,#3051,#3078,.T.);
#3078 = LINE('',#3079,#3080);
#3079 = CARTESIAN_POINT('',(-56.77425533887,556.57237819525,
    94.434235182687));
#3080 = VECTOR('',#3081,1.);
#3081 = DIRECTION('',(7.352E-14,-2.66E-15,-1.));
#3082 = ORIENTED_EDGE('',*,*,#3035,.T.);
#3083 = PLANE('',#3084);
#3084 = AXIS2_PLACEMENT_3D('',#3085,#3086,#3087);
#3085 = CARTESIAN_POINT('',(-56.77425533886,559.57237823995,
    86.184206719144));
#3086 = DIRECTION('',(-1.,-2.417E-14,-7.352E-14));
#3087 = DIRECTION('',(-7.352000000001E-14,2.5509E-13,1.));
#3088 = ADVANCED_FACE('',(#3089),#3115,.F.);
#3089 = FACE_BOUND('',#3090,.F.);
#3090 = EDGE_LOOP('',(#3091,#3099,#3108,#3114));
#3091 = ORIENTED_EDGE('',*,*,#3092,.T.);
#3092 = EDGE_CURVE('',#1413,#3093,#3095,.T.);
#3093 = VERTEX_POINT('',#3094);
#3094 = CARTESIAN_POINT('',(-56.77425533886,556.57237819525,
    83.913946461598));
#3095 = LINE('',#3096,#3097);
#3096 = CARTESIAN_POINT('',(-56.77425533886,549.57237823995,
    83.913946461598));
#3097 = VECTOR('',#3098,1.);
#3098 = DIRECTION('',(-2.424E-14,1.,6.E-17));
#3099 = ORIENTED_EDGE('',*,*,#3100,.F.);
#3100 = EDGE_CURVE('',#3101,#3093,#3103,.T.);
#3101 = VERTEX_POINT('',#3102);
#3102 = CARTESIAN_POINT('',(-59.77425533886,556.57237819525,
    83.913946461598));
#3103 = CIRCLE('',#3104,3.);
#3104 = AXIS2_PLACEMENT_3D('',#3105,#3106,#3107);
#3105 = CARTESIAN_POINT('',(-58.27425533886,556.57237819525,
    81.315870250245));
#3106 = DIRECTION('',(-4.981E-14,1.,-2.66E-15));
#3107 = DIRECTION('',(-0.5,-2.260137242594E-14,0.866025403784));
#3108 = ORIENTED_EDGE('',*,*,#3109,.F.);
#3109 = EDGE_CURVE('',#1421,#3101,#3110,.T.);
#3110 = LINE('',#3111,#3112);
#3111 = CARTESIAN_POINT('',(-59.77425533886,549.57237823995,
    83.913946461598));
#3112 = VECTOR('',#3113,1.);
#3113 = DIRECTION('',(-2.424E-14,1.,6.E-17));
#3114 = ORIENTED_EDGE('',*,*,#1420,.F.);
#3115 = CYLINDRICAL_SURFACE('',#3116,3.);
#3116 = AXIS2_PLACEMENT_3D('',#3117,#3118,#3119);
#3117 = CARTESIAN_POINT('',(-58.27425533886,549.57237823995,
    81.315870250245));
#3118 = DIRECTION('',(2.424E-14,-1.,-6.E-17));
#3119 = DIRECTION('',(-0.5,-1.217196152423E-14,0.866025403784));
#3120 = ADVANCED_FACE('',(#3121),#3139,.T.);
#3121 = FACE_BOUND('',#3122,.T.);
#3122 = EDGE_LOOP('',(#3123,#3124,#3132,#3138));
#3123 = ORIENTED_EDGE('',*,*,#1451,.T.);
#3124 = ORIENTED_EDGE('',*,*,#3125,.T.);
#3125 = EDGE_CURVE('',#1444,#3126,#3128,.T.);
#3126 = VERTEX_POINT('',#3127);
#3127 = CARTESIAN_POINT('',(-67.77425533886,556.57237819525,
    79.295144308081));
#3128 = LINE('',#3129,#3130);
#3129 = CARTESIAN_POINT('',(-67.77425533886,549.57237823995,
    79.295144308081));
#3130 = VECTOR('',#3131,1.);
#3131 = DIRECTION('',(-2.424E-14,1.,6.E-17));
#3132 = ORIENTED_EDGE('',*,*,#3133,.T.);
#3133 = EDGE_CURVE('',#3126,#3101,#3134,.T.);
#3134 = LINE('',#3135,#3136);
#3135 = CARTESIAN_POINT('',(-29.83536245912,556.57237819525,
    101.19917432496));
#3136 = VECTOR('',#3137,1.);
#3137 = DIRECTION('',(0.866025403784,4.447E-14,0.5));
#3138 = ORIENTED_EDGE('',*,*,#3109,.F.);
#3139 = PLANE('',#3140);
#3140 = AXIS2_PLACEMENT_3D('',#3141,#3142,#3143);
#3141 = CARTESIAN_POINT('',(-59.77425533886,549.57237823995,
    83.913946461598));
#3142 = DIRECTION('',(0.5,1.217E-14,-0.866025403784));
#3143 = DIRECTION('',(-0.866025403784,-2.083E-14,-0.5));
#3144 = ADVANCED_FACE('',(#3145),#3163,.T.);
#3145 = FACE_BOUND('',#3146,.T.);
#3146 = EDGE_LOOP('',(#3147,#3148,#3149,#3157));
#3147 = ORIENTED_EDGE('',*,*,#1468,.T.);
#3148 = ORIENTED_EDGE('',*,*,#3092,.T.);
#3149 = ORIENTED_EDGE('',*,*,#3150,.T.);
#3150 = EDGE_CURVE('',#3093,#3151,#3153,.T.);
#3151 = VERTEX_POINT('',#3152);
#3152 = CARTESIAN_POINT('',(-50.27425533886,556.57237819525,
    80.161169711867));
#3153 = LINE('',#3154,#3155);
#3154 = CARTESIAN_POINT('',(-32.83814821861,556.57237819525,
    70.09442857237));
#3155 = VECTOR('',#3156,1.);
#3156 = DIRECTION('',(0.866025403784,4.181E-14,-0.5));
#3157 = ORIENTED_EDGE('',*,*,#3158,.F.);
#3158 = EDGE_CURVE('',#1469,#3151,#3159,.T.);
#3159 = LINE('',#3160,#3161);
#3160 = CARTESIAN_POINT('',(-50.27425533886,549.57237823995,
    80.161169711867));
#3161 = VECTOR('',#3162,1.);
#3162 = DIRECTION('',(-2.424E-14,1.,6.E-17));
#3163 = PLANE('',#3164);
#3164 = AXIS2_PLACEMENT_3D('',#3165,#3166,#3167);
#3165 = CARTESIAN_POINT('',(-50.27425533886,549.57237823995,
    80.161169711867));
#3166 = DIRECTION('',(-0.5,-1.207E-14,-0.866025403784));
#3167 = DIRECTION('',(-0.866025403784,-2.108E-14,0.5));
#3168 = ADVANCED_FACE('',(#3169),#3188,.F.);
#3169 = FACE_BOUND('',#3170,.F.);
#3170 = EDGE_LOOP('',(#3171,#3172,#3181,#3187));
#3171 = ORIENTED_EDGE('',*,*,#3125,.T.);
#3172 = ORIENTED_EDGE('',*,*,#3173,.F.);
#3173 = EDGE_CURVE('',#3174,#3126,#3176,.T.);
#3174 = VERTEX_POINT('',#3175);
#3175 = CARTESIAN_POINT('',(-69.27425533886,556.57237819525,
    76.697068096727));
#3176 = CIRCLE('',#3177,3.);
#3177 = AXIS2_PLACEMENT_3D('',#3178,#3179,#3180);
#3178 = CARTESIAN_POINT('',(-66.27425533886,556.57237819525,
    76.697068096728));
#3179 = DIRECTION('',(-4.981E-14,1.,-2.66E-15));
#3180 = DIRECTION('',(-1.,-4.981E-14,-8.536E-14));
#3181 = ORIENTED_EDGE('',*,*,#3182,.F.);
#3182 = EDGE_CURVE('',#1494,#3174,#3183,.T.);
#3183 = LINE('',#3184,#3185);
#3184 = CARTESIAN_POINT('',(-69.27425533886,549.57237823995,
    76.697068096727));
#3185 = VECTOR('',#3186,1.);
#3186 = DIRECTION('',(-2.424E-14,1.,6.E-17));
#3187 = ORIENTED_EDGE('',*,*,#1493,.F.);
#3188 = CYLINDRICAL_SURFACE('',#3189,3.);
#3189 = AXIS2_PLACEMENT_3D('',#3190,#3191,#3192);
#3190 = CARTESIAN_POINT('',(-66.27425533886,549.57237823995,
    76.697068096728));
#3191 = DIRECTION('',(2.424E-14,-1.,-6.E-17));
#3192 = DIRECTION('',(-1.,-2.424E-14,-8.536E-14));
#3193 = ADVANCED_FACE('',(#3194),#3213,.F.);
#3194 = FACE_BOUND('',#3195,.F.);
#3195 = EDGE_LOOP('',(#3196,#3204,#3211,#3212));
#3196 = ORIENTED_EDGE('',*,*,#3197,.T.);
#3197 = EDGE_CURVE('',#1518,#3198,#3200,.T.);
#3198 = VERTEX_POINT('',#3199);
#3199 = CARTESIAN_POINT('',(-48.77425533886,556.57237819525,
    77.563093500513));
#3200 = LINE('',#3201,#3202);
#3201 = CARTESIAN_POINT('',(-48.77425533886,549.57237823995,
    77.563093500513));
#3202 = VECTOR('',#3203,1.);
#3203 = DIRECTION('',(-2.424E-14,1.,6.E-17));
#3204 = ORIENTED_EDGE('',*,*,#3205,.F.);
#3205 = EDGE_CURVE('',#3151,#3198,#3206,.T.);
#3206 = CIRCLE('',#3207,3.);
#3207 = AXIS2_PLACEMENT_3D('',#3208,#3209,#3210);
#3208 = CARTESIAN_POINT('',(-51.77425533886,556.57237819525,
    77.563093500513));
#3209 = DIRECTION('',(-4.981E-14,1.,-2.66E-15));
#3210 = DIRECTION('',(0.5,2.720862757406E-14,0.866025403784));
#3211 = ORIENTED_EDGE('',*,*,#3158,.F.);
#3212 = ORIENTED_EDGE('',*,*,#1525,.F.);
#3213 = CYLINDRICAL_SURFACE('',#3214,3.);
#3214 = AXIS2_PLACEMENT_3D('',#3215,#3216,#3217);
#3215 = CARTESIAN_POINT('',(-51.77425533886,549.57237823995,
    77.563093500513));
#3216 = DIRECTION('',(2.424E-14,-1.,-6.E-17));
#3217 = DIRECTION('',(0.5,1.206803847577E-14,0.866025403784));
#3218 = ADVANCED_FACE('',(#3219),#3246,.T.);
#3219 = FACE_BOUND('',#3220,.T.);
#3220 = EDGE_LOOP('',(#3221,#3222,#3230,#3239,#3245));
#3221 = ORIENTED_EDGE('',*,*,#1549,.T.);
#3222 = ORIENTED_EDGE('',*,*,#3223,.F.);
#3223 = EDGE_CURVE('',#3224,#1542,#3226,.T.);
#3224 = VERTEX_POINT('',#3225);
#3225 = CARTESIAN_POINT('',(-69.27425533886,556.64076604536,
    67.459463789693));
#3226 = LINE('',#3227,#3228);
#3227 = CARTESIAN_POINT('',(-69.27425533886,549.57237823995,
    67.459463789693));
#3228 = VECTOR('',#3229,1.);
#3229 = DIRECTION('',(2.424E-14,-1.,-6.E-17));
#3230 = ORIENTED_EDGE('',*,*,#3231,.T.);
#3231 = EDGE_CURVE('',#3224,#3232,#3234,.T.);
#3232 = VERTEX_POINT('',#3233);
#3233 = CARTESIAN_POINT('',(-69.27425533886,556.57237819525,
    68.684149792049));
#3234 = CIRCLE('',#3235,11.);
#3235 = AXIS2_PLACEMENT_3D('',#3236,#3237,#3238);
#3236 = CARTESIAN_POINT('',(-69.27425533886,567.57237819525,
    68.684149792049));
#3237 = DIRECTION('',(-1.,-2.424E-14,-7.352E-14));
#3238 = DIRECTION('',(6.91267589288E-14,-0.707106781187,-0.707106781187)
  );
#3239 = ORIENTED_EDGE('',*,*,#3240,.T.);
#3240 = EDGE_CURVE('',#3232,#3174,#3241,.T.);
#3241 = LINE('',#3242,#3243);
#3242 = CARTESIAN_POINT('',(-69.27425533886,556.57237819525,
    89.690665871479));
#3243 = VECTOR('',#3244,1.);
#3244 = DIRECTION('',(-7.352E-14,2.66E-15,1.));
#3245 = ORIENTED_EDGE('',*,*,#3182,.F.);
#3246 = PLANE('',#3247);
#3247 = AXIS2_PLACEMENT_3D('',#3248,#3249,#3250);
#3248 = CARTESIAN_POINT('',(-69.27425533886,549.57237823995,
    76.697068096727));
#3249 = DIRECTION('',(1.,2.424E-14,7.352E-14));
#3250 = DIRECTION('',(7.352E-14,1.E-17,-1.));
#3251 = ADVANCED_FACE('',(#3252),#3279,.T.);
#3252 = FACE_BOUND('',#3253,.T.);
#3253 = EDGE_LOOP('',(#3254,#3255,#3256,#3264,#3273));
#3254 = ORIENTED_EDGE('',*,*,#1566,.T.);
#3255 = ORIENTED_EDGE('',*,*,#3197,.T.);
#3256 = ORIENTED_EDGE('',*,*,#3257,.T.);
#3257 = EDGE_CURVE('',#3198,#3258,#3260,.T.);
#3258 = VERTEX_POINT('',#3259);
#3259 = CARTESIAN_POINT('',(-48.77425533886,556.57237819525,
    68.68414979205));
#3260 = LINE('',#3261,#3262);
#3261 = CARTESIAN_POINT('',(-48.77425533886,556.57237819525,
    84.638851016071));
#3262 = VECTOR('',#3263,1.);
#3263 = DIRECTION('',(7.352E-14,-2.66E-15,-1.));
#3264 = ORIENTED_EDGE('',*,*,#3265,.T.);
#3265 = EDGE_CURVE('',#3258,#3266,#3268,.T.);
#3266 = VERTEX_POINT('',#3267);
#3267 = CARTESIAN_POINT('',(-48.77425533886,556.77289090112,
    66.59343838591));
#3268 = CIRCLE('',#3269,11.);
#3269 = AXIS2_PLACEMENT_3D('',#3270,#3271,#3272);
#3270 = CARTESIAN_POINT('',(-48.77425533886,567.57237819525,
    68.68414979205));
#3271 = DIRECTION('',(1.,2.424E-14,7.352E-14));
#3272 = DIRECTION('',(6.91267589288E-14,-0.707106781187,-0.707106781187)
  );
#3273 = ORIENTED_EDGE('',*,*,#3274,.T.);
#3274 = EDGE_CURVE('',#3266,#1567,#3275,.T.);
#3275 = LINE('',#3276,#3277);
#3276 = CARTESIAN_POINT('',(-48.77425533886,549.57237823995,
    66.59343838591));
#3277 = VECTOR('',#3278,1.);
#3278 = DIRECTION('',(2.424E-14,-1.,-6.E-17));
#3279 = PLANE('',#3280);
#3280 = AXIS2_PLACEMENT_3D('',#3281,#3282,#3283);
#3281 = CARTESIAN_POINT('',(-48.77425533886,549.57237823995,
    66.59343838591));
#3282 = DIRECTION('',(-1.,-2.424E-14,-7.352E-14));
#3283 = DIRECTION('',(-7.352E-14,-1.E-17,1.));
#3284 = ADVANCED_FACE('',(#3285),#3308,.F.);
#3285 = FACE_BOUND('',#3286,.F.);
#3286 = EDGE_LOOP('',(#3287,#3288,#3301,#3307));
#3287 = ORIENTED_EDGE('',*,*,#3223,.F.);
#3288 = ORIENTED_EDGE('',*,*,#3289,.F.);
#3289 = EDGE_CURVE('',#3290,#3224,#3292,.T.);
#3290 = VERTEX_POINT('',#3291);
#3291 = CARTESIAN_POINT('',(-67.77425533886,557.25799556431,
    64.86138757834));
#3292 = B_SPLINE_CURVE_WITH_KNOTS('',3,(#3293,#3294,#3295,#3296,#3297,
    #3298,#3299,#3300),.UNSPECIFIED.,.F.,.F.,(4,2,2,4),(0.15142597038,
    0.229006965965,0.344151139535,0.459295313104),.UNSPECIFIED.);
#3293 = CARTESIAN_POINT('',(-67.77425533886,557.25799556431,
    64.86138757834));
#3294 = CARTESIAN_POINT('',(-68.00677242406,557.20824153142,
    64.995631380067));
#3295 = CARTESIAN_POINT('',(-68.21720570424,557.15058221982,
    65.159773467953));
#3296 = CARTESIAN_POINT('',(-68.66030886318,557.00909342471,
    65.602876626889));
#3297 = CARTESIAN_POINT('',(-68.89021932208,556.91410712912,
    65.937538162233));
#3298 = CARTESIAN_POINT('',(-69.19728485924,556.75083342685,
    66.674974240495));
#3299 = CARTESIAN_POINT('',(-69.27425533886,556.68349800222,
    67.078036078547));
#3300 = CARTESIAN_POINT('',(-69.27425533886,556.64076604536,
    67.459463789693));
#3301 = ORIENTED_EDGE('',*,*,#3302,.T.);
#3302 = EDGE_CURVE('',#3290,#1592,#3303,.T.);
#3303 = LINE('',#3304,#3305);
#3304 = CARTESIAN_POINT('',(-67.77425533886,549.57237823995,
    64.86138757834));
#3305 = VECTOR('',#3306,1.);
#3306 = DIRECTION('',(2.424E-14,-1.,-6.E-17));
#3307 = ORIENTED_EDGE('',*,*,#1591,.F.);
#3308 = CYLINDRICAL_SURFACE('',#3309,3.);
#3309 = AXIS2_PLACEMENT_3D('',#3310,#3311,#3312);
#3310 = CARTESIAN_POINT('',(-66.27425533886,549.57237823995,
    67.459463789694));
#3311 = DIRECTION('',(2.424E-14,-1.,-6.E-17));
#3312 = DIRECTION('',(-0.5,-1.206803847577E-14,-0.866025403784));
#3313 = ADVANCED_FACE('',(#3314),#3337,.F.);
#3314 = FACE_BOUND('',#3315,.F.);
#3315 = EDGE_LOOP('',(#3316,#3324,#3335,#3336));
#3316 = ORIENTED_EDGE('',*,*,#3317,.F.);
#3317 = EDGE_CURVE('',#3318,#1616,#3320,.T.);
#3318 = VERTEX_POINT('',#3319);
#3319 = CARTESIAN_POINT('',(-50.27425533886,557.62173647333,
    63.995362174557));
#3320 = LINE('',#3321,#3322);
#3321 = CARTESIAN_POINT('',(-50.27425533886,549.57237823995,
    63.995362174557));
#3322 = VECTOR('',#3323,1.);
#3323 = DIRECTION('',(2.424E-14,-1.,-6.E-17));
#3324 = ORIENTED_EDGE('',*,*,#3325,.F.);
#3325 = EDGE_CURVE('',#3266,#3318,#3326,.T.);
#3326 = B_SPLINE_CURVE_WITH_KNOTS('',3,(#3327,#3328,#3329,#3330,#3331,
    #3332,#3333,#3334),.UNSPECIFIED.,.F.,.F.,(4,2,2,4),(-0.464951220025,
    -0.346466622647,-0.22798202527,-0.152132987532),.UNSPECIFIED.);
#3327 = CARTESIAN_POINT('',(-48.77425533886,556.77289090112,
    66.59343838591));
#3328 = CARTESIAN_POINT('',(-48.77425533886,556.84795668875,
    66.205689021083));
#3329 = CARTESIAN_POINT('',(-48.85360839462,556.95061581712,
    65.798037335471));
#3330 = CARTESIAN_POINT('',(-49.16759849071,557.18115701029,
    65.054548797502));
#3331 = CARTESIAN_POINT('',(-49.40198464443,557.30811972908,
    64.718321276242));
#3332 = CARTESIAN_POINT('',(-49.84569784896,557.48966708217,
    64.282687825578));
#3333 = CARTESIAN_POINT('',(-50.04925045799,557.56052387938,
    64.125268803096));
#3334 = CARTESIAN_POINT('',(-50.27425533886,557.62173647333,
    63.995362174557));
#3335 = ORIENTED_EDGE('',*,*,#3274,.T.);
#3336 = ORIENTED_EDGE('',*,*,#1623,.F.);
#3337 = CYLINDRICAL_SURFACE('',#3338,3.);
#3338 = AXIS2_PLACEMENT_3D('',#3339,#3340,#3341);
#3339 = CARTESIAN_POINT('',(-51.77425533886,549.57237823995,
    66.59343838591));
#3340 = DIRECTION('',(2.424E-14,-1.,-6.E-17));
#3341 = DIRECTION('',(1.,2.424E-14,7.352E-14));
#3342 = ADVANCED_FACE('',(#3343),#3362,.T.);
#3343 = FACE_BOUND('',#3344,.T.);
#3344 = EDGE_LOOP('',(#3345,#3346,#3354,#3361));
#3345 = ORIENTED_EDGE('',*,*,#1647,.T.);
#3346 = ORIENTED_EDGE('',*,*,#3347,.T.);
#3347 = EDGE_CURVE('',#1640,#3348,#3350,.T.);
#3348 = VERTEX_POINT('',#3349);
#3349 = CARTESIAN_POINT('',(-59.77425533886,560.5197197579,
    60.242585424823));
#3350 = LINE('',#3351,#3352);
#3351 = CARTESIAN_POINT('',(-59.77425533886,549.57237823995,
    60.242585424824));
#3352 = VECTOR('',#3353,1.);
#3353 = DIRECTION('',(-2.424E-14,1.,6.E-17));
#3354 = ORIENTED_EDGE('',*,*,#3355,.T.);
#3355 = EDGE_CURVE('',#3348,#3290,#3356,.T.);
#3356 = ELLIPSE('',#3357,22.,11.);
#3357 = AXIS2_PLACEMENT_3D('',#3358,#3359,#3360);
#3358 = CARTESIAN_POINT('',(-74.39547371826,567.57237819525,
    68.684149792048));
#3359 = DIRECTION('',(-0.5,-1.207E-14,-0.866025403784));
#3360 = DIRECTION('',(0.866025403784,5.053E-14,-0.5));
#3361 = ORIENTED_EDGE('',*,*,#3302,.T.);
#3362 = PLANE('',#3363);
#3363 = AXIS2_PLACEMENT_3D('',#3364,#3365,#3366);
#3364 = CARTESIAN_POINT('',(-67.77425533886,549.57237823995,
    64.86138757834));
#3365 = DIRECTION('',(0.5,1.207E-14,0.866025403784));
#3366 = DIRECTION('',(0.866025403784,2.108E-14,-0.5));
#3367 = ADVANCED_FACE('',(#3368),#3387,.T.);
#3368 = FACE_BOUND('',#3369,.T.);
#3369 = EDGE_LOOP('',(#3370,#3371,#3372,#3381));
#3370 = ORIENTED_EDGE('',*,*,#1664,.T.);
#3371 = ORIENTED_EDGE('',*,*,#3317,.F.);
#3372 = ORIENTED_EDGE('',*,*,#3373,.T.);
#3373 = EDGE_CURVE('',#3318,#3374,#3376,.T.);
#3374 = VERTEX_POINT('',#3375);
#3375 = CARTESIAN_POINT('',(-56.77425533886,560.5197197579,
    60.242585424824));
#3376 = ELLIPSE('',#3377,22.,11.);
#3377 = AXIS2_PLACEMENT_3D('',#3378,#3379,#3380);
#3378 = CARTESIAN_POINT('',(-42.15303695947,567.57237819525,
    68.684149792051));
#3379 = DIRECTION('',(0.5,1.217E-14,-0.866025403784));
#3380 = DIRECTION('',(-0.866025403784,-5.048E-14,-0.5));
#3381 = ORIENTED_EDGE('',*,*,#3382,.T.);
#3382 = EDGE_CURVE('',#3374,#1665,#3383,.T.);
#3383 = LINE('',#3384,#3385);
#3384 = CARTESIAN_POINT('',(-56.77425533886,549.57237823995,
    60.242585424824));
#3385 = VECTOR('',#3386,1.);
#3386 = DIRECTION('',(2.424E-14,-1.,-6.E-17));
#3387 = PLANE('',#3388);
#3388 = AXIS2_PLACEMENT_3D('',#3389,#3390,#3391);
#3389 = CARTESIAN_POINT('',(-52.78260286512,549.57237823995,
    62.547167055051));
#3390 = DIRECTION('',(-0.5,-1.217E-14,0.866025403784));
#3391 = DIRECTION('',(0.866025403784,2.107E-14,0.5));
#3392 = ADVANCED_FACE('',(#3393),#3415,.F.);
#3393 = FACE_BOUND('',#3394,.F.);
#3394 = EDGE_LOOP('',(#3395,#3396,#3413,#3414));
#3395 = ORIENTED_EDGE('',*,*,#3347,.T.);
#3396 = ORIENTED_EDGE('',*,*,#3397,.F.);
#3397 = EDGE_CURVE('',#3374,#3348,#3398,.T.);
#3398 = B_SPLINE_CURVE_WITH_KNOTS('',3,(#3399,#3400,#3401,#3402,#3403,
    #3404,#3405,#3406,#3407,#3408,#3409,#3410,#3411,#3412),
  .UNSPECIFIED.,.F.,.F.,(4,2,2,2,2,2,4),(-1.175189501764,-1.138785077124
    ,-1.074676113653,-1.010567150182,-0.951865774713,-0.893164399245,
    -0.847412083162),.UNSPECIFIED.);
#3399 = CARTESIAN_POINT('',(-56.77425533886,560.5197197579,
    60.242585424824));
#3400 = CARTESIAN_POINT('',(-56.86871931316,560.58499908528,
    60.188046623837));
#3401 = CARTESIAN_POINT('',(-56.9676883554,560.6467028093,
    60.137792083018));
#3402 = CARTESIAN_POINT('',(-57.25180823834,560.80235359154,
    60.013341090351));
#3403 = CARTESIAN_POINT('',(-57.44556566837,560.88511434843,
    59.949985095881));
#3404 = CARTESIAN_POINT('',(-57.84990949409,560.99942547308,
    59.863638286611));
#3405 = CARTESIAN_POINT('',(-58.06055879396,561.03076392682,
    59.840661636177));
#3406 = CARTESIAN_POINT('',(-58.46992659042,561.03076392682,
    59.840661636177));
#3407 = CARTESIAN_POINT('',(-58.66483690911,561.00440483847,
    59.860005631347));
#3408 = CARTESIAN_POINT('',(-59.04161888815,560.90599437965,
    59.934114306644));
#3409 = CARTESIAN_POINT('',(-59.22354673849,560.83413135397,
    59.988843279014));
#3410 = CARTESIAN_POINT('',(-59.52801386572,560.6792078234,
    60.111420381821));
#3411 = CARTESIAN_POINT('',(-59.65502991183,560.60211048666,
    60.173750592432));
#3412 = CARTESIAN_POINT('',(-59.77425533886,560.5197197579,
    60.242585424823));
#3413 = ORIENTED_EDGE('',*,*,#3382,.T.);
#3414 = ORIENTED_EDGE('',*,*,#1687,.F.);
#3415 = CYLINDRICAL_SURFACE('',#3416,3.);
#3416 = AXIS2_PLACEMENT_3D('',#3417,#3418,#3419);
#3417 = CARTESIAN_POINT('',(-58.27425533886,549.57237823995,
    62.840661636177));
#3418 = DIRECTION('',(-2.424E-14,1.,6.E-17));
#3419 = DIRECTION('',(7.01E-14,6.00000000017E-17,-1.));
#3420 = ADVANCED_FACE('',(#3421),#3440,.F.);
#3421 = FACE_BOUND('',#3422,.F.);
#3422 = EDGE_LOOP('',(#3423,#3431,#3438,#3439));
#3423 = ORIENTED_EDGE('',*,*,#3424,.F.);
#3424 = EDGE_CURVE('',#3425,#1706,#3427,.T.);
#3425 = VERTEX_POINT('',#3426);
#3426 = CARTESIAN_POINT('',(-109.9242553388,552.37237819525,
    105.43414979204));
#3427 = LINE('',#3428,#3429);
#3428 = CARTESIAN_POINT('',(-109.9242553388,556.57237819525,
    105.43414979204));
#3429 = VECTOR('',#3430,1.);
#3430 = DIRECTION('',(5.37E-14,-1.,3.131E-14));
#3431 = ORIENTED_EDGE('',*,*,#3432,.F.);
#3432 = EDGE_CURVE('',#3425,#3425,#3433,.T.);
#3433 = CIRCLE('',#3434,1.65);
#3434 = AXIS2_PLACEMENT_3D('',#3435,#3436,#3437);
#3435 = CARTESIAN_POINT('',(-108.2742553388,552.37237819525,
    105.43414979204));
#3436 = DIRECTION('',(-5.37E-14,1.,-3.131E-14));
#3437 = DIRECTION('',(-1.,-5.37E-14,0.));
#3438 = ORIENTED_EDGE('',*,*,#3424,.T.);
#3439 = ORIENTED_EDGE('',*,*,#1715,.T.);
#3440 = CYLINDRICAL_SURFACE('',#3441,1.65);
#3441 = AXIS2_PLACEMENT_3D('',#3442,#3443,#3444);
#3442 = CARTESIAN_POINT('',(-108.2742553388,556.57237819525,
    105.43414979204));
#3443 = DIRECTION('',(-5.37E-14,1.,-3.131E-14));
#3444 = DIRECTION('',(-1.,-5.37E-14,0.));
#3445 = ADVANCED_FACE('',(#3446),#3465,.F.);
#3446 = FACE_BOUND('',#3447,.F.);
#3447 = EDGE_LOOP('',(#3448,#3456,#3463,#3464));
#3448 = ORIENTED_EDGE('',*,*,#3449,.F.);
#3449 = EDGE_CURVE('',#3450,#1731,#3452,.T.);
#3450 = VERTEX_POINT('',#3451);
#3451 = CARTESIAN_POINT('',(-109.9242553388,552.37237819525,
    65.434149792043));
#3452 = LINE('',#3453,#3454);
#3453 = CARTESIAN_POINT('',(-109.9242553388,556.57237819525,
    65.434149792043));
#3454 = VECTOR('',#3455,1.);
#3455 = DIRECTION('',(5.37E-14,-1.,3.131E-14));
#3456 = ORIENTED_EDGE('',*,*,#3457,.F.);
#3457 = EDGE_CURVE('',#3450,#3450,#3458,.T.);
#3458 = CIRCLE('',#3459,1.65);
#3459 = AXIS2_PLACEMENT_3D('',#3460,#3461,#3462);
#3460 = CARTESIAN_POINT('',(-108.2742553388,552.37237819525,
    65.434149792043));
#3461 = DIRECTION('',(-5.37E-14,1.,-3.131E-14));
#3462 = DIRECTION('',(-1.,-5.37E-14,0.));
#3463 = ORIENTED_EDGE('',*,*,#3449,.T.);
#3464 = ORIENTED_EDGE('',*,*,#1740,.T.);
#3465 = CYLINDRICAL_SURFACE('',#3466,1.65);
#3466 = AXIS2_PLACEMENT_3D('',#3467,#3468,#3469);
#3467 = CARTESIAN_POINT('',(-108.2742553388,556.57237819525,
    65.434149792043));
#3468 = DIRECTION('',(-5.37E-14,1.,-3.131E-14));
#3469 = DIRECTION('',(-1.,-5.37E-14,0.));
#3470 = ADVANCED_FACE('',(#3471,#3646,#3657,#3663),#3674,.T.);
#3471 = FACE_BOUND('',#3472,.T.);
#3472 = EDGE_LOOP('',(#3473,#3481,#3482,#3483,#3484,#3485,#3486,#3487,
    #3488,#3496,#3504,#3510,#3511,#3512,#3513,#3514,#3515,#3516,#3517,
    #3525,#3533,#3541,#3549,#3557,#3566,#3574,#3583,#3591,#3600,#3608,
    #3616,#3624,#3632,#3640));
#3473 = ORIENTED_EDGE('',*,*,#3474,.F.);
#3474 = EDGE_CURVE('',#2978,#3475,#3477,.T.);
#3475 = VERTEX_POINT('',#3476);
#3476 = CARTESIAN_POINT('',(-87.78011197549,556.57237819525,
    102.68426364622));
#3477 = LINE('',#3478,#3479);
#3478 = CARTESIAN_POINT('',(9.22574466113,556.57237819526,
    102.68426364623));
#3479 = VECTOR('',#3480,1.);
#3480 = DIRECTION('',(-1.,-4.981E-14,-7.352E-14));
#3481 = ORIENTED_EDGE('',*,*,#2977,.F.);
#3482 = ORIENTED_EDGE('',*,*,#3026,.F.);
#3483 = ORIENTED_EDGE('',*,*,#3077,.T.);
#3484 = ORIENTED_EDGE('',*,*,#3058,.F.);
#3485 = ORIENTED_EDGE('',*,*,#3003,.F.);
#3486 = ORIENTED_EDGE('',*,*,#2951,.T.);
#3487 = ORIENTED_EDGE('',*,*,#2886,.F.);
#3488 = ORIENTED_EDGE('',*,*,#3489,.F.);
#3489 = EDGE_CURVE('',#3490,#2878,#3492,.T.);
#3490 = VERTEX_POINT('',#3491);
#3491 = CARTESIAN_POINT('',(-46.77425533887,556.57237819525,
    102.68426364623));
#3492 = LINE('',#3493,#3494);
#3493 = CARTESIAN_POINT('',(9.22574466113,556.57237819526,
    102.68426364623));
#3494 = VECTOR('',#3495,1.);
#3495 = DIRECTION('',(-1.,-4.981E-14,-7.352E-14));
#3496 = ORIENTED_EDGE('',*,*,#3497,.T.);
#3497 = EDGE_CURVE('',#3490,#3498,#3500,.T.);
#3498 = VERTEX_POINT('',#3499);
#3499 = CARTESIAN_POINT('',(-46.77425533886,556.57237819525,
    68.68414979205));
#3500 = LINE('',#3501,#3502);
#3501 = CARTESIAN_POINT('',(-46.77425533887,556.57237819525,
    110.68426364623));
#3502 = VECTOR('',#3503,1.);
#3503 = DIRECTION('',(7.352E-14,-2.66E-15,-1.));
#3504 = ORIENTED_EDGE('',*,*,#3505,.F.);
#3505 = EDGE_CURVE('',#3258,#3498,#3506,.T.);
#3506 = LINE('',#3507,#3508);
#3507 = CARTESIAN_POINT('',(-18.27425533886,556.57237819525,
    68.684149792052));
#3508 = VECTOR('',#3509,1.);
#3509 = DIRECTION('',(1.,4.981E-14,7.352E-14));
#3510 = ORIENTED_EDGE('',*,*,#3257,.F.);
#3511 = ORIENTED_EDGE('',*,*,#3205,.F.);
#3512 = ORIENTED_EDGE('',*,*,#3150,.F.);
#3513 = ORIENTED_EDGE('',*,*,#3100,.F.);
#3514 = ORIENTED_EDGE('',*,*,#3133,.F.);
#3515 = ORIENTED_EDGE('',*,*,#3173,.F.);
#3516 = ORIENTED_EDGE('',*,*,#3240,.F.);
#3517 = ORIENTED_EDGE('',*,*,#3518,.F.);
#3518 = EDGE_CURVE('',#3519,#3232,#3521,.T.);
#3519 = VERTEX_POINT('',#3520);
#3520 = CARTESIAN_POINT('',(-87.77981089441,556.57237819525,
    68.684149792047));
#3521 = LINE('',#3522,#3523);
#3522 = CARTESIAN_POINT('',(-18.27425533886,556.57237819525,
    68.684149792052));
#3523 = VECTOR('',#3524,1.);
#3524 = DIRECTION('',(1.,4.981E-14,7.352E-14));
#3525 = ORIENTED_EDGE('',*,*,#3526,.F.);
#3526 = EDGE_CURVE('',#3527,#3519,#3529,.T.);
#3527 = VERTEX_POINT('',#3528);
#3528 = CARTESIAN_POINT('',(-108.2742553388,556.57237819525,
    60.934149792043));
#3529 = LINE('',#3530,#3531);
#3530 = CARTESIAN_POINT('',(-108.2742553388,556.57237819525,
    60.934149792043));
#3531 = VECTOR('',#3532,1.);
#3532 = DIRECTION('',(0.935356553338,6.147414792992E-14,0.353706259666)
  );
#3533 = ORIENTED_EDGE('',*,*,#3534,.F.);
#3534 = EDGE_CURVE('',#3535,#3527,#3537,.T.);
#3535 = VERTEX_POINT('',#3536);
#3536 = CARTESIAN_POINT('',(-128.7686997833,556.57237819525,
    68.684149792044));
#3537 = LINE('',#3538,#3539);
#3538 = CARTESIAN_POINT('',(-138.0242553388,556.57237819525,
    72.184149792043));
#3539 = VECTOR('',#3540,1.);
#3540 = DIRECTION('',(0.935356553338,3.954435983064E-14,-0.353706259666)
  );
#3541 = ORIENTED_EDGE('',*,*,#3542,.F.);
#3542 = EDGE_CURVE('',#3543,#3535,#3545,.T.);
#3543 = VERTEX_POINT('',#3544);
#3544 = CARTESIAN_POINT('',(-146.2742553388,556.57237819525,
    68.684149792043));
#3545 = LINE('',#3546,#3547);
#3546 = CARTESIAN_POINT('',(-18.27425533886,556.57237819525,
    68.684149792052));
#3547 = VECTOR('',#3548,1.);
#3548 = DIRECTION('',(1.,4.981E-14,7.352E-14));
#3549 = ORIENTED_EDGE('',*,*,#3550,.T.);
#3550 = EDGE_CURVE('',#3543,#3551,#3553,.T.);
#3551 = VERTEX_POINT('',#3552);
#3552 = CARTESIAN_POINT('',(-146.2742553388,556.57237819525,
    76.69706809672));
#3553 = LINE('',#3554,#3555);
#3554 = CARTESIAN_POINT('',(-146.2742553388,556.57237819525,
    89.690665871473));
#3555 = VECTOR('',#3556,1.);
#3556 = DIRECTION('',(-7.448E-14,2.66E-15,1.));
#3557 = ORIENTED_EDGE('',*,*,#3558,.T.);
#3558 = EDGE_CURVE('',#3551,#3559,#3561,.T.);
#3559 = VERTEX_POINT('',#3560);
#3560 = CARTESIAN_POINT('',(-148.2742553388,556.57237819525,
    80.161169711858));
#3561 = CIRCLE('',#3562,4.);
#3562 = AXIS2_PLACEMENT_3D('',#3563,#3564,#3565);
#3563 = CARTESIAN_POINT('',(-150.2742553388,556.57237819525,
    76.69706809672));
#3564 = DIRECTION('',(4.981E-14,-1.,2.66E-15));
#3565 = DIRECTION('',(0.866025403784,4.44667253625E-14,0.5));
#3566 = ORIENTED_EDGE('',*,*,#3567,.T.);
#3567 = EDGE_CURVE('',#3559,#3568,#3570,.T.);
#3568 = VERTEX_POINT('',#3569);
#3569 = CARTESIAN_POINT('',(-156.2742553388,556.57237819525,
    84.779971865375));
#3570 = LINE('',#3571,#3572);
#3571 = CARTESIAN_POINT('',(-98.08814821861,556.57237819525,
    51.186207256404));
#3572 = VECTOR('',#3573,1.);
#3573 = DIRECTION('',(-0.866025403784,-4.181E-14,0.5));
#3574 = ORIENTED_EDGE('',*,*,#3575,.T.);
#3575 = EDGE_CURVE('',#3568,#3576,#3578,.T.);
#3576 = VERTEX_POINT('',#3577);
#3577 = CARTESIAN_POINT('',(-158.7742553388,556.57237819525,
    89.110098884297));
#3578 = CIRCLE('',#3579,5.);
#3579 = AXIS2_PLACEMENT_3D('',#3580,#3581,#3582);
#3580 = CARTESIAN_POINT('',(-153.7742553388,556.57237819525,
    89.110098884298));
#3581 = DIRECTION('',(-4.981E-14,1.,-2.66E-15));
#3582 = DIRECTION('',(-0.866025403784,-4.44667253625E-14,-0.5));
#3583 = ORIENTED_EDGE('',*,*,#3584,.T.);
#3584 = EDGE_CURVE('',#3576,#3585,#3587,.T.);
#3585 = VERTEX_POINT('',#3586);
#3586 = CARTESIAN_POINT('',(-158.7742553388,556.57237819525,
    98.347703191331));
#3587 = LINE('',#3588,#3589);
#3588 = CARTESIAN_POINT('',(-158.7742553388,556.57237819525,
    103.11405963013));
#3589 = VECTOR('',#3590,1.);
#3590 = DIRECTION('',(-7.352E-14,2.66E-15,1.));
#3591 = ORIENTED_EDGE('',*,*,#3592,.T.);
#3592 = EDGE_CURVE('',#3585,#3593,#3595,.T.);
#3593 = VERTEX_POINT('',#3594);
#3594 = CARTESIAN_POINT('',(-156.2742553388,556.57237819525,
    102.67783021025));
#3595 = CIRCLE('',#3596,5.);
#3596 = AXIS2_PLACEMENT_3D('',#3597,#3598,#3599);
#3597 = CARTESIAN_POINT('',(-153.7742553388,556.57237819525,
    98.347703191332));
#3598 = DIRECTION('',(-4.981E-14,1.,-2.66E-15));
#3599 = DIRECTION('',(-0.919537664417,-4.475678604337E-14,0.393001887679
    ));
#3600 = ORIENTED_EDGE('',*,*,#3601,.T.);
#3601 = EDGE_CURVE('',#3593,#3602,#3604,.T.);
#3602 = VERTEX_POINT('',#3603);
#3603 = CARTESIAN_POINT('',(-156.2631123009,556.57237819525,
    102.68426364622));
#3604 = LINE('',#3605,#3606);
#3605 = CARTESIAN_POINT('',(-90.21036245912,556.57237819525,
    140.81983654809));
#3606 = VECTOR('',#3607,1.);
#3607 = DIRECTION('',(0.866025403784,4.447E-14,0.5));
#3608 = ORIENTED_EDGE('',*,*,#3609,.F.);
#3609 = EDGE_CURVE('',#3610,#3602,#3612,.T.);
#3610 = VERTEX_POINT('',#3611);
#3611 = CARTESIAN_POINT('',(-128.7683987022,556.57237819525,
    102.68426364622));
#3612 = LINE('',#3613,#3614);
#3613 = CARTESIAN_POINT('',(9.22574466113,556.57237819526,
    102.68426364623));
#3614 = VECTOR('',#3615,1.);
#3615 = DIRECTION('',(-1.,-4.981E-14,-7.352E-14));
#3616 = ORIENTED_EDGE('',*,*,#3617,.F.);
#3617 = EDGE_CURVE('',#3618,#3610,#3620,.T.);
#3618 = VERTEX_POINT('',#3619);
#3619 = CARTESIAN_POINT('',(-116.3917929259,556.57237819525,
    107.3644927213));
#3620 = LINE('',#3621,#3622);
#3621 = CARTESIAN_POINT('',(-108.2742553388,556.57237819525,
    110.43414979204));
#3622 = VECTOR('',#3623,1.);
#3623 = DIRECTION('',(-0.935356553338,-6.147414792992E-14,
    -0.353706259666));
#3624 = ORIENTED_EDGE('',*,*,#3625,.F.);
#3625 = EDGE_CURVE('',#3626,#3618,#3628,.T.);
#3626 = VERTEX_POINT('',#3627);
#3627 = CARTESIAN_POINT('',(-108.2742553388,556.57237819525,
    110.43414979204));
#3628 = LINE('',#3629,#3630);
#3629 = CARTESIAN_POINT('',(-108.2742553388,556.57237819525,
    110.43414979204));
#3630 = VECTOR('',#3631,1.);
#3631 = DIRECTION('',(-0.935356553338,-6.147414792992E-14,
    -0.353706259666));
#3632 = ORIENTED_EDGE('',*,*,#3633,.F.);
#3633 = EDGE_CURVE('',#3634,#3626,#3636,.T.);
#3634 = VERTEX_POINT('',#3635);
#3635 = CARTESIAN_POINT('',(-100.1567177518,556.57237819525,
    107.3644927213));
#3636 = LINE('',#3637,#3638);
#3637 = CARTESIAN_POINT('',(-78.52425533886,556.57237819525,
    99.184149792043));
#3638 = VECTOR('',#3639,1.);
#3639 = DIRECTION('',(-0.935356553338,-3.954435983064E-14,0.353706259666
    ));
#3640 = ORIENTED_EDGE('',*,*,#3641,.F.);
#3641 = EDGE_CURVE('',#3475,#3634,#3642,.T.);
#3642 = LINE('',#3643,#3644);
#3643 = CARTESIAN_POINT('',(-78.52425533886,556.57237819525,
    99.184149792043));
#3644 = VECTOR('',#3645,1.);
#3645 = DIRECTION('',(-0.935356553338,-3.954435983064E-14,0.353706259666
    ));
#3646 = FACE_BOUND('',#3647,.T.);
#3647 = EDGE_LOOP('',(#3648));
#3648 = ORIENTED_EDGE('',*,*,#3649,.F.);
#3649 = EDGE_CURVE('',#3650,#3650,#3652,.T.);
#3650 = VERTEX_POINT('',#3651);
#3651 = CARTESIAN_POINT('',(-110.6242553388,556.57237819525,
    105.43414979204));
#3652 = CIRCLE('',#3653,2.35);
#3653 = AXIS2_PLACEMENT_3D('',#3654,#3655,#3656);
#3654 = CARTESIAN_POINT('',(-108.2742553388,556.57237819525,
    105.43414979204));
#3655 = DIRECTION('',(-5.4E-14,1.,-2.7E-14));
#3656 = DIRECTION('',(-1.,-5.4E-14,0.));
#3657 = FACE_BOUND('',#3658,.T.);
#3658 = EDGE_LOOP('',(#3659,#3660,#3661,#3662));
#3659 = ORIENTED_EDGE('',*,*,#1763,.F.);
#3660 = ORIENTED_EDGE('',*,*,#1811,.F.);
#3661 = ORIENTED_EDGE('',*,*,#1835,.F.);
#3662 = ORIENTED_EDGE('',*,*,#1794,.F.);
#3663 = FACE_BOUND('',#3664,.T.);
#3664 = EDGE_LOOP('',(#3665));
#3665 = ORIENTED_EDGE('',*,*,#3666,.F.);
#3666 = EDGE_CURVE('',#3667,#3667,#3669,.T.);
#3667 = VERTEX_POINT('',#3668);
#3668 = CARTESIAN_POINT('',(-110.6242553388,556.57237819525,
    65.434149792043));
#3669 = CIRCLE('',#3670,2.35);
#3670 = AXIS2_PLACEMENT_3D('',#3671,#3672,#3673);
#3671 = CARTESIAN_POINT('',(-108.2742553388,556.57237819525,
    65.434149792043));
#3672 = DIRECTION('',(-5.4E-14,1.,-2.7E-14));
#3673 = DIRECTION('',(-1.,-5.4E-14,0.));
#3674 = PLANE('',#3675);
#3675 = AXIS2_PLACEMENT_3D('',#3676,#3677,#3678);
#3676 = CARTESIAN_POINT('',(-92.51778501371,556.57237819525,
    86.930665618745));
#3677 = DIRECTION('',(-5.406E-14,1.,-2.637E-14));
#3678 = DIRECTION('',(1.,5.406E-14,0.));
#3679 = ADVANCED_FACE('',(#3680),#3702,.F.);
#3680 = FACE_BOUND('',#3681,.T.);
#3681 = EDGE_LOOP('',(#3682,#3689,#3690,#3691,#3692,#3693,#3694,#3701));
#3682 = ORIENTED_EDGE('',*,*,#3683,.T.);
#3683 = EDGE_CURVE('',#2558,#2081,#3684,.T.);
#3684 = CIRCLE('',#3685,1.);
#3685 = AXIS2_PLACEMENT_3D('',#3686,#3687,#3688);
#3686 = CARTESIAN_POINT('',(-146.2742553388,569.57237823995,
    114.68426364622));
#3687 = DIRECTION('',(-2.433E-14,1.,1.E-17));
#3688 = DIRECTION('',(-0.707106781186,-1.719683691845E-14,
    -0.707106781187));
#3689 = ORIENTED_EDGE('',*,*,#2080,.F.);
#3690 = ORIENTED_EDGE('',*,*,#1965,.T.);
#3691 = ORIENTED_EDGE('',*,*,#1860,.T.);
#3692 = ORIENTED_EDGE('',*,*,#1947,.T.);
#3693 = ORIENTED_EDGE('',*,*,#2063,.T.);
#3694 = ORIENTED_EDGE('',*,*,#3695,.T.);
#3695 = EDGE_CURVE('',#2056,#2566,#3696,.T.);
#3696 = CIRCLE('',#3697,1.);
#3697 = AXIS2_PLACEMENT_3D('',#3698,#3699,#3700);
#3698 = CARTESIAN_POINT('',(-46.77425533887,569.57237823996,
    114.68426364623));
#3699 = DIRECTION('',(-2.433E-14,1.,1.E-17));
#3700 = DIRECTION('',(0.707106781187,1.721097905408E-14,-0.707106781187)
  );
#3701 = ORIENTED_EDGE('',*,*,#2565,.F.);
#3702 = PLANE('',#3703);
#3703 = AXIS2_PLACEMENT_3D('',#3704,#3705,#3706);
#3704 = CARTESIAN_POINT('',(-86.27404677331,569.57237823995,
    85.684254960801));
#3705 = DIRECTION('',(2.433E-14,-1.,-1.E-17));
#3706 = DIRECTION('',(1.,2.433E-14,7.352E-14));
#3707 = ADVANCED_FACE('',(#3708),#3727,.F.);
#3708 = FACE_BOUND('',#3709,.F.);
#3709 = EDGE_LOOP('',(#3710,#3718,#3719,#3720));
#3710 = ORIENTED_EDGE('',*,*,#3711,.T.);
#3711 = EDGE_CURVE('',#3712,#1877,#3714,.T.);
#3712 = VERTEX_POINT('',#3713);
#3713 = CARTESIAN_POINT('',(-131.6742553388,559.57237823995,
    115.68426364623));
#3714 = LINE('',#3715,#3716);
#3715 = CARTESIAN_POINT('',(-131.6742553388,559.57237823995,
    118.68426364623));
#3716 = VECTOR('',#3717,1.);
#3717 = DIRECTION('',(-7.352E-14,6.E-17,1.));
#3718 = ORIENTED_EDGE('',*,*,#1876,.F.);
#3719 = ORIENTED_EDGE('',*,*,#3711,.F.);
#3720 = ORIENTED_EDGE('',*,*,#3721,.T.);
#3721 = EDGE_CURVE('',#3712,#3712,#3722,.T.);
#3722 = CIRCLE('',#3723,1.6);
#3723 = AXIS2_PLACEMENT_3D('',#3724,#3725,#3726);
#3724 = CARTESIAN_POINT('',(-133.2742553388,559.57237823995,
    115.68426364623));
#3725 = DIRECTION('',(-7.349E-14,2.02E-15,1.));
#3726 = DIRECTION('',(-1.,-4.981E-14,-7.349E-14));
#3727 = CYLINDRICAL_SURFACE('',#3728,1.6);
#3728 = AXIS2_PLACEMENT_3D('',#3729,#3730,#3731);
#3729 = CARTESIAN_POINT('',(-133.2742553388,559.57237823995,
    118.68426364623));
#3730 = DIRECTION('',(-7.352E-14,6.E-17,1.));
#3731 = DIRECTION('',(-1.,-4.981E-14,-7.352E-14));
#3732 = ADVANCED_FACE('',(#3733),#3752,.F.);
#3733 = FACE_BOUND('',#3734,.F.);
#3734 = EDGE_LOOP('',(#3735,#3743,#3744,#3745));
#3735 = ORIENTED_EDGE('',*,*,#3736,.T.);
#3736 = EDGE_CURVE('',#3737,#1888,#3739,.T.);
#3737 = VERTEX_POINT('',#3738);
#3738 = CARTESIAN_POINT('',(-56.67425533887,559.57237823995,
    115.68426364623));
#3739 = LINE('',#3740,#3741);
#3740 = CARTESIAN_POINT('',(-56.67425533887,559.57237823995,
    118.68426364623));
#3741 = VECTOR('',#3742,1.);
#3742 = DIRECTION('',(-7.352E-14,6.E-17,1.));
#3743 = ORIENTED_EDGE('',*,*,#1887,.F.);
#3744 = ORIENTED_EDGE('',*,*,#3736,.F.);
#3745 = ORIENTED_EDGE('',*,*,#3746,.T.);
#3746 = EDGE_CURVE('',#3737,#3737,#3747,.T.);
#3747 = CIRCLE('',#3748,1.6);
#3748 = AXIS2_PLACEMENT_3D('',#3749,#3750,#3751);
#3749 = CARTESIAN_POINT('',(-58.27425533887,559.57237823995,
    115.68426364623));
#3750 = DIRECTION('',(-7.349E-14,2.02E-15,1.));
#3751 = DIRECTION('',(-1.,-4.981E-14,-7.349E-14));
#3752 = CYLINDRICAL_SURFACE('',#3753,1.6);
#3753 = AXIS2_PLACEMENT_3D('',#3754,#3755,#3756);
#3754 = CARTESIAN_POINT('',(-58.27425533887,559.57237823995,
    118.68426364623));
#3755 = DIRECTION('',(-7.352E-14,6.E-17,1.));
#3756 = DIRECTION('',(-1.,-4.981E-14,-7.352E-14));
#3757 = ADVANCED_FACE('',(#3758),#3785,.T.);
#3758 = FACE_BOUND('',#3759,.T.);
#3759 = EDGE_LOOP('',(#3760,#3769,#3770,#3779));
#3760 = ORIENTED_EDGE('',*,*,#3761,.F.);
#3761 = EDGE_CURVE('',#1899,#3762,#3764,.T.);
#3762 = VERTEX_POINT('',#3763);
#3763 = CARTESIAN_POINT('',(-129.4742553388,561.77237823995,
    119.48426364623));
#3764 = ELLIPSE('',#3765,1.131370849898,0.8);
#3765 = AXIS2_PLACEMENT_3D('',#3766,#3767,#3768);
#3766 = CARTESIAN_POINT('',(-129.4742553388,562.57237823995,
    118.68426364623));
#3767 = DIRECTION('',(-8.721E-14,0.707106781187,0.707106781187));
#3768 = DIRECTION('',(-1.677E-14,-0.707106781187,0.707106781187));
#3769 = ORIENTED_EDGE('',*,*,#1898,.T.);
#3770 = ORIENTED_EDGE('',*,*,#3771,.F.);
#3771 = EDGE_CURVE('',#3772,#1901,#3774,.T.);
#3772 = VERTEX_POINT('',#3773);
#3773 = CARTESIAN_POINT('',(-129.4742553388,557.37237823995,
    119.48426364623));
#3774 = ELLIPSE('',#3775,1.131370849898,0.8);
#3775 = AXIS2_PLACEMENT_3D('',#3776,#3777,#3778);
#3776 = CARTESIAN_POINT('',(-129.4742553388,556.57237823995,
    118.68426364623));
#3777 = DIRECTION('',(-1.677E-14,-0.707106781187,0.707106781187));
#3778 = DIRECTION('',(-8.721E-14,0.707106781187,0.707106781187));
#3779 = ORIENTED_EDGE('',*,*,#3780,.F.);
#3780 = EDGE_CURVE('',#3762,#3772,#3781,.T.);
#3781 = LINE('',#3782,#3783);
#3782 = CARTESIAN_POINT('',(-129.4742553388,558.07237823995,
    119.48426364623));
#3783 = VECTOR('',#3784,1.);
#3784 = DIRECTION('',(4.981E-14,-1.,-2.6E-16));
#3785 = CYLINDRICAL_SURFACE('',#3786,0.8);
#3786 = AXIS2_PLACEMENT_3D('',#3787,#3788,#3789);
#3787 = CARTESIAN_POINT('',(-129.4742553388,558.07237823995,
    118.68426364623));
#3788 = DIRECTION('',(4.981E-14,-1.,-2.6E-16));
#3789 = DIRECTION('',(-0.707106781187,-3.540483653401E-14,0.707106781186
    ));
#3790 = ADVANCED_FACE('',(#3791),#3810,.F.);
#3791 = FACE_BOUND('',#3792,.T.);
#3792 = EDGE_LOOP('',(#3793,#3802,#3803,#3804));
#3793 = ORIENTED_EDGE('',*,*,#3794,.T.);
#3794 = EDGE_CURVE('',#3795,#1909,#3797,.T.);
#3795 = VERTEX_POINT('',#3796);
#3796 = CARTESIAN_POINT('',(-62.07425533887,561.77237823995,
    119.48426364623));
#3797 = ELLIPSE('',#3798,1.131370849898,0.8);
#3798 = AXIS2_PLACEMENT_3D('',#3799,#3800,#3801);
#3799 = CARTESIAN_POINT('',(-62.07425533887,562.57237823995,
    118.68426364623));
#3800 = DIRECTION('',(-8.721E-14,0.707106781187,0.707106781187));
#3801 = DIRECTION('',(-1.677E-14,-0.707106781187,0.707106781187));
#3802 = ORIENTED_EDGE('',*,*,#1908,.T.);
#3803 = ORIENTED_EDGE('',*,*,#3761,.T.);
#3804 = ORIENTED_EDGE('',*,*,#3805,.F.);
#3805 = EDGE_CURVE('',#3795,#3762,#3806,.T.);
#3806 = LINE('',#3807,#3808);
#3807 = CARTESIAN_POINT('',(-113.0242553388,561.77237823995,
    119.48426364623));
#3808 = VECTOR('',#3809,1.);
#3809 = DIRECTION('',(-1.,-4.981E-14,-7.352E-14));
#3810 = PLANE('',#3811);
#3811 = AXIS2_PLACEMENT_3D('',#3812,#3813,#3814);
#3812 = CARTESIAN_POINT('',(-113.0242553388,562.17237823995,
    119.08426364623));
#3813 = DIRECTION('',(8.721E-14,-0.707106781187,-0.707106781187));
#3814 = DIRECTION('',(1.,4.981178238728E-14,7.352178238728E-14));
#3815 = ADVANCED_FACE('',(#3816),#3835,.T.);
#3816 = FACE_BOUND('',#3817,.T.);
#3817 = EDGE_LOOP('',(#3818,#3827,#3828,#3829));
#3818 = ORIENTED_EDGE('',*,*,#3819,.F.);
#3819 = EDGE_CURVE('',#1917,#3820,#3822,.T.);
#3820 = VERTEX_POINT('',#3821);
#3821 = CARTESIAN_POINT('',(-62.07425533887,557.37237823995,
    119.48426364623));
#3822 = ELLIPSE('',#3823,1.131370849898,0.8);
#3823 = AXIS2_PLACEMENT_3D('',#3824,#3825,#3826);
#3824 = CARTESIAN_POINT('',(-62.07425533887,556.57237823995,
    118.68426364623));
#3825 = DIRECTION('',(-1.677E-14,-0.707106781187,0.707106781187));
#3826 = DIRECTION('',(-8.721E-14,0.707106781187,0.707106781187));
#3827 = ORIENTED_EDGE('',*,*,#1916,.T.);
#3828 = ORIENTED_EDGE('',*,*,#3794,.F.);
#3829 = ORIENTED_EDGE('',*,*,#3830,.F.);
#3830 = EDGE_CURVE('',#3820,#3795,#3831,.T.);
#3831 = LINE('',#3832,#3833);
#3832 = CARTESIAN_POINT('',(-62.07425533887,561.07237823995,
    119.48426364623));
#3833 = VECTOR('',#3834,1.);
#3834 = DIRECTION('',(-4.981E-14,1.,2.6E-16));
#3835 = CYLINDRICAL_SURFACE('',#3836,0.8);
#3836 = AXIS2_PLACEMENT_3D('',#3837,#3838,#3839);
#3837 = CARTESIAN_POINT('',(-62.07425533887,561.07237823995,
    118.68426364623));
#3838 = DIRECTION('',(-4.981E-14,1.,2.6E-16));
#3839 = DIRECTION('',(0.707106781186,3.503714100779E-14,0.707106781187)
  );
#3840 = ADVANCED_FACE('',(#3841),#3852,.F.);
#3841 = FACE_BOUND('',#3842,.T.);
#3842 = EDGE_LOOP('',(#3843,#3844,#3850,#3851));
#3843 = ORIENTED_EDGE('',*,*,#3819,.T.);
#3844 = ORIENTED_EDGE('',*,*,#3845,.F.);
#3845 = EDGE_CURVE('',#3772,#3820,#3846,.T.);
#3846 = LINE('',#3847,#3848);
#3847 = CARTESIAN_POINT('',(-78.52425533887,557.37237823995,
    119.48426364623));
#3848 = VECTOR('',#3849,1.);
#3849 = DIRECTION('',(1.,4.981E-14,7.352E-14));
#3850 = ORIENTED_EDGE('',*,*,#3771,.T.);
#3851 = ORIENTED_EDGE('',*,*,#1924,.T.);
#3852 = PLANE('',#3853);
#3853 = AXIS2_PLACEMENT_3D('',#3854,#3855,#3856);
#3854 = CARTESIAN_POINT('',(-78.52425533887,556.97237823995,
    119.08426364623));
#3855 = DIRECTION('',(1.677E-14,0.707106781187,-0.707106781187));
#3856 = DIRECTION('',(1.,4.98068192795E-14,7.35231807205E-14));
#3857 = ADVANCED_FACE('',(#3858),#3889,.T.);
#3858 = FACE_BOUND('',#3859,.T.);
#3859 = EDGE_LOOP('',(#3860,#3869,#3877,#3884,#3885,#3886,#3887,#3888));
#3860 = ORIENTED_EDGE('',*,*,#3861,.T.);
#3861 = EDGE_CURVE('',#2331,#3862,#3864,.T.);
#3862 = VERTEX_POINT('',#3863);
#3863 = CARTESIAN_POINT('',(-145.2742553388,564.28497026692,
    52.684149792043));
#3864 = ELLIPSE('',#3865,3.486893591242,2.);
#3865 = AXIS2_PLACEMENT_3D('',#3866,#3867,#3868);
#3866 = CARTESIAN_POINT('',(-145.2742553388,561.42867425343,
    54.684149792043));
#3867 = DIRECTION('',(7.416E-14,-0.573576436351,-0.819152044289));
#3868 = DIRECTION('',(-8.94E-15,0.819152044289,-0.573576436351));
#3869 = ORIENTED_EDGE('',*,*,#3870,.T.);
#3870 = EDGE_CURVE('',#3862,#3871,#3873,.T.);
#3871 = VERTEX_POINT('',#3872);
#3872 = CARTESIAN_POINT('',(-47.77425533886,564.28497026692,
    52.68414979205));
#3873 = LINE('',#3874,#3875);
#3874 = CARTESIAN_POINT('',(-45.77425533886,564.28497026692,
    52.68414979205));
#3875 = VECTOR('',#3876,1.);
#3876 = DIRECTION('',(1.,2.429E-14,7.352E-14));
#3877 = ORIENTED_EDGE('',*,*,#3878,.T.);
#3878 = EDGE_CURVE('',#3871,#1998,#3879,.T.);
#3879 = ELLIPSE('',#3880,3.486893591242,2.);
#3880 = AXIS2_PLACEMENT_3D('',#3881,#3882,#3883);
#3881 = CARTESIAN_POINT('',(-47.77425533886,561.42867425343,
    54.68414979205));
#3882 = DIRECTION('',(7.416E-14,-0.573576436351,-0.819152044289));
#3883 = DIRECTION('',(2.234E-14,0.819152044289,-0.573576436351));
#3884 = ORIENTED_EDGE('',*,*,#1997,.T.);
#3885 = ORIENTED_EDGE('',*,*,#2128,.F.);
#3886 = ORIENTED_EDGE('',*,*,#2179,.T.);
#3887 = ORIENTED_EDGE('',*,*,#2247,.F.);
#3888 = ORIENTED_EDGE('',*,*,#2338,.F.);
#3889 = PLANE('',#3890);
#3890 = AXIS2_PLACEMENT_3D('',#3891,#3892,#3893);
#3891 = CARTESIAN_POINT('',(-45.77425533886,564.28497026692,
    52.68414979205));
#3892 = DIRECTION('',(7.416E-14,-0.573576436351,-0.819152044289));
#3893 = DIRECTION('',(-2.228E-14,-0.819152044289,0.573576436351));
#3894 = ADVANCED_FACE('',(#3895),#3914,.T.);
#3895 = FACE_BOUND('',#3896,.T.);
#3896 = EDGE_LOOP('',(#3897,#3898,#3906,#3913));
#3897 = ORIENTED_EDGE('',*,*,#3878,.F.);
#3898 = ORIENTED_EDGE('',*,*,#3899,.F.);
#3899 = EDGE_CURVE('',#3900,#3871,#3902,.T.);
#3900 = VERTEX_POINT('',#3901);
#3901 = CARTESIAN_POINT('',(-47.77425533886,569.57237823995,
    52.68414979205));
#3902 = LINE('',#3903,#3904);
#3903 = CARTESIAN_POINT('',(-47.77425533886,569.57237823995,
    52.68414979205));
#3904 = VECTOR('',#3905,1.);
#3905 = DIRECTION('',(2.428E-14,-1.,1.9E-16));
#3906 = ORIENTED_EDGE('',*,*,#3907,.F.);
#3907 = EDGE_CURVE('',#2006,#3900,#3908,.T.);
#3908 = CIRCLE('',#3909,2.);
#3909 = AXIS2_PLACEMENT_3D('',#3910,#3911,#3912);
#3910 = CARTESIAN_POINT('',(-47.77425533886,569.57237823995,
    54.68414979205));
#3911 = DIRECTION('',(-2.433E-14,1.,1.E-17));
#3912 = DIRECTION('',(0.707106781187,1.721097905408E-14,-0.707106781186)
  );
#3913 = ORIENTED_EDGE('',*,*,#2005,.F.);
#3914 = CYLINDRICAL_SURFACE('',#3915,2.);
#3915 = AXIS2_PLACEMENT_3D('',#3916,#3917,#3918);
#3916 = CARTESIAN_POINT('',(-47.77425533886,569.57237823995,
    54.68414979205));
#3917 = DIRECTION('',(-2.428E-14,1.,-1.9E-16));
#3918 = DIRECTION('',(0.707106781187,1.703420235879E-14,-0.707106781186)
  );
#3919 = ADVANCED_FACE('',(#3920),#3964,.F.);
#3920 = FACE_BOUND('',#3921,.T.);
#3921 = EDGE_LOOP('',(#3922,#3931,#3939,#3946,#3947,#3948,#3956,#3963));
#3922 = ORIENTED_EDGE('',*,*,#3923,.T.);
#3923 = EDGE_CURVE('',#2315,#3924,#3926,.T.);
#3924 = VERTEX_POINT('',#3925);
#3925 = CARTESIAN_POINT('',(-146.2742553388,569.57237823995,
    57.684149792039));
#3926 = CIRCLE('',#3927,1.);
#3927 = AXIS2_PLACEMENT_3D('',#3928,#3929,#3930);
#3928 = CARTESIAN_POINT('',(-146.2742553388,569.57237823995,
    56.684149792043));
#3929 = DIRECTION('',(-2.433E-14,1.,1.E-17));
#3930 = DIRECTION('',(-0.707106781187,-1.721097905408E-14,0.707106781187
    ));
#3931 = ORIENTED_EDGE('',*,*,#3932,.F.);
#3932 = EDGE_CURVE('',#3933,#3924,#3935,.T.);
#3933 = VERTEX_POINT('',#3934);
#3934 = CARTESIAN_POINT('',(-46.77425533886,569.57237823995,
    57.68414979205));
#3935 = LINE('',#3936,#3937);
#3936 = CARTESIAN_POINT('',(-118.8737959042,569.57237823995,
    57.684149792042));
#3937 = VECTOR('',#3938,1.);
#3938 = DIRECTION('',(-1.,-2.433E-14,-7.352E-14));
#3939 = ORIENTED_EDGE('',*,*,#3940,.T.);
#3940 = EDGE_CURVE('',#3933,#2014,#3941,.T.);
#3941 = CIRCLE('',#3942,1.);
#3942 = AXIS2_PLACEMENT_3D('',#3943,#3944,#3945);
#3943 = CARTESIAN_POINT('',(-46.77425533886,569.57237823995,
    56.68414979205));
#3944 = DIRECTION('',(-2.433E-14,1.,1.E-17));
#3945 = DIRECTION('',(0.707106781186,1.719683691846E-14,0.707106781187)
  );
#3946 = ORIENTED_EDGE('',*,*,#2013,.T.);
#3947 = ORIENTED_EDGE('',*,*,#3907,.T.);
#3948 = ORIENTED_EDGE('',*,*,#3949,.T.);
#3949 = EDGE_CURVE('',#3900,#3950,#3952,.T.);
#3950 = VERTEX_POINT('',#3951);
#3951 = CARTESIAN_POINT('',(-145.2742553388,569.57237823995,
    52.684149792042));
#3952 = LINE('',#3953,#3954);
#3953 = CARTESIAN_POINT('',(-144.9491505923,569.57237823995,
    52.684149792042));
#3954 = VECTOR('',#3955,1.);
#3955 = DIRECTION('',(-1.,-2.433E-14,-7.352E-14));
#3956 = ORIENTED_EDGE('',*,*,#3957,.T.);
#3957 = EDGE_CURVE('',#3950,#2323,#3958,.T.);
#3958 = CIRCLE('',#3959,2.);
#3959 = AXIS2_PLACEMENT_3D('',#3960,#3961,#3962);
#3960 = CARTESIAN_POINT('',(-145.2742553388,569.57237823995,
    54.684149792043));
#3961 = DIRECTION('',(-2.433E-14,1.,1.E-17));
#3962 = DIRECTION('',(-0.707106781186,-1.719683691846E-14,
    -0.707106781187));
#3963 = ORIENTED_EDGE('',*,*,#2322,.F.);
#3964 = PLANE('',#3965);
#3965 = AXIS2_PLACEMENT_3D('',#3966,#3967,#3968);
#3966 = CARTESIAN_POINT('',(-86.27404677331,569.57237823995,
    85.684254960801));
#3967 = DIRECTION('',(2.433E-14,-1.,-1.E-17));
#3968 = DIRECTION('',(1.,2.433E-14,7.352E-14));
#3969 = ADVANCED_FACE('',(#3970),#3989,.T.);
#3970 = FACE_BOUND('',#3971,.T.);
#3971 = EDGE_LOOP('',(#3972,#3973,#3981,#3988));
#3972 = ORIENTED_EDGE('',*,*,#3940,.F.);
#3973 = ORIENTED_EDGE('',*,*,#3974,.F.);
#3974 = EDGE_CURVE('',#3975,#3933,#3977,.T.);
#3975 = VERTEX_POINT('',#3976);
#3976 = CARTESIAN_POINT('',(-46.77425533886,567.57237819525,
    57.68414979205));
#3977 = LINE('',#3978,#3979);
#3978 = CARTESIAN_POINT('',(-46.77425533886,569.57237823995,
    57.68414979205));
#3979 = VECTOR('',#3980,1.);
#3980 = DIRECTION('',(-2.428E-14,1.,2.2E-16));
#3981 = ORIENTED_EDGE('',*,*,#3982,.T.);
#3982 = EDGE_CURVE('',#3975,#2022,#3983,.T.);
#3983 = CIRCLE('',#3984,1.);
#3984 = AXIS2_PLACEMENT_3D('',#3985,#3986,#3987);
#3985 = CARTESIAN_POINT('',(-46.77425533886,567.57237819525,
    56.68414979205));
#3986 = DIRECTION('',(-2.317E-14,1.,2.48E-15));
#3987 = DIRECTION('',(-7.352E-14,-2.480000000002E-15,1.));
#3988 = ORIENTED_EDGE('',*,*,#2021,.F.);
#3989 = CYLINDRICAL_SURFACE('',#3990,1.);
#3990 = AXIS2_PLACEMENT_3D('',#3991,#3992,#3993);
#3991 = CARTESIAN_POINT('',(-46.77425533886,569.57237823995,
    56.68414979205));
#3992 = DIRECTION('',(2.428E-14,-1.,-2.2E-16));
#3993 = DIRECTION('',(0.707106781186,1.701298915535E-14,0.707106781187)
  );
#3994 = ADVANCED_FACE('',(#3995),#4013,.T.);
#3995 = FACE_BOUND('',#3996,.T.);
#3996 = EDGE_LOOP('',(#3997,#3998,#4005,#4012));
#3997 = ORIENTED_EDGE('',*,*,#3982,.F.);
#3998 = ORIENTED_EDGE('',*,*,#3999,.F.);
#3999 = EDGE_CURVE('',#3498,#3975,#4000,.T.);
#4000 = CIRCLE('',#4001,11.);
#4001 = AXIS2_PLACEMENT_3D('',#4002,#4003,#4004);
#4002 = CARTESIAN_POINT('',(-46.77425533886,567.57237819525,
    68.68414979205));
#4003 = DIRECTION('',(1.,2.428E-14,7.352E-14));
#4004 = DIRECTION('',(6.915504320004E-14,-0.707106781187,-0.707106781187
    ));
#4005 = ORIENTED_EDGE('',*,*,#4006,.T.);
#4006 = EDGE_CURVE('',#3498,#2030,#4007,.T.);
#4007 = CIRCLE('',#4008,1.);
#4008 = AXIS2_PLACEMENT_3D('',#4009,#4010,#4011);
#4009 = CARTESIAN_POINT('',(-46.77425533886,555.57237819525,
    68.68414979205));
#4010 = DIRECTION('',(7.352E-14,-6.4E-15,-1.));
#4011 = DIRECTION('',(-4.981E-14,1.,-6.400000000004E-15));
#4012 = ORIENTED_EDGE('',*,*,#2029,.F.);
#4013 = TOROIDAL_SURFACE('',#4014,12.,1.);
#4014 = AXIS2_PLACEMENT_3D('',#4015,#4016,#4017);
#4015 = CARTESIAN_POINT('',(-46.77425533886,567.57237819525,
    68.68414979205));
#4016 = DIRECTION('',(1.,2.428E-14,7.352E-14));
#4017 = DIRECTION('',(7.352000000001E-14,-2.5361E-13,-1.));
#4018 = ADVANCED_FACE('',(#4019),#4031,.T.);
#4019 = FACE_BOUND('',#4020,.T.);
#4020 = EDGE_LOOP('',(#4021,#4022,#4023,#4030));
#4021 = ORIENTED_EDGE('',*,*,#4006,.F.);
#4022 = ORIENTED_EDGE('',*,*,#3497,.F.);
#4023 = ORIENTED_EDGE('',*,*,#4024,.T.);
#4024 = EDGE_CURVE('',#3490,#2039,#4025,.T.);
#4025 = CIRCLE('',#4026,1.);
#4026 = AXIS2_PLACEMENT_3D('',#4027,#4028,#4029);
#4027 = CARTESIAN_POINT('',(-46.77425533887,555.57237819525,
    102.68426364623));
#4028 = DIRECTION('',(7.352E-14,-6.4E-15,-1.));
#4029 = DIRECTION('',(-3.205E-14,1.,-6.400000000002E-15));
#4030 = ORIENTED_EDGE('',*,*,#2038,.F.);
#4031 = CYLINDRICAL_SURFACE('',#4032,1.);
#4032 = AXIS2_PLACEMENT_3D('',#4033,#4034,#4035);
#4033 = CARTESIAN_POINT('',(-46.77425533887,555.57237819525,
    110.68426364623));
#4034 = DIRECTION('',(-7.352E-14,2.66E-15,1.));
#4035 = DIRECTION('',(0.707106781187,0.707106781187,5.010558651488E-14)
  );
#4036 = ADVANCED_FACE('',(#4037),#4055,.T.);
#4037 = FACE_BOUND('',#4038,.T.);
#4038 = EDGE_LOOP('',(#4039,#4040,#4047,#4054));
#4039 = ORIENTED_EDGE('',*,*,#4024,.F.);
#4040 = ORIENTED_EDGE('',*,*,#4041,.F.);
#4041 = EDGE_CURVE('',#2574,#3490,#4042,.T.);
#4042 = CIRCLE('',#4043,11.);
#4043 = AXIS2_PLACEMENT_3D('',#4044,#4045,#4046);
#4044 = CARTESIAN_POINT('',(-46.77425533887,567.57237819525,
    102.68426364623));
#4045 = DIRECTION('',(1.,2.428E-14,7.352E-14));
#4046 = DIRECTION('',(-3.481793790563E-14,-0.707106781186,0.707106781187
    ));
#4047 = ORIENTED_EDGE('',*,*,#4048,.T.);
#4048 = EDGE_CURVE('',#2574,#2047,#4049,.T.);
#4049 = CIRCLE('',#4050,1.);
#4050 = AXIS2_PLACEMENT_3D('',#4051,#4052,#4053);
#4051 = CARTESIAN_POINT('',(-46.77425533887,567.57237819526,
    114.68426364623));
#4052 = DIRECTION('',(2.317E-14,-1.,2.5509E-13));
#4053 = DIRECTION('',(7.352E-14,-2.5509E-13,-1.));
#4054 = ORIENTED_EDGE('',*,*,#2046,.F.);
#4055 = TOROIDAL_SURFACE('',#4056,12.,1.);
#4056 = AXIS2_PLACEMENT_3D('',#4057,#4058,#4059);
#4057 = CARTESIAN_POINT('',(-46.77425533887,567.57237819525,
    102.68426364623));
#4058 = DIRECTION('',(-1.,-2.428E-14,-7.352E-14));
#4059 = DIRECTION('',(-7.352000000001E-14,2.5361E-13,1.));
#4060 = ADVANCED_FACE('',(#4061),#4067,.T.);
#4061 = FACE_BOUND('',#4062,.T.);
#4062 = EDGE_LOOP('',(#4063,#4064,#4065,#4066));
#4063 = ORIENTED_EDGE('',*,*,#3695,.F.);
#4064 = ORIENTED_EDGE('',*,*,#2055,.F.);
#4065 = ORIENTED_EDGE('',*,*,#4048,.F.);
#4066 = ORIENTED_EDGE('',*,*,#2573,.F.);
#4067 = CYLINDRICAL_SURFACE('',#4068,1.);
#4068 = AXIS2_PLACEMENT_3D('',#4069,#4070,#4071);
#4069 = CARTESIAN_POINT('',(-46.77425533887,571.07237833681,
    114.68426364623));
#4070 = DIRECTION('',(-2.428E-14,1.,-2.5509E-13));
#4071 = DIRECTION('',(0.707106781187,-1.632073161657E-13,-0.707106781187
    ));
#4072 = ADVANCED_FACE('',(#4073),#4085,.T.);
#4073 = FACE_BOUND('',#4074,.T.);
#4074 = EDGE_LOOP('',(#4075,#4076,#4077,#4084));
#4075 = ORIENTED_EDGE('',*,*,#3683,.F.);
#4076 = ORIENTED_EDGE('',*,*,#2557,.F.);
#4077 = ORIENTED_EDGE('',*,*,#4078,.F.);
#4078 = EDGE_CURVE('',#2089,#2550,#4079,.T.);
#4079 = CIRCLE('',#4080,1.);
#4080 = AXIS2_PLACEMENT_3D('',#4081,#4082,#4083);
#4081 = CARTESIAN_POINT('',(-146.2742553388,567.57237819525,
    114.68426364622));
#4082 = DIRECTION('',(4.981E-14,-1.,2.5509E-13));
#4083 = DIRECTION('',(-1.,-4.981000000002E-14,-8.24E-14));
#4084 = ORIENTED_EDGE('',*,*,#2088,.F.);
#4085 = CYLINDRICAL_SURFACE('',#4086,1.);
#4086 = AXIS2_PLACEMENT_3D('',#4087,#4088,#4089);
#4087 = CARTESIAN_POINT('',(-146.2742553388,549.57237823995,
    114.68426364622));
#4088 = DIRECTION('',(-4.981E-14,1.,-2.5509E-13));
#4089 = DIRECTION('',(-0.707106781186,-2.155968575838E-13,
    -0.707106781187));
#4090 = ADVANCED_FACE('',(#4091),#4111,.T.);
#4091 = FACE_BOUND('',#4092,.T.);
#4092 = EDGE_LOOP('',(#4093,#4102,#4103,#4104));
#4093 = ORIENTED_EDGE('',*,*,#4094,.F.);
#4094 = EDGE_CURVE('',#2097,#4095,#4097,.T.);
#4095 = VERTEX_POINT('',#4096);
#4096 = CARTESIAN_POINT('',(-146.2742553388,559.43670321523,
    110.08769478451));
#4097 = CIRCLE('',#4098,1.);
#4098 = AXIS2_PLACEMENT_3D('',#4099,#4100,#4101);
#4099 = CARTESIAN_POINT('',(-146.2742553388,558.69709639886,
    110.7607339789));
#4100 = DIRECTION('',(9.447E-14,-0.67303919439,-0.739606816366));
#4101 = DIRECTION('',(-1.,-4.981155879841E-14,-8.240171297294E-14));
#4102 = ORIENTED_EDGE('',*,*,#2096,.F.);
#4103 = ORIENTED_EDGE('',*,*,#4078,.T.);
#4104 = ORIENTED_EDGE('',*,*,#4105,.F.);
#4105 = EDGE_CURVE('',#4095,#2550,#4106,.T.);
#4106 = CIRCLE('',#4107,11.);
#4107 = AXIS2_PLACEMENT_3D('',#4108,#4109,#4110);
#4108 = CARTESIAN_POINT('',(-146.2742553388,567.57237819525,
    102.68426364622));
#4109 = DIRECTION('',(-1.,-4.981E-14,-8.314E-14));
#4110 = DIRECTION('',(-5.926140243926E-14,-0.364537669042,0.931188642462
    ));
#4111 = TOROIDAL_SURFACE('',#4112,12.,1.);
#4112 = AXIS2_PLACEMENT_3D('',#4113,#4114,#4115);
#4113 = CARTESIAN_POINT('',(-146.2742553388,567.57237819525,
    102.68426364622));
#4114 = DIRECTION('',(-1.,-4.981E-14,-8.314E-14));
#4115 = DIRECTION('',(-8.314000000001E-14,2.5361E-13,1.));
#4116 = ADVANCED_FACE('',(#4117),#4138,.T.);
#4117 = FACE_BOUND('',#4118,.T.);
#4118 = EDGE_LOOP('',(#4119,#4120,#4130,#4137));
#4119 = ORIENTED_EDGE('',*,*,#4094,.T.);
#4120 = ORIENTED_EDGE('',*,*,#4121,.F.);
#4121 = EDGE_CURVE('',#4122,#4095,#4124,.T.);
#4122 = VERTEX_POINT('',#4123);
#4123 = CARTESIAN_POINT('',(-148.2742553388,557.41738057762,
    106.91226830397));
#4124 = B_SPLINE_CURVE_WITH_KNOTS('',3,(#4125,#4126,#4127,#4128,#4129),
  .UNSPECIFIED.,.F.,.F.,(4,1,4),(0.,0.27385774397,0.479251051947),
  .UNSPECIFIED.);
#4125 = CARTESIAN_POINT('',(-148.2742553388,557.41738057762,
    106.91226830397));
#4126 = CARTESIAN_POINT('',(-147.5002886739,557.58792153583,
    107.32188067778));
#4127 = CARTESIAN_POINT('',(-146.4931253255,558.11712159649,
    108.44270786491));
#4128 = CARTESIAN_POINT('',(-146.2742553388,559.01431010082,
    109.62352445208));
#4129 = CARTESIAN_POINT('',(-146.2742553388,559.43670321523,
    110.08769478451));
#4130 = ORIENTED_EDGE('',*,*,#4131,.F.);
#4131 = EDGE_CURVE('',#2145,#4122,#4132,.T.);
#4132 = CIRCLE('',#4133,1.);
#4133 = AXIS2_PLACEMENT_3D('',#4134,#4135,#4136);
#4134 = CARTESIAN_POINT('',(-148.2742553388,556.49419897602,
    107.29663236377));
#4135 = DIRECTION('',(-0.84784894563,-0.203804368269,-0.489505816992));
#4136 = DIRECTION('',(-0.5,1.957878303926E-13,0.866025403784));
#4137 = ORIENTED_EDGE('',*,*,#2152,.F.);
#4138 = B_SPLINE_SURFACE_WITH_KNOTS('',3,3,(
    (#4139,#4140,#4141,#4142,#4143)
    ,(#4144,#4145,#4146,#4147,#4148)
    ,(#4149,#4150,#4151,#4152,#4153)
    ,(#4154,#4155,#4156,#4157,#4158)
    ,(#4159,#4160,#4161,#4162,#4163)
    ,(#4164,#4165,#4166,#4167,#4168
    )),.UNSPECIFIED.,.F.,.F.,.F.,(4,1,1,4),(4,1,4),(0.,0.285714285714,
    0.571428571429,1.),(0.,0.27385774397,0.479251051947),.UNSPECIFIED.);
#4139 = CARTESIAN_POINT('',(-148.2742553388,557.41738057762,
    106.91226830397));
#4140 = CARTESIAN_POINT('',(-147.5002886739,557.58792153583,
    107.32188067778));
#4141 = CARTESIAN_POINT('',(-146.4931253255,558.11712159649,
    108.44270786491));
#4142 = CARTESIAN_POINT('',(-146.2742553388,559.01431010082,
    109.62352445208));
#4143 = CARTESIAN_POINT('',(-146.2742553388,559.43670321523,
    110.08769478451));
#4144 = CARTESIAN_POINT('',(-148.3707152379,557.47666455642,
    107.0546590325));
#4145 = CARTESIAN_POINT('',(-147.6331421726,557.64370430209,
    107.43967957449));
#4146 = CARTESIAN_POINT('',(-146.6649322912,558.1548245944,
    108.49251031785));
#4147 = CARTESIAN_POINT('',(-146.4319824027,559.02376889975,
    109.63387528003));
#4148 = CARTESIAN_POINT('',(-146.423854989,559.43670321523,
    110.08769478451));
#4149 = CARTESIAN_POINT('',(-148.5630086154,557.50075367332,
    107.37769149621));
#4150 = CARTESIAN_POINT('',(-147.8980526252,557.66356173266,
    107.71700346501));
#4151 = CARTESIAN_POINT('',(-147.0076725372,558.15020313812,
    108.64205337663));
#4152 = CARTESIAN_POINT('',(-146.7468370889,558.98374819694,
    109.70285204708));
#4153 = CARTESIAN_POINT('',(-146.7225479286,559.38606790098,
    110.13377271451));
#4154 = CARTESIAN_POINT('',(-148.8032086792,557.20292798203,
    107.91772909855));
#4155 = CARTESIAN_POINT('',(-148.2298326343,557.37010084829,
    108.2135494367));
#4156 = CARTESIAN_POINT('',(-147.4478166573,557.86825861457,
    109.01443283875));
#4157 = CARTESIAN_POINT('',(-147.1790834158,558.7244965974,
    109.96615540588));
#4158 = CARTESIAN_POINT('',(-147.1430069406,559.13861481589,
    110.35895401537));
#4159 = CARTESIAN_POINT('',(-148.8224181099,556.76134898845,
    108.13485097873));
#4160 = CARTESIAN_POINT('',(-148.2590416998,556.9402169694,
    108.44566445121));
#4161 = CARTESIAN_POINT('',(-147.5083484094,557.48760979609,
    109.29191032443));
#4162 = CARTESIAN_POINT('',(-147.2936401937,558.41995394497,
    110.23131020896));
#4163 = CARTESIAN_POINT('',(-147.2742553388,558.86306378035,
    110.60970433685));
#4164 = CARTESIAN_POINT('',(-148.7742553388,556.49419897602,
    108.16265776755));
#4165 = CARTESIAN_POINT('',(-148.1937803401,556.6802436577,
    108.4977951643));
#4166 = CARTESIAN_POINT('',(-147.4384078288,557.25755281478,
    109.41483559014));
#4167 = CARTESIAN_POINT('',(-147.2742553388,558.23630391041,
    110.38095825236));
#4168 = CARTESIAN_POINT('',(-147.2742553388,558.69709639886,
    110.7607339789));
#4169 = ADVANCED_FACE('',(#4170),#4189,.F.);
#4170 = FACE_BOUND('',#4171,.F.);
#4171 = EDGE_LOOP('',(#4172,#4180,#4181,#4182));
#4172 = ORIENTED_EDGE('',*,*,#4173,.T.);
#4173 = EDGE_CURVE('',#4174,#2189,#4176,.T.);
#4174 = VERTEX_POINT('',#4175);
#4175 = CARTESIAN_POINT('',(-98.12425533886,554.07237823995,
    63.684149792046));
#4176 = LINE('',#4177,#4178);
#4177 = CARTESIAN_POINT('',(-98.12425533886,554.07237823995,
    56.684149792046));
#4178 = VECTOR('',#4179,1.);
#4179 = DIRECTION('',(7.352E-14,1.84E-15,-1.));
#4180 = ORIENTED_EDGE('',*,*,#2188,.F.);
#4181 = ORIENTED_EDGE('',*,*,#4173,.F.);
#4182 = ORIENTED_EDGE('',*,*,#4183,.T.);
#4183 = EDGE_CURVE('',#4174,#4174,#4184,.T.);
#4184 = CIRCLE('',#4185,2.35);
#4185 = AXIS2_PLACEMENT_3D('',#4186,#4187,#4188);
#4186 = CARTESIAN_POINT('',(-95.77425533886,554.07237823995,
    63.684149792046));
#4187 = DIRECTION('',(7.352E-14,2.01E-15,-1.));
#4188 = DIRECTION('',(1.,4.981E-14,7.352E-14));
#4189 = CYLINDRICAL_SURFACE('',#4190,2.35);
#4190 = AXIS2_PLACEMENT_3D('',#4191,#4192,#4193);
#4191 = CARTESIAN_POINT('',(-95.77425533886,554.07237823995,
    56.684149792046));
#4192 = DIRECTION('',(7.352E-14,1.84E-15,-1.));
#4193 = DIRECTION('',(1.,4.981E-14,7.352E-14));
#4194 = ADVANCED_FACE('',(#4195),#4213,.T.);
#4195 = FACE_BOUND('',#4196,.T.);
#4196 = EDGE_LOOP('',(#4197,#4204,#4205,#4206));
#4197 = ORIENTED_EDGE('',*,*,#4198,.F.);
#4198 = EDGE_CURVE('',#2208,#3602,#4199,.T.);
#4199 = CIRCLE('',#4200,1.);
#4200 = AXIS2_PLACEMENT_3D('',#4201,#4202,#4203);
#4201 = CARTESIAN_POINT('',(-156.2631123009,555.57237819525,
    102.68426364622));
#4202 = DIRECTION('',(-0.866025403784,1.4865E-13,-0.5));
#4203 = DIRECTION('',(-0.5,2.0045E-13,0.866025403784));
#4204 = ORIENTED_EDGE('',*,*,#2207,.F.);
#4205 = ORIENTED_EDGE('',*,*,#4131,.T.);
#4206 = ORIENTED_EDGE('',*,*,#4207,.F.);
#4207 = EDGE_CURVE('',#3602,#4122,#4208,.T.);
#4208 = ELLIPSE('',#4209,23.51595203261,11.);
#4209 = AXIS2_PLACEMENT_3D('',#4210,#4211,#4212);
#4210 = CARTESIAN_POINT('',(-156.2631123008,567.57237819525,
    102.68426364622));
#4211 = DIRECTION('',(-0.467767581119,2.0202E-13,0.883851509052));
#4212 = DIRECTION('',(0.883851509052,4.532E-14,0.467767581119));
#4213 = B_SPLINE_SURFACE_WITH_KNOTS('',3,3,(
    (#4214,#4215,#4216,#4217)
    ,(#4218,#4219,#4220,#4221)
    ,(#4222,#4223,#4224,#4225)
    ,(#4226,#4227,#4228,#4229)
    ,(#4230,#4231,#4232,#4233)
    ,(#4234,#4235,#4236,#4237
    )),.UNSPECIFIED.,.F.,.F.,.F.,(4,1,1,4),(4,4),(0.,0.285714285714,
    0.571428571429,1.),(-1.570796326795,-1.176277460212),.UNSPECIFIED.);
#4214 = CARTESIAN_POINT('',(-156.2631123009,556.57237819525,
    102.68426364622));
#4215 = CARTESIAN_POINT('',(-153.529805415,556.57237819525,
    104.13083282369));
#4216 = CARTESIAN_POINT('',(-150.7975939674,556.86137137579,
    105.57682225388));
#4217 = CARTESIAN_POINT('',(-148.2742553388,557.41738057762,
    106.91226830397));
#4218 = CARTESIAN_POINT('',(-156.3379121259,556.57237819525,
    102.81382074366));
#4219 = CARTESIAN_POINT('',(-153.6100371583,556.58946189877,
    104.26977710967));
#4220 = CARTESIAN_POINT('',(-150.8846128128,556.89932745697,
    105.72093741583));
#4221 = CARTESIAN_POINT('',(-148.3707152379,557.47666455642,
    107.0546590325));
#4222 = CARTESIAN_POINT('',(-156.4872585973,556.50391572106,
    103.07249641998));
#4223 = CARTESIAN_POINT('',(-153.7701852559,556.5449359073,
    104.55616778688));
#4224 = CARTESIAN_POINT('',(-151.0581483913,556.88709566365,
    106.0303211922));
#4225 = CARTESIAN_POINT('',(-148.5630086191,557.50075367838,
    107.37769150063));
#4226 = CARTESIAN_POINT('',(-156.6974881041,556.16934189158,
    103.43662460706));
#4227 = CARTESIAN_POINT('',(-153.9882927584,556.21225765583,
    104.9779394022));
#4228 = CARTESIAN_POINT('',(-151.2860065512,556.56669190802,
    106.51242155132));
#4229 = CARTESIAN_POINT('',(-148.8032086849,557.20292798797,
    107.91772910601));
#4230 = CARTESIAN_POINT('',(-156.7631123009,555.7967776705,103.55028905)
  );
#4231 = CARTESIAN_POINT('',(-154.0427611903,555.81314418406,
    105.12126016215));
#4232 = CARTESIAN_POINT('',(-151.3254699693,556.14311386169,
    106.68905528679));
#4233 = CARTESIAN_POINT('',(-148.8224181099,556.76134898845,
    108.13485097873));
#4234 = CARTESIAN_POINT('',(-156.7631123009,555.57237819525,103.55028905
    ));
#4235 = CARTESIAN_POINT('',(-154.029805415,555.57237819525,
    105.12836451634));
#4236 = CARTESIAN_POINT('',(-151.2975939674,555.88764348311,
    106.70580753109));
#4237 = CARTESIAN_POINT('',(-148.7742553388,556.49419897602,
    108.16265776755));
#4238 = ADVANCED_FACE('',(#4239),#4251,.T.);
#4239 = FACE_BOUND('',#4240,.T.);
#4240 = EDGE_LOOP('',(#4241,#4248,#4249,#4250));
#4241 = ORIENTED_EDGE('',*,*,#4242,.T.);
#4242 = EDGE_CURVE('',#3593,#2217,#4243,.T.);
#4243 = CIRCLE('',#4244,0.999999999996);
#4244 = AXIS2_PLACEMENT_3D('',#4245,#4246,#4247);
#4245 = CARTESIAN_POINT('',(-156.2742553388,555.57237819525,
    102.67783021025));
#4246 = DIRECTION('',(0.866025403784,4.634E-14,0.5));
#4247 = DIRECTION('',(-4.981283591926E-14,1.,-6.401637318749E-15));
#4248 = ORIENTED_EDGE('',*,*,#2216,.F.);
#4249 = ORIENTED_EDGE('',*,*,#4198,.T.);
#4250 = ORIENTED_EDGE('',*,*,#3601,.F.);
#4251 = CYLINDRICAL_SURFACE('',#4252,1.);
#4252 = AXIS2_PLACEMENT_3D('',#4253,#4254,#4255);
#4253 = CARTESIAN_POINT('',(-90.21036245912,555.57237819525,
    140.81983654809));
#4254 = DIRECTION('',(0.866025403784,4.447E-14,0.5));
#4255 = DIRECTION('',(-0.353553390593,0.707106781187,0.612372435696));
#4256 = ADVANCED_FACE('',(#4257),#4269,.T.);
#4257 = FACE_BOUND('',#4258,.T.);
#4258 = EDGE_LOOP('',(#4259,#4260,#4261,#4268));
#4259 = ORIENTED_EDGE('',*,*,#4242,.F.);
#4260 = ORIENTED_EDGE('',*,*,#3592,.F.);
#4261 = ORIENTED_EDGE('',*,*,#4262,.F.);
#4262 = EDGE_CURVE('',#2266,#3585,#4263,.T.);
#4263 = CIRCLE('',#4264,1.);
#4264 = AXIS2_PLACEMENT_3D('',#4265,#4266,#4267);
#4265 = CARTESIAN_POINT('',(-158.7742553388,555.57237819525,
    98.347703191331));
#4266 = DIRECTION('',(7.352E-14,-6.4E-15,-1.));
#4267 = DIRECTION('',(-1.,-4.981E-14,-7.352E-14));
#4268 = ORIENTED_EDGE('',*,*,#2265,.F.);
#4269 = TOROIDAL_SURFACE('',#4270,5.,1.);
#4270 = AXIS2_PLACEMENT_3D('',#4271,#4272,#4273);
#4271 = CARTESIAN_POINT('',(-153.7742553388,555.57237819525,
    98.347703191332));
#4272 = DIRECTION('',(-4.981E-14,1.,-2.66E-15));
#4273 = DIRECTION('',(7.579E-14,-2.659999999996E-15,-1.));
#4274 = ADVANCED_FACE('',(#4275),#4293,.T.);
#4275 = FACE_BOUND('',#4276,.T.);
#4276 = EDGE_LOOP('',(#4277,#4284,#4285,#4292));
#4277 = ORIENTED_EDGE('',*,*,#4278,.F.);
#4278 = EDGE_CURVE('',#2298,#3543,#4279,.T.);
#4279 = CIRCLE('',#4280,1.);
#4280 = AXIS2_PLACEMENT_3D('',#4281,#4282,#4283);
#4281 = CARTESIAN_POINT('',(-146.2742553388,555.57237819525,
    68.684149792043));
#4282 = DIRECTION('',(7.352E-14,-6.4E-15,-1.));
#4283 = DIRECTION('',(-1.,-4.981E-14,-7.352E-14));
#4284 = ORIENTED_EDGE('',*,*,#2297,.F.);
#4285 = ORIENTED_EDGE('',*,*,#4286,.T.);
#4286 = EDGE_CURVE('',#2290,#3551,#4287,.T.);
#4287 = CIRCLE('',#4288,1.);
#4288 = AXIS2_PLACEMENT_3D('',#4289,#4290,#4291);
#4289 = CARTESIAN_POINT('',(-146.2742553388,555.57237819524,
    76.69706809672));
#4290 = DIRECTION('',(9.129E-14,-6.4E-15,-1.));
#4291 = DIRECTION('',(-1.,-4.981E-14,-9.129E-14));
#4292 = ORIENTED_EDGE('',*,*,#3550,.F.);
#4293 = CYLINDRICAL_SURFACE('',#4294,1.);
#4294 = AXIS2_PLACEMENT_3D('',#4295,#4296,#4297);
#4295 = CARTESIAN_POINT('',(-146.2742553388,555.57237819525,
    89.690665871473));
#4296 = DIRECTION('',(-7.448E-14,2.66E-15,1.));
#4297 = DIRECTION('',(-0.707106781187,0.707106781187,-5.454621710073E-14
    ));
#4298 = ADVANCED_FACE('',(#4299),#4319,.T.);
#4299 = FACE_BOUND('',#4300,.T.);
#4300 = EDGE_LOOP('',(#4301,#4310,#4311,#4312));
#4301 = ORIENTED_EDGE('',*,*,#4302,.F.);
#4302 = EDGE_CURVE('',#2306,#4303,#4305,.T.);
#4303 = VERTEX_POINT('',#4304);
#4304 = CARTESIAN_POINT('',(-146.2742553388,567.57237819525,
    57.684149792043));
#4305 = CIRCLE('',#4306,1.);
#4306 = AXIS2_PLACEMENT_3D('',#4307,#4308,#4309);
#4307 = CARTESIAN_POINT('',(-146.2742553388,567.57237819525,
    56.684149792043));
#4308 = DIRECTION('',(-4.981E-14,1.,2.334E-13));
#4309 = DIRECTION('',(-1.,-4.980999999998E-14,-7.352E-14));
#4310 = ORIENTED_EDGE('',*,*,#2305,.F.);
#4311 = ORIENTED_EDGE('',*,*,#4278,.T.);
#4312 = ORIENTED_EDGE('',*,*,#4313,.F.);
#4313 = EDGE_CURVE('',#4303,#3543,#4314,.T.);
#4314 = CIRCLE('',#4315,11.);
#4315 = AXIS2_PLACEMENT_3D('',#4316,#4317,#4318);
#4316 = CARTESIAN_POINT('',(-146.2742553388,567.57237819525,
    68.684149792043));
#4317 = DIRECTION('',(-1.,-4.981E-14,-7.448E-14));
#4318 = DIRECTION('',(8.788630183368E-14,-0.707106781186,-0.707106781187
    ));
#4319 = TOROIDAL_SURFACE('',#4320,12.,1.);
#4320 = AXIS2_PLACEMENT_3D('',#4321,#4322,#4323);
#4321 = CARTESIAN_POINT('',(-146.2742553388,567.57237819525,
    68.684149792043));
#4322 = DIRECTION('',(1.,4.981E-14,7.448E-14));
#4323 = DIRECTION('',(7.448000000001E-14,-2.5361E-13,-1.));
#4324 = ADVANCED_FACE('',(#4325),#4336,.T.);
#4325 = FACE_BOUND('',#4326,.T.);
#4326 = EDGE_LOOP('',(#4327,#4328,#4329,#4330));
#4327 = ORIENTED_EDGE('',*,*,#3923,.F.);
#4328 = ORIENTED_EDGE('',*,*,#2314,.F.);
#4329 = ORIENTED_EDGE('',*,*,#4302,.T.);
#4330 = ORIENTED_EDGE('',*,*,#4331,.F.);
#4331 = EDGE_CURVE('',#3924,#4303,#4332,.T.);
#4332 = LINE('',#4333,#4334);
#4333 = CARTESIAN_POINT('',(-146.2742553388,559.57237823994,
    57.684149792043));
#4334 = VECTOR('',#4335,1.);
#4335 = DIRECTION('',(4.981E-14,-1.,-2.2E-16));
#4336 = CYLINDRICAL_SURFACE('',#4337,1.);
#4337 = AXIS2_PLACEMENT_3D('',#4338,#4339,#4340);
#4338 = CARTESIAN_POINT('',(-146.2742553388,559.57237823994,
    56.684149792043));
#4339 = DIRECTION('',(-4.981E-14,1.,2.2E-16));
#4340 = DIRECTION('',(-0.707106781187,-3.537655226277E-14,0.707106781187
    ));
#4341 = ADVANCED_FACE('',(#4342),#4353,.T.);
#4342 = FACE_BOUND('',#4343,.T.);
#4343 = EDGE_LOOP('',(#4344,#4345,#4346,#4347));
#4344 = ORIENTED_EDGE('',*,*,#3861,.F.);
#4345 = ORIENTED_EDGE('',*,*,#2330,.F.);
#4346 = ORIENTED_EDGE('',*,*,#3957,.F.);
#4347 = ORIENTED_EDGE('',*,*,#4348,.F.);
#4348 = EDGE_CURVE('',#3862,#3950,#4349,.T.);
#4349 = LINE('',#4350,#4351);
#4350 = CARTESIAN_POINT('',(-145.2742553388,559.57237823994,
    52.684149792043));
#4351 = VECTOR('',#4352,1.);
#4352 = DIRECTION('',(-4.981E-14,1.,-1.9E-16));
#4353 = CYLINDRICAL_SURFACE('',#4354,2.);
#4354 = AXIS2_PLACEMENT_3D('',#4355,#4356,#4357);
#4355 = CARTESIAN_POINT('',(-145.2742553388,559.57237823994,
    54.684149792043));
#4356 = DIRECTION('',(-4.981E-14,1.,-1.9E-16));
#4357 = DIRECTION('',(-0.707106781186,-3.535533905932E-14,
    -0.707106781187));
#4358 = ADVANCED_FACE('',(#4359),#4371,.T.);
#4359 = FACE_BOUND('',#4360,.T.);
#4360 = EDGE_LOOP('',(#4361,#4368,#4369,#4370));
#4361 = ORIENTED_EDGE('',*,*,#4362,.F.);
#4362 = EDGE_CURVE('',#2356,#3576,#4363,.T.);
#4363 = CIRCLE('',#4364,1.);
#4364 = AXIS2_PLACEMENT_3D('',#4365,#4366,#4367);
#4365 = CARTESIAN_POINT('',(-158.7742553388,555.57237819525,
    89.110098884297));
#4366 = DIRECTION('',(7.352E-14,-6.4E-15,-1.));
#4367 = DIRECTION('',(-1.,-4.981E-14,-7.352E-14));
#4368 = ORIENTED_EDGE('',*,*,#2355,.F.);
#4369 = ORIENTED_EDGE('',*,*,#4262,.T.);
#4370 = ORIENTED_EDGE('',*,*,#3584,.F.);
#4371 = CYLINDRICAL_SURFACE('',#4372,1.);
#4372 = AXIS2_PLACEMENT_3D('',#4373,#4374,#4375);
#4373 = CARTESIAN_POINT('',(-158.7742553388,555.57237819525,
    103.11405963013));
#4374 = DIRECTION('',(7.352E-14,-2.66E-15,-1.));
#4375 = DIRECTION('',(-0.707106781187,0.707106781187,-5.386739459079E-14
    ));
#4376 = ADVANCED_FACE('',(#4377),#4389,.T.);
#4377 = FACE_BOUND('',#4378,.T.);
#4378 = EDGE_LOOP('',(#4379,#4380,#4381,#4388));
#4379 = ORIENTED_EDGE('',*,*,#4286,.F.);
#4380 = ORIENTED_EDGE('',*,*,#2378,.F.);
#4381 = ORIENTED_EDGE('',*,*,#4382,.T.);
#4382 = EDGE_CURVE('',#2379,#3559,#4383,.T.);
#4383 = CIRCLE('',#4384,1.);
#4384 = AXIS2_PLACEMENT_3D('',#4385,#4386,#4387);
#4385 = CARTESIAN_POINT('',(-148.2742553388,555.57237819525,
    80.161169711858));
#4386 = DIRECTION('',(0.866025403784,3.994E-14,-0.5));
#4387 = DIRECTION('',(-0.5,-2.4582E-13,-0.866025403784));
#4388 = ORIENTED_EDGE('',*,*,#3558,.F.);
#4389 = TOROIDAL_SURFACE('',#4390,4.,1.);
#4390 = AXIS2_PLACEMENT_3D('',#4391,#4392,#4393);
#4391 = CARTESIAN_POINT('',(-150.2742553388,555.57237819524,
    76.69706809672));
#4392 = DIRECTION('',(4.981E-14,-1.,2.66E-15));
#4393 = DIRECTION('',(-7.39E-14,2.659999999996E-15,1.));
#4394 = ADVANCED_FACE('',(#4395),#4407,.T.);
#4395 = FACE_BOUND('',#4396,.T.);
#4396 = EDGE_LOOP('',(#4397,#4404,#4405,#4406));
#4397 = ORIENTED_EDGE('',*,*,#4398,.F.);
#4398 = EDGE_CURVE('',#2405,#3568,#4399,.T.);
#4399 = CIRCLE('',#4400,1.);
#4400 = AXIS2_PLACEMENT_3D('',#4401,#4402,#4403);
#4401 = CARTESIAN_POINT('',(-156.2742553388,555.57237819525,
    84.779971865375));
#4402 = DIRECTION('',(0.866025403784,3.994E-14,-0.5));
#4403 = DIRECTION('',(-0.5,-2.822E-14,-0.866025403784));
#4404 = ORIENTED_EDGE('',*,*,#2404,.F.);
#4405 = ORIENTED_EDGE('',*,*,#4362,.T.);
#4406 = ORIENTED_EDGE('',*,*,#3575,.F.);
#4407 = TOROIDAL_SURFACE('',#4408,5.,1.);
#4408 = AXIS2_PLACEMENT_3D('',#4409,#4410,#4411);
#4409 = CARTESIAN_POINT('',(-153.7742553388,555.57237819525,
    89.110098884298));
#4410 = DIRECTION('',(4.981E-14,-1.,2.66E-15));
#4411 = DIRECTION('',(-7.579E-14,2.659999999996E-15,1.));
#4412 = ADVANCED_FACE('',(#4413),#4419,.T.);
#4413 = FACE_BOUND('',#4414,.T.);
#4414 = EDGE_LOOP('',(#4415,#4416,#4417,#4418));
#4415 = ORIENTED_EDGE('',*,*,#4382,.F.);
#4416 = ORIENTED_EDGE('',*,*,#2429,.F.);
#4417 = ORIENTED_EDGE('',*,*,#4398,.T.);
#4418 = ORIENTED_EDGE('',*,*,#3567,.F.);
#4419 = CYLINDRICAL_SURFACE('',#4420,1.);
#4420 = AXIS2_PLACEMENT_3D('',#4421,#4422,#4423);
#4421 = CARTESIAN_POINT('',(-98.08814821861,555.57237819525,
    51.186207256404));
#4422 = DIRECTION('',(-0.866025403784,-4.181E-14,0.5));
#4423 = DIRECTION('',(-0.353553390593,0.707106781186,-0.612372435696));
#4424 = ADVANCED_FACE('',(#4425),#4606,.F.);
#4425 = FACE_BOUND('',#4426,.F.);
#4426 = EDGE_LOOP('',(#4427,#4436,#4437,#4438,#4439,#4440,#4441,#4442,
    #4443,#4444,#4445,#4446,#4447,#4448,#4449,#4450,#4451,#4452,#4453,
    #4468,#4477,#4492,#4501,#4517,#4526,#4541,#4550,#4559,#4560,#4575,
    #4584,#4599));
#4427 = ORIENTED_EDGE('',*,*,#4428,.T.);
#4428 = EDGE_CURVE('',#4429,#3475,#4431,.T.);
#4429 = VERTEX_POINT('',#4430);
#4430 = CARTESIAN_POINT('',(-100.1567177518,557.61770814523,
    107.3644927213));
#4431 = ELLIPSE('',#4432,31.099251707875,11.);
#4432 = AXIS2_PLACEMENT_3D('',#4433,#4434,#4435);
#4433 = CARTESIAN_POINT('',(-87.78011197549,567.57237819525,
    102.68426364622));
#4434 = DIRECTION('',(0.353706259666,4.828E-14,0.935356553338));
#4435 = DIRECTION('',(0.935356553338,3.5E-14,-0.353706259666));
#4436 = ORIENTED_EDGE('',*,*,#3474,.F.);
#4437 = ORIENTED_EDGE('',*,*,#2985,.T.);
#4438 = ORIENTED_EDGE('',*,*,#2909,.F.);
#4439 = ORIENTED_EDGE('',*,*,#2877,.T.);
#4440 = ORIENTED_EDGE('',*,*,#3489,.F.);
#4441 = ORIENTED_EDGE('',*,*,#4041,.F.);
#4442 = ORIENTED_EDGE('',*,*,#2581,.T.);
#4443 = ORIENTED_EDGE('',*,*,#2660,.F.);
#4444 = ORIENTED_EDGE('',*,*,#2710,.T.);
#4445 = ORIENTED_EDGE('',*,*,#2772,.F.);
#4446 = ORIENTED_EDGE('',*,*,#2820,.T.);
#4447 = ORIENTED_EDGE('',*,*,#2844,.T.);
#4448 = ORIENTED_EDGE('',*,*,#2802,.T.);
#4449 = ORIENTED_EDGE('',*,*,#2734,.T.);
#4450 = ORIENTED_EDGE('',*,*,#2692,.T.);
#4451 = ORIENTED_EDGE('',*,*,#2626,.F.);
#4452 = ORIENTED_EDGE('',*,*,#2453,.T.);
#4453 = ORIENTED_EDGE('',*,*,#4454,.F.);
#4454 = EDGE_CURVE('',#4455,#2454,#4457,.T.);
#4455 = VERTEX_POINT('',#4456);
#4456 = CARTESIAN_POINT('',(-72.27425533887,561.24782287492,
    111.68426364623));
#4457 = B_SPLINE_CURVE_WITH_KNOTS('',3,(#4458,#4459,#4460,#4461,#4462,
    #4463,#4464,#4465,#4466,#4467),.UNSPECIFIED.,.F.,.F.,(4,2,2,2,4),(
    1.442037664079,1.593073712383,1.744109760687,1.926458145655,
    2.108806530623),.UNSPECIFIED.);
#4458 = CARTESIAN_POINT('',(-72.27425533887,561.24782287492,
    111.68426364623));
#4459 = CARTESIAN_POINT('',(-72.27425533887,561.65973937029,
    111.97372905316));
#4460 = CARTESIAN_POINT('',(-72.33955976853,562.12624452824,
    112.25652249438));
#4461 = CARTESIAN_POINT('',(-72.55594454177,563.08475998453,
    112.74158894118));
#4462 = CARTESIAN_POINT('',(-72.70574116865,563.57690038792,
    112.94417660075));
#4463 = CARTESIAN_POINT('',(-73.04633151961,564.57837074394,
    113.28476695172));
#4464 = CARTESIAN_POINT('',(-73.27896824771,565.18359719983,
    113.43945366563));
#4465 = CARTESIAN_POINT('',(-73.77425402175,566.40084650667,
    113.63907532171));
#4466 = CARTESIAN_POINT('',(-74.03584560214,567.01325780204,
    113.68426364623));
#4467 = CARTESIAN_POINT('',(-74.27425533887,567.57237819525,
    113.68426364622));
#4468 = ORIENTED_EDGE('',*,*,#4469,.T.);
#4469 = EDGE_CURVE('',#4455,#4470,#4472,.T.);
#4470 = VERTEX_POINT('',#4471);
#4471 = CARTESIAN_POINT('',(-72.27425533887,560.1044047777,
    110.76073397891));
#4472 = CIRCLE('',#4473,11.);
#4473 = AXIS2_PLACEMENT_3D('',#4474,#4475,#4476);
#4474 = CARTESIAN_POINT('',(-72.27425533887,567.57237819525,
    102.68426364623));
#4475 = DIRECTION('',(1.,2.433E-14,7.545E-14));
#4476 = DIRECTION('',(2.433E-14,-1.,2.57E-15));
#4477 = ORIENTED_EDGE('',*,*,#4478,.T.);
#4478 = EDGE_CURVE('',#4470,#4479,#4481,.T.);
#4479 = VERTEX_POINT('',#4480);
#4480 = CARTESIAN_POINT('',(-73.77425533887,558.0336572196,
    108.16265776756));
#4481 = B_SPLINE_CURVE_WITH_KNOTS('',3,(#4482,#4483,#4484,#4485,#4486,
    #4487,#4488,#4489,#4490,#4491),.UNSPECIFIED.,.F.,.F.,(4,2,2,2,4),(
    -3.260450566134,-3.205323314655,-3.09383500154,-2.978663611705,
    -2.899532021161),.UNSPECIFIED.);
#4482 = CARTESIAN_POINT('',(-72.27425533887,560.1044047777,
    110.76073397891));
#4483 = CARTESIAN_POINT('',(-72.27425533887,559.96038831481,
    110.62756799523));
#4484 = CARTESIAN_POINT('',(-72.28322604458,559.81728330692,
    110.48797117361));
#4485 = CARTESIAN_POINT('',(-72.34333008639,559.39971914012,
    110.05776874089));
#4486 = CARTESIAN_POINT('',(-72.43061236667,559.14130304324,
    109.75805160387));
#4487 = CARTESIAN_POINT('',(-72.69257328813,558.7032329129,
    109.20100568287));
#4488 = CARTESIAN_POINT('',(-72.917619836,558.47281939447,
    108.87162012399));
#4489 = CARTESIAN_POINT('',(-73.33780769484,558.20659933289,
    108.45682617282));
#4490 = CARTESIAN_POINT('',(-73.54342613472,558.11019806494,
    108.29592707071));
#4491 = CARTESIAN_POINT('',(-73.77425533887,558.0336572196,
    108.16265776756));
#4492 = ORIENTED_EDGE('',*,*,#4493,.T.);
#4493 = EDGE_CURVE('',#4479,#4494,#4496,.T.);
#4494 = VERTEX_POINT('',#4495);
#4495 = CARTESIAN_POINT('',(-81.77425533887,556.60601591559,
    103.54385561404));
#4496 = ELLIPSE('',#4497,22.,11.);
#4497 = AXIS2_PLACEMENT_3D('',#4498,#4499,#4500);
#4498 = CARTESIAN_POINT('',(-83.2631123009,567.57237819525,
    102.68426364622));
#4499 = DIRECTION('',(0.5,1.22E-14,-0.866025403784));
#4500 = DIRECTION('',(-0.866025403784,-4.442E-14,-0.5));
#4501 = ORIENTED_EDGE('',*,*,#4502,.T.);
#4502 = EDGE_CURVE('',#4494,#4503,#4505,.T.);
#4503 = VERTEX_POINT('',#4504);
#4504 = CARTESIAN_POINT('',(-84.77425533887,556.60601591559,
    103.54385561404));
#4505 = B_SPLINE_CURVE_WITH_KNOTS('',3,(#4506,#4507,#4508,#4509,#4510,
    #4511,#4512,#4513,#4514,#4515,#4516),.UNSPECIFIED.,.F.,.F.,(4,2,3,2,
    4),(1.723369788425,1.760356564387,1.873491624486,1.986428127831,
    2.023597878481),.UNSPECIFIED.);
#4506 = CARTESIAN_POINT('',(-81.77425533887,556.60601591559,
    103.54385561404));
#4507 = CARTESIAN_POINT('',(-81.88689187472,556.60091851907,
    103.47882487974));
#4508 = CARTESIAN_POINT('',(-82.00446414436,556.59694724852,
    103.42076588376));
#4509 = CARTESIAN_POINT('',(-82.49495143242,556.58423328824,
    103.21741368407));
#4510 = CARTESIAN_POINT('',(-82.89713847187,556.58190323564,
    103.14193182539));
#4511 = CARTESIAN_POINT('',(-83.27425533887,556.58190323564,
    103.14193182539));
#4512 = CARTESIAN_POINT('',(-83.65071035002,556.58190323564,
    103.14193182539));
#4513 = CARTESIAN_POINT('',(-84.05223701889,556.58422744496,
    103.21715093724));
#4514 = CARTESIAN_POINT('',(-84.54286764218,556.59690742658,
    103.4201841168));
#4515 = CARTESIAN_POINT('',(-84.6610579032,556.6008931354,
    103.47850104409));
#4516 = CARTESIAN_POINT('',(-84.77425533887,556.60601591559,
    103.54385561404));
#4517 = ORIENTED_EDGE('',*,*,#4518,.T.);
#4518 = EDGE_CURVE('',#4503,#4519,#4521,.T.);
#4519 = VERTEX_POINT('',#4520);
#4520 = CARTESIAN_POINT('',(-92.77425533887,558.0336572196,
    108.16265776756));
#4521 = ELLIPSE('',#4522,22.,11.);
#4522 = AXIS2_PLACEMENT_3D('',#4523,#4524,#4525);
#4523 = CARTESIAN_POINT('',(-83.28539837683,567.57237819525,
    102.68426364622));
#4524 = DIRECTION('',(-0.5,-1.214E-14,-0.866025403784));
#4525 = DIRECTION('',(0.866025403784,4.185E-14,-0.5));
#4526 = ORIENTED_EDGE('',*,*,#4527,.T.);
#4527 = EDGE_CURVE('',#4519,#4528,#4530,.T.);
#4528 = VERTEX_POINT('',#4529);
#4529 = CARTESIAN_POINT('',(-94.27425533887,560.1044047777,
    110.76073397891));
#4530 = B_SPLINE_CURVE_WITH_KNOTS('',3,(#4531,#4532,#4533,#4534,#4535,
    #4536,#4537,#4538,#4539,#4540),.UNSPECIFIED.,.F.,.F.,(4,2,2,2,4),(
    -1.254105063146,-1.201138638124,-1.068092631512,-0.9350466249,
    -0.885778456674),.UNSPECIFIED.);
#4531 = CARTESIAN_POINT('',(-92.77425533887,558.0336572196,
    108.16265776756));
#4532 = CARTESIAN_POINT('',(-92.92876205462,558.08489022834,
    108.25186226149));
#4533 = CARTESIAN_POINT('',(-93.07079637157,558.14444446159,
    108.35253930737));
#4534 = CARTESIAN_POINT('',(-93.5134638358,558.3723206473,
    108.72209220738));
#4535 = CARTESIAN_POINT('',(-93.77312323208,558.59485980958,
    109.05576120834));
#4536 = CARTESIAN_POINT('',(-94.12528612853,559.1298459592,
    109.74935182368));
#4537 = CARTESIAN_POINT('',(-94.21937813043,559.44307407318,
    110.1078625419));
#4538 = CARTESIAN_POINT('',(-94.26829586931,559.86917431536,
    110.53839923291));
#4539 = CARTESIAN_POINT('',(-94.27425533887,559.98599889709,
    110.65124902664));
#4540 = CARTESIAN_POINT('',(-94.27425533887,560.1044047777,
    110.76073397891));
#4541 = ORIENTED_EDGE('',*,*,#4542,.T.);
#4542 = EDGE_CURVE('',#4528,#4543,#4545,.T.);
#4543 = VERTEX_POINT('',#4544);
#4544 = CARTESIAN_POINT('',(-94.27425533887,561.24782287492,
    111.68426364622));
#4545 = CIRCLE('',#4546,11.);
#4546 = AXIS2_PLACEMENT_3D('',#4547,#4548,#4549);
#4547 = CARTESIAN_POINT('',(-94.27425533887,567.57237819525,
    102.68426364622));
#4548 = DIRECTION('',(-1.,-2.433E-14,-7.352E-14));
#4549 = DIRECTION('',(2.433E-14,-1.,2.57E-15));
#4550 = ORIENTED_EDGE('',*,*,#4551,.F.);
#4551 = EDGE_CURVE('',#2478,#4543,#4552,.T.);
#4552 = B_SPLINE_CURVE_WITH_KNOTS('',3,(#4553,#4554,#4555,#4556,#4557,
    #4558),.UNSPECIFIED.,.F.,.F.,(4,2,4),(-2.108806530623,
    -1.768721125777,-1.42863572093),.UNSPECIFIED.);
#4553 = CARTESIAN_POINT('',(-92.27425533887,567.57237819525,
    113.68426364622));
#4554 = CARTESIAN_POINT('',(-92.71889690697,566.529601286,
    113.68426364622));
#4555 = CARTESIAN_POINT('',(-93.20391030659,565.40151385989,
    113.52804256452));
#4556 = CARTESIAN_POINT('',(-93.97705363932,563.22331240075,
    112.8521603184));
#4557 = CARTESIAN_POINT('',(-94.27425533887,562.1753285245,
    112.33604817853));
#4558 = CARTESIAN_POINT('',(-94.27425533887,561.24782287492,
    111.68426364623));
#4559 = ORIENTED_EDGE('',*,*,#2485,.T.);
#4560 = ORIENTED_EDGE('',*,*,#4561,.T.);
#4561 = EDGE_CURVE('',#2486,#4562,#4564,.T.);
#4562 = VERTEX_POINT('',#4563);
#4563 = CARTESIAN_POINT('',(-97.27425533887,561.24782287492,
    111.68426364623));
#4564 = B_SPLINE_CURVE_WITH_KNOTS('',3,(#4565,#4566,#4567,#4568,#4569,
    #4570,#4571,#4572,#4573,#4574),.UNSPECIFIED.,.F.,.F.,(4,2,2,2,4),(
    -2.108806530623,-1.926458145655,-1.744109760688,-1.593073712383,
    -1.442037664079),.UNSPECIFIED.);
#4565 = CARTESIAN_POINT('',(-99.27425533887,567.57237819525,
    113.68426364623));
#4566 = CARTESIAN_POINT('',(-99.03584560214,567.01325780204,
    113.68426364623));
#4567 = CARTESIAN_POINT('',(-98.77425402174,566.40084650668,
    113.63907532171));
#4568 = CARTESIAN_POINT('',(-98.2789682477,565.18359719984,
    113.43945366563));
#4569 = CARTESIAN_POINT('',(-98.04633151961,564.57837074394,
    113.28476695172));
#4570 = CARTESIAN_POINT('',(-97.70574116865,563.57690038793,
    112.94417660075));
#4571 = CARTESIAN_POINT('',(-97.55594454177,563.08475998454,
    112.74158894119));
#4572 = CARTESIAN_POINT('',(-97.33955976853,562.12624452824,
    112.25652249438));
#4573 = CARTESIAN_POINT('',(-97.27425533887,561.65973937029,
    111.97372905316));
#4574 = CARTESIAN_POINT('',(-97.27425533887,561.24782287492,
    111.68426364623));
#4575 = ORIENTED_EDGE('',*,*,#4576,.T.);
#4576 = EDGE_CURVE('',#4562,#4577,#4579,.T.);
#4577 = VERTEX_POINT('',#4578);
#4578 = CARTESIAN_POINT('',(-97.27425533887,560.1044047777,
    110.76073397891));
#4579 = CIRCLE('',#4580,11.);
#4580 = AXIS2_PLACEMENT_3D('',#4581,#4582,#4583);
#4581 = CARTESIAN_POINT('',(-97.27425533887,567.57237819525,
    102.68426364622));
#4582 = DIRECTION('',(1.,2.428E-14,3.152E-14));
#4583 = DIRECTION('',(2.428E-14,-1.,2.57E-15));
#4584 = ORIENTED_EDGE('',*,*,#4585,.T.);
#4585 = EDGE_CURVE('',#4577,#4586,#4588,.T.);
#4586 = VERTEX_POINT('',#4587);
#4587 = CARTESIAN_POINT('',(-98.77425533887,558.0336572196,
    108.16265776755));
#4588 = B_SPLINE_CURVE_WITH_KNOTS('',3,(#4589,#4590,#4591,#4592,#4593,
    #4594,#4595,#4596,#4597,#4598),.UNSPECIFIED.,.F.,.F.,(4,2,2,2,4),(
    -3.260450566134,-3.205323314656,-3.093835001541,-2.978663611706,
    -2.899532021162),.UNSPECIFIED.);
#4589 = CARTESIAN_POINT('',(-97.27425533887,560.1044047777,
    110.76073397891));
#4590 = CARTESIAN_POINT('',(-97.27425533887,559.96038831481,
    110.62756799523));
#4591 = CARTESIAN_POINT('',(-97.28322604458,559.81728330691,
    110.4879711736));
#4592 = CARTESIAN_POINT('',(-97.34333008639,559.39971914012,
    110.05776874088));
#4593 = CARTESIAN_POINT('',(-97.43061236667,559.14130304324,
    109.75805160387));
#4594 = CARTESIAN_POINT('',(-97.69257328813,558.7032329129,
    109.20100568287));
#4595 = CARTESIAN_POINT('',(-97.917619836,558.47281939446,
    108.87162012399));
#4596 = CARTESIAN_POINT('',(-98.33780769484,558.20659933289,
    108.45682617282));
#4597 = CARTESIAN_POINT('',(-98.54342613472,558.11019806494,
    108.2959270707));
#4598 = CARTESIAN_POINT('',(-98.77425533887,558.0336572196,
    108.16265776755));
#4599 = ORIENTED_EDGE('',*,*,#4600,.F.);
#4600 = EDGE_CURVE('',#4429,#4586,#4601,.T.);
#4601 = ELLIPSE('',#4602,22.,11.);
#4602 = AXIS2_PLACEMENT_3D('',#4603,#4604,#4605);
#4603 = CARTESIAN_POINT('',(-108.2631123008,567.57237819525,
    102.68426364622));
#4604 = DIRECTION('',(-0.5,1.9601E-13,0.866025403784));
#4605 = DIRECTION('',(-0.866025403784,-4.432E-14,-0.5));
#4606 = CYLINDRICAL_SURFACE('',#4607,11.);
#4607 = AXIS2_PLACEMENT_3D('',#4608,#4609,#4610);
#4608 = CARTESIAN_POINT('',(9.225744661129,567.57237819526,
    102.68426364623));
#4609 = DIRECTION('',(1.,4.981E-14,7.352E-14));
#4610 = DIRECTION('',(4.981E-14,-1.,2.57E-15));
#4611 = ADVANCED_FACE('',(#4612),#4631,.F.);
#4612 = FACE_BOUND('',#4613,.F.);
#4613 = EDGE_LOOP('',(#4614,#4622,#4623,#4624));
#4614 = ORIENTED_EDGE('',*,*,#4615,.T.);
#4615 = EDGE_CURVE('',#4616,#4455,#4618,.T.);
#4616 = VERTEX_POINT('',#4617);
#4617 = CARTESIAN_POINT('',(-72.27425533887,553.57237823995,
    111.68426364623));
#4618 = LINE('',#4619,#4620);
#4619 = CARTESIAN_POINT('',(-72.27425533887,561.07237833681,
    111.68426364623));
#4620 = VECTOR('',#4621,1.);
#4621 = DIRECTION('',(-2.433E-14,1.,-2.5509E-13));
#4622 = ORIENTED_EDGE('',*,*,#4454,.T.);
#4623 = ORIENTED_EDGE('',*,*,#2461,.T.);
#4624 = ORIENTED_EDGE('',*,*,#4625,.T.);
#4625 = EDGE_CURVE('',#2462,#4616,#4626,.T.);
#4626 = CIRCLE('',#4627,2.);
#4627 = AXIS2_PLACEMENT_3D('',#4628,#4629,#4630);
#4628 = CARTESIAN_POINT('',(-74.27425533887,553.57237823995,
    111.68426364623));
#4629 = DIRECTION('',(-2.389E-14,1.,9.999999999998E-18));
#4630 = DIRECTION('',(0.707106781186,1.688570993473E-14,0.707106781187)
  );
#4631 = CYLINDRICAL_SURFACE('',#4632,2.);
#4632 = AXIS2_PLACEMENT_3D('',#4633,#4634,#4635);
#4633 = CARTESIAN_POINT('',(-74.27425533887,561.07237833681,
    111.68426364623));
#4634 = DIRECTION('',(2.433E-14,-1.,2.5509E-13));
#4635 = DIRECTION('',(0.707106781186,1.975797767992E-13,0.707106781187)
  );
#4636 = ADVANCED_FACE('',(#4637),#4724,.T.);
#4637 = FACE_BOUND('',#4638,.T.);
#4638 = EDGE_LOOP('',(#4639,#4649,#4656,#4657,#4658,#4666,#4675,#4683,
    #4692,#4700,#4709,#4717));
#4639 = ORIENTED_EDGE('',*,*,#4640,.T.);
#4640 = EDGE_CURVE('',#4641,#4643,#4645,.T.);
#4641 = VERTEX_POINT('',#4642);
#4642 = CARTESIAN_POINT('',(-94.27425533887,553.57237823995,
    110.76073397891));
#4643 = VERTEX_POINT('',#4644);
#4644 = CARTESIAN_POINT('',(-94.27425533887,553.57237823995,
    111.68426364623));
#4645 = LINE('',#4646,#4647);
#4646 = CARTESIAN_POINT('',(-94.27425533887,553.57237823995,
    111.04868069102));
#4647 = VECTOR('',#4648,1.);
#4648 = DIRECTION('',(-7.352E-14,-1.E-17,1.));
#4649 = ORIENTED_EDGE('',*,*,#4650,.T.);
#4650 = EDGE_CURVE('',#4643,#2470,#4651,.T.);
#4651 = CIRCLE('',#4652,2.);
#4652 = AXIS2_PLACEMENT_3D('',#4653,#4654,#4655);
#4653 = CARTESIAN_POINT('',(-92.27425533887,553.57237823995,
    111.68426364623));
#4654 = DIRECTION('',(-2.389E-14,1.,1.E-17));
#4655 = DIRECTION('',(-0.707106781187,-1.689985207036E-14,0.707106781186
    ));
#4656 = ORIENTED_EDGE('',*,*,#2469,.T.);
#4657 = ORIENTED_EDGE('',*,*,#4625,.T.);
#4658 = ORIENTED_EDGE('',*,*,#4659,.T.);
#4659 = EDGE_CURVE('',#4616,#4660,#4662,.T.);
#4660 = VERTEX_POINT('',#4661);
#4661 = CARTESIAN_POINT('',(-72.27425533887,553.57237823995,
    110.76073397891));
#4662 = LINE('',#4663,#4664);
#4663 = CARTESIAN_POINT('',(-72.27425533887,553.57237823995,
    109.58691585736));
#4664 = VECTOR('',#4665,1.);
#4665 = DIRECTION('',(7.545E-14,1.E-17,-1.));
#4666 = ORIENTED_EDGE('',*,*,#4667,.T.);
#4667 = EDGE_CURVE('',#4660,#4668,#4670,.T.);
#4668 = VERTEX_POINT('',#4669);
#4669 = CARTESIAN_POINT('',(-73.77425533886,553.57237823995,
    108.16265776756));
#4670 = CIRCLE('',#4671,3.);
#4671 = AXIS2_PLACEMENT_3D('',#4672,#4673,#4674);
#4672 = CARTESIAN_POINT('',(-75.27425533887,553.57237823995,
    110.76073397891));
#4673 = DIRECTION('',(-2.389E-14,1.,1.E-17));
#4674 = DIRECTION('',(1.,2.389E-14,7.352E-14));
#4675 = ORIENTED_EDGE('',*,*,#4676,.T.);
#4676 = EDGE_CURVE('',#4668,#4677,#4679,.T.);
#4677 = VERTEX_POINT('',#4678);
#4678 = CARTESIAN_POINT('',(-81.77425533886,553.57237823995,
    103.54385561404));
#4679 = LINE('',#4680,#4681);
#4680 = CARTESIAN_POINT('',(-81.28253349521,553.57237823995,
    103.82775135284));
#4681 = VECTOR('',#4682,1.);
#4682 = DIRECTION('',(-0.866025403784,-2.069E-14,-0.5));
#4683 = ORIENTED_EDGE('',*,*,#4684,.T.);
#4684 = EDGE_CURVE('',#4677,#4685,#4687,.T.);
#4685 = VERTEX_POINT('',#4686);
#4686 = CARTESIAN_POINT('',(-82.21752465999,553.57237823995,
    103.33420671913));
#4687 = CIRCLE('',#4688,3.);
#4688 = AXIS2_PLACEMENT_3D('',#4689,#4690,#4691);
#4689 = CARTESIAN_POINT('',(-83.27425533887,553.57237823995,
    106.14193182539));
#4690 = DIRECTION('',(-2.389E-14,1.,1.E-17));
#4691 = DIRECTION('',(0.5,1.195366025404E-14,-0.866025403784));
#4692 = ORIENTED_EDGE('',*,*,#4693,.F.);
#4693 = EDGE_CURVE('',#4694,#4685,#4696,.T.);
#4694 = VERTEX_POINT('',#4695);
#4695 = CARTESIAN_POINT('',(-84.33098601774,553.57237823995,
    103.33420671913));
#4696 = LINE('',#4697,#4698);
#4697 = CARTESIAN_POINT('',(-76.92425533886,553.57237823995,
    103.33420671913));
#4698 = VECTOR('',#4699,1.);
#4699 = DIRECTION('',(1.,2.389E-14,0.));
#4700 = ORIENTED_EDGE('',*,*,#4701,.T.);
#4701 = EDGE_CURVE('',#4694,#4702,#4704,.T.);
#4702 = VERTEX_POINT('',#4703);
#4703 = CARTESIAN_POINT('',(-84.77425533886,553.57237823995,
    103.54385561404));
#4704 = CIRCLE('',#4705,3.);
#4705 = AXIS2_PLACEMENT_3D('',#4706,#4707,#4708);
#4706 = CARTESIAN_POINT('',(-83.27425533887,553.57237823995,
    106.14193182539));
#4707 = DIRECTION('',(-2.389E-14,1.,1.E-17));
#4708 = DIRECTION('',(0.5,1.195366025404E-14,-0.866025403784));
#4709 = ORIENTED_EDGE('',*,*,#4710,.T.);
#4710 = EDGE_CURVE('',#4702,#4711,#4713,.T.);
#4711 = VERTEX_POINT('',#4712);
#4712 = CARTESIAN_POINT('',(-92.77425533887,553.57237823995,
    108.16265776756));
#4713 = LINE('',#4714,#4715);
#4714 = CARTESIAN_POINT('',(-89.26597718252,553.57237823995,
    106.1371524296));
#4715 = VECTOR('',#4716,1.);
#4716 = DIRECTION('',(-0.866025403784,-2.069E-14,0.5));
#4717 = ORIENTED_EDGE('',*,*,#4718,.T.);
#4718 = EDGE_CURVE('',#4711,#4641,#4719,.T.);
#4719 = CIRCLE('',#4720,3.);
#4720 = AXIS2_PLACEMENT_3D('',#4721,#4722,#4723);
#4721 = CARTESIAN_POINT('',(-91.27425533887,553.57237823995,
    110.76073397891));
#4722 = DIRECTION('',(-2.389E-14,1.,1.E-17));
#4723 = DIRECTION('',(-0.5,-1.193633974596E-14,-0.866025403784));
#4724 = PLANE('',#4725);
#4725 = AXIS2_PLACEMENT_3D('',#4726,#4727,#4728);
#4726 = CARTESIAN_POINT('',(-83.27425533886,553.57237823995,
    108.41309773581));
#4727 = DIRECTION('',(-2.389E-14,1.,1.E-17));
#4728 = DIRECTION('',(-1.,-2.389E-14,-1.1657E-13));
#4729 = ADVANCED_FACE('',(#4730),#4741,.F.);
#4730 = FACE_BOUND('',#4731,.F.);
#4731 = EDGE_LOOP('',(#4732,#4733,#4734,#4740));
#4732 = ORIENTED_EDGE('',*,*,#2477,.T.);
#4733 = ORIENTED_EDGE('',*,*,#4551,.T.);
#4734 = ORIENTED_EDGE('',*,*,#4735,.T.);
#4735 = EDGE_CURVE('',#4543,#4643,#4736,.T.);
#4736 = LINE('',#4737,#4738);
#4737 = CARTESIAN_POINT('',(-94.27425533887,561.07237833681,
    111.68426364623));
#4738 = VECTOR('',#4739,1.);
#4739 = DIRECTION('',(2.433E-14,-1.,2.5509E-13));
#4740 = ORIENTED_EDGE('',*,*,#4650,.T.);
#4741 = CYLINDRICAL_SURFACE('',#4742,2.);
#4742 = AXIS2_PLACEMENT_3D('',#4743,#4744,#4745);
#4743 = CARTESIAN_POINT('',(-92.27425533887,561.07237833681,
    111.68426364623));
#4744 = DIRECTION('',(2.433E-14,-1.,2.5509E-13));
#4745 = DIRECTION('',(-0.707106781187,1.631719608266E-13,0.707106781186)
  );
#4746 = ADVANCED_FACE('',(#4747),#4766,.F.);
#4747 = FACE_BOUND('',#4748,.F.);
#4748 = EDGE_LOOP('',(#4749,#4757,#4758,#4759));
#4749 = ORIENTED_EDGE('',*,*,#4750,.T.);
#4750 = EDGE_CURVE('',#4751,#4562,#4753,.T.);
#4751 = VERTEX_POINT('',#4752);
#4752 = CARTESIAN_POINT('',(-97.27425533886,553.57237823995,
    111.68426364623));
#4753 = LINE('',#4754,#4755);
#4754 = CARTESIAN_POINT('',(-97.27425533887,549.57237823995,
    111.68426364623));
#4755 = VECTOR('',#4756,1.);
#4756 = DIRECTION('',(-2.428E-14,1.,8.6E-16));
#4757 = ORIENTED_EDGE('',*,*,#4561,.F.);
#4758 = ORIENTED_EDGE('',*,*,#2493,.F.);
#4759 = ORIENTED_EDGE('',*,*,#4760,.T.);
#4760 = EDGE_CURVE('',#2494,#4751,#4761,.T.);
#4761 = CIRCLE('',#4762,2.);
#4762 = AXIS2_PLACEMENT_3D('',#4763,#4764,#4765);
#4763 = CARTESIAN_POINT('',(-99.27425533887,553.57237823995,
    111.68426364623));
#4764 = DIRECTION('',(-2.389E-14,1.,1.E-17));
#4765 = DIRECTION('',(-3.813E-14,-1.000000000091E-17,1.));
#4766 = CYLINDRICAL_SURFACE('',#4767,2.);
#4767 = AXIS2_PLACEMENT_3D('',#4768,#4769,#4770);
#4768 = CARTESIAN_POINT('',(-99.27425533887,549.57237823995,
    111.68426364623));
#4769 = DIRECTION('',(2.428E-14,-1.,-8.6E-16));
#4770 = DIRECTION('',(-3.813E-14,-8.600000000009E-16,1.));
#4771 = ADVANCED_FACE('',(#4772),#4849,.T.);
#4772 = FACE_BOUND('',#4773,.T.);
#4773 = EDGE_LOOP('',(#4774,#4785,#4793,#4800,#4801,#4802,#4810,#4819,
    #4827,#4835,#4843));
#4774 = ORIENTED_EDGE('',*,*,#4775,.T.);
#4775 = EDGE_CURVE('',#4776,#4778,#4780,.T.);
#4776 = VERTEX_POINT('',#4777);
#4777 = CARTESIAN_POINT('',(-117.7742553388,553.57237823995,
    108.16265776756));
#4778 = VERTEX_POINT('',#4779);
#4779 = CARTESIAN_POINT('',(-119.2742553388,553.57237823995,
    110.76073397891));
#4780 = CIRCLE('',#4781,3.);
#4781 = AXIS2_PLACEMENT_3D('',#4782,#4783,#4784);
#4782 = CARTESIAN_POINT('',(-116.2742553388,553.57237823995,
    110.76073397891));
#4783 = DIRECTION('',(-2.389E-14,1.,1.E-17));
#4784 = DIRECTION('',(-0.5,-1.193633974596E-14,-0.866025403784));
#4785 = ORIENTED_EDGE('',*,*,#4786,.T.);
#4786 = EDGE_CURVE('',#4778,#4787,#4789,.T.);
#4787 = VERTEX_POINT('',#4788);
#4788 = CARTESIAN_POINT('',(-119.2742553388,553.57237823995,
    111.68426364623));
#4789 = LINE('',#4790,#4791);
#4790 = CARTESIAN_POINT('',(-119.2742553388,553.57237823995,
    109.58691585736));
#4791 = VECTOR('',#4792,1.);
#4792 = DIRECTION('',(-7.833E-14,-1.E-17,1.));
#4793 = ORIENTED_EDGE('',*,*,#4794,.T.);
#4794 = EDGE_CURVE('',#4787,#2502,#4795,.T.);
#4795 = CIRCLE('',#4796,2.);
#4796 = AXIS2_PLACEMENT_3D('',#4797,#4798,#4799);
#4797 = CARTESIAN_POINT('',(-117.2742553388,553.57237823995,
    111.68426364623));
#4798 = DIRECTION('',(-2.389E-14,1.,1.E-17));
#4799 = DIRECTION('',(-1.,-2.389E-14,-7.352E-14));
#4800 = ORIENTED_EDGE('',*,*,#2501,.T.);
#4801 = ORIENTED_EDGE('',*,*,#4760,.T.);
#4802 = ORIENTED_EDGE('',*,*,#4803,.T.);
#4803 = EDGE_CURVE('',#4751,#4804,#4806,.T.);
#4804 = VERTEX_POINT('',#4805);
#4805 = CARTESIAN_POINT('',(-97.27425533886,553.57237823995,
    110.76073397891));
#4806 = LINE('',#4807,#4808);
#4807 = CARTESIAN_POINT('',(-97.27425533887,553.57237823995,
    109.58691585736));
#4808 = VECTOR('',#4809,1.);
#4809 = DIRECTION('',(3.152E-14,1.E-17,-1.));
#4810 = ORIENTED_EDGE('',*,*,#4811,.T.);
#4811 = EDGE_CURVE('',#4804,#4812,#4814,.T.);
#4812 = VERTEX_POINT('',#4813);
#4813 = CARTESIAN_POINT('',(-98.77425533886,553.57237823995,
    108.16265776756));
#4814 = CIRCLE('',#4815,3.);
#4815 = AXIS2_PLACEMENT_3D('',#4816,#4817,#4818);
#4816 = CARTESIAN_POINT('',(-100.2742553388,553.57237823995,
    110.76073397891));
#4817 = DIRECTION('',(-2.389E-14,1.,1.E-17));
#4818 = DIRECTION('',(1.,2.389E-14,3.517E-14));
#4819 = ORIENTED_EDGE('',*,*,#4820,.T.);
#4820 = EDGE_CURVE('',#4812,#4821,#4823,.T.);
#4821 = VERTEX_POINT('',#4822);
#4822 = CARTESIAN_POINT('',(-100.1567177518,553.57237823995,
    107.3644927213));
#4823 = LINE('',#4824,#4825);
#4824 = CARTESIAN_POINT('',(-103.1323240022,553.57237823995,
    105.64652565162));
#4825 = VECTOR('',#4826,1.);
#4826 = DIRECTION('',(-0.866025403784,-2.069E-14,-0.5));
#4827 = ORIENTED_EDGE('',*,*,#4828,.T.);
#4828 = EDGE_CURVE('',#4821,#4829,#4831,.T.);
#4829 = VERTEX_POINT('',#4830);
#4830 = CARTESIAN_POINT('',(-108.2742553388,553.57237823995,
    110.43414979204));
#4831 = LINE('',#4832,#4833);
#4832 = CARTESIAN_POINT('',(-93.06493142434,553.57237823995,
    104.68272478234));
#4833 = VECTOR('',#4834,1.);
#4834 = DIRECTION('',(-0.935356553338,-2.235E-14,0.353706259666));
#4835 = ORIENTED_EDGE('',*,*,#4836,.T.);
#4836 = EDGE_CURVE('',#4829,#4837,#4839,.T.);
#4837 = VERTEX_POINT('',#4838);
#4838 = CARTESIAN_POINT('',(-116.3917929259,553.57237823995,
    107.3644927213));
#4839 = LINE('',#4840,#4841);
#4840 = CARTESIAN_POINT('',(-108.6085792533,553.57237823995,
    110.30772478234));
#4841 = VECTOR('',#4842,1.);
#4842 = DIRECTION('',(-0.935356553338,-2.234E-14,-0.353706259666));
#4843 = ORIENTED_EDGE('',*,*,#4844,.T.);
#4844 = EDGE_CURVE('',#4837,#4776,#4845,.T.);
#4845 = LINE('',#4846,#4847);
#4846 = CARTESIAN_POINT('',(-110.2659771825,553.57237823995,
    103.82775135284));
#4847 = VECTOR('',#4848,1.);
#4848 = DIRECTION('',(-0.866025403784,-2.069E-14,0.5));
#4849 = PLANE('',#4850);
#4850 = AXIS2_PLACEMENT_3D('',#4851,#4852,#4853);
#4851 = CARTESIAN_POINT('',(-108.2742553388,553.57237823995,
    108.41309773581));
#4852 = DIRECTION('',(-2.389E-14,1.,1.E-17));
#4853 = DIRECTION('',(-1.,-2.389E-14,-1.1657E-13));
#4854 = ADVANCED_FACE('',(#4855),#4880,.F.);
#4855 = FACE_BOUND('',#4856,.F.);
#4856 = EDGE_LOOP('',(#4857,#4858,#4873,#4879));
#4857 = ORIENTED_EDGE('',*,*,#2509,.T.);
#4858 = ORIENTED_EDGE('',*,*,#4859,.T.);
#4859 = EDGE_CURVE('',#2510,#4860,#4862,.T.);
#4860 = VERTEX_POINT('',#4861);
#4861 = CARTESIAN_POINT('',(-119.2742553388,561.24782287491,
    111.68426364622));
#4862 = B_SPLINE_CURVE_WITH_KNOTS('',3,(#4863,#4864,#4865,#4866,#4867,
    #4868,#4869,#4870,#4871,#4872),.UNSPECIFIED.,.F.,.F.,(4,2,2,2,4),(
    -2.108806530623,-1.926458145655,-1.744109760687,-1.593073712383,
    -1.442037664079),.UNSPECIFIED.);
#4863 = CARTESIAN_POINT('',(-117.2742553388,567.57237819525,
    113.68426364622));
#4864 = CARTESIAN_POINT('',(-117.5126650755,567.01325780204,
    113.68426364622));
#4865 = CARTESIAN_POINT('',(-117.7742566559,566.40084650667,
    113.6390753217));
#4866 = CARTESIAN_POINT('',(-118.26954243,565.18359719983,
    113.43945366563));
#4867 = CARTESIAN_POINT('',(-118.5021791581,564.57837074393,
    113.28476695171));
#4868 = CARTESIAN_POINT('',(-118.842769509,563.57690038792,
    112.94417660075));
#4869 = CARTESIAN_POINT('',(-118.9925661359,563.08475998453,
    112.74158894118));
#4870 = CARTESIAN_POINT('',(-119.2089509092,562.12624452823,
    112.25652249438));
#4871 = CARTESIAN_POINT('',(-119.2742553388,561.65973937029,
    111.97372905315));
#4872 = CARTESIAN_POINT('',(-119.2742553388,561.24782287492,
    111.68426364622));
#4873 = ORIENTED_EDGE('',*,*,#4874,.F.);
#4874 = EDGE_CURVE('',#4787,#4860,#4875,.T.);
#4875 = LINE('',#4876,#4877);
#4876 = CARTESIAN_POINT('',(-119.2742553388,549.57237823995,
    111.68426364623));
#4877 = VECTOR('',#4878,1.);
#4878 = DIRECTION('',(-4.981E-14,1.,-2.5509E-13));
#4879 = ORIENTED_EDGE('',*,*,#4794,.T.);
#4880 = CYLINDRICAL_SURFACE('',#4881,2.);
#4881 = AXIS2_PLACEMENT_3D('',#4882,#4883,#4884);
#4882 = CARTESIAN_POINT('',(-117.2742553388,549.57237823995,
    111.68426364623));
#4883 = DIRECTION('',(4.981E-14,-1.,2.5509E-13));
#4884 = DIRECTION('',(-1.,-4.981000000002E-14,-7.352E-14));
#4885 = ADVANCED_FACE('',(#4886),#5041,.F.);
#4886 = FACE_BOUND('',#4887,.F.);
#4887 = EDGE_LOOP('',(#4888,#4889,#4890,#4891,#4900,#4909,#4924,#4931,
    #4932,#4933,#4944,#4953,#4968,#4977,#4993,#5002,#5017,#5026,#5039,
    #5040));
#4888 = ORIENTED_EDGE('',*,*,#4121,.F.);
#4889 = ORIENTED_EDGE('',*,*,#4207,.F.);
#4890 = ORIENTED_EDGE('',*,*,#3609,.F.);
#4891 = ORIENTED_EDGE('',*,*,#4892,.T.);
#4892 = EDGE_CURVE('',#3610,#4893,#4895,.T.);
#4893 = VERTEX_POINT('',#4894);
#4894 = CARTESIAN_POINT('',(-116.3917929259,557.61770814523,
    107.3644927213));
#4895 = ELLIPSE('',#4896,31.099251707887,11.);
#4896 = AXIS2_PLACEMENT_3D('',#4897,#4898,#4899);
#4897 = CARTESIAN_POINT('',(-128.7683987022,567.57237819525,
    102.68426364622));
#4898 = DIRECTION('',(-0.353706259666,1.029E-14,0.935356553338));
#4899 = DIRECTION('',(0.935356553338,5.714E-14,0.353706259666));
#4900 = ORIENTED_EDGE('',*,*,#4901,.F.);
#4901 = EDGE_CURVE('',#4902,#4893,#4904,.T.);
#4902 = VERTEX_POINT('',#4903);
#4903 = CARTESIAN_POINT('',(-117.7742553388,558.0336572196,
    108.16265776755));
#4904 = ELLIPSE('',#4905,22.,11.);
#4905 = AXIS2_PLACEMENT_3D('',#4906,#4907,#4908);
#4906 = CARTESIAN_POINT('',(-108.2853983768,567.57237819525,
    102.68426364622));
#4907 = DIRECTION('',(0.5,2.4582E-13,0.866025403784));
#4908 = DIRECTION('',(0.866025403784,4.196E-14,-0.5));
#4909 = ORIENTED_EDGE('',*,*,#4910,.F.);
#4910 = EDGE_CURVE('',#4911,#4902,#4913,.T.);
#4911 = VERTEX_POINT('',#4912);
#4912 = CARTESIAN_POINT('',(-119.2742553388,560.1044047777,
    110.7607339789));
#4913 = B_SPLINE_CURVE_WITH_KNOTS('',3,(#4914,#4915,#4916,#4917,#4918,
    #4919,#4920,#4921,#4922,#4923),.UNSPECIFIED.,.F.,.F.,(4,2,2,2,4),(
    0.885778456675,0.9350466249,1.068092631513,1.201138638125,
    1.254105063148),.UNSPECIFIED.);
#4914 = CARTESIAN_POINT('',(-119.2742553388,560.1044047777,
    110.7607339789));
#4915 = CARTESIAN_POINT('',(-119.2742553388,559.98599889709,
    110.65124902664));
#4916 = CARTESIAN_POINT('',(-119.2682958693,559.86917431536,
    110.53839923291));
#4917 = CARTESIAN_POINT('',(-119.2193781304,559.44307407319,
    110.10786254191));
#4918 = CARTESIAN_POINT('',(-119.1252861285,559.12984595921,
    109.74935182368));
#4919 = CARTESIAN_POINT('',(-118.773123232,558.59485980958,
    109.05576120834));
#4920 = CARTESIAN_POINT('',(-118.5134638358,558.3723206473,
    108.72209220738));
#4921 = CARTESIAN_POINT('',(-118.0707963715,558.14444446159,
    108.35253930737));
#4922 = CARTESIAN_POINT('',(-117.9287620546,558.08489022834,
    108.25186226149));
#4923 = CARTESIAN_POINT('',(-117.7742553388,558.0336572196,
    108.16265776755));
#4924 = ORIENTED_EDGE('',*,*,#4925,.F.);
#4925 = EDGE_CURVE('',#4860,#4911,#4926,.T.);
#4926 = CIRCLE('',#4927,11.);
#4927 = AXIS2_PLACEMENT_3D('',#4928,#4929,#4930);
#4928 = CARTESIAN_POINT('',(-119.2742553388,567.57237819525,
    102.68426364622));
#4929 = DIRECTION('',(1.,4.981E-14,7.833E-14));
#4930 = DIRECTION('',(4.981E-14,-1.,2.37E-15));
#4931 = ORIENTED_EDGE('',*,*,#4859,.F.);
#4932 = ORIENTED_EDGE('',*,*,#2517,.T.);
#4933 = ORIENTED_EDGE('',*,*,#4934,.F.);
#4934 = EDGE_CURVE('',#4935,#2518,#4937,.T.);
#4935 = VERTEX_POINT('',#4936);
#4936 = CARTESIAN_POINT('',(-122.2742553388,561.24782287491,
    111.68426364622));
#4937 = B_SPLINE_CURVE_WITH_KNOTS('',3,(#4938,#4939,#4940,#4941,#4942,
    #4943),.UNSPECIFIED.,.F.,.F.,(4,2,4),(1.42863572093,1.768721125777,
    2.108806530623),.UNSPECIFIED.);
#4938 = CARTESIAN_POINT('',(-122.2742553388,561.24782287491,
    111.68426364622));
#4939 = CARTESIAN_POINT('',(-122.2742553388,562.1753285245,
    112.33604817852));
#4940 = CARTESIAN_POINT('',(-122.5714570384,563.22331240075,
    112.8521603184));
#4941 = CARTESIAN_POINT('',(-123.3446003711,565.40151385989,
    113.52804256452));
#4942 = CARTESIAN_POINT('',(-123.8296137707,566.529601286,
    113.68426364622));
#4943 = CARTESIAN_POINT('',(-124.2742553388,567.57237819525,
    113.68426364622));
#4944 = ORIENTED_EDGE('',*,*,#4945,.F.);
#4945 = EDGE_CURVE('',#4946,#4935,#4948,.T.);
#4946 = VERTEX_POINT('',#4947);
#4947 = CARTESIAN_POINT('',(-122.2742553388,560.1044047777,
    110.7607339789));
#4948 = CIRCLE('',#4949,11.);
#4949 = AXIS2_PLACEMENT_3D('',#4950,#4951,#4952);
#4950 = CARTESIAN_POINT('',(-122.2742553388,567.57237819525,
    102.68426364622));
#4951 = DIRECTION('',(-1.,-4.981E-14,-8.314E-14));
#4952 = DIRECTION('',(4.981E-14,-1.,2.37E-15));
#4953 = ORIENTED_EDGE('',*,*,#4954,.F.);
#4954 = EDGE_CURVE('',#4955,#4946,#4957,.T.);
#4955 = VERTEX_POINT('',#4956);
#4956 = CARTESIAN_POINT('',(-123.7742553388,558.0336572196,
    108.16265776755));
#4957 = B_SPLINE_CURVE_WITH_KNOTS('',3,(#4958,#4959,#4960,#4961,#4962,
    #4963,#4964,#4965,#4966,#4967),.UNSPECIFIED.,.F.,.F.,(4,2,2,2,4),(
    2.899532021165,2.978663611709,3.093835001544,3.205323314659,
    3.260450566137),.UNSPECIFIED.);
#4958 = CARTESIAN_POINT('',(-123.7742553388,558.0336572196,
    108.16265776755));
#4959 = CARTESIAN_POINT('',(-123.5434261347,558.11019806493,
    108.2959270707));
#4960 = CARTESIAN_POINT('',(-123.3378076948,558.20659933289,
    108.45682617282));
#4961 = CARTESIAN_POINT('',(-122.917619836,558.47281939446,
    108.87162012399));
#4962 = CARTESIAN_POINT('',(-122.6925732881,558.7032329129,
    109.20100568287));
#4963 = CARTESIAN_POINT('',(-122.4306123666,559.14130304324,
    109.75805160387));
#4964 = CARTESIAN_POINT('',(-122.3433300863,559.39971914012,
    110.05776874088));
#4965 = CARTESIAN_POINT('',(-122.2832260445,559.81728330691,
    110.4879711736));
#4966 = CARTESIAN_POINT('',(-122.2742553388,559.96038831481,
    110.62756799522));
#4967 = CARTESIAN_POINT('',(-122.2742553388,560.1044047777,
    110.7607339789));
#4968 = ORIENTED_EDGE('',*,*,#4969,.F.);
#4969 = EDGE_CURVE('',#4970,#4955,#4972,.T.);
#4970 = VERTEX_POINT('',#4971);
#4971 = CARTESIAN_POINT('',(-131.7742553388,556.60601591558,
    103.54385561403));
#4972 = ELLIPSE('',#4973,22.,11.);
#4973 = AXIS2_PLACEMENT_3D('',#4974,#4975,#4976);
#4974 = CARTESIAN_POINT('',(-133.2631123008,567.57237819525,
    102.68426364622));
#4975 = DIRECTION('',(-0.5,1.9601E-13,0.866025403784));
#4976 = DIRECTION('',(-0.866025403784,-4.432E-14,-0.5));
#4977 = ORIENTED_EDGE('',*,*,#4978,.F.);
#4978 = EDGE_CURVE('',#4979,#4970,#4981,.T.);
#4979 = VERTEX_POINT('',#4980);
#4980 = CARTESIAN_POINT('',(-134.7742553388,556.60601591558,
    103.54385561403));
#4981 = B_SPLINE_CURVE_WITH_KNOTS('',3,(#4982,#4983,#4984,#4985,#4986,
    #4987,#4988,#4989,#4990,#4991,#4992),.UNSPECIFIED.,.F.,.F.,(4,2,3,2,
    4),(-0.150121836061,-0.113135060099,0.,0.112936503346,0.150106253995
    ),.UNSPECIFIED.);
#4982 = CARTESIAN_POINT('',(-134.7742553388,556.60601591558,
    103.54385561403));
#4983 = CARTESIAN_POINT('',(-134.661618803,556.60091851907,
    103.47882487974));
#4984 = CARTESIAN_POINT('',(-134.5440465333,556.59694724852,
    103.42076588376));
#4985 = CARTESIAN_POINT('',(-134.0535592453,556.58423328823,
    103.21741368407));
#4986 = CARTESIAN_POINT('',(-133.6513722058,556.58190323564,
    103.14193182539));
#4987 = CARTESIAN_POINT('',(-133.2742553388,556.58190323564,
    103.14193182539));
#4988 = CARTESIAN_POINT('',(-132.8978003277,556.58190323564,
    103.14193182539));
#4989 = CARTESIAN_POINT('',(-132.4962736588,556.58422744496,
    103.21715093723));
#4990 = CARTESIAN_POINT('',(-132.0056430355,556.59690742658,
    103.4201841168));
#4991 = CARTESIAN_POINT('',(-131.8874527745,556.6008931354,
    103.47850104408));
#4992 = CARTESIAN_POINT('',(-131.7742553388,556.60601591558,
    103.54385561403));
#4993 = ORIENTED_EDGE('',*,*,#4994,.F.);
#4994 = EDGE_CURVE('',#4995,#4979,#4997,.T.);
#4995 = VERTEX_POINT('',#4996);
#4996 = CARTESIAN_POINT('',(-142.7742553388,558.03365721959,
    108.16265776755));
#4997 = ELLIPSE('',#4998,22.,11.);
#4998 = AXIS2_PLACEMENT_3D('',#4999,#5000,#5001);
#4999 = CARTESIAN_POINT('',(-133.2853983768,567.57237819525,
    102.68426364622));
#5000 = DIRECTION('',(0.5,2.4582E-13,0.866025403784));
#5001 = DIRECTION('',(0.866025403784,4.196E-14,-0.5));
#5002 = ORIENTED_EDGE('',*,*,#5003,.F.);
#5003 = EDGE_CURVE('',#5004,#4995,#5006,.T.);
#5004 = VERTEX_POINT('',#5005);
#5005 = CARTESIAN_POINT('',(-144.2742553388,560.10440477769,
    110.7607339789));
#5006 = B_SPLINE_CURVE_WITH_KNOTS('',3,(#5007,#5008,#5009,#5010,#5011,
    #5012,#5013,#5014,#5015,#5016),.UNSPECIFIED.,.F.,.F.,(4,2,2,2,4),(
    0.885778456676,0.9350466249,1.068092631513,1.201138638125,
    1.254105063148),.UNSPECIFIED.);
#5007 = CARTESIAN_POINT('',(-144.2742553388,560.10440477769,
    110.7607339789));
#5008 = CARTESIAN_POINT('',(-144.2742553388,559.98599889709,
    110.65124902664));
#5009 = CARTESIAN_POINT('',(-144.2682958693,559.86917431536,
    110.53839923291));
#5010 = CARTESIAN_POINT('',(-144.2193781304,559.44307407319,
    110.10786254191));
#5011 = CARTESIAN_POINT('',(-144.1252861285,559.12984595921,
    109.74935182368));
#5012 = CARTESIAN_POINT('',(-143.773123232,558.59485980958,
    109.05576120834));
#5013 = CARTESIAN_POINT('',(-143.5134638358,558.3723206473,
    108.72209220738));
#5014 = CARTESIAN_POINT('',(-143.0707963715,558.14444446159,
    108.35253930736));
#5015 = CARTESIAN_POINT('',(-142.9287620546,558.08489022834,
    108.25186226148));
#5016 = CARTESIAN_POINT('',(-142.7742553388,558.03365721959,
    108.16265776755));
#5017 = ORIENTED_EDGE('',*,*,#5018,.F.);
#5018 = EDGE_CURVE('',#5019,#5004,#5021,.T.);
#5019 = VERTEX_POINT('',#5020);
#5020 = CARTESIAN_POINT('',(-144.2742553388,561.24782287491,
    111.68426364622));
#5021 = CIRCLE('',#5022,11.);
#5022 = AXIS2_PLACEMENT_3D('',#5023,#5024,#5025);
#5023 = CARTESIAN_POINT('',(-144.2742553388,567.57237819525,
    102.68426364622));
#5024 = DIRECTION('',(1.,4.981E-14,7.352E-14));
#5025 = DIRECTION('',(4.981E-14,-1.,2.37E-15));
#5026 = ORIENTED_EDGE('',*,*,#5027,.F.);
#5027 = EDGE_CURVE('',#2542,#5019,#5028,.T.);
#5028 = B_SPLINE_CURVE_WITH_KNOTS('',3,(#5029,#5030,#5031,#5032,#5033,
    #5034,#5035,#5036,#5037,#5038),.UNSPECIFIED.,.F.,.F.,(4,2,2,2,4),(
    -2.108806530623,-1.926458145655,-1.744109760687,-1.593073712383,
    -1.442037664079),.UNSPECIFIED.);
#5029 = CARTESIAN_POINT('',(-142.2742553388,567.57237819525,
    113.68426364622));
#5030 = CARTESIAN_POINT('',(-142.5126650755,567.01325780204,
    113.68426364622));
#5031 = CARTESIAN_POINT('',(-142.7742566559,566.40084650667,
    113.6390753217));
#5032 = CARTESIAN_POINT('',(-143.26954243,565.18359719983,
    113.43945366563));
#5033 = CARTESIAN_POINT('',(-143.5021791581,564.57837074393,
    113.28476695171));
#5034 = CARTESIAN_POINT('',(-143.842769509,563.57690038792,
    112.94417660075));
#5035 = CARTESIAN_POINT('',(-143.9925661359,563.08475998453,
    112.74158894118));
#5036 = CARTESIAN_POINT('',(-144.2089509092,562.12624452823,
    112.25652249437));
#5037 = CARTESIAN_POINT('',(-144.2742553388,561.65973937029,
    111.97372905315));
#5038 = CARTESIAN_POINT('',(-144.2742553388,561.24782287491,
    111.68426364622));
#5039 = ORIENTED_EDGE('',*,*,#2549,.T.);
#5040 = ORIENTED_EDGE('',*,*,#4105,.F.);
#5041 = CYLINDRICAL_SURFACE('',#5042,11.);
#5042 = AXIS2_PLACEMENT_3D('',#5043,#5044,#5045);
#5043 = CARTESIAN_POINT('',(9.225744661129,567.57237819526,
    102.68426364623));
#5044 = DIRECTION('',(1.,4.981E-14,7.352E-14));
#5045 = DIRECTION('',(4.981E-14,-1.,2.57E-15));
#5046 = ADVANCED_FACE('',(#5047),#5066,.F.);
#5047 = FACE_BOUND('',#5048,.F.);
#5048 = EDGE_LOOP('',(#5049,#5057,#5058,#5059));
#5049 = ORIENTED_EDGE('',*,*,#5050,.T.);
#5050 = EDGE_CURVE('',#5051,#4935,#5053,.T.);
#5051 = VERTEX_POINT('',#5052);
#5052 = CARTESIAN_POINT('',(-122.2742553388,553.57237823995,
    111.68426364623));
#5053 = LINE('',#5054,#5055);
#5054 = CARTESIAN_POINT('',(-122.2742553388,549.57237823995,
    111.68426364623));
#5055 = VECTOR('',#5056,1.);
#5056 = DIRECTION('',(-4.981E-14,1.,-2.5509E-13));
#5057 = ORIENTED_EDGE('',*,*,#4934,.T.);
#5058 = ORIENTED_EDGE('',*,*,#2525,.F.);
#5059 = ORIENTED_EDGE('',*,*,#5060,.T.);
#5060 = EDGE_CURVE('',#2526,#5051,#5061,.T.);
#5061 = CIRCLE('',#5062,2.);
#5062 = AXIS2_PLACEMENT_3D('',#5063,#5064,#5065);
#5063 = CARTESIAN_POINT('',(-124.2742553388,553.57237823995,
    111.68426364622));
#5064 = DIRECTION('',(-2.389E-14,1.,1.E-17));
#5065 = DIRECTION('',(-7.352E-14,-1.000000000176E-17,1.));
#5066 = CYLINDRICAL_SURFACE('',#5067,2.);
#5067 = AXIS2_PLACEMENT_3D('',#5068,#5069,#5070);
#5068 = CARTESIAN_POINT('',(-124.2742553388,549.57237823995,
    111.68426364623));
#5069 = DIRECTION('',(4.981E-14,-1.,2.5509E-13));
#5070 = DIRECTION('',(-7.352E-14,2.5509E-13,1.));
#5071 = ADVANCED_FACE('',(#5072),#5159,.T.);
#5072 = FACE_BOUND('',#5073,.T.);
#5073 = EDGE_LOOP('',(#5074,#5084,#5091,#5092,#5093,#5101,#5110,#5118,
    #5127,#5135,#5144,#5152));
#5074 = ORIENTED_EDGE('',*,*,#5075,.T.);
#5075 = EDGE_CURVE('',#5076,#5078,#5080,.T.);
#5076 = VERTEX_POINT('',#5077);
#5077 = CARTESIAN_POINT('',(-144.2742553388,553.57237823995,
    110.76073397891));
#5078 = VERTEX_POINT('',#5079);
#5079 = CARTESIAN_POINT('',(-144.2742553388,553.57237823995,
    111.68426364623));
#5080 = LINE('',#5081,#5082);
#5081 = CARTESIAN_POINT('',(-144.2742553388,553.57237823995,
    109.58691585736));
#5082 = VECTOR('',#5083,1.);
#5083 = DIRECTION('',(-7.352E-14,-1.E-17,1.));
#5084 = ORIENTED_EDGE('',*,*,#5085,.T.);
#5085 = EDGE_CURVE('',#5078,#2534,#5086,.T.);
#5086 = CIRCLE('',#5087,2.);
#5087 = AXIS2_PLACEMENT_3D('',#5088,#5089,#5090);
#5088 = CARTESIAN_POINT('',(-142.2742553388,553.57237823995,
    111.68426364622));
#5089 = DIRECTION('',(-2.389E-14,1.,1.E-17));
#5090 = DIRECTION('',(-1.,-2.389E-14,-7.352E-14));
#5091 = ORIENTED_EDGE('',*,*,#2533,.T.);
#5092 = ORIENTED_EDGE('',*,*,#5060,.T.);
#5093 = ORIENTED_EDGE('',*,*,#5094,.T.);
#5094 = EDGE_CURVE('',#5051,#5095,#5097,.T.);
#5095 = VERTEX_POINT('',#5096);
#5096 = CARTESIAN_POINT('',(-122.2742553388,553.57237823995,
    110.76073397891));
#5097 = LINE('',#5098,#5099);
#5098 = CARTESIAN_POINT('',(-122.2742553388,553.57237823995,
    110.04868069102));
#5099 = VECTOR('',#5100,1.);
#5100 = DIRECTION('',(8.314E-14,1.E-17,-1.));
#5101 = ORIENTED_EDGE('',*,*,#5102,.T.);
#5102 = EDGE_CURVE('',#5095,#5103,#5105,.T.);
#5103 = VERTEX_POINT('',#5104);
#5104 = CARTESIAN_POINT('',(-123.7742553388,553.57237823995,
    108.16265776756));
#5105 = CIRCLE('',#5106,3.);
#5106 = AXIS2_PLACEMENT_3D('',#5107,#5108,#5109);
#5107 = CARTESIAN_POINT('',(-125.2742553388,553.57237823995,
    110.76073397891));
#5108 = DIRECTION('',(-2.389E-14,1.,1.E-17));
#5109 = DIRECTION('',(1.,2.389E-14,7.352E-14));
#5110 = ORIENTED_EDGE('',*,*,#5111,.T.);
#5111 = EDGE_CURVE('',#5103,#5112,#5114,.T.);
#5112 = VERTEX_POINT('',#5113);
#5113 = CARTESIAN_POINT('',(-131.7742553388,553.57237823995,
    103.54385561404));
#5114 = LINE('',#5115,#5116);
#5115 = CARTESIAN_POINT('',(-127.2825334952,553.57237823995,
    106.1371524296));
#5116 = VECTOR('',#5117,1.);
#5117 = DIRECTION('',(-0.866025403784,-2.069E-14,-0.5));
#5118 = ORIENTED_EDGE('',*,*,#5119,.T.);
#5119 = EDGE_CURVE('',#5112,#5120,#5122,.T.);
#5120 = VERTEX_POINT('',#5121);
#5121 = CARTESIAN_POINT('',(-132.2175246599,553.57237823995,
    103.33420671913));
#5122 = CIRCLE('',#5123,3.);
#5123 = AXIS2_PLACEMENT_3D('',#5124,#5125,#5126);
#5124 = CARTESIAN_POINT('',(-133.2742553388,553.57237823995,
    106.14193182539));
#5125 = DIRECTION('',(-2.389E-14,1.,1.E-17));
#5126 = DIRECTION('',(0.5,1.195366025404E-14,-0.866025403784));
#5127 = ORIENTED_EDGE('',*,*,#5128,.F.);
#5128 = EDGE_CURVE('',#5129,#5120,#5131,.T.);
#5129 = VERTEX_POINT('',#5130);
#5130 = CARTESIAN_POINT('',(-134.3309860177,553.57237823995,
    103.33420671913));
#5131 = LINE('',#5132,#5133);
#5132 = CARTESIAN_POINT('',(-101.9242553388,553.57237823995,
    103.33420671913));
#5133 = VECTOR('',#5134,1.);
#5134 = DIRECTION('',(1.,2.389E-14,0.));
#5135 = ORIENTED_EDGE('',*,*,#5136,.T.);
#5136 = EDGE_CURVE('',#5129,#5137,#5139,.T.);
#5137 = VERTEX_POINT('',#5138);
#5138 = CARTESIAN_POINT('',(-134.7742553388,553.57237823995,
    103.54385561404));
#5139 = CIRCLE('',#5140,3.);
#5140 = AXIS2_PLACEMENT_3D('',#5141,#5142,#5143);
#5141 = CARTESIAN_POINT('',(-133.2742553388,553.57237823995,
    106.14193182539));
#5142 = DIRECTION('',(-2.389E-14,1.,1.E-17));
#5143 = DIRECTION('',(0.5,1.195366025404E-14,-0.866025403784));
#5144 = ORIENTED_EDGE('',*,*,#5145,.T.);
#5145 = EDGE_CURVE('',#5137,#5146,#5148,.T.);
#5146 = VERTEX_POINT('',#5147);
#5147 = CARTESIAN_POINT('',(-142.7742553388,553.57237823995,
    108.16265776755));
#5148 = LINE('',#5149,#5150);
#5149 = CARTESIAN_POINT('',(-135.2659771825,553.57237823995,
    103.82775135284));
#5150 = VECTOR('',#5151,1.);
#5151 = DIRECTION('',(-0.866025403784,-2.069E-14,0.5));
#5152 = ORIENTED_EDGE('',*,*,#5153,.T.);
#5153 = EDGE_CURVE('',#5146,#5076,#5154,.T.);
#5154 = CIRCLE('',#5155,3.);
#5155 = AXIS2_PLACEMENT_3D('',#5156,#5157,#5158);
#5156 = CARTESIAN_POINT('',(-141.2742553388,553.57237823995,
    110.7607339789));
#5157 = DIRECTION('',(-2.389E-14,1.,1.E-17));
#5158 = DIRECTION('',(-0.5,-1.193633974596E-14,-0.866025403784));
#5159 = PLANE('',#5160);
#5160 = AXIS2_PLACEMENT_3D('',#5161,#5162,#5163);
#5161 = CARTESIAN_POINT('',(-133.2742553388,553.57237823995,
    108.41309773581));
#5162 = DIRECTION('',(-2.389E-14,1.,1.E-17));
#5163 = DIRECTION('',(-1.,-2.389E-14,-1.1657E-13));
#5164 = ADVANCED_FACE('',(#5165),#5176,.F.);
#5165 = FACE_BOUND('',#5166,.F.);
#5166 = EDGE_LOOP('',(#5167,#5168,#5169,#5175));
#5167 = ORIENTED_EDGE('',*,*,#2541,.T.);
#5168 = ORIENTED_EDGE('',*,*,#5027,.T.);
#5169 = ORIENTED_EDGE('',*,*,#5170,.F.);
#5170 = EDGE_CURVE('',#5078,#5019,#5171,.T.);
#5171 = LINE('',#5172,#5173);
#5172 = CARTESIAN_POINT('',(-144.2742553388,549.57237823995,
    111.68426364622));
#5173 = VECTOR('',#5174,1.);
#5174 = DIRECTION('',(-4.981E-14,1.,-2.5509E-13));
#5175 = ORIENTED_EDGE('',*,*,#5085,.T.);
#5176 = CYLINDRICAL_SURFACE('',#5177,2.);
#5177 = AXIS2_PLACEMENT_3D('',#5178,#5179,#5180);
#5178 = CARTESIAN_POINT('',(-142.2742553388,549.57237823995,
    111.68426364622));
#5179 = DIRECTION('',(4.981E-14,-1.,2.5509E-13));
#5180 = DIRECTION('',(-1.,-4.981000000002E-14,-7.352E-14));
#5181 = ADVANCED_FACE('',(#5182),#5201,.F.);
#5182 = FACE_BOUND('',#5183,.F.);
#5183 = EDGE_LOOP('',(#5184,#5192,#5199,#5200));
#5184 = ORIENTED_EDGE('',*,*,#5185,.T.);
#5185 = EDGE_CURVE('',#2598,#5186,#5188,.T.);
#5186 = VERTEX_POINT('',#5187);
#5187 = CARTESIAN_POINT('',(-130.2742553388,559.57237823995,
    115.68426364623));
#5188 = LINE('',#5189,#5190);
#5189 = CARTESIAN_POINT('',(-130.2742553388,559.57237823995,
    115.68426364623));
#5190 = VECTOR('',#5191,1.);
#5191 = DIRECTION('',(-7.352E-14,2.77E-15,1.));
#5192 = ORIENTED_EDGE('',*,*,#5193,.T.);
#5193 = EDGE_CURVE('',#5186,#5186,#5194,.T.);
#5194 = CIRCLE('',#5195,3.);
#5195 = AXIS2_PLACEMENT_3D('',#5196,#5197,#5198);
#5196 = CARTESIAN_POINT('',(-133.2742553388,559.57237823995,
    115.68426364623));
#5197 = DIRECTION('',(7.349E-14,-2.02E-15,-1.));
#5198 = DIRECTION('',(-1.,-4.981E-14,-7.349E-14));
#5199 = ORIENTED_EDGE('',*,*,#5185,.F.);
#5200 = ORIENTED_EDGE('',*,*,#2597,.F.);
#5201 = CYLINDRICAL_SURFACE('',#5202,3.);
#5202 = AXIS2_PLACEMENT_3D('',#5203,#5204,#5205);
#5203 = CARTESIAN_POINT('',(-133.2742553388,559.57237823995,
    115.68426364623));
#5204 = DIRECTION('',(-7.352E-14,2.77E-15,1.));
#5205 = DIRECTION('',(-1.,-4.981E-14,-7.352E-14));
#5206 = ADVANCED_FACE('',(#5207),#5226,.F.);
#5207 = FACE_BOUND('',#5208,.F.);
#5208 = EDGE_LOOP('',(#5209,#5217,#5224,#5225));
#5209 = ORIENTED_EDGE('',*,*,#5210,.T.);
#5210 = EDGE_CURVE('',#2609,#5211,#5213,.T.);
#5211 = VERTEX_POINT('',#5212);
#5212 = CARTESIAN_POINT('',(-55.27425533887,559.57237823995,
    115.68426364623));
#5213 = LINE('',#5214,#5215);
#5214 = CARTESIAN_POINT('',(-55.27425533887,559.57237823995,
    115.68426364623));
#5215 = VECTOR('',#5216,1.);
#5216 = DIRECTION('',(-7.352E-14,2.77E-15,1.));
#5217 = ORIENTED_EDGE('',*,*,#5218,.T.);
#5218 = EDGE_CURVE('',#5211,#5211,#5219,.T.);
#5219 = CIRCLE('',#5220,3.);
#5220 = AXIS2_PLACEMENT_3D('',#5221,#5222,#5223);
#5221 = CARTESIAN_POINT('',(-58.27425533887,559.57237823995,
    115.68426364623));
#5222 = DIRECTION('',(7.349E-14,-2.02E-15,-1.));
#5223 = DIRECTION('',(-1.,-4.981E-14,-7.349E-14));
#5224 = ORIENTED_EDGE('',*,*,#5210,.F.);
#5225 = ORIENTED_EDGE('',*,*,#2608,.F.);
#5226 = CYLINDRICAL_SURFACE('',#5227,3.);
#5227 = AXIS2_PLACEMENT_3D('',#5228,#5229,#5230);
#5228 = CARTESIAN_POINT('',(-58.27425533887,559.57237823995,
    115.68426364623));
#5229 = DIRECTION('',(-7.352E-14,2.77E-15,1.));
#5230 = DIRECTION('',(-1.,-4.981E-14,-7.352E-14));
#5231 = ADVANCED_FACE('',(#5232),#5494,.F.);
#5232 = FACE_BOUND('',#5233,.F.);
#5233 = EDGE_LOOP('',(#5234,#5235,#5243,#5260,#5269,#5285,#5294,#5311,
    #5319,#5336,#5345,#5361,#5370,#5387,#5395,#5410,#5419,#5435,#5444,
    #5461,#5467,#5468,#5469,#5470,#5471,#5472,#5473,#5474,#5475,#5476,
    #5477,#5486,#5493));
#5234 = ORIENTED_EDGE('',*,*,#4313,.F.);
#5235 = ORIENTED_EDGE('',*,*,#5236,.F.);
#5236 = EDGE_CURVE('',#5237,#4303,#5239,.T.);
#5237 = VERTEX_POINT('',#5238);
#5238 = CARTESIAN_POINT('',(-126.4735450351,567.57237819525,
    57.684149792042));
#5239 = LINE('',#5240,#5241);
#5240 = CARTESIAN_POINT('',(-146.2738363629,567.57237819525,
    57.684149792043));
#5241 = VECTOR('',#5242,1.);
#5242 = DIRECTION('',(-1.,-2.432E-14,-7.352E-14));
#5243 = ORIENTED_EDGE('',*,*,#5244,.T.);
#5244 = EDGE_CURVE('',#5237,#5245,#5247,.T.);
#5245 = VERTEX_POINT('',#5246);
#5246 = CARTESIAN_POINT('',(-126.9735450351,561.44289958156,
    59.550175195827));
#5247 = B_SPLINE_CURVE_WITH_KNOTS('',3,(#5248,#5249,#5250,#5251,#5252,
    #5253,#5254,#5255,#5256,#5257,#5258,#5259),.UNSPECIFIED.,.F.,.F.,(4,
    2,2,2,2,4),(-1.384935728143,-1.154727149493,-0.924518570843,
    -0.842514604245,-0.760510637648,-0.743830123721),.UNSPECIFIED.);
#5248 = CARTESIAN_POINT('',(-126.4735450351,567.57237819525,
    57.684149792042));
#5249 = CARTESIAN_POINT('',(-126.6950633432,566.83768508312,
    57.684149792042));
#5250 = CARTESIAN_POINT('',(-126.938840544,566.03671711865,
    57.762102662341));
#5251 = CARTESIAN_POINT('',(-127.3269400512,564.46135003123,
    58.102516327379));
#5252 = CARTESIAN_POINT('',(-127.4735450351,563.68740425378,
    58.364468508014));
#5253 = CARTESIAN_POINT('',(-127.4735450351,562.74130563182,
    58.798025363018));
#5254 = CARTESIAN_POINT('',(-127.4538745588,562.47413654266,
    58.932739007591));
#5255 = CARTESIAN_POINT('',(-127.3366236475,561.97343990747,
    59.211348204507));
#5256 = CARTESIAN_POINT('',(-127.2413205221,561.73944304116,
    59.355353856999));
#5257 = CARTESIAN_POINT('',(-127.0504660922,561.51519410108,
    59.501962051659));
#5258 = CARTESIAN_POINT('',(-127.0139759111,561.47768432372,
    59.526832418714));
#5259 = CARTESIAN_POINT('',(-126.9735450351,561.44289958156,
    59.550175195827));
#5260 = ORIENTED_EDGE('',*,*,#5261,.F.);
#5261 = EDGE_CURVE('',#5262,#5245,#5264,.T.);
#5262 = VERTEX_POINT('',#5263);
#5263 = CARTESIAN_POINT('',(-122.2742553388,558.64081428296,
    62.263311366982));
#5264 = ELLIPSE('',#5265,22.,11.);
#5265 = AXIS2_PLACEMENT_3D('',#5266,#5267,#5268);
#5266 = CARTESIAN_POINT('',(-111.1530369594,567.57237819525,
    68.684149792045));
#5267 = DIRECTION('',(0.5,-1.9601E-13,-0.866025403784));
#5268 = DIRECTION('',(-0.866025403784,-4.14E-14,-0.5));
#5269 = ORIENTED_EDGE('',*,*,#5270,.F.);
#5270 = EDGE_CURVE('',#5271,#5262,#5273,.T.);
#5271 = VERTEX_POINT('',#5272);
#5272 = CARTESIAN_POINT('',(-119.2742553388,558.64081428296,
    62.263311366983));
#5273 = B_SPLINE_CURVE_WITH_KNOTS('',3,(#5274,#5275,#5276,#5277,#5278,
    #5279,#5280,#5281,#5282,#5283,#5284),.UNSPECIFIED.,.F.,.F.,(4,2,3,2,
    4),(-0.153778559339,-0.108738569587,0.,0.108738569587,0.153778559339
    ),.UNSPECIFIED.);
#5274 = CARTESIAN_POINT('',(-119.2742553388,558.64081428296,
    62.263311366983));
#5275 = CARTESIAN_POINT('',(-119.4028573492,558.58743762705,
    62.337559772276));
#5276 = CARTESIAN_POINT('',(-119.5402953808,558.54106076052,
    62.404029954183));
#5277 = CARTESIAN_POINT('',(-120.0294800403,558.41004411905,
    62.594942977519));
#5278 = CARTESIAN_POINT('',(-120.4117934402,558.36517087709,
    62.665235155629));
#5279 = CARTESIAN_POINT('',(-120.7742553388,558.36517087709,
    62.665235155629));
#5280 = CARTESIAN_POINT('',(-121.1367172374,558.36517087709,
    62.665235155629));
#5281 = CARTESIAN_POINT('',(-121.5190306373,558.41004411905,
    62.594942977519));
#5282 = CARTESIAN_POINT('',(-122.0082152969,558.54106076052,
    62.404029954183));
#5283 = CARTESIAN_POINT('',(-122.1456533285,558.58743762705,
    62.337559772275));
#5284 = CARTESIAN_POINT('',(-122.2742553388,558.64081428296,
    62.263311366982));
#5285 = ORIENTED_EDGE('',*,*,#5286,.T.);
#5286 = EDGE_CURVE('',#5271,#5287,#5289,.T.);
#5287 = VERTEX_POINT('',#5288);
#5288 = CARTESIAN_POINT('',(-114.5749656425,561.44289958156,
    59.550175195828));
#5289 = ELLIPSE('',#5290,22.,11.);
#5290 = AXIS2_PLACEMENT_3D('',#5291,#5292,#5293);
#5291 = CARTESIAN_POINT('',(-130.3954737182,567.57237819525,
    68.684149792044));
#5292 = DIRECTION('',(0.5,2.4582E-13,0.866025403784));
#5293 = DIRECTION('',(0.866025403784,-8.441E-14,-0.5));
#5294 = ORIENTED_EDGE('',*,*,#5295,.T.);
#5295 = EDGE_CURVE('',#5287,#5296,#5298,.T.);
#5296 = VERTEX_POINT('',#5297);
#5297 = CARTESIAN_POINT('',(-115.0749656425,567.57237819525,
    57.684149792042));
#5298 = B_SPLINE_CURVE_WITH_KNOTS('',3,(#5299,#5300,#5301,#5302,#5303,
    #5304,#5305,#5306,#5307,#5308,#5309,#5310),.UNSPECIFIED.,.F.,.F.,(4,
    2,2,2,2,4),(-0.634328641009,-0.600651576161,-0.455758334316,
    -0.248118667128,-0.124059333564,0.),.UNSPECIFIED.);
#5299 = CARTESIAN_POINT('',(-114.5749656425,561.44289958156,
    59.550175195828));
#5300 = CARTESIAN_POINT('',(-114.4912581234,561.51491742441,
    59.501846637117));
#5301 = CARTESIAN_POINT('',(-114.4208193174,561.60300307399,
    59.444217029332));
#5302 = CARTESIAN_POINT('',(-114.1400001626,562.0463823052,
    59.163397874479));
#5303 = CARTESIAN_POINT('',(-114.0749656425,562.55073207046,
    58.885357140056));
#5304 = CARTESIAN_POINT('',(-114.0749656425,563.61901361299,
    58.395809036842));
#5305 = CARTESIAN_POINT('',(-114.2132153098,564.3942258744,
    58.131686562407));
#5306 = CARTESIAN_POINT('',(-114.4602543858,565.44324198585,
    57.884647486412));
#5307 = CARTESIAN_POINT('',(-114.5763292871,565.87543645839,
    57.80708167212));
#5308 = CARTESIAN_POINT('',(-114.824332967,566.74195010268,
    57.706872766318));
#5309 = CARTESIAN_POINT('',(-114.9555894931,567.17645229883,
    57.684149792042));
#5310 = CARTESIAN_POINT('',(-115.0749656425,567.57237819525,
    57.684149792042));
#5311 = ORIENTED_EDGE('',*,*,#5312,.F.);
#5312 = EDGE_CURVE('',#5313,#5296,#5315,.T.);
#5313 = VERTEX_POINT('',#5314);
#5314 = CARTESIAN_POINT('',(-101.4735450351,567.57237819525,
    57.684149792046));
#5315 = LINE('',#5316,#5317);
#5316 = CARTESIAN_POINT('',(-146.2738363629,567.57237819525,
    57.684149792043));
#5317 = VECTOR('',#5318,1.);
#5318 = DIRECTION('',(-1.,-2.432E-14,-7.352E-14));
#5319 = ORIENTED_EDGE('',*,*,#5320,.F.);
#5320 = EDGE_CURVE('',#5321,#5313,#5323,.T.);
#5321 = VERTEX_POINT('',#5322);
#5322 = CARTESIAN_POINT('',(-101.9735450351,561.44289958156,
    59.55017519583));
#5323 = B_SPLINE_CURVE_WITH_KNOTS('',3,(#5324,#5325,#5326,#5327,#5328,
    #5329,#5330,#5331,#5332,#5333,#5334,#5335),.UNSPECIFIED.,.F.,.F.,(4,
    2,2,2,2,4),(0.750607087135,0.784284151983,0.929177393828,
    1.136817061015,1.26087639458,1.384935728144),.UNSPECIFIED.);
#5324 = CARTESIAN_POINT('',(-101.9735450351,561.44289958156,
    59.550175195831));
#5325 = CARTESIAN_POINT('',(-102.0572525543,561.51491742441,
    59.501846637119));
#5326 = CARTESIAN_POINT('',(-102.1276913602,561.60300307398,
    59.444217029334));
#5327 = CARTESIAN_POINT('',(-102.408510515,562.0463823052,
    59.163397874481));
#5328 = CARTESIAN_POINT('',(-102.4735450351,562.55073207046,
    58.885357140059));
#5329 = CARTESIAN_POINT('',(-102.4735450351,563.61901361298,
    58.395809036845));
#5330 = CARTESIAN_POINT('',(-102.3352953678,564.39422587439,
    58.13168656241));
#5331 = CARTESIAN_POINT('',(-102.0882562919,565.44324198584,
    57.884647486415));
#5332 = CARTESIAN_POINT('',(-101.9721813905,565.87543645838,
    57.807081672122));
#5333 = CARTESIAN_POINT('',(-101.7241777107,566.74195010268,
    57.706872766319));
#5334 = CARTESIAN_POINT('',(-101.5929211845,567.17645229883,
    57.684149792046));
#5335 = CARTESIAN_POINT('',(-101.4735450351,567.57237819525,
    57.684149792046));
#5336 = ORIENTED_EDGE('',*,*,#5337,.T.);
#5337 = EDGE_CURVE('',#5321,#5338,#5340,.T.);
#5338 = VERTEX_POINT('',#5339);
#5339 = CARTESIAN_POINT('',(-97.27425533886,558.64081428296,
    62.263311366985));
#5340 = ELLIPSE('',#5341,22.,11.);
#5341 = AXIS2_PLACEMENT_3D('',#5342,#5343,#5344);
#5342 = CARTESIAN_POINT('',(-86.15303695947,567.57237819525,
    68.684149792047));
#5343 = DIRECTION('',(-0.5,-1.255E-14,0.866025403784));
#5344 = DIRECTION('',(-0.866025403784,-5.028E-14,-0.5));
#5345 = ORIENTED_EDGE('',*,*,#5346,.T.);
#5346 = EDGE_CURVE('',#5338,#5347,#5349,.T.);
#5347 = VERTEX_POINT('',#5348);
#5348 = CARTESIAN_POINT('',(-94.27425533886,558.64081428296,
    62.263311366985));
#5349 = B_SPLINE_CURVE_WITH_KNOTS('',3,(#5350,#5351,#5352,#5353,#5354,
    #5355,#5356,#5357,#5358,#5359,#5360),.UNSPECIFIED.,.F.,.F.,(4,2,3,2,
    4),(-0.153778559339,-0.108738569587,0.,0.108738569587,0.153778559339
    ),.UNSPECIFIED.);
#5350 = CARTESIAN_POINT('',(-97.27425533886,558.64081428296,
    62.263311366985));
#5351 = CARTESIAN_POINT('',(-97.14565332851,558.58743762705,
    62.337559772278));
#5352 = CARTESIAN_POINT('',(-97.00821529692,558.54106076052,
    62.404029954185));
#5353 = CARTESIAN_POINT('',(-96.51903063738,558.41004411905,
    62.594942977521));
#5354 = CARTESIAN_POINT('',(-96.13671723748,558.36517087709,
    62.665235155631));
#5355 = CARTESIAN_POINT('',(-95.77425533886,558.36517087709,
    62.665235155631));
#5356 = CARTESIAN_POINT('',(-95.41179344024,558.36517087709,
    62.665235155631));
#5357 = CARTESIAN_POINT('',(-95.02948004035,558.41004411905,
    62.594942977521));
#5358 = CARTESIAN_POINT('',(-94.5402953808,558.54106076052,
    62.404029954186));
#5359 = CARTESIAN_POINT('',(-94.40285734921,558.58743762705,
    62.337559772278));
#5360 = CARTESIAN_POINT('',(-94.27425533886,558.64081428296,
    62.263311366985));
#5361 = ORIENTED_EDGE('',*,*,#5362,.T.);
#5362 = EDGE_CURVE('',#5347,#5363,#5365,.T.);
#5363 = VERTEX_POINT('',#5364);
#5364 = CARTESIAN_POINT('',(-89.57496564257,561.44289958156,
    59.550175195831));
#5365 = ELLIPSE('',#5366,22.,11.);
#5366 = AXIS2_PLACEMENT_3D('',#5367,#5368,#5369);
#5367 = CARTESIAN_POINT('',(-105.3954737182,567.57237819525,
    68.684149792046));
#5368 = DIRECTION('',(0.5,1.181E-14,0.866025403784));
#5369 = DIRECTION('',(0.866025403784,5.053E-14,-0.5));
#5370 = ORIENTED_EDGE('',*,*,#5371,.F.);
#5371 = EDGE_CURVE('',#5372,#5363,#5374,.T.);
#5372 = VERTEX_POINT('',#5373);
#5373 = CARTESIAN_POINT('',(-90.07496564257,567.57237819525,
    57.684149792047));
#5374 = B_SPLINE_CURVE_WITH_KNOTS('',3,(#5375,#5376,#5377,#5378,#5379,
    #5380,#5381,#5382,#5383,#5384,#5385,#5386),.UNSPECIFIED.,.F.,.F.,(4,
    2,2,2,2,4),(0.,0.230208578651,0.460417157301,0.542421123899,
    0.624425090496,0.641105604423),.UNSPECIFIED.);
#5375 = CARTESIAN_POINT('',(-90.07496564257,567.57237819525,
    57.684149792047));
#5376 = CARTESIAN_POINT('',(-89.85344733448,566.83768508312,
    57.684149792047));
#5377 = CARTESIAN_POINT('',(-89.60967013364,566.03671711865,
    57.762102662344));
#5378 = CARTESIAN_POINT('',(-89.22157062651,564.46135003123,
    58.102516327383));
#5379 = CARTESIAN_POINT('',(-89.07496564257,563.68740425378,
    58.364468508018));
#5380 = CARTESIAN_POINT('',(-89.07496564257,562.74130563182,
    58.798025363022));
#5381 = CARTESIAN_POINT('',(-89.09463611888,562.47413654266,
    58.932739007596));
#5382 = CARTESIAN_POINT('',(-89.21188703017,561.97343990747,
    59.211348204512));
#5383 = CARTESIAN_POINT('',(-89.30719015555,561.73944304116,
    59.355353857003));
#5384 = CARTESIAN_POINT('',(-89.49804458548,561.51519410108,
    59.501962051663));
#5385 = CARTESIAN_POINT('',(-89.53453476662,561.47768432372,
    59.526832418718));
#5386 = CARTESIAN_POINT('',(-89.57496564257,561.44289958156,
    59.550175195831));
#5387 = ORIENTED_EDGE('',*,*,#5388,.F.);
#5388 = EDGE_CURVE('',#5389,#5372,#5391,.T.);
#5389 = VERTEX_POINT('',#5390);
#5390 = CARTESIAN_POINT('',(-76.47354503515,567.57237819525,
    57.684149792048));
#5391 = LINE('',#5392,#5393);
#5392 = CARTESIAN_POINT('',(-146.2738363629,567.57237819525,
    57.684149792043));
#5393 = VECTOR('',#5394,1.);
#5394 = DIRECTION('',(-1.,-2.432E-14,-7.352E-14));
#5395 = ORIENTED_EDGE('',*,*,#5396,.F.);
#5396 = EDGE_CURVE('',#5397,#5389,#5399,.T.);
#5397 = VERTEX_POINT('',#5398);
#5398 = CARTESIAN_POINT('',(-76.97354503515,561.44289958156,
    59.550175195832));
#5399 = B_SPLINE_CURVE_WITH_KNOTS('',3,(#5400,#5401,#5402,#5403,#5404,
    #5405,#5406,#5407,#5408,#5409),.UNSPECIFIED.,.F.,.F.,(4,2,2,2,4),(
    0.750607087135,0.784284151983,0.929177393828,1.159385972479,
    1.389594551129),.UNSPECIFIED.);
#5400 = CARTESIAN_POINT('',(-76.97354503515,561.44289958156,
    59.550175195832));
#5401 = CARTESIAN_POINT('',(-77.0572525543,561.51491742441,
    59.501846637121));
#5402 = CARTESIAN_POINT('',(-77.12769136024,561.60300307399,
    59.444217029336));
#5403 = CARTESIAN_POINT('',(-77.40851051509,562.0463823052,
    59.163397874483));
#5404 = CARTESIAN_POINT('',(-77.47354503515,562.55073207046,
    58.88535714006));
#5405 = CARTESIAN_POINT('',(-77.47354503515,563.68740425378,
    58.364468508019));
#5406 = CARTESIAN_POINT('',(-77.32694005122,564.46135003123,
    58.102516327384));
#5407 = CARTESIAN_POINT('',(-76.93884054408,566.03671711865,
    57.762102662345));
#5408 = CARTESIAN_POINT('',(-76.69506334324,566.83768508312,
    57.684149792048));
#5409 = CARTESIAN_POINT('',(-76.47354503515,567.57237819525,
    57.684149792048));
#5410 = ORIENTED_EDGE('',*,*,#5411,.T.);
#5411 = EDGE_CURVE('',#5397,#5412,#5414,.T.);
#5412 = VERTEX_POINT('',#5413);
#5413 = CARTESIAN_POINT('',(-72.27425533886,558.64081428297,
    62.263311366986));
#5414 = ELLIPSE('',#5415,22.,11.);
#5415 = AXIS2_PLACEMENT_3D('',#5416,#5417,#5418);
#5416 = CARTESIAN_POINT('',(-61.15303695947,567.57237819525,
    68.684149792049));
#5417 = DIRECTION('',(-0.5,-1.264E-14,0.866025403784));
#5418 = DIRECTION('',(-0.866025403784,-5.028E-14,-0.5));
#5419 = ORIENTED_EDGE('',*,*,#5420,.T.);
#5420 = EDGE_CURVE('',#5412,#5421,#5423,.T.);
#5421 = VERTEX_POINT('',#5422);
#5422 = CARTESIAN_POINT('',(-69.27425533886,558.64081428297,
    62.263311366987));
#5423 = B_SPLINE_CURVE_WITH_KNOTS('',3,(#5424,#5425,#5426,#5427,#5428,
    #5429,#5430,#5431,#5432,#5433,#5434),.UNSPECIFIED.,.F.,.F.,(4,2,3,2,
    4),(-0.153778559339,-0.108738569587,0.,0.108738569587,0.153778559339
    ),.UNSPECIFIED.);
#5424 = CARTESIAN_POINT('',(-72.27425533886,558.64081428297,
    62.263311366986));
#5425 = CARTESIAN_POINT('',(-72.14565332851,558.58743762705,
    62.337559772279));
#5426 = CARTESIAN_POINT('',(-72.00821529692,558.54106076052,
    62.404029954187));
#5427 = CARTESIAN_POINT('',(-71.51903063738,558.41004411905,
    62.594942977523));
#5428 = CARTESIAN_POINT('',(-71.13671723748,558.36517087709,
    62.665235155633));
#5429 = CARTESIAN_POINT('',(-70.77425533886,558.36517087709,
    62.665235155633));
#5430 = CARTESIAN_POINT('',(-70.41179344024,558.36517087709,
    62.665235155633));
#5431 = CARTESIAN_POINT('',(-70.02948004035,558.41004411905,
    62.594942977523));
#5432 = CARTESIAN_POINT('',(-69.5402953808,558.54106076052,
    62.404029954187));
#5433 = CARTESIAN_POINT('',(-69.40285734921,558.58743762705,
    62.337559772279));
#5434 = CARTESIAN_POINT('',(-69.27425533886,558.64081428297,
    62.263311366987));
#5435 = ORIENTED_EDGE('',*,*,#5436,.T.);
#5436 = EDGE_CURVE('',#5421,#5437,#5439,.T.);
#5437 = VERTEX_POINT('',#5438);
#5438 = CARTESIAN_POINT('',(-64.57496564257,561.44289958156,
    59.550175195833));
#5439 = ELLIPSE('',#5440,22.,11.);
#5440 = AXIS2_PLACEMENT_3D('',#5441,#5442,#5443);
#5441 = CARTESIAN_POINT('',(-80.39547371826,567.57237819525,
    68.684149792048));
#5442 = DIRECTION('',(0.5,1.19E-14,0.866025403784));
#5443 = DIRECTION('',(0.866025403784,5.053E-14,-0.5));
#5444 = ORIENTED_EDGE('',*,*,#5445,.F.);
#5445 = EDGE_CURVE('',#5446,#5437,#5448,.T.);
#5446 = VERTEX_POINT('',#5447);
#5447 = CARTESIAN_POINT('',(-65.07496564257,567.57237819525,
    57.684149792049));
#5448 = B_SPLINE_CURVE_WITH_KNOTS('',3,(#5449,#5450,#5451,#5452,#5453,
    #5454,#5455,#5456,#5457,#5458,#5459,#5460),.UNSPECIFIED.,.F.,.F.,(4,
    2,2,2,2,4),(0.,0.124059333564,0.248118667129,0.455758334316,
    0.600651576161,0.63432864101),.UNSPECIFIED.);
#5449 = CARTESIAN_POINT('',(-65.07496564257,567.57237819525,
    57.684149792049));
#5450 = CARTESIAN_POINT('',(-64.95558949319,567.17645229884,
    57.684149792049));
#5451 = CARTESIAN_POINT('',(-64.824332967,566.74195010268,
    57.706872766322));
#5452 = CARTESIAN_POINT('',(-64.57632928715,565.87543645839,
    57.807081672125));
#5453 = CARTESIAN_POINT('',(-64.46025438583,565.44324198584,
    57.884647486417));
#5454 = CARTESIAN_POINT('',(-64.21321530983,564.39422587439,
    58.131686562413));
#5455 = CARTESIAN_POINT('',(-64.07496564257,563.61901361299,
    58.395809036848));
#5456 = CARTESIAN_POINT('',(-64.07496564257,562.55073207046,
    58.885357140061));
#5457 = CARTESIAN_POINT('',(-64.14000016263,562.0463823052,
    59.163397874484));
#5458 = CARTESIAN_POINT('',(-64.42081931749,561.60300307399,
    59.444217029337));
#5459 = CARTESIAN_POINT('',(-64.49125812343,561.51491742441,
    59.501846637122));
#5460 = CARTESIAN_POINT('',(-64.57496564257,561.44289958156,
    59.550175195833));
#5461 = ORIENTED_EDGE('',*,*,#5462,.F.);
#5462 = EDGE_CURVE('',#3975,#5446,#5463,.T.);
#5463 = LINE('',#5464,#5465);
#5464 = CARTESIAN_POINT('',(-146.2738363629,567.57237819525,
    57.684149792043));
#5465 = VECTOR('',#5466,1.);
#5466 = DIRECTION('',(-1.,-2.432E-14,-7.352E-14));
#5467 = ORIENTED_EDGE('',*,*,#3999,.F.);
#5468 = ORIENTED_EDGE('',*,*,#3505,.F.);
#5469 = ORIENTED_EDGE('',*,*,#3265,.T.);
#5470 = ORIENTED_EDGE('',*,*,#3325,.T.);
#5471 = ORIENTED_EDGE('',*,*,#3373,.T.);
#5472 = ORIENTED_EDGE('',*,*,#3397,.T.);
#5473 = ORIENTED_EDGE('',*,*,#3355,.T.);
#5474 = ORIENTED_EDGE('',*,*,#3289,.T.);
#5475 = ORIENTED_EDGE('',*,*,#3231,.T.);
#5476 = ORIENTED_EDGE('',*,*,#3518,.F.);
#5477 = ORIENTED_EDGE('',*,*,#5478,.T.);
#5478 = EDGE_CURVE('',#3519,#5479,#5481,.T.);
#5479 = VERTEX_POINT('',#5480);
#5480 = CARTESIAN_POINT('',(-108.2742553388,559.76613069726,
    60.934149792043));
#5481 = ELLIPSE('',#5482,31.099251707887,11.);
#5482 = AXIS2_PLACEMENT_3D('',#5483,#5484,#5485);
#5483 = CARTESIAN_POINT('',(-87.77981089441,567.57237819525,
    68.684149792047));
#5484 = DIRECTION('',(0.353706259666,-1.029E-14,-0.935356553338));
#5485 = DIRECTION('',(0.935356553338,5.714E-14,0.353706259666));
#5486 = ORIENTED_EDGE('',*,*,#5487,.T.);
#5487 = EDGE_CURVE('',#5479,#3535,#5488,.T.);
#5488 = ELLIPSE('',#5489,31.099251707875,11.);
#5489 = AXIS2_PLACEMENT_3D('',#5490,#5491,#5492);
#5490 = CARTESIAN_POINT('',(-128.7686997833,567.57237819525,
    68.684149792044));
#5491 = DIRECTION('',(-0.353706259666,-4.828E-14,-0.935356553338));
#5492 = DIRECTION('',(0.935356553338,3.5E-14,-0.353706259666));
#5493 = ORIENTED_EDGE('',*,*,#3542,.F.);
#5494 = CYLINDRICAL_SURFACE('',#5495,11.);
#5495 = AXIS2_PLACEMENT_3D('',#5496,#5497,#5498);
#5496 = CARTESIAN_POINT('',(-18.27425533886,567.57237819525,
    68.684149792052));
#5497 = DIRECTION('',(1.,4.981E-14,7.352E-14));
#5498 = DIRECTION('',(8.720747932374E-14,-0.707106781187,-0.707106781187
    ));
#5499 = ADVANCED_FACE('',(#5500,#5511),#5514,.T.);
#5500 = FACE_BOUND('',#5501,.T.);
#5501 = EDGE_LOOP('',(#5502));
#5502 = ORIENTED_EDGE('',*,*,#5503,.T.);
#5503 = EDGE_CURVE('',#5504,#5504,#5506,.T.);
#5504 = VERTEX_POINT('',#5505);
#5505 = CARTESIAN_POINT('',(-110.6242553388,552.37237819525,
    105.43414979204));
#5506 = CIRCLE('',#5507,2.35);
#5507 = AXIS2_PLACEMENT_3D('',#5508,#5509,#5510);
#5508 = CARTESIAN_POINT('',(-108.2742553388,552.37237819525,
    105.43414979204));
#5509 = DIRECTION('',(-5.4E-14,1.,-2.7E-14));
#5510 = DIRECTION('',(-1.,-5.4E-14,0.));
#5511 = FACE_BOUND('',#5512,.T.);
#5512 = EDGE_LOOP('',(#5513));
#5513 = ORIENTED_EDGE('',*,*,#3432,.F.);
#5514 = PLANE('',#5515);
#5515 = AXIS2_PLACEMENT_3D('',#5516,#5517,#5518);
#5516 = CARTESIAN_POINT('',(-108.2742553388,552.37237819525,
    85.434149792043));
#5517 = DIRECTION('',(-4.838E-14,1.,-2.56E-14));
#5518 = DIRECTION('',(1.,4.838E-14,0.));
#5519 = ADVANCED_FACE('',(#5520,#5531),#5534,.T.);
#5520 = FACE_BOUND('',#5521,.T.);
#5521 = EDGE_LOOP('',(#5522));
#5522 = ORIENTED_EDGE('',*,*,#5523,.T.);
#5523 = EDGE_CURVE('',#5524,#5524,#5526,.T.);
#5524 = VERTEX_POINT('',#5525);
#5525 = CARTESIAN_POINT('',(-110.6242553388,552.37237819525,
    65.434149792043));
#5526 = CIRCLE('',#5527,2.35);
#5527 = AXIS2_PLACEMENT_3D('',#5528,#5529,#5530);
#5528 = CARTESIAN_POINT('',(-108.2742553388,552.37237819525,
    65.434149792043));
#5529 = DIRECTION('',(-5.4E-14,1.,-2.7E-14));
#5530 = DIRECTION('',(-1.,-5.4E-14,0.));
#5531 = FACE_BOUND('',#5532,.T.);
#5532 = EDGE_LOOP('',(#5533));
#5533 = ORIENTED_EDGE('',*,*,#3457,.F.);
#5534 = PLANE('',#5535);
#5535 = AXIS2_PLACEMENT_3D('',#5536,#5537,#5538);
#5536 = CARTESIAN_POINT('',(-108.2742553388,552.37237819525,
    85.434149792043));
#5537 = DIRECTION('',(-4.838E-14,1.,-2.56E-14));
#5538 = DIRECTION('',(1.,4.838E-14,0.));
#5539 = ADVANCED_FACE('',(#5540),#5550,.F.);
#5540 = FACE_BOUND('',#5541,.F.);
#5541 = EDGE_LOOP('',(#5542,#5543,#5544));
#5542 = ORIENTED_EDGE('',*,*,#3641,.F.);
#5543 = ORIENTED_EDGE('',*,*,#4428,.F.);
#5544 = ORIENTED_EDGE('',*,*,#5545,.T.);
#5545 = EDGE_CURVE('',#4429,#3634,#5546,.T.);
#5546 = LINE('',#5547,#5548);
#5547 = CARTESIAN_POINT('',(-100.1567177518,553.0723782176,
    107.3644927213));
#5548 = VECTOR('',#5549,1.);
#5549 = DIRECTION('',(-1.8285E-13,-1.,1.2076E-13));
#5550 = PLANE('',#5551);
#5551 = AXIS2_PLACEMENT_3D('',#5552,#5553,#5554);
#5552 = CARTESIAN_POINT('',(-78.52425533886,556.57237819525,
    99.184149792043));
#5553 = DIRECTION('',(0.353706259666,4.828E-14,0.935356553338));
#5554 = DIRECTION('',(-0.935356553338,-3.916E-14,0.353706259666));
#5555 = ADVANCED_FACE('',(#5556),#5572,.F.);
#5556 = FACE_BOUND('',#5557,.F.);
#5557 = EDGE_LOOP('',(#5558,#5559,#5565,#5566));
#5558 = ORIENTED_EDGE('',*,*,#3633,.F.);
#5559 = ORIENTED_EDGE('',*,*,#5560,.F.);
#5560 = EDGE_CURVE('',#4821,#3634,#5561,.T.);
#5561 = LINE('',#5562,#5563);
#5562 = CARTESIAN_POINT('',(-100.1567177518,553.0723782176,
    107.3644927213));
#5563 = VECTOR('',#5564,1.);
#5564 = DIRECTION('',(1.8285E-13,1.,-1.2076E-13));
#5565 = ORIENTED_EDGE('',*,*,#4828,.T.);
#5566 = ORIENTED_EDGE('',*,*,#5567,.F.);
#5567 = EDGE_CURVE('',#3626,#4829,#5568,.T.);
#5568 = LINE('',#5569,#5570);
#5569 = CARTESIAN_POINT('',(-108.2742553388,556.57237819525,
    110.43414979204));
#5570 = VECTOR('',#5571,1.);
#5571 = DIRECTION('',(5.37E-14,-1.,3.131E-14));
#5572 = PLANE('',#5573);
#5573 = AXIS2_PLACEMENT_3D('',#5574,#5575,#5576);
#5574 = CARTESIAN_POINT('',(-78.52425533886,556.57237819525,
    99.184149792043));
#5575 = DIRECTION('',(-0.353706259666,-4.828E-14,-0.935356553338));
#5576 = DIRECTION('',(-0.935356553338,-3.916E-14,0.353706259666));
#5577 = ADVANCED_FACE('',(#5578),#5589,.F.);
#5578 = FACE_BOUND('',#5579,.F.);
#5579 = EDGE_LOOP('',(#5580,#5581,#5582,#5583));
#5580 = ORIENTED_EDGE('',*,*,#3625,.F.);
#5581 = ORIENTED_EDGE('',*,*,#5567,.T.);
#5582 = ORIENTED_EDGE('',*,*,#4836,.T.);
#5583 = ORIENTED_EDGE('',*,*,#5584,.F.);
#5584 = EDGE_CURVE('',#3618,#4837,#5585,.T.);
#5585 = LINE('',#5586,#5587);
#5586 = CARTESIAN_POINT('',(-116.3917929259,553.0723782176,
    107.3644927213));
#5587 = VECTOR('',#5588,1.);
#5588 = DIRECTION('',(2.8555E-13,-1.,1.1898E-13));
#5589 = PLANE('',#5590);
#5590 = AXIS2_PLACEMENT_3D('',#5591,#5592,#5593);
#5591 = CARTESIAN_POINT('',(-108.2742553388,556.57237819525,
    110.43414979204));
#5592 = DIRECTION('',(0.353706259666,-1.029E-14,-0.935356553338));
#5593 = DIRECTION('',(-0.935356553338,-6.13E-14,-0.353706259666));
#5594 = ADVANCED_FACE('',(#5595),#5605,.F.);
#5595 = FACE_BOUND('',#5596,.F.);
#5596 = EDGE_LOOP('',(#5597,#5598,#5604));
#5597 = ORIENTED_EDGE('',*,*,#3617,.F.);
#5598 = ORIENTED_EDGE('',*,*,#5599,.T.);
#5599 = EDGE_CURVE('',#3618,#4893,#5600,.T.);
#5600 = LINE('',#5601,#5602);
#5601 = CARTESIAN_POINT('',(-116.3917929259,553.0723782176,
    107.3644927213));
#5602 = VECTOR('',#5603,1.);
#5603 = DIRECTION('',(-2.8555E-13,1.,-1.1898E-13));
#5604 = ORIENTED_EDGE('',*,*,#4892,.F.);
#5605 = PLANE('',#5606);
#5606 = AXIS2_PLACEMENT_3D('',#5607,#5608,#5609);
#5607 = CARTESIAN_POINT('',(-108.2742553388,556.57237819525,
    110.43414979204));
#5608 = DIRECTION('',(-0.353706259666,1.029E-14,0.935356553338));
#5609 = DIRECTION('',(-0.935356553338,-6.13E-14,-0.353706259666));
#5610 = ADVANCED_FACE('',(#5611),#5621,.F.);
#5611 = FACE_BOUND('',#5612,.F.);
#5612 = EDGE_LOOP('',(#5613,#5614,#5615));
#5613 = ORIENTED_EDGE('',*,*,#3534,.F.);
#5614 = ORIENTED_EDGE('',*,*,#5487,.F.);
#5615 = ORIENTED_EDGE('',*,*,#5616,.F.);
#5616 = EDGE_CURVE('',#3527,#5479,#5617,.T.);
#5617 = LINE('',#5618,#5619);
#5618 = CARTESIAN_POINT('',(-108.2742553388,556.57237819525,
    60.934149792043));
#5619 = VECTOR('',#5620,1.);
#5620 = DIRECTION('',(-5.37E-14,1.,-3.131E-14));
#5621 = PLANE('',#5622);
#5622 = AXIS2_PLACEMENT_3D('',#5623,#5624,#5625);
#5623 = CARTESIAN_POINT('',(-138.0242553388,556.57237819525,
    72.184149792043));
#5624 = DIRECTION('',(-0.353706259666,-4.828E-14,-0.935356553338));
#5625 = DIRECTION('',(0.935356553338,3.916E-14,-0.353706259666));
#5626 = ADVANCED_FACE('',(#5627),#5632,.F.);
#5627 = FACE_BOUND('',#5628,.F.);
#5628 = EDGE_LOOP('',(#5629,#5630,#5631));
#5629 = ORIENTED_EDGE('',*,*,#3526,.F.);
#5630 = ORIENTED_EDGE('',*,*,#5616,.T.);
#5631 = ORIENTED_EDGE('',*,*,#5478,.F.);
#5632 = PLANE('',#5633);
#5633 = AXIS2_PLACEMENT_3D('',#5634,#5635,#5636);
#5634 = CARTESIAN_POINT('',(-108.2742553388,556.57237819525,
    60.934149792043));
#5635 = DIRECTION('',(0.353706259666,-1.029E-14,-0.935356553338));
#5636 = DIRECTION('',(0.935356553338,6.13E-14,0.353706259666));
#5637 = ADVANCED_FACE('',(#5638),#5649,.F.);
#5638 = FACE_BOUND('',#5639,.F.);
#5639 = EDGE_LOOP('',(#5640,#5646,#5647,#5648));
#5640 = ORIENTED_EDGE('',*,*,#5641,.T.);
#5641 = EDGE_CURVE('',#3650,#5504,#5642,.T.);
#5642 = LINE('',#5643,#5644);
#5643 = CARTESIAN_POINT('',(-110.6242553388,556.57237819525,
    105.43414979204));
#5644 = VECTOR('',#5645,1.);
#5645 = DIRECTION('',(5.406E-14,-1.,2.648E-14));
#5646 = ORIENTED_EDGE('',*,*,#5503,.T.);
#5647 = ORIENTED_EDGE('',*,*,#5641,.F.);
#5648 = ORIENTED_EDGE('',*,*,#3649,.F.);
#5649 = CYLINDRICAL_SURFACE('',#5650,2.35);
#5650 = AXIS2_PLACEMENT_3D('',#5651,#5652,#5653);
#5651 = CARTESIAN_POINT('',(-108.2742553388,556.57237819525,
    105.43414979204));
#5652 = DIRECTION('',(-5.406E-14,1.,-2.653E-14));
#5653 = DIRECTION('',(-1.,-5.406E-14,0.));
#5654 = ADVANCED_FACE('',(#5655),#5666,.F.);
#5655 = FACE_BOUND('',#5656,.F.);
#5656 = EDGE_LOOP('',(#5657,#5663,#5664,#5665));
#5657 = ORIENTED_EDGE('',*,*,#5658,.T.);
#5658 = EDGE_CURVE('',#3667,#5524,#5659,.T.);
#5659 = LINE('',#5660,#5661);
#5660 = CARTESIAN_POINT('',(-110.6242553388,556.57237819525,
    65.434149792043));
#5661 = VECTOR('',#5662,1.);
#5662 = DIRECTION('',(5.406E-14,-1.,2.648E-14));
#5663 = ORIENTED_EDGE('',*,*,#5523,.T.);
#5664 = ORIENTED_EDGE('',*,*,#5658,.F.);
#5665 = ORIENTED_EDGE('',*,*,#3666,.F.);
#5666 = CYLINDRICAL_SURFACE('',#5667,2.35);
#5667 = AXIS2_PLACEMENT_3D('',#5668,#5669,#5670);
#5668 = CARTESIAN_POINT('',(-108.2742553388,556.57237819525,
    65.434149792043));
#5669 = DIRECTION('',(-5.406E-14,1.,-2.653E-14));
#5670 = DIRECTION('',(-1.,-5.406E-14,0.));
#5671 = ADVANCED_FACE('',(#5672,#5675),#5678,.T.);
#5672 = FACE_BOUND('',#5673,.T.);
#5673 = EDGE_LOOP('',(#5674));
#5674 = ORIENTED_EDGE('',*,*,#5193,.T.);
#5675 = FACE_BOUND('',#5676,.T.);
#5676 = EDGE_LOOP('',(#5677));
#5677 = ORIENTED_EDGE('',*,*,#3721,.T.);
#5678 = PLANE('',#5679);
#5679 = AXIS2_PLACEMENT_3D('',#5680,#5681,#5682);
#5680 = CARTESIAN_POINT('',(-133.2742553388,559.57237823995,
    115.68426364623));
#5681 = DIRECTION('',(7.349E-14,-2.02E-15,-1.));
#5682 = DIRECTION('',(-1.,-4.981E-14,-7.349E-14));
#5683 = ADVANCED_FACE('',(#5684,#5687),#5690,.T.);
#5684 = FACE_BOUND('',#5685,.T.);
#5685 = EDGE_LOOP('',(#5686));
#5686 = ORIENTED_EDGE('',*,*,#5218,.T.);
#5687 = FACE_BOUND('',#5688,.T.);
#5688 = EDGE_LOOP('',(#5689));
#5689 = ORIENTED_EDGE('',*,*,#3746,.T.);
#5690 = PLANE('',#5691);
#5691 = AXIS2_PLACEMENT_3D('',#5692,#5693,#5694);
#5692 = CARTESIAN_POINT('',(-58.27425533887,559.57237823995,
    115.68426364623));
#5693 = DIRECTION('',(7.349E-14,-2.02E-15,-1.));
#5694 = DIRECTION('',(-1.,-4.981E-14,-7.349E-14));
#5695 = ADVANCED_FACE('',(#5696),#5702,.F.);
#5696 = FACE_BOUND('',#5697,.T.);
#5697 = EDGE_LOOP('',(#5698,#5699,#5700,#5701));
#5698 = ORIENTED_EDGE('',*,*,#3830,.T.);
#5699 = ORIENTED_EDGE('',*,*,#3805,.T.);
#5700 = ORIENTED_EDGE('',*,*,#3780,.T.);
#5701 = ORIENTED_EDGE('',*,*,#3845,.T.);
#5702 = PLANE('',#5703);
#5703 = AXIS2_PLACEMENT_3D('',#5704,#5705,#5706);
#5704 = CARTESIAN_POINT('',(-95.77425533887,559.57237823995,
    119.48426364623));
#5705 = DIRECTION('',(7.352E-14,2.6E-16,-1.));
#5706 = DIRECTION('',(1.,4.981E-14,7.352E-14));
#5707 = ADVANCED_FACE('',(#5708),#5714,.F.);
#5708 = FACE_BOUND('',#5709,.T.);
#5709 = EDGE_LOOP('',(#5710,#5711,#5712,#5713));
#5710 = ORIENTED_EDGE('',*,*,#4348,.T.);
#5711 = ORIENTED_EDGE('',*,*,#3949,.F.);
#5712 = ORIENTED_EDGE('',*,*,#3899,.T.);
#5713 = ORIENTED_EDGE('',*,*,#3870,.F.);
#5714 = PLANE('',#5715);
#5715 = AXIS2_PLACEMENT_3D('',#5716,#5717,#5718);
#5716 = CARTESIAN_POINT('',(-45.77425533886,569.57237823995,
    52.68414979205));
#5717 = DIRECTION('',(-7.352E-14,1.9E-16,1.));
#5718 = DIRECTION('',(-1.,-2.433E-14,-7.352E-14));
#5719 = ADVANCED_FACE('',(#5720),#5795,.T.);
#5720 = FACE_BOUND('',#5721,.T.);
#5721 = EDGE_LOOP('',(#5722,#5723,#5724,#5732,#5740,#5746,#5747,#5755,
    #5763,#5769,#5770,#5778,#5786,#5792,#5793,#5794));
#5722 = ORIENTED_EDGE('',*,*,#4331,.T.);
#5723 = ORIENTED_EDGE('',*,*,#5236,.F.);
#5724 = ORIENTED_EDGE('',*,*,#5725,.F.);
#5725 = EDGE_CURVE('',#5726,#5237,#5728,.T.);
#5726 = VERTEX_POINT('',#5727);
#5727 = CARTESIAN_POINT('',(-126.4735450351,556.97237819525,
    57.684149792044));
#5728 = LINE('',#5729,#5730);
#5729 = CARTESIAN_POINT('',(-126.4735450351,556.57237819525,
    57.684149792044));
#5730 = VECTOR('',#5731,1.);
#5731 = DIRECTION('',(-4.981E-14,1.,-2.5509E-13));
#5732 = ORIENTED_EDGE('',*,*,#5733,.F.);
#5733 = EDGE_CURVE('',#5734,#5726,#5736,.T.);
#5734 = VERTEX_POINT('',#5735);
#5735 = CARTESIAN_POINT('',(-115.0749656425,556.97237819525,
    57.684149792045));
#5736 = LINE('',#5737,#5738);
#5737 = CARTESIAN_POINT('',(-89.52425533886,556.97237819525,
    57.684149792047));
#5738 = VECTOR('',#5739,1.);
#5739 = DIRECTION('',(-1.,-2.433E-14,-7.352E-14));
#5740 = ORIENTED_EDGE('',*,*,#5741,.T.);
#5741 = EDGE_CURVE('',#5734,#5296,#5742,.T.);
#5742 = LINE('',#5743,#5744);
#5743 = CARTESIAN_POINT('',(-115.0749656425,556.57237819525,
    57.684149792045));
#5744 = VECTOR('',#5745,1.);
#5745 = DIRECTION('',(-4.981E-14,1.,-2.5509E-13));
#5746 = ORIENTED_EDGE('',*,*,#5312,.F.);
#5747 = ORIENTED_EDGE('',*,*,#5748,.T.);
#5748 = EDGE_CURVE('',#5313,#5749,#5751,.T.);
#5749 = VERTEX_POINT('',#5750);
#5750 = CARTESIAN_POINT('',(-101.4735450351,556.97237819525,
    57.684149792046));
#5751 = LINE('',#5752,#5753);
#5752 = CARTESIAN_POINT('',(-101.4735450351,569.57237823995,
    57.684149792046));
#5753 = VECTOR('',#5754,1.);
#5754 = DIRECTION('',(2.472E-14,-1.,-2.2E-16));
#5755 = ORIENTED_EDGE('',*,*,#5756,.F.);
#5756 = EDGE_CURVE('',#5757,#5749,#5759,.T.);
#5757 = VERTEX_POINT('',#5758);
#5758 = CARTESIAN_POINT('',(-90.07496564257,556.97237819525,
    57.684149792047));
#5759 = LINE('',#5760,#5761);
#5760 = CARTESIAN_POINT('',(-70.89915059487,556.97237819525,
    57.684149792048));
#5761 = VECTOR('',#5762,1.);
#5762 = DIRECTION('',(-1.,-2.433E-14,-7.352E-14));
#5763 = ORIENTED_EDGE('',*,*,#5764,.T.);
#5764 = EDGE_CURVE('',#5757,#5372,#5765,.T.);
#5765 = LINE('',#5766,#5767);
#5766 = CARTESIAN_POINT('',(-90.07496564257,569.57237823995,
    57.684149792047));
#5767 = VECTOR('',#5768,1.);
#5768 = DIRECTION('',(-2.401E-14,1.,2.2E-16));
#5769 = ORIENTED_EDGE('',*,*,#5388,.F.);
#5770 = ORIENTED_EDGE('',*,*,#5771,.T.);
#5771 = EDGE_CURVE('',#5389,#5772,#5774,.T.);
#5772 = VERTEX_POINT('',#5773);
#5773 = CARTESIAN_POINT('',(-76.47354503515,556.97237819525,
    57.684149792048));
#5774 = LINE('',#5775,#5776);
#5775 = CARTESIAN_POINT('',(-76.47354503515,569.57237823995,
    57.684149792048));
#5776 = VECTOR('',#5777,1.);
#5777 = DIRECTION('',(2.489E-14,-1.,-2.2E-16));
#5778 = ORIENTED_EDGE('',*,*,#5779,.F.);
#5779 = EDGE_CURVE('',#5780,#5772,#5782,.T.);
#5780 = VERTEX_POINT('',#5781);
#5781 = CARTESIAN_POINT('',(-65.07496564257,556.97237819525,
    57.684149792049));
#5782 = LINE('',#5783,#5784);
#5783 = CARTESIAN_POINT('',(-70.89915059487,556.97237819525,
    57.684149792048));
#5784 = VECTOR('',#5785,1.);
#5785 = DIRECTION('',(-1.,-2.433E-14,-7.352E-14));
#5786 = ORIENTED_EDGE('',*,*,#5787,.T.);
#5787 = EDGE_CURVE('',#5780,#5446,#5788,.T.);
#5788 = LINE('',#5789,#5790);
#5789 = CARTESIAN_POINT('',(-65.07496564257,569.57237823995,
    57.684149792049));
#5790 = VECTOR('',#5791,1.);
#5791 = DIRECTION('',(-2.418E-14,1.,2.2E-16));
#5792 = ORIENTED_EDGE('',*,*,#5462,.F.);
#5793 = ORIENTED_EDGE('',*,*,#3974,.T.);
#5794 = ORIENTED_EDGE('',*,*,#3932,.T.);
#5795 = PLANE('',#5796);
#5796 = AXIS2_PLACEMENT_3D('',#5797,#5798,#5799);
#5797 = CARTESIAN_POINT('',(-45.77425533886,569.57237823995,
    57.68414979205));
#5798 = DIRECTION('',(-7.352E-14,-2.2E-16,1.));
#5799 = DIRECTION('',(-1.,-2.429E-14,-7.352E-14));
#5800 = ADVANCED_FACE('',(#5801),#5804,.F.);
#5801 = FACE_BOUND('',#5802,.T.);
#5802 = EDGE_LOOP('',(#5803));
#5803 = ORIENTED_EDGE('',*,*,#4183,.T.);
#5804 = PLANE('',#5805);
#5805 = AXIS2_PLACEMENT_3D('',#5806,#5807,#5808);
#5806 = CARTESIAN_POINT('',(-96.02404585089,554.07237823995,
    63.684149792046));
#5807 = DIRECTION('',(-7.352E-14,-2.01E-15,1.));
#5808 = DIRECTION('',(1.,4.981E-14,7.352E-14));
#5809 = ADVANCED_FACE('',(#5810),#5822,.F.);
#5810 = FACE_BOUND('',#5811,.F.);
#5811 = EDGE_LOOP('',(#5812,#5818,#5819,#5820,#5821));
#5812 = ORIENTED_EDGE('',*,*,#5813,.F.);
#5813 = EDGE_CURVE('',#4812,#4586,#5814,.T.);
#5814 = LINE('',#5815,#5816);
#5815 = CARTESIAN_POINT('',(-98.77425533887,549.57237823995,
    108.16265776755));
#5816 = VECTOR('',#5817,1.);
#5817 = DIRECTION('',(-2.428E-14,1.,8.6E-16));
#5818 = ORIENTED_EDGE('',*,*,#4820,.T.);
#5819 = ORIENTED_EDGE('',*,*,#5560,.T.);
#5820 = ORIENTED_EDGE('',*,*,#5545,.F.);
#5821 = ORIENTED_EDGE('',*,*,#4600,.T.);
#5822 = PLANE('',#5823);
#5823 = AXIS2_PLACEMENT_3D('',#5824,#5825,#5826);
#5824 = CARTESIAN_POINT('',(-100.4738363529,549.57237823995,
    107.18140421159));
#5825 = DIRECTION('',(0.5,-1.9601E-13,-0.866025403784));
#5826 = DIRECTION('',(-0.866025403784,-1.7069E-13,-0.5));
#5827 = ADVANCED_FACE('',(#5828),#5839,.F.);
#5828 = FACE_BOUND('',#5829,.F.);
#5829 = EDGE_LOOP('',(#5830,#5831,#5832,#5838));
#5830 = ORIENTED_EDGE('',*,*,#5813,.T.);
#5831 = ORIENTED_EDGE('',*,*,#4585,.F.);
#5832 = ORIENTED_EDGE('',*,*,#5833,.F.);
#5833 = EDGE_CURVE('',#4804,#4577,#5834,.T.);
#5834 = LINE('',#5835,#5836);
#5835 = CARTESIAN_POINT('',(-97.27425533887,549.57237823995,
    110.76073397891));
#5836 = VECTOR('',#5837,1.);
#5837 = DIRECTION('',(-2.428E-14,1.,8.6E-16));
#5838 = ORIENTED_EDGE('',*,*,#4811,.T.);
#5839 = CYLINDRICAL_SURFACE('',#5840,3.);
#5840 = AXIS2_PLACEMENT_3D('',#5841,#5842,#5843);
#5841 = CARTESIAN_POINT('',(-100.2742553388,549.57237823995,
    110.76073397891));
#5842 = DIRECTION('',(2.428E-14,-1.,-8.6E-16));
#5843 = DIRECTION('',(1.,2.428E-14,3.517E-14));
#5844 = ADVANCED_FACE('',(#5845),#5851,.T.);
#5845 = FACE_BOUND('',#5846,.T.);
#5846 = EDGE_LOOP('',(#5847,#5848,#5849,#5850));
#5847 = ORIENTED_EDGE('',*,*,#4803,.F.);
#5848 = ORIENTED_EDGE('',*,*,#4750,.T.);
#5849 = ORIENTED_EDGE('',*,*,#4576,.T.);
#5850 = ORIENTED_EDGE('',*,*,#5833,.F.);
#5851 = PLANE('',#5852);
#5852 = AXIS2_PLACEMENT_3D('',#5853,#5854,#5855);
#5853 = CARTESIAN_POINT('',(-97.27425533887,549.57237823995,
    110.76073397891));
#5854 = DIRECTION('',(-1.,-2.428E-14,-3.152E-14));
#5855 = DIRECTION('',(-3.152E-14,-1.E-17,1.));
#5856 = ADVANCED_FACE('',(#5857),#5868,.T.);
#5857 = FACE_BOUND('',#5858,.T.);
#5858 = EDGE_LOOP('',(#5859,#5860,#5866,#5867));
#5859 = ORIENTED_EDGE('',*,*,#4640,.F.);
#5860 = ORIENTED_EDGE('',*,*,#5861,.T.);
#5861 = EDGE_CURVE('',#4641,#4528,#5862,.T.);
#5862 = LINE('',#5863,#5864);
#5863 = CARTESIAN_POINT('',(-94.27425533887,549.57237823995,
    110.76073397891));
#5864 = VECTOR('',#5865,1.);
#5865 = DIRECTION('',(-2.433E-14,1.,4.E-17));
#5866 = ORIENTED_EDGE('',*,*,#4542,.T.);
#5867 = ORIENTED_EDGE('',*,*,#4735,.T.);
#5868 = PLANE('',#5869);
#5869 = AXIS2_PLACEMENT_3D('',#5870,#5871,#5872);
#5870 = CARTESIAN_POINT('',(-94.27425533887,549.57237823995,
    113.68426364622));
#5871 = DIRECTION('',(1.,2.433E-14,7.352E-14));
#5872 = DIRECTION('',(7.352E-14,1.E-17,-1.));
#5873 = ADVANCED_FACE('',(#5874),#5885,.F.);
#5874 = FACE_BOUND('',#5875,.F.);
#5875 = EDGE_LOOP('',(#5876,#5877,#5878,#5884));
#5876 = ORIENTED_EDGE('',*,*,#5861,.T.);
#5877 = ORIENTED_EDGE('',*,*,#4527,.F.);
#5878 = ORIENTED_EDGE('',*,*,#5879,.F.);
#5879 = EDGE_CURVE('',#4711,#4519,#5880,.T.);
#5880 = LINE('',#5881,#5882);
#5881 = CARTESIAN_POINT('',(-92.77425533887,549.57237823995,
    108.16265776756));
#5882 = VECTOR('',#5883,1.);
#5883 = DIRECTION('',(-2.433E-14,1.,4.E-17));
#5884 = ORIENTED_EDGE('',*,*,#4718,.T.);
#5885 = CYLINDRICAL_SURFACE('',#5886,3.);
#5886 = AXIS2_PLACEMENT_3D('',#5887,#5888,#5889);
#5887 = CARTESIAN_POINT('',(-91.27425533887,549.57237823995,
    110.76073397891));
#5888 = DIRECTION('',(2.433E-14,-1.,-4.E-17));
#5889 = DIRECTION('',(-0.5,-1.213035898385E-14,-0.866025403784));
#5890 = ADVANCED_FACE('',(#5891),#5902,.T.);
#5891 = FACE_BOUND('',#5892,.T.);
#5892 = EDGE_LOOP('',(#5893,#5894,#5900,#5901));
#5893 = ORIENTED_EDGE('',*,*,#4710,.F.);
#5894 = ORIENTED_EDGE('',*,*,#5895,.T.);
#5895 = EDGE_CURVE('',#4702,#4503,#5896,.T.);
#5896 = LINE('',#5897,#5898);
#5897 = CARTESIAN_POINT('',(-84.77425533887,549.57237823995,
    103.54385561404));
#5898 = VECTOR('',#5899,1.);
#5899 = DIRECTION('',(-2.433E-14,1.,4.E-17));
#5900 = ORIENTED_EDGE('',*,*,#4518,.T.);
#5901 = ORIENTED_EDGE('',*,*,#5879,.F.);
#5902 = PLANE('',#5903);
#5903 = AXIS2_PLACEMENT_3D('',#5904,#5905,#5906);
#5904 = CARTESIAN_POINT('',(-92.77425533887,549.57237823995,
    108.16265776756));
#5905 = DIRECTION('',(0.5,1.214E-14,0.866025403784));
#5906 = DIRECTION('',(0.866025403784,2.108E-14,-0.5));
#5907 = ADVANCED_FACE('',(#5908),#5943,.F.);
#5908 = FACE_BOUND('',#5909,.F.);
#5909 = EDGE_LOOP('',(#5910,#5911,#5912,#5913,#5919,#5920,#5928,#5937));
#5910 = ORIENTED_EDGE('',*,*,#4701,.T.);
#5911 = ORIENTED_EDGE('',*,*,#5895,.T.);
#5912 = ORIENTED_EDGE('',*,*,#4502,.F.);
#5913 = ORIENTED_EDGE('',*,*,#5914,.F.);
#5914 = EDGE_CURVE('',#4677,#4494,#5915,.T.);
#5915 = LINE('',#5916,#5917);
#5916 = CARTESIAN_POINT('',(-81.77425533887,549.57237823995,
    103.54385561404));
#5917 = VECTOR('',#5918,1.);
#5918 = DIRECTION('',(-2.433E-14,1.,4.E-17));
#5919 = ORIENTED_EDGE('',*,*,#4684,.T.);
#5920 = ORIENTED_EDGE('',*,*,#5921,.F.);
#5921 = EDGE_CURVE('',#5922,#4685,#5924,.T.);
#5922 = VERTEX_POINT('',#5923);
#5923 = CARTESIAN_POINT('',(-82.21752465999,556.57237823995,
    103.33420671913));
#5924 = LINE('',#5925,#5926);
#5925 = CARTESIAN_POINT('',(-82.21752465999,549.57237823995,
    103.33420671913));
#5926 = VECTOR('',#5927,1.);
#5927 = DIRECTION('',(2.433E-14,-1.,-4.E-17));
#5928 = ORIENTED_EDGE('',*,*,#5929,.F.);
#5929 = EDGE_CURVE('',#5930,#5922,#5932,.T.);
#5930 = VERTEX_POINT('',#5931);
#5931 = CARTESIAN_POINT('',(-84.33098601774,556.57237823995,
    103.33420671913));
#5932 = CIRCLE('',#5933,3.);
#5933 = AXIS2_PLACEMENT_3D('',#5934,#5935,#5936);
#5934 = CARTESIAN_POINT('',(-83.27425533887,556.57237823995,
    106.14193182539));
#5935 = DIRECTION('',(2.433E-14,-1.,-4.E-17));
#5936 = DIRECTION('',(0.5,1.219964101615E-14,-0.866025403784));
#5937 = ORIENTED_EDGE('',*,*,#5938,.T.);
#5938 = EDGE_CURVE('',#5930,#4694,#5939,.T.);
#5939 = LINE('',#5940,#5941);
#5940 = CARTESIAN_POINT('',(-84.33098601774,549.57237823995,
    103.33420671913));
#5941 = VECTOR('',#5942,1.);
#5942 = DIRECTION('',(2.433E-14,-1.,-4.E-17));
#5943 = CYLINDRICAL_SURFACE('',#5944,3.);
#5944 = AXIS2_PLACEMENT_3D('',#5945,#5946,#5947);
#5945 = CARTESIAN_POINT('',(-83.27425533887,549.57237823995,
    106.14193182539));
#5946 = DIRECTION('',(2.433E-14,-1.,-4.E-17));
#5947 = DIRECTION('',(0.5,1.219964101615E-14,-0.866025403784));
#5948 = ADVANCED_FACE('',(#5949),#5960,.T.);
#5949 = FACE_BOUND('',#5950,.T.);
#5950 = EDGE_LOOP('',(#5951,#5952,#5958,#5959));
#5951 = ORIENTED_EDGE('',*,*,#4676,.F.);
#5952 = ORIENTED_EDGE('',*,*,#5953,.T.);
#5953 = EDGE_CURVE('',#4668,#4479,#5954,.T.);
#5954 = LINE('',#5955,#5956);
#5955 = CARTESIAN_POINT('',(-73.77425533887,549.57237823995,
    108.16265776756));
#5956 = VECTOR('',#5957,1.);
#5957 = DIRECTION('',(-2.433E-14,1.,4.E-17));
#5958 = ORIENTED_EDGE('',*,*,#4493,.T.);
#5959 = ORIENTED_EDGE('',*,*,#5914,.F.);
#5960 = PLANE('',#5961);
#5961 = AXIS2_PLACEMENT_3D('',#5962,#5963,#5964);
#5962 = CARTESIAN_POINT('',(-81.77425533887,549.57237823995,
    103.54385561404));
#5963 = DIRECTION('',(-0.5,-1.22E-14,0.866025403784));
#5964 = DIRECTION('',(0.866025403784,2.107E-14,0.5));
#5965 = ADVANCED_FACE('',(#5966),#5977,.F.);
#5966 = FACE_BOUND('',#5967,.F.);
#5967 = EDGE_LOOP('',(#5968,#5969,#5970,#5976));
#5968 = ORIENTED_EDGE('',*,*,#5953,.T.);
#5969 = ORIENTED_EDGE('',*,*,#4478,.F.);
#5970 = ORIENTED_EDGE('',*,*,#5971,.F.);
#5971 = EDGE_CURVE('',#4660,#4470,#5972,.T.);
#5972 = LINE('',#5973,#5974);
#5973 = CARTESIAN_POINT('',(-72.27425533887,549.57237823995,
    110.76073397891));
#5974 = VECTOR('',#5975,1.);
#5975 = DIRECTION('',(-2.433E-14,1.,4.E-17));
#5976 = ORIENTED_EDGE('',*,*,#4667,.T.);
#5977 = CYLINDRICAL_SURFACE('',#5978,3.);
#5978 = AXIS2_PLACEMENT_3D('',#5979,#5980,#5981);
#5979 = CARTESIAN_POINT('',(-75.27425533887,549.57237823995,
    110.76073397891));
#5980 = DIRECTION('',(2.433E-14,-1.,-4.E-17));
#5981 = DIRECTION('',(1.,2.433E-14,7.352E-14));
#5982 = ADVANCED_FACE('',(#5983),#5989,.T.);
#5983 = FACE_BOUND('',#5984,.T.);
#5984 = EDGE_LOOP('',(#5985,#5986,#5987,#5988));
#5985 = ORIENTED_EDGE('',*,*,#4659,.F.);
#5986 = ORIENTED_EDGE('',*,*,#4615,.T.);
#5987 = ORIENTED_EDGE('',*,*,#4469,.T.);
#5988 = ORIENTED_EDGE('',*,*,#5971,.F.);
#5989 = PLANE('',#5990);
#5990 = AXIS2_PLACEMENT_3D('',#5991,#5992,#5993);
#5991 = CARTESIAN_POINT('',(-72.27425533887,549.57237823995,
    110.76073397891));
#5992 = DIRECTION('',(-1.,-2.433E-14,-7.545E-14));
#5993 = DIRECTION('',(-7.545E-14,-1.E-17,1.));
#5994 = ADVANCED_FACE('',(#5995),#6006,.T.);
#5995 = FACE_BOUND('',#5996,.T.);
#5996 = EDGE_LOOP('',(#5997,#5998,#6004,#6005));
#5997 = ORIENTED_EDGE('',*,*,#5921,.F.);
#5998 = ORIENTED_EDGE('',*,*,#5999,.T.);
#5999 = EDGE_CURVE('',#5922,#5930,#6000,.T.);
#6000 = LINE('',#6001,#6002);
#6001 = CARTESIAN_POINT('',(-70.57425533886,556.57237823995,
    103.33420671913));
#6002 = VECTOR('',#6003,1.);
#6003 = DIRECTION('',(-1.,-2.4E-14,0.));
#6004 = ORIENTED_EDGE('',*,*,#5938,.T.);
#6005 = ORIENTED_EDGE('',*,*,#4693,.T.);
#6006 = PLANE('',#6007);
#6007 = AXIS2_PLACEMENT_3D('',#6008,#6009,#6010);
#6008 = CARTESIAN_POINT('',(-70.57425533886,549.57237823995,
    103.33420671913));
#6009 = DIRECTION('',(0.,2.2E-16,1.));
#6010 = DIRECTION('',(-1.,-2.433E-14,5.3526E-30));
#6011 = ADVANCED_FACE('',(#6012),#6028,.F.);
#6012 = FACE_BOUND('',#6013,.F.);
#6013 = EDGE_LOOP('',(#6014,#6020,#6021,#6027));
#6014 = ORIENTED_EDGE('',*,*,#6015,.T.);
#6015 = EDGE_CURVE('',#4778,#4911,#6016,.T.);
#6016 = LINE('',#6017,#6018);
#6017 = CARTESIAN_POINT('',(-119.2742553388,549.57237823995,
    110.76073397891));
#6018 = VECTOR('',#6019,1.);
#6019 = DIRECTION('',(-4.981E-14,1.,-2.5509E-13));
#6020 = ORIENTED_EDGE('',*,*,#4910,.T.);
#6021 = ORIENTED_EDGE('',*,*,#6022,.F.);
#6022 = EDGE_CURVE('',#4776,#4902,#6023,.T.);
#6023 = LINE('',#6024,#6025);
#6024 = CARTESIAN_POINT('',(-117.7742553388,549.57237823995,
    108.16265776755));
#6025 = VECTOR('',#6026,1.);
#6026 = DIRECTION('',(-4.981E-14,1.,-2.5509E-13));
#6027 = ORIENTED_EDGE('',*,*,#4775,.T.);
#6028 = CYLINDRICAL_SURFACE('',#6029,3.);
#6029 = AXIS2_PLACEMENT_3D('',#6030,#6031,#6032);
#6030 = CARTESIAN_POINT('',(-116.2742553388,549.57237823995,
    110.76073397891));
#6031 = DIRECTION('',(4.981E-14,-1.,2.5509E-13));
#6032 = DIRECTION('',(-0.5,-2.458194202514E-13,-0.866025403784));
#6033 = ADVANCED_FACE('',(#6034),#6041,.F.);
#6034 = FACE_BOUND('',#6035,.F.);
#6035 = EDGE_LOOP('',(#6036,#6037,#6038,#6039,#6040));
#6036 = ORIENTED_EDGE('',*,*,#5599,.F.);
#6037 = ORIENTED_EDGE('',*,*,#5584,.T.);
#6038 = ORIENTED_EDGE('',*,*,#4844,.T.);
#6039 = ORIENTED_EDGE('',*,*,#6022,.T.);
#6040 = ORIENTED_EDGE('',*,*,#4901,.T.);
#6041 = PLANE('',#6042);
#6042 = AXIS2_PLACEMENT_3D('',#6043,#6044,#6045);
#6043 = CARTESIAN_POINT('',(-109.7742553388,549.57237823995,
    103.54385561404));
#6044 = DIRECTION('',(-0.5,-2.4582E-13,-0.866025403784));
#6045 = DIRECTION('',(-0.866025403784,8.441E-14,0.5));
#6046 = ADVANCED_FACE('',(#6047),#6053,.F.);
#6047 = FACE_BOUND('',#6048,.T.);
#6048 = EDGE_LOOP('',(#6049,#6050,#6051,#6052));
#6049 = ORIENTED_EDGE('',*,*,#4786,.F.);
#6050 = ORIENTED_EDGE('',*,*,#6015,.T.);
#6051 = ORIENTED_EDGE('',*,*,#4925,.F.);
#6052 = ORIENTED_EDGE('',*,*,#4874,.F.);
#6053 = PLANE('',#6054);
#6054 = AXIS2_PLACEMENT_3D('',#6055,#6056,#6057);
#6055 = CARTESIAN_POINT('',(-119.2742553388,549.57237823995,
    110.76073397891));
#6056 = DIRECTION('',(-1.,-4.981E-14,-7.833E-14));
#6057 = DIRECTION('',(-7.833000000001E-14,2.5509E-13,1.));
#6058 = ADVANCED_FACE('',(#6059),#6070,.F.);
#6059 = FACE_BOUND('',#6060,.T.);
#6060 = EDGE_LOOP('',(#6061,#6062,#6068,#6069));
#6061 = ORIENTED_EDGE('',*,*,#5075,.F.);
#6062 = ORIENTED_EDGE('',*,*,#6063,.T.);
#6063 = EDGE_CURVE('',#5076,#5004,#6064,.T.);
#6064 = LINE('',#6065,#6066);
#6065 = CARTESIAN_POINT('',(-144.2742553388,549.57237823995,
    110.76073397891));
#6066 = VECTOR('',#6067,1.);
#6067 = DIRECTION('',(-4.981E-14,1.,-2.5509E-13));
#6068 = ORIENTED_EDGE('',*,*,#5018,.F.);
#6069 = ORIENTED_EDGE('',*,*,#5170,.F.);
#6070 = PLANE('',#6071);
#6071 = AXIS2_PLACEMENT_3D('',#6072,#6073,#6074);
#6072 = CARTESIAN_POINT('',(-144.2742553388,549.57237823995,
    110.76073397891));
#6073 = DIRECTION('',(-1.,-4.981E-14,-7.352E-14));
#6074 = DIRECTION('',(-7.352000000001E-14,2.5509E-13,1.));
#6075 = ADVANCED_FACE('',(#6076),#6087,.F.);
#6076 = FACE_BOUND('',#6077,.F.);
#6077 = EDGE_LOOP('',(#6078,#6079,#6080,#6086));
#6078 = ORIENTED_EDGE('',*,*,#6063,.T.);
#6079 = ORIENTED_EDGE('',*,*,#5003,.T.);
#6080 = ORIENTED_EDGE('',*,*,#6081,.F.);
#6081 = EDGE_CURVE('',#5146,#4995,#6082,.T.);
#6082 = LINE('',#6083,#6084);
#6083 = CARTESIAN_POINT('',(-142.7742553388,549.57237823995,
    108.16265776755));
#6084 = VECTOR('',#6085,1.);
#6085 = DIRECTION('',(-4.981E-14,1.,-2.5509E-13));
#6086 = ORIENTED_EDGE('',*,*,#5153,.T.);
#6087 = CYLINDRICAL_SURFACE('',#6088,3.);
#6088 = AXIS2_PLACEMENT_3D('',#6089,#6090,#6091);
#6089 = CARTESIAN_POINT('',(-141.2742553388,549.57237823995,
    110.76073397891));
#6090 = DIRECTION('',(4.981E-14,-1.,2.5509E-13));
#6091 = DIRECTION('',(-0.5,-2.458194202514E-13,-0.866025403784));
#6092 = ADVANCED_FACE('',(#6093),#6104,.F.);
#6093 = FACE_BOUND('',#6094,.T.);
#6094 = EDGE_LOOP('',(#6095,#6096,#6102,#6103));
#6095 = ORIENTED_EDGE('',*,*,#5145,.F.);
#6096 = ORIENTED_EDGE('',*,*,#6097,.T.);
#6097 = EDGE_CURVE('',#5137,#4979,#6098,.T.);
#6098 = LINE('',#6099,#6100);
#6099 = CARTESIAN_POINT('',(-134.7742553388,549.57237823995,
    103.54385561404));
#6100 = VECTOR('',#6101,1.);
#6101 = DIRECTION('',(-4.981E-14,1.,-2.5509E-13));
#6102 = ORIENTED_EDGE('',*,*,#4994,.F.);
#6103 = ORIENTED_EDGE('',*,*,#6081,.F.);
#6104 = PLANE('',#6105);
#6105 = AXIS2_PLACEMENT_3D('',#6106,#6107,#6108);
#6106 = CARTESIAN_POINT('',(-134.7742553388,549.57237823995,
    103.54385561404));
#6107 = DIRECTION('',(-0.5,-2.4582E-13,-0.866025403784));
#6108 = DIRECTION('',(-0.866025403784,8.441E-14,0.5));
#6109 = ADVANCED_FACE('',(#6110),#6145,.F.);
#6110 = FACE_BOUND('',#6111,.F.);
#6111 = EDGE_LOOP('',(#6112,#6113,#6114,#6115,#6121,#6122,#6130,#6139));
#6112 = ORIENTED_EDGE('',*,*,#5136,.T.);
#6113 = ORIENTED_EDGE('',*,*,#6097,.T.);
#6114 = ORIENTED_EDGE('',*,*,#4978,.T.);
#6115 = ORIENTED_EDGE('',*,*,#6116,.F.);
#6116 = EDGE_CURVE('',#5112,#4970,#6117,.T.);
#6117 = LINE('',#6118,#6119);
#6118 = CARTESIAN_POINT('',(-131.7742553388,549.57237823995,
    103.54385561404));
#6119 = VECTOR('',#6120,1.);
#6120 = DIRECTION('',(-4.981E-14,1.,-2.5509E-13));
#6121 = ORIENTED_EDGE('',*,*,#5119,.T.);
#6122 = ORIENTED_EDGE('',*,*,#6123,.F.);
#6123 = EDGE_CURVE('',#6124,#5120,#6126,.T.);
#6124 = VERTEX_POINT('',#6125);
#6125 = CARTESIAN_POINT('',(-132.2175246599,556.57237823995,
    103.33420671913));
#6126 = LINE('',#6127,#6128);
#6127 = CARTESIAN_POINT('',(-132.2175246599,549.57237823995,
    103.33420671913));
#6128 = VECTOR('',#6129,1.);
#6129 = DIRECTION('',(4.981E-14,-1.,2.5509E-13));
#6130 = ORIENTED_EDGE('',*,*,#6131,.F.);
#6131 = EDGE_CURVE('',#6132,#6124,#6134,.T.);
#6132 = VERTEX_POINT('',#6133);
#6133 = CARTESIAN_POINT('',(-134.3309860177,556.57237823995,
    103.33420671913));
#6134 = CIRCLE('',#6135,3.);
#6135 = AXIS2_PLACEMENT_3D('',#6136,#6137,#6138);
#6136 = CARTESIAN_POINT('',(-133.2742553388,556.57237823995,
    106.14193182539));
#6137 = DIRECTION('',(4.981E-14,-1.,2.5509E-13));
#6138 = DIRECTION('',(0.5,-1.960094202514E-13,-0.866025403784));
#6139 = ORIENTED_EDGE('',*,*,#6140,.T.);
#6140 = EDGE_CURVE('',#6132,#5129,#6141,.T.);
#6141 = LINE('',#6142,#6143);
#6142 = CARTESIAN_POINT('',(-134.3309860177,549.57237823995,
    103.33420671913));
#6143 = VECTOR('',#6144,1.);
#6144 = DIRECTION('',(4.981E-14,-1.,2.5509E-13));
#6145 = CYLINDRICAL_SURFACE('',#6146,3.);
#6146 = AXIS2_PLACEMENT_3D('',#6147,#6148,#6149);
#6147 = CARTESIAN_POINT('',(-133.2742553388,549.57237823995,
    106.14193182539));
#6148 = DIRECTION('',(4.981E-14,-1.,2.5509E-13));
#6149 = DIRECTION('',(0.5,-1.960094202514E-13,-0.866025403784));
#6150 = ADVANCED_FACE('',(#6151),#6162,.F.);
#6151 = FACE_BOUND('',#6152,.T.);
#6152 = EDGE_LOOP('',(#6153,#6154,#6160,#6161));
#6153 = ORIENTED_EDGE('',*,*,#5111,.F.);
#6154 = ORIENTED_EDGE('',*,*,#6155,.T.);
#6155 = EDGE_CURVE('',#5103,#4955,#6156,.T.);
#6156 = LINE('',#6157,#6158);
#6157 = CARTESIAN_POINT('',(-123.7742553388,549.57237823995,
    108.16265776755));
#6158 = VECTOR('',#6159,1.);
#6159 = DIRECTION('',(-4.981E-14,1.,-2.5509E-13));
#6160 = ORIENTED_EDGE('',*,*,#4969,.F.);
#6161 = ORIENTED_EDGE('',*,*,#6116,.F.);
#6162 = PLANE('',#6163);
#6163 = AXIS2_PLACEMENT_3D('',#6164,#6165,#6166);
#6164 = CARTESIAN_POINT('',(-123.7742553388,549.57237823995,
    108.16265776755));
#6165 = DIRECTION('',(0.5,-1.9601E-13,-0.866025403784));
#6166 = DIRECTION('',(-0.866025403784,-1.7069E-13,-0.5));
#6167 = ADVANCED_FACE('',(#6168),#6179,.F.);
#6168 = FACE_BOUND('',#6169,.F.);
#6169 = EDGE_LOOP('',(#6170,#6171,#6172,#6178));
#6170 = ORIENTED_EDGE('',*,*,#6155,.T.);
#6171 = ORIENTED_EDGE('',*,*,#4954,.T.);
#6172 = ORIENTED_EDGE('',*,*,#6173,.F.);
#6173 = EDGE_CURVE('',#5095,#4946,#6174,.T.);
#6174 = LINE('',#6175,#6176);
#6175 = CARTESIAN_POINT('',(-122.2742553388,549.57237823995,
    110.76073397891));
#6176 = VECTOR('',#6177,1.);
#6177 = DIRECTION('',(-4.981E-14,1.,-2.5509E-13));
#6178 = ORIENTED_EDGE('',*,*,#5102,.T.);
#6179 = CYLINDRICAL_SURFACE('',#6180,3.);
#6180 = AXIS2_PLACEMENT_3D('',#6181,#6182,#6183);
#6181 = CARTESIAN_POINT('',(-125.2742553388,549.57237823995,
    110.76073397891));
#6182 = DIRECTION('',(4.981E-14,-1.,2.5509E-13));
#6183 = DIRECTION('',(1.,4.981000000002E-14,7.352E-14));
#6184 = ADVANCED_FACE('',(#6185),#6191,.F.);
#6185 = FACE_BOUND('',#6186,.T.);
#6186 = EDGE_LOOP('',(#6187,#6188,#6189,#6190));
#6187 = ORIENTED_EDGE('',*,*,#5094,.F.);
#6188 = ORIENTED_EDGE('',*,*,#5050,.T.);
#6189 = ORIENTED_EDGE('',*,*,#4945,.F.);
#6190 = ORIENTED_EDGE('',*,*,#6173,.F.);
#6191 = PLANE('',#6192);
#6192 = AXIS2_PLACEMENT_3D('',#6193,#6194,#6195);
#6193 = CARTESIAN_POINT('',(-122.2742553388,549.57237823995,
    111.68426364623));
#6194 = DIRECTION('',(1.,4.981E-14,8.314E-14));
#6195 = DIRECTION('',(8.314000000001E-14,-2.5509E-13,-1.));
#6196 = ADVANCED_FACE('',(#6197),#6208,.T.);
#6197 = FACE_BOUND('',#6198,.T.);
#6198 = EDGE_LOOP('',(#6199,#6205,#6206,#6207));
#6199 = ORIENTED_EDGE('',*,*,#6200,.T.);
#6200 = EDGE_CURVE('',#6124,#6132,#6201,.T.);
#6201 = LINE('',#6202,#6203);
#6202 = CARTESIAN_POINT('',(-70.57425533886,556.57237823995,
    103.33420671913));
#6203 = VECTOR('',#6204,1.);
#6204 = DIRECTION('',(-1.,-2.4E-14,0.));
#6205 = ORIENTED_EDGE('',*,*,#6140,.T.);
#6206 = ORIENTED_EDGE('',*,*,#5128,.T.);
#6207 = ORIENTED_EDGE('',*,*,#6123,.F.);
#6208 = PLANE('',#6209);
#6209 = AXIS2_PLACEMENT_3D('',#6210,#6211,#6212);
#6210 = CARTESIAN_POINT('',(-70.57425533886,549.57237823995,
    103.33420671913));
#6211 = DIRECTION('',(0.,2.2E-16,1.));
#6212 = DIRECTION('',(-1.,-2.433E-14,5.3526E-30));
#6213 = ADVANCED_FACE('',(#6214),#6233,.F.);
#6214 = FACE_BOUND('',#6215,.F.);
#6215 = EDGE_LOOP('',(#6216,#6217,#6218,#6226));
#6216 = ORIENTED_EDGE('',*,*,#5787,.T.);
#6217 = ORIENTED_EDGE('',*,*,#5445,.T.);
#6218 = ORIENTED_EDGE('',*,*,#6219,.T.);
#6219 = EDGE_CURVE('',#5437,#6220,#6222,.T.);
#6220 = VERTEX_POINT('',#6221);
#6221 = CARTESIAN_POINT('',(-64.57496564257,556.97237819525,
    59.550175195833));
#6222 = LINE('',#6223,#6224);
#6223 = CARTESIAN_POINT('',(-64.57496564257,569.57237823995,
    59.550175195833));
#6224 = VECTOR('',#6225,1.);
#6225 = DIRECTION('',(2.418E-14,-1.,-2.2E-16));
#6226 = ORIENTED_EDGE('',*,*,#6227,.F.);
#6227 = EDGE_CURVE('',#5780,#6220,#6228,.T.);
#6228 = CIRCLE('',#6229,1.);
#6229 = AXIS2_PLACEMENT_3D('',#6230,#6231,#6232);
#6230 = CARTESIAN_POINT('',(-65.07496564257,556.97237819525,
    58.684149792049));
#6231 = DIRECTION('',(2.433E-14,-1.,-1.E-17));
#6232 = DIRECTION('',(0.965925826289,2.350356354406E-14,-0.258819045102)
  );
#6233 = CYLINDRICAL_SURFACE('',#6234,1.);
#6234 = AXIS2_PLACEMENT_3D('',#6235,#6236,#6237);
#6235 = CARTESIAN_POINT('',(-65.07496564257,569.57237823995,
    58.684149792049));
#6236 = DIRECTION('',(-2.418E-14,1.,2.2E-16));
#6237 = DIRECTION('',(0.965925826289,2.341302666959E-14,-0.258819045102)
  );
#6238 = ADVANCED_FACE('',(#6239),#6257,.T.);
#6239 = FACE_BOUND('',#6240,.T.);
#6240 = EDGE_LOOP('',(#6241,#6242,#6250,#6256));
#6241 = ORIENTED_EDGE('',*,*,#6219,.T.);
#6242 = ORIENTED_EDGE('',*,*,#6243,.F.);
#6243 = EDGE_CURVE('',#6244,#6220,#6246,.T.);
#6244 = VERTEX_POINT('',#6245);
#6245 = CARTESIAN_POINT('',(-69.27425533886,556.97237819525,
    62.263311366987));
#6246 = LINE('',#6247,#6248);
#6247 = CARTESIAN_POINT('',(-82.8071645019,556.97237819525,
    70.076540115181));
#6248 = VECTOR('',#6249,1.);
#6249 = DIRECTION('',(0.866025403784,2.108E-14,-0.5));
#6250 = ORIENTED_EDGE('',*,*,#6251,.F.);
#6251 = EDGE_CURVE('',#5421,#6244,#6252,.T.);
#6252 = LINE('',#6253,#6254);
#6253 = CARTESIAN_POINT('',(-69.27425533886,569.57237823995,
    62.263311366987));
#6254 = VECTOR('',#6255,1.);
#6255 = DIRECTION('',(2.453E-14,-1.,-4.3E-16));
#6256 = ORIENTED_EDGE('',*,*,#5436,.T.);
#6257 = PLANE('',#6258);
#6258 = AXIS2_PLACEMENT_3D('',#6259,#6260,#6261);
#6259 = CARTESIAN_POINT('',(-69.27425533886,569.57237823995,
    62.263311366987));
#6260 = DIRECTION('',(-0.5,-1.19E-14,-0.866025403784));
#6261 = DIRECTION('',(0.866025403784,2.011E-14,-0.5));
#6262 = ADVANCED_FACE('',(#6263),#6282,.F.);
#6263 = FACE_BOUND('',#6264,.F.);
#6264 = EDGE_LOOP('',(#6265,#6273,#6280,#6281));
#6265 = ORIENTED_EDGE('',*,*,#6266,.T.);
#6266 = EDGE_CURVE('',#5412,#6267,#6269,.T.);
#6267 = VERTEX_POINT('',#6268);
#6268 = CARTESIAN_POINT('',(-72.27425533886,556.97237819525,
    62.263311366986));
#6269 = LINE('',#6270,#6271);
#6270 = CARTESIAN_POINT('',(-72.27425533886,569.57237823995,
    62.263311366986));
#6271 = VECTOR('',#6272,1.);
#6272 = DIRECTION('',(2.453E-14,-1.,-4.3E-16));
#6273 = ORIENTED_EDGE('',*,*,#6274,.F.);
#6274 = EDGE_CURVE('',#6244,#6267,#6275,.T.);
#6275 = CIRCLE('',#6276,3.);
#6276 = AXIS2_PLACEMENT_3D('',#6277,#6278,#6279);
#6277 = CARTESIAN_POINT('',(-70.77425533886,556.97237819525,
    59.665235155633));
#6278 = DIRECTION('',(2.433E-14,-1.,-1.E-17));
#6279 = DIRECTION('',(0.5,1.215633974596E-14,0.866025403784));
#6280 = ORIENTED_EDGE('',*,*,#6251,.F.);
#6281 = ORIENTED_EDGE('',*,*,#5420,.F.);
#6282 = CYLINDRICAL_SURFACE('',#6283,3.);
#6283 = AXIS2_PLACEMENT_3D('',#6284,#6285,#6286);
#6284 = CARTESIAN_POINT('',(-70.77425533886,569.57237823995,
    59.665235155633));
#6285 = DIRECTION('',(-2.453E-14,1.,4.3E-16));
#6286 = DIRECTION('',(0.5,1.189260907637E-14,0.866025403784));
#6287 = ADVANCED_FACE('',(#6288),#6306,.T.);
#6288 = FACE_BOUND('',#6289,.T.);
#6289 = EDGE_LOOP('',(#6290,#6298,#6299,#6300));
#6290 = ORIENTED_EDGE('',*,*,#6291,.T.);
#6291 = EDGE_CURVE('',#6292,#5397,#6294,.T.);
#6292 = VERTEX_POINT('',#6293);
#6293 = CARTESIAN_POINT('',(-76.97354503515,556.97237819525,
    59.550175195832));
#6294 = LINE('',#6295,#6296);
#6295 = CARTESIAN_POINT('',(-76.97354503515,569.57237823995,
    59.550175195832));
#6296 = VECTOR('',#6297,1.);
#6297 = DIRECTION('',(-2.489E-14,1.,2.2E-16));
#6298 = ORIENTED_EDGE('',*,*,#5411,.T.);
#6299 = ORIENTED_EDGE('',*,*,#6266,.T.);
#6300 = ORIENTED_EDGE('',*,*,#6301,.F.);
#6301 = EDGE_CURVE('',#6292,#6267,#6302,.T.);
#6302 = LINE('',#6303,#6304);
#6303 = CARTESIAN_POINT('',(-81.64435931178,556.97237819525,
    56.853479315888));
#6304 = VECTOR('',#6305,1.);
#6305 = DIRECTION('',(0.866025403784,2.107E-14,0.5));
#6306 = PLANE('',#6307);
#6307 = AXIS2_PLACEMENT_3D('',#6308,#6309,#6310);
#6308 = CARTESIAN_POINT('',(-80.20559584272,569.57237823995,
    57.684149792048));
#6309 = DIRECTION('',(0.5,1.264E-14,-0.866025403784));
#6310 = DIRECTION('',(0.866025403784,2.107E-14,0.5));
#6311 = ADVANCED_FACE('',(#6312),#6324,.F.);
#6312 = FACE_BOUND('',#6313,.F.);
#6313 = EDGE_LOOP('',(#6314,#6315,#6316,#6317));
#6314 = ORIENTED_EDGE('',*,*,#6291,.T.);
#6315 = ORIENTED_EDGE('',*,*,#5396,.T.);
#6316 = ORIENTED_EDGE('',*,*,#5771,.T.);
#6317 = ORIENTED_EDGE('',*,*,#6318,.F.);
#6318 = EDGE_CURVE('',#6292,#5772,#6319,.T.);
#6319 = CIRCLE('',#6320,1.);
#6320 = AXIS2_PLACEMENT_3D('',#6321,#6322,#6323);
#6321 = CARTESIAN_POINT('',(-76.47354503515,556.97237819525,
    58.684149792048));
#6322 = DIRECTION('',(2.433E-14,-1.,-1.E-17));
#6323 = DIRECTION('',(-0.965925826289,-2.349838716316E-14,
    -0.258819045103));
#6324 = CYLINDRICAL_SURFACE('',#6325,1.);
#6325 = AXIS2_PLACEMENT_3D('',#6326,#6327,#6328);
#6326 = CARTESIAN_POINT('',(-76.47354503515,569.57237823995,
    58.684149792048));
#6327 = DIRECTION('',(-2.489E-14,1.,2.2E-16));
#6328 = DIRECTION('',(-0.965925826289,-2.398495362641E-14,
    -0.258819045103));
#6329 = ADVANCED_FACE('',(#6330),#6349,.F.);
#6330 = FACE_BOUND('',#6331,.F.);
#6331 = EDGE_LOOP('',(#6332,#6333,#6334,#6342));
#6332 = ORIENTED_EDGE('',*,*,#5764,.T.);
#6333 = ORIENTED_EDGE('',*,*,#5371,.T.);
#6334 = ORIENTED_EDGE('',*,*,#6335,.T.);
#6335 = EDGE_CURVE('',#5363,#6336,#6338,.T.);
#6336 = VERTEX_POINT('',#6337);
#6337 = CARTESIAN_POINT('',(-89.57496564257,556.97237819525,
    59.550175195831));
#6338 = LINE('',#6339,#6340);
#6339 = CARTESIAN_POINT('',(-89.57496564257,569.57237823995,
    59.550175195831));
#6340 = VECTOR('',#6341,1.);
#6341 = DIRECTION('',(2.401E-14,-1.,-2.2E-16));
#6342 = ORIENTED_EDGE('',*,*,#6343,.F.);
#6343 = EDGE_CURVE('',#5757,#6336,#6344,.T.);
#6344 = CIRCLE('',#6345,1.);
#6345 = AXIS2_PLACEMENT_3D('',#6346,#6347,#6348);
#6346 = CARTESIAN_POINT('',(-90.07496564257,556.97237819525,
    58.684149792047));
#6347 = DIRECTION('',(2.433E-14,-1.,-1.E-17));
#6348 = DIRECTION('',(0.965925826289,2.350356354406E-14,-0.258819045102)
  );
#6349 = CYLINDRICAL_SURFACE('',#6350,1.);
#6350 = AXIS2_PLACEMENT_3D('',#6351,#6352,#6353);
#6351 = CARTESIAN_POINT('',(-90.07496564257,569.57237823995,
    58.684149792047));
#6352 = DIRECTION('',(-2.401E-14,1.,2.2E-16));
#6353 = DIRECTION('',(0.965925826289,2.324881927912E-14,-0.258819045102)
  );
#6354 = ADVANCED_FACE('',(#6355),#6373,.T.);
#6355 = FACE_BOUND('',#6356,.T.);
#6356 = EDGE_LOOP('',(#6357,#6358,#6366,#6372));
#6357 = ORIENTED_EDGE('',*,*,#6335,.T.);
#6358 = ORIENTED_EDGE('',*,*,#6359,.F.);
#6359 = EDGE_CURVE('',#6360,#6336,#6362,.T.);
#6360 = VERTEX_POINT('',#6361);
#6361 = CARTESIAN_POINT('',(-94.27425533886,556.97237819525,
    62.263311366985));
#6362 = LINE('',#6363,#6364);
#6363 = CARTESIAN_POINT('',(-98.43216450189,556.97237819525,
    64.663881341527));
#6364 = VECTOR('',#6365,1.);
#6365 = DIRECTION('',(0.866025403784,2.108E-14,-0.5));
#6366 = ORIENTED_EDGE('',*,*,#6367,.F.);
#6367 = EDGE_CURVE('',#5347,#6360,#6368,.T.);
#6368 = LINE('',#6369,#6370);
#6369 = CARTESIAN_POINT('',(-94.27425533886,569.57237823995,
    62.263311366985));
#6370 = VECTOR('',#6371,1.);
#6371 = DIRECTION('',(2.436E-14,-1.,-4.3E-16));
#6372 = ORIENTED_EDGE('',*,*,#5362,.T.);
#6373 = PLANE('',#6374);
#6374 = AXIS2_PLACEMENT_3D('',#6375,#6376,#6377);
#6375 = CARTESIAN_POINT('',(-94.27425533886,569.57237823995,
    62.263311366985));
#6376 = DIRECTION('',(-0.5,-1.181E-14,-0.866025403784));
#6377 = DIRECTION('',(0.866025403784,2.108E-14,-0.5));
#6378 = ADVANCED_FACE('',(#6379),#6398,.F.);
#6379 = FACE_BOUND('',#6380,.F.);
#6380 = EDGE_LOOP('',(#6381,#6389,#6396,#6397));
#6381 = ORIENTED_EDGE('',*,*,#6382,.T.);
#6382 = EDGE_CURVE('',#5338,#6383,#6385,.T.);
#6383 = VERTEX_POINT('',#6384);
#6384 = CARTESIAN_POINT('',(-97.27425533886,556.97237819525,
    62.263311366985));
#6385 = LINE('',#6386,#6387);
#6386 = CARTESIAN_POINT('',(-97.27425533886,569.57237823995,
    62.263311366985));
#6387 = VECTOR('',#6388,1.);
#6388 = DIRECTION('',(2.436E-14,-1.,-4.3E-16));
#6389 = ORIENTED_EDGE('',*,*,#6390,.F.);
#6390 = EDGE_CURVE('',#6360,#6383,#6391,.T.);
#6391 = CIRCLE('',#6392,3.);
#6392 = AXIS2_PLACEMENT_3D('',#6393,#6394,#6395);
#6393 = CARTESIAN_POINT('',(-95.77425533886,556.97237819525,
    59.665235155631));
#6394 = DIRECTION('',(2.433E-14,-1.,-1.E-17));
#6395 = DIRECTION('',(0.5,1.215633974596E-14,0.866025403784));
#6396 = ORIENTED_EDGE('',*,*,#6367,.F.);
#6397 = ORIENTED_EDGE('',*,*,#5346,.F.);
#6398 = CYLINDRICAL_SURFACE('',#6399,3.);
#6399 = AXIS2_PLACEMENT_3D('',#6400,#6401,#6402);
#6400 = CARTESIAN_POINT('',(-95.77425533886,569.57237823995,
    59.665235155631));
#6401 = DIRECTION('',(-2.436E-14,1.,4.3E-16));
#6402 = DIRECTION('',(0.5,1.180760907637E-14,0.866025403784));
#6403 = ADVANCED_FACE('',(#6404),#6422,.T.);
#6404 = FACE_BOUND('',#6405,.T.);
#6405 = EDGE_LOOP('',(#6406,#6414,#6415,#6416));
#6406 = ORIENTED_EDGE('',*,*,#6407,.T.);
#6407 = EDGE_CURVE('',#6408,#5321,#6410,.T.);
#6408 = VERTEX_POINT('',#6409);
#6409 = CARTESIAN_POINT('',(-101.9735450351,556.97237819525,
    59.55017519583));
#6410 = LINE('',#6411,#6412);
#6411 = CARTESIAN_POINT('',(-101.9735450351,569.57237823995,
    59.55017519583));
#6412 = VECTOR('',#6413,1.);
#6413 = DIRECTION('',(-2.472E-14,1.,2.2E-16));
#6414 = ORIENTED_EDGE('',*,*,#5337,.T.);
#6415 = ORIENTED_EDGE('',*,*,#6382,.T.);
#6416 = ORIENTED_EDGE('',*,*,#6417,.F.);
#6417 = EDGE_CURVE('',#6408,#6383,#6418,.T.);
#6418 = LINE('',#6419,#6420);
#6419 = CARTESIAN_POINT('',(-97.26935931178,556.97237819525,
    62.26613808954));
#6420 = VECTOR('',#6421,1.);
#6421 = DIRECTION('',(0.866025403784,2.107E-14,0.5));
#6422 = PLANE('',#6423);
#6423 = AXIS2_PLACEMENT_3D('',#6424,#6425,#6426);
#6424 = CARTESIAN_POINT('',(-105.2055958427,569.57237823995,
    57.684149792046));
#6425 = DIRECTION('',(0.5,1.255E-14,-0.866025403784));
#6426 = DIRECTION('',(0.866025403784,2.107E-14,0.5));
#6427 = ADVANCED_FACE('',(#6428),#6440,.F.);
#6428 = FACE_BOUND('',#6429,.F.);
#6429 = EDGE_LOOP('',(#6430,#6431,#6432,#6433));
#6430 = ORIENTED_EDGE('',*,*,#6407,.T.);
#6431 = ORIENTED_EDGE('',*,*,#5320,.T.);
#6432 = ORIENTED_EDGE('',*,*,#5748,.T.);
#6433 = ORIENTED_EDGE('',*,*,#6434,.F.);
#6434 = EDGE_CURVE('',#6408,#5749,#6435,.T.);
#6435 = CIRCLE('',#6436,1.);
#6436 = AXIS2_PLACEMENT_3D('',#6437,#6438,#6439);
#6437 = CARTESIAN_POINT('',(-101.4735450351,556.97237819525,
    58.684149792046));
#6438 = DIRECTION('',(2.433E-14,-1.,-1.E-17));
#6439 = DIRECTION('',(-0.965925826289,-2.349838716316E-14,
    -0.258819045103));
#6440 = CYLINDRICAL_SURFACE('',#6441,1.);
#6441 = AXIS2_PLACEMENT_3D('',#6442,#6443,#6444);
#6442 = CARTESIAN_POINT('',(-101.4735450351,569.57237823995,
    58.684149792046));
#6443 = DIRECTION('',(-2.472E-14,1.,2.2E-16));
#6444 = DIRECTION('',(-0.965925826289,-2.382074623594E-14,
    -0.258819045103));
#6445 = ADVANCED_FACE('',(#6446),#6465,.F.);
#6446 = FACE_BOUND('',#6447,.F.);
#6447 = EDGE_LOOP('',(#6448,#6456,#6463,#6464));
#6448 = ORIENTED_EDGE('',*,*,#6449,.F.);
#6449 = EDGE_CURVE('',#6450,#5287,#6452,.T.);
#6450 = VERTEX_POINT('',#6451);
#6451 = CARTESIAN_POINT('',(-114.5749656425,556.97237819525,
    59.55017519583));
#6452 = LINE('',#6453,#6454);
#6453 = CARTESIAN_POINT('',(-114.5749656425,556.57237819525,
    59.55017519583));
#6454 = VECTOR('',#6455,1.);
#6455 = DIRECTION('',(-4.981E-14,1.,-2.5509E-13));
#6456 = ORIENTED_EDGE('',*,*,#6457,.F.);
#6457 = EDGE_CURVE('',#5734,#6450,#6458,.T.);
#6458 = CIRCLE('',#6459,1.);
#6459 = AXIS2_PLACEMENT_3D('',#6460,#6461,#6462);
#6460 = CARTESIAN_POINT('',(-115.0749656425,556.97237819525,
    58.684149792045));
#6461 = DIRECTION('',(2.433E-14,-1.,-1.E-17));
#6462 = DIRECTION('',(0.5,1.215633974596E-14,0.866025403784));
#6463 = ORIENTED_EDGE('',*,*,#5741,.T.);
#6464 = ORIENTED_EDGE('',*,*,#5295,.F.);
#6465 = CYLINDRICAL_SURFACE('',#6466,1.);
#6466 = AXIS2_PLACEMENT_3D('',#6467,#6468,#6469);
#6467 = CARTESIAN_POINT('',(-115.0749656425,556.57237819525,
    58.684149792045));
#6468 = DIRECTION('',(4.981E-14,-1.,2.5509E-13));
#6469 = DIRECTION('',(0.5,2.458194202514E-13,0.866025403784));
#6470 = ADVANCED_FACE('',(#6471),#6489,.T.);
#6471 = FACE_BOUND('',#6472,.T.);
#6472 = EDGE_LOOP('',(#6473,#6474,#6475,#6483));
#6473 = ORIENTED_EDGE('',*,*,#5286,.T.);
#6474 = ORIENTED_EDGE('',*,*,#6449,.F.);
#6475 = ORIENTED_EDGE('',*,*,#6476,.F.);
#6476 = EDGE_CURVE('',#6477,#6450,#6479,.T.);
#6477 = VERTEX_POINT('',#6478);
#6478 = CARTESIAN_POINT('',(-119.2742553388,556.97237819525,
    62.263311366983));
#6479 = LINE('',#6480,#6481);
#6480 = CARTESIAN_POINT('',(-121.7224112356,556.97237819525,
    63.676754833008));
#6481 = VECTOR('',#6482,1.);
#6482 = DIRECTION('',(0.866025403784,2.108E-14,-0.5));
#6483 = ORIENTED_EDGE('',*,*,#6484,.T.);
#6484 = EDGE_CURVE('',#6477,#5271,#6485,.T.);
#6485 = LINE('',#6486,#6487);
#6486 = CARTESIAN_POINT('',(-119.2742553388,556.57237819525,
    62.263311366983));
#6487 = VECTOR('',#6488,1.);
#6488 = DIRECTION('',(-4.981E-14,1.,-2.5509E-13));
#6489 = PLANE('',#6490);
#6490 = AXIS2_PLACEMENT_3D('',#6491,#6492,#6493);
#6491 = CARTESIAN_POINT('',(-114.5749656425,556.57237819525,
    59.55017519583));
#6492 = DIRECTION('',(-0.5,-2.4582E-13,-0.866025403784));
#6493 = DIRECTION('',(-0.866025403784,-2.108E-14,0.5));
#6494 = ADVANCED_FACE('',(#6495),#6514,.F.);
#6495 = FACE_BOUND('',#6496,.F.);
#6496 = EDGE_LOOP('',(#6497,#6505,#6512,#6513));
#6497 = ORIENTED_EDGE('',*,*,#6498,.F.);
#6498 = EDGE_CURVE('',#6499,#5262,#6501,.T.);
#6499 = VERTEX_POINT('',#6500);
#6500 = CARTESIAN_POINT('',(-122.2742553388,556.97237819525,
    62.263311366983));
#6501 = LINE('',#6502,#6503);
#6502 = CARTESIAN_POINT('',(-122.2742553388,556.57237819525,
    62.263311366983));
#6503 = VECTOR('',#6504,1.);
#6504 = DIRECTION('',(-4.981E-14,1.,-2.5509E-13));
#6505 = ORIENTED_EDGE('',*,*,#6506,.F.);
#6506 = EDGE_CURVE('',#6477,#6499,#6507,.T.);
#6507 = CIRCLE('',#6508,3.);
#6508 = AXIS2_PLACEMENT_3D('',#6509,#6510,#6511);
#6509 = CARTESIAN_POINT('',(-120.7742553388,556.97237819525,
    59.66523515563));
#6510 = DIRECTION('',(2.433E-14,-1.,-9.999999999998E-18));
#6511 = DIRECTION('',(-0.5,-1.217366025404E-14,0.866025403784));
#6512 = ORIENTED_EDGE('',*,*,#6484,.T.);
#6513 = ORIENTED_EDGE('',*,*,#5270,.T.);
#6514 = CYLINDRICAL_SURFACE('',#6515,3.);
#6515 = AXIS2_PLACEMENT_3D('',#6516,#6517,#6518);
#6516 = CARTESIAN_POINT('',(-120.7742553388,556.57237819525,
    59.66523515563));
#6517 = DIRECTION('',(4.981E-14,-1.,2.5509E-13));
#6518 = DIRECTION('',(-0.5,1.960094202514E-13,0.866025403784));
#6519 = ADVANCED_FACE('',(#6520),#6538,.T.);
#6520 = FACE_BOUND('',#6521,.T.);
#6521 = EDGE_LOOP('',(#6522,#6523,#6524,#6532));
#6522 = ORIENTED_EDGE('',*,*,#5261,.F.);
#6523 = ORIENTED_EDGE('',*,*,#6498,.F.);
#6524 = ORIENTED_EDGE('',*,*,#6525,.F.);
#6525 = EDGE_CURVE('',#6526,#6499,#6528,.T.);
#6526 = VERTEX_POINT('',#6527);
#6527 = CARTESIAN_POINT('',(-126.9735450351,556.97237819525,
    59.550175195829));
#6528 = LINE('',#6529,#6530);
#6529 = CARTESIAN_POINT('',(-126.8514545939,556.97237819525,
    59.620664144932));
#6530 = VECTOR('',#6531,1.);
#6531 = DIRECTION('',(0.866025403784,2.107E-14,0.5));
#6532 = ORIENTED_EDGE('',*,*,#6533,.T.);
#6533 = EDGE_CURVE('',#6526,#5245,#6534,.T.);
#6534 = LINE('',#6535,#6536);
#6535 = CARTESIAN_POINT('',(-126.9735450351,556.57237819525,
    59.550175195829));
#6536 = VECTOR('',#6537,1.);
#6537 = DIRECTION('',(-4.981E-14,1.,-2.5509E-13));
#6538 = PLANE('',#6539);
#6539 = AXIS2_PLACEMENT_3D('',#6540,#6541,#6542);
#6540 = CARTESIAN_POINT('',(-122.2742553388,556.57237819525,
    62.263311366983));
#6541 = DIRECTION('',(0.5,-1.9601E-13,-0.866025403784));
#6542 = DIRECTION('',(-0.866025403784,-2.107E-14,-0.5));
#6543 = ADVANCED_FACE('',(#6544),#6556,.F.);
#6544 = FACE_BOUND('',#6545,.F.);
#6545 = EDGE_LOOP('',(#6546,#6547,#6554,#6555));
#6546 = ORIENTED_EDGE('',*,*,#5725,.F.);
#6547 = ORIENTED_EDGE('',*,*,#6548,.F.);
#6548 = EDGE_CURVE('',#6526,#5726,#6549,.T.);
#6549 = CIRCLE('',#6550,1.);
#6550 = AXIS2_PLACEMENT_3D('',#6551,#6552,#6553);
#6551 = CARTESIAN_POINT('',(-126.4735450351,556.97237819525,
    58.684149792044));
#6552 = DIRECTION('',(2.433E-14,-1.,-1.E-17));
#6553 = DIRECTION('',(7.352E-14,1.000000000179E-17,-1.));
#6554 = ORIENTED_EDGE('',*,*,#6533,.T.);
#6555 = ORIENTED_EDGE('',*,*,#5244,.F.);
#6556 = CYLINDRICAL_SURFACE('',#6557,1.);
#6557 = AXIS2_PLACEMENT_3D('',#6558,#6559,#6560);
#6558 = CARTESIAN_POINT('',(-126.4735450351,556.57237819525,
    58.684149792044));
#6559 = DIRECTION('',(4.981E-14,-1.,2.5509E-13));
#6560 = DIRECTION('',(7.352E-14,-2.5509E-13,-1.));
#6561 = ADVANCED_FACE('',(#6562),#6570,.F.);
#6562 = FACE_BOUND('',#6563,.T.);
#6563 = EDGE_LOOP('',(#6564,#6565,#6566,#6567,#6568,#6569));
#6564 = ORIENTED_EDGE('',*,*,#5733,.T.);
#6565 = ORIENTED_EDGE('',*,*,#6548,.F.);
#6566 = ORIENTED_EDGE('',*,*,#6525,.T.);
#6567 = ORIENTED_EDGE('',*,*,#6506,.F.);
#6568 = ORIENTED_EDGE('',*,*,#6476,.T.);
#6569 = ORIENTED_EDGE('',*,*,#6457,.F.);
#6570 = PLANE('',#6571);
#6571 = AXIS2_PLACEMENT_3D('',#6572,#6573,#6574);
#6572 = CARTESIAN_POINT('',(-133.2742553388,556.97237819525,
    60.174692473836));
#6573 = DIRECTION('',(2.433E-14,-1.,-1.E-17));
#6574 = DIRECTION('',(7.352E-14,1.000000000179E-17,-1.));
#6575 = ADVANCED_FACE('',(#6576),#6584,.F.);
#6576 = FACE_BOUND('',#6577,.T.);
#6577 = EDGE_LOOP('',(#6578,#6579,#6580,#6581,#6582,#6583));
#6578 = ORIENTED_EDGE('',*,*,#6343,.F.);
#6579 = ORIENTED_EDGE('',*,*,#5756,.T.);
#6580 = ORIENTED_EDGE('',*,*,#6434,.F.);
#6581 = ORIENTED_EDGE('',*,*,#6417,.T.);
#6582 = ORIENTED_EDGE('',*,*,#6390,.F.);
#6583 = ORIENTED_EDGE('',*,*,#6359,.T.);
#6584 = PLANE('',#6585);
#6585 = AXIS2_PLACEMENT_3D('',#6586,#6587,#6588);
#6586 = CARTESIAN_POINT('',(-96.02404585089,556.97237819525,
    78.437145093898));
#6587 = DIRECTION('',(2.433E-14,-1.,-1.E-17));
#6588 = DIRECTION('',(1.,2.433E-14,7.352E-14));
#6589 = ADVANCED_FACE('',(#6590),#6598,.F.);
#6590 = FACE_BOUND('',#6591,.T.);
#6591 = EDGE_LOOP('',(#6592,#6593,#6594,#6595,#6596,#6597));
#6592 = ORIENTED_EDGE('',*,*,#6274,.F.);
#6593 = ORIENTED_EDGE('',*,*,#6243,.T.);
#6594 = ORIENTED_EDGE('',*,*,#6227,.F.);
#6595 = ORIENTED_EDGE('',*,*,#5779,.T.);
#6596 = ORIENTED_EDGE('',*,*,#6318,.F.);
#6597 = ORIENTED_EDGE('',*,*,#6301,.T.);
#6598 = PLANE('',#6599);
#6599 = AXIS2_PLACEMENT_3D('',#6600,#6601,#6602);
#6600 = CARTESIAN_POINT('',(-96.02404585089,556.97237819525,
    78.437145093898));
#6601 = DIRECTION('',(2.433E-14,-1.,-1.E-17));
#6602 = DIRECTION('',(1.,2.433E-14,7.352E-14));
#6603 = ADVANCED_FACE('',(#6604),#6608,.T.);
#6604 = FACE_BOUND('',#6605,.T.);
#6605 = EDGE_LOOP('',(#6606,#6607));
#6606 = ORIENTED_EDGE('',*,*,#5999,.F.);
#6607 = ORIENTED_EDGE('',*,*,#5929,.F.);
#6608 = PLANE('',#6609);
#6609 = AXIS2_PLACEMENT_3D('',#6610,#6611,#6612);
#6610 = CARTESIAN_POINT('',(-104.6242553388,556.57237823995,
    85.684206719137));
#6611 = DIRECTION('',(-2.421E-14,1.,-1.61E-15));
#6612 = DIRECTION('',(1.,2.421E-14,0.));
#6613 = ADVANCED_FACE('',(#6614),#6618,.T.);
#6614 = FACE_BOUND('',#6615,.T.);
#6615 = EDGE_LOOP('',(#6616,#6617));
#6616 = ORIENTED_EDGE('',*,*,#6131,.F.);
#6617 = ORIENTED_EDGE('',*,*,#6200,.F.);
#6618 = PLANE('',#6619);
#6619 = AXIS2_PLACEMENT_3D('',#6620,#6621,#6622);
#6620 = CARTESIAN_POINT('',(-104.6242553388,556.57237823995,
    85.684206719137));
#6621 = DIRECTION('',(-2.421E-14,1.,-1.61E-15));
#6622 = DIRECTION('',(1.,2.421E-14,0.));
#6623 = ( GEOMETRIC_REPRESENTATION_CONTEXT(3) 
GLOBAL_UNCERTAINTY_ASSIGNED_CONTEXT((#6627)) 
GLOBAL_UNIT_ASSIGNED_CONTEXT((#6624,#6625,#6626)) REPRESENTATION_CONTEXT
('Context #1','3D Context with UNIT and UNCERTAINTY') );
#6624 = ( LENGTH_UNIT() NAMED_UNIT(*) SI_UNIT(.MILLI.,.METRE.) );
#6625 = ( NAMED_UNIT(*) PLANE_ANGLE_UNIT() SI_UNIT($,.RADIAN.) );
#6626 = ( NAMED_UNIT(*) SI_UNIT($,.STERADIAN.) SOLID_ANGLE_UNIT() );
#6627 = UNCERTAINTY_MEASURE_WITH_UNIT(LENGTH_MEASURE(5.E-04),#6624,
  'distance_accuracy_value','confusion accuracy');
#6628 = PRODUCT_RELATED_PRODUCT_CATEGORY('part',$,(#7));
#6629 = MECHANICAL_DESIGN_GEOMETRIC_PRESENTATION_REPRESENTATION('',(
    #6630),#6623);
#6630 = STYLED_ITEM('color',(#6631),#15);
#6631 = PRESENTATION_STYLE_ASSIGNMENT((#6632,#6638));
#6632 = SURFACE_STYLE_USAGE(.BOTH.,#6633);
#6633 = SURFACE_SIDE_STYLE('',(#6634));
#6634 = SURFACE_STYLE_FILL_AREA(#6635);
#6635 = FILL_AREA_STYLE('',(#6636));
#6636 = FILL_AREA_STYLE_COLOUR('',#6637);
#6637 = COLOUR_RGB('',0.678431390124,0.709803936702,0.741176476869);
#6638 = CURVE_STYLE('',#6639,POSITIVE_LENGTH_MEASURE(0.1),#6640);
#6639 = DRAUGHTING_PRE_DEFINED_CURVE_FONT('continuous');
#6640 = COLOUR_RGB('',9.803921802644E-02,9.803921802644E-02,
  9.803921802644E-02);
ENDSEC;
END-ISO-10303-21;
