ISO-10303-21;
HEADER;
FILE_DESCRIPTION(('FreeCAD Model'),'2;1');
FILE_NAME('Open CASCADE Shape Model','2026-07-13T14:31:12',(''),(''),
  'Open CASCADE STEP processor 7.8','FreeCAD','Unknown');
FILE_SCHEMA(('AUTOMOTIVE_DESIGN { 1 0 10303 214 1 1 1 1 }'));
ENDSEC;
DATA;
#1 = APPLICATION_PROTOCOL_DEFINITION('international standard',
  'automotive_design',2000,#2);
#2 = APPLICATION_CONTEXT(
  'core data for automotive mechanical design processes');
#3 = SHAPE_DEFINITION_REPRESENTATION(#4,#10);
#4 = PRODUCT_DEFINITION_SHAPE('','',#5);
#5 = PRODUCT_DEFINITION('design','',#6,#9);
#6 = PRODUCT_DEFINITION_FORMATION('','',#7);
#7 = PRODUCT('z_stepper_left_coupler','z_stepper_left_coupler','',(#8));
#8 = PRODUCT_CONTEXT('',#2,'mechanical');
#9 = PRODUCT_DEFINITION_CONTEXT('part definition',#2,'design');
#10 = ADVANCED_BREP_SHAPE_REPRESENTATION('',(#11,#15),#8250);
#11 = AXIS2_PLACEMENT_3D('',#12,#13,#14);
#12 = CARTESIAN_POINT('',(0.,0.,0.));
#13 = DIRECTION('',(0.,0.,1.));
#14 = DIRECTION('',(1.,0.,-0.));
#15 = MANIFOLD_SOLID_BREP('',#16);
#16 = CLOSED_SHELL('',(#17,#94,#187,#269,#383,#932,#1004,#1055,#1078,
    #1120,#1156,#1187,#1228,#1274,#1309,#1370,#1418,#1442,#1552,#1583,
    #1614,#1647,#1674,#1691,#1722,#1747,#1765,#2008,#2030,#2071,#2083,
    #2101,#2124,#2150,#2667,#2692,#2716,#2756,#2789,#2813,#2846,#2871,
    #3322,#3339,#3370,#3387,#3420,#3432,#3449,#3466,#3483,#3516,#3533,
    #3550,#3567,#3592,#3618,#3642,#3666,#3691,#3716,#3740,#3764,#3782,
    #3813,#3837,#3854,#3964,#3989,#4047,#4072,#4097,#4122,#4147,#4179,
    #4204,#4229,#4254,#4279,#4304,#4329,#4354,#4379,#4396,#4428,#4453,
    #4477,#4502,#4527,#4552,#4577,#4602,#4627,#4645,#4670,#4695,#4727,
    #4752,#4776,#4801,#4826,#4851,#4876,#4894,#4926,#4951,#4976,#5001,
    #5026,#5050,#5075,#5093,#5118,#5135,#5166,#5183,#5207,#5231,#5248,
    #5277,#5294,#5312,#5335,#5347,#5372,#5394,#5411,#5428,#5445,#5462,
    #5479,#5496,#5513,#5530,#5542,#5564,#5581,#5598,#5615,#5632,#5649,
    #5666,#5683,#5700,#5712,#5737,#5762,#5779,#5801,#5818,#5835,#5852,
    #5869,#5886,#5903,#5915,#5937,#5954,#5971,#5988,#6005,#6022,#6039,
    #6051,#6076,#6093,#6113,#6133,#6232,#6282,#6312,#6398,#6422,#6443,
    #6454,#6492,#6509,#6542,#6560,#6584,#6610,#6635,#6652,#6677,#6702,
    #6722,#6747,#6767,#6792,#6809,#6821,#6838,#6855,#6872,#6889,#6959,
    #7016,#7059,#7141,#7682,#7712,#7769,#7785,#7828,#7868,#7885,#7907,
    #7938,#7962,#7986,#8003,#8023,#8043,#8052,#8061,#8131,#8145,#8157,
    #8182,#8207,#8232,#8241));
#17 = ADVANCED_FACE('',(#18),#89,.F.);
#18 = FACE_BOUND('',#19,.T.);
#19 = EDGE_LOOP('',(#20,#30,#55,#64,#72));
#20 = ORIENTED_EDGE('',*,*,#21,.T.);
#21 = EDGE_CURVE('',#22,#24,#26,.T.);
#22 = VERTEX_POINT('',#23);
#23 = CARTESIAN_POINT('',(26.928932188135,3.936291501015,8.794921791951)
  );
#24 = VERTEX_POINT('',#25);
#25 = CARTESIAN_POINT('',(26.928932188135,3.936291501015,19.030107217569
    ));
#26 = LINE('',#27,#28);
#27 = CARTESIAN_POINT('',(26.928932188135,3.936291501015,0.));
#28 = VECTOR('',#29,1.);
#29 = DIRECTION('',(0.,0.,1.));
#30 = ORIENTED_EDGE('',*,*,#31,.F.);
#31 = EDGE_CURVE('',#32,#24,#34,.T.);
#32 = VERTEX_POINT('',#33);
#33 = CARTESIAN_POINT('',(24.002666174775,-2.903666266017,
    23.346866546565));
#34 = B_SPLINE_CURVE_WITH_KNOTS('',7,(#35,#36,#37,#38,#39,#40,#41,#42,
    #43,#44,#45,#46,#47,#48,#49,#50,#51,#52,#53,#54),.UNSPECIFIED.,.F.,
  .F.,(8,6,6,8),(0.293405905414,7.470840121624,9.177296031476,
    9.290322493602),.UNSPECIFIED.);
#35 = CARTESIAN_POINT('',(24.,-3.13477631085,23.510123833919));
#36 = CARTESIAN_POINT('',(24.,-2.328090666843,22.939977133764));
#37 = CARTESIAN_POINT('',(24.075693392237,-1.524849000849,
    22.374375986819));
#38 = CARTESIAN_POINT('',(24.227510539242,-0.717880995976,
    21.813138197674));
#39 = CARTESIAN_POINT('',(24.456472175166,9.124732475047E-02,
    21.260579578039));
#40 = CARTESIAN_POINT('',(24.781545469071,0.913062651948,20.718109317825
    ));
#41 = CARTESIAN_POINT('',(25.208004777961,1.728156758437,20.206026082616
    ));
#42 = CARTESIAN_POINT('',(25.890463181386,2.720901274244,19.64082310201)
  );
#43 = CARTESIAN_POINT('',(26.028555947604,2.910803152247,19.535331293698
    ));
#44 = CARTESIAN_POINT('',(26.174620457832,3.100384356143,19.433533589122
    ));
#45 = CARTESIAN_POINT('',(26.327578694382,3.288501637372,19.334527824081
    ));
#46 = CARTESIAN_POINT('',(26.491646377727,3.477912309104,19.241098991141
    ));
#47 = CARTESIAN_POINT('',(26.660824303118,3.662638333641,19.151533951176
    ));
#48 = CARTESIAN_POINT('',(26.855514669686,3.862125089019,19.062527188119
    ));
#49 = CARTESIAN_POINT('',(26.867649494618,3.874508780765,19.057033856426
    ));
#50 = CARTESIAN_POINT('',(26.879824927873,3.886883766093,19.051576399039
    ));
#51 = CARTESIAN_POINT('',(26.892040941652,3.899249787891,19.046154911208
    ));
#52 = CARTESIAN_POINT('',(26.904297508154,3.911606589051,19.040769488185
    ));
#53 = CARTESIAN_POINT('',(26.916594599582,3.923953912463,19.035420225221
    ));
#54 = CARTESIAN_POINT('',(26.928932188135,3.936291501015,19.030107217569
    ));
#55 = ORIENTED_EDGE('',*,*,#56,.T.);
#56 = EDGE_CURVE('',#32,#57,#59,.T.);
#57 = VERTEX_POINT('',#58);
#58 = CARTESIAN_POINT('',(24.,-3.13477631085,24.));
#59 = B_SPLINE_CURVE_WITH_KNOTS('',3,(#60,#61,#62,#63),.UNSPECIFIED.,.F.
  ,.F.,(4,4),(0.,0.653542281523),.PIECEWISE_BEZIER_KNOTS.);
#60 = CARTESIAN_POINT('',(24.002670909804,-2.903667976249,
    23.346866546565));
#61 = CARTESIAN_POINT('',(24.000890382536,-2.980690369583,23.56457769771
    ));
#62 = CARTESIAN_POINT('',(24.,-3.057733340034,23.782288848855));
#63 = CARTESIAN_POINT('',(24.,-3.13477631085,24.));
#64 = ORIENTED_EDGE('',*,*,#65,.F.);
#65 = EDGE_CURVE('',#66,#57,#68,.T.);
#66 = VERTEX_POINT('',#67);
#67 = CARTESIAN_POINT('',(24.,-3.13477631085,6.697717079701));
#68 = LINE('',#69,#70);
#69 = CARTESIAN_POINT('',(24.,-3.13477631085,0.));
#70 = VECTOR('',#71,1.);
#71 = DIRECTION('',(0.,0.,1.));
#72 = ORIENTED_EDGE('',*,*,#73,.F.);
#73 = EDGE_CURVE('',#22,#66,#74,.T.);
#74 = B_SPLINE_CURVE_WITH_KNOTS('',7,(#75,#76,#77,#78,#79,#80,#81,#82,
    #83,#84,#85,#86,#87,#88),.UNSPECIFIED.,.F.,.F.,(8,6,8),(
    35.315709325114,35.501107403176,43.705255205658),.UNSPECIFIED.);
#75 = CARTESIAN_POINT('',(26.928932188135,3.936291501015,8.794921791951)
  );
#76 = CARTESIAN_POINT('',(26.911003491403,3.918362804284,8.78236798335)
  );
#77 = CARTESIAN_POINT('',(26.893139968494,3.900393991864,8.769824836984)
  );
#78 = CARTESIAN_POINT('',(26.875278080345,3.882317571835,8.757236916319)
  );
#79 = CARTESIAN_POINT('',(26.857550686542,3.864274120173,8.744718417723)
  );
#80 = CARTESIAN_POINT('',(26.83985000704,3.846150922173,8.732180602));
#81 = CARTESIAN_POINT('',(26.822016614765,3.827779223905,8.719484598279)
  );
#82 = CARTESIAN_POINT('',(26.036352583582,3.013743637796,8.159948669811)
  );
#83 = CARTESIAN_POINT('',(25.373303399377,2.121087047667,7.684805585427)
  );
#84 = CARTESIAN_POINT('',(24.829938302766,1.149469318686,7.295298149991)
  );
#85 = CARTESIAN_POINT('',(24.416137603634,0.117197826904,6.997470788197)
  );
#86 = CARTESIAN_POINT('',(24.138794494468,-0.953594843896,6.797705228119
    ));
#87 = CARTESIAN_POINT('',(24.,-2.044200684763,6.697716862668));
#88 = CARTESIAN_POINT('',(24.,-3.13477631085,6.697717079701));
#89 = CYLINDRICAL_SURFACE('',#90,10.);
#90 = AXIS2_PLACEMENT_3D('',#91,#92,#93);
#91 = CARTESIAN_POINT('',(34.,-3.13477631085,0.));
#92 = DIRECTION('',(-0.,-0.,-1.));
#93 = DIRECTION('',(1.,0.,0.));
#94 = ADVANCED_FACE('',(#95),#182,.F.);
#95 = FACE_BOUND('',#96,.F.);
#96 = EDGE_LOOP('',(#97,#98,#113,#121,#129,#137,#152,#160,#168,#176));
#97 = ORIENTED_EDGE('',*,*,#21,.T.);
#98 = ORIENTED_EDGE('',*,*,#99,.T.);
#99 = EDGE_CURVE('',#24,#100,#102,.T.);
#100 = VERTEX_POINT('',#101);
#101 = CARTESIAN_POINT('',(33.992640687119,11.,22.228564039252));
#102 = B_SPLINE_CURVE_WITH_KNOTS('',9,(#103,#104,#105,#106,#107,#108,
    #109,#110,#111,#112),.UNSPECIFIED.,.F.,.F.,(10,10),(9.290322493602,
    20.18834726483),.PIECEWISE_BEZIER_KNOTS.);
#103 = CARTESIAN_POINT('',(26.928932188135,3.936291501015,
    19.030107217569));
#104 = CARTESIAN_POINT('',(27.854170207562,4.861529520443,
    18.631666577716));
#105 = CARTESIAN_POINT('',(28.861980749072,5.869340061953,
    18.429744745025));
#106 = CARTESIAN_POINT('',(29.905284293056,6.912643605935,
    18.454158475786));
#107 = CARTESIAN_POINT('',(30.928862274325,7.936221587208,18.70264988239
    ));
#108 = CARTESIAN_POINT('',(31.884501264155,8.891860577034,
    19.173804220459));
#109 = CARTESIAN_POINT('',(32.713813651941,9.721172964823,19.83835714204
    ));
#110 = CARTESIAN_POINT('',(33.389050016202,10.396409329082,
    20.669417421013));
#111 = CARTESIAN_POINT('',(33.865859231732,10.873218544613,
    21.634981893534));
#112 = CARTESIAN_POINT('',(34.12132034356,11.12867965644,22.669848000829
    ));
#113 = ORIENTED_EDGE('',*,*,#114,.F.);
#114 = EDGE_CURVE('',#115,#100,#117,.T.);
#115 = VERTEX_POINT('',#116);
#116 = CARTESIAN_POINT('',(33.992640687119,11.,23.728819305036));
#117 = LINE('',#118,#119);
#118 = CARTESIAN_POINT('',(33.992640687119,11.,12.));
#119 = VECTOR('',#120,1.);
#120 = DIRECTION('',(-4.1E-16,-4.1E-16,-1.));
#121 = ORIENTED_EDGE('',*,*,#122,.F.);
#122 = EDGE_CURVE('',#123,#115,#125,.T.);
#123 = VERTEX_POINT('',#124);
#124 = CARTESIAN_POINT('',(33.992640687119,11.,24.271180694964));
#125 = LINE('',#126,#127);
#126 = CARTESIAN_POINT('',(33.992640687119,11.,12.));
#127 = VECTOR('',#128,1.);
#128 = DIRECTION('',(-4.1E-16,-4.1E-16,-1.));
#129 = ORIENTED_EDGE('',*,*,#130,.T.);
#130 = EDGE_CURVE('',#123,#131,#133,.T.);
#131 = VERTEX_POINT('',#132);
#132 = CARTESIAN_POINT('',(33.992640687119,11.,25.771435960939));
#133 = LINE('',#134,#135);
#134 = CARTESIAN_POINT('',(33.992640687119,11.,12.));
#135 = VECTOR('',#136,1.);
#136 = DIRECTION('',(4.1E-16,4.1E-16,1.));
#137 = ORIENTED_EDGE('',*,*,#138,.T.);
#138 = EDGE_CURVE('',#131,#139,#141,.T.);
#139 = VERTEX_POINT('',#140);
#140 = CARTESIAN_POINT('',(26.928932188135,3.936291501015,
    28.969892765997));
#141 = B_SPLINE_CURVE_WITH_KNOTS('',9,(#142,#143,#144,#145,#146,#147,
    #148,#149,#150,#151),.UNSPECIFIED.,.F.,.F.,(10,10),(1.177783899581,
    12.079255610044),.PIECEWISE_BEZIER_KNOTS.);
#142 = CARTESIAN_POINT('',(34.12132034356,11.12867965644,25.33015199917)
  );
#143 = CARTESIAN_POINT('',(33.86585923207,10.87321854495,26.365018105104
    ));
#144 = CARTESIAN_POINT('',(33.389050018285,10.396409331168,
    27.330582579944));
#145 = CARTESIAN_POINT('',(32.713813650898,9.721172963774,
    28.161642838444));
#146 = CARTESIAN_POINT('',(31.884501275731,8.891860588618,
    28.826195811463));
#147 = CARTESIAN_POINT('',(30.928862275758,7.936221588633,
    29.297350072133));
#148 = CARTESIAN_POINT('',(29.905284285433,6.912643598318,
    29.545841539556));
#149 = CARTESIAN_POINT('',(28.861980808268,5.869340121147,29.57025532336
    ));
#150 = CARTESIAN_POINT('',(27.854169749319,4.861529062201,
    29.368333038412));
#151 = CARTESIAN_POINT('',(26.928932188135,3.936291501015,
    28.969892765997));
#152 = ORIENTED_EDGE('',*,*,#153,.T.);
#153 = EDGE_CURVE('',#139,#154,#156,.T.);
#154 = VERTEX_POINT('',#155);
#155 = CARTESIAN_POINT('',(26.928932188135,3.936291501015,29.6));
#156 = LINE('',#157,#158);
#157 = CARTESIAN_POINT('',(26.928932188135,3.936291501015,0.));
#158 = VECTOR('',#159,1.);
#159 = DIRECTION('',(0.,0.,1.));
#160 = ORIENTED_EDGE('',*,*,#161,.T.);
#161 = EDGE_CURVE('',#154,#162,#164,.T.);
#162 = VERTEX_POINT('',#163);
#163 = CARTESIAN_POINT('',(34.12132034356,11.12867965644,29.6));
#164 = LINE('',#165,#166);
#165 = CARTESIAN_POINT('',(26.928932188135,3.936291501015,29.6));
#166 = VECTOR('',#167,1.);
#167 = DIRECTION('',(0.707106781187,0.707106781187,0.));
#168 = ORIENTED_EDGE('',*,*,#169,.F.);
#169 = EDGE_CURVE('',#170,#162,#172,.T.);
#170 = VERTEX_POINT('',#171);
#171 = CARTESIAN_POINT('',(34.12132034356,11.12867965644,13.831086196105
    ));
#172 = LINE('',#173,#174);
#173 = CARTESIAN_POINT('',(34.12132034356,11.12867965644,0.));
#174 = VECTOR('',#175,1.);
#175 = DIRECTION('',(0.,0.,1.));
#176 = ORIENTED_EDGE('',*,*,#177,.T.);
#177 = EDGE_CURVE('',#170,#22,#178,.T.);
#178 = LINE('',#179,#180);
#179 = CARTESIAN_POINT('',(33.99581946644,11.003178779321,
    13.743209535894));
#180 = VECTOR('',#181,1.);
#181 = DIRECTION('',(-0.633687274225,-0.633687274225,-0.443712606279));
#182 = PLANE('',#183);
#183 = AXIS2_PLACEMENT_3D('',#184,#185,#186);
#184 = CARTESIAN_POINT('',(26.928932188135,3.936291501015,0.));
#185 = DIRECTION('',(-0.707106781187,0.707106781187,0.));
#186 = DIRECTION('',(0.707106781187,0.707106781187,0.));
#187 = ADVANCED_FACE('',(#188),#228,.F.);
#188 = FACE_BOUND('',#189,.F.);
#189 = EDGE_LOOP('',(#190,#197,#222,#227));
#190 = ORIENTED_EDGE('',*,*,#191,.F.);
#191 = EDGE_CURVE('',#192,#32,#194,.T.);
#192 = VERTEX_POINT('',#193);
#193 = CARTESIAN_POINT('',(24.000001616496,-2.442078809799,
    23.999998639839));
#194 = B_SPLINE_CURVE_WITH_KNOTS('',1,(#195,#196),.UNSPECIFIED.,.F.,.F.,
  (2,2),(0.,8.996916588188),.PIECEWISE_BEZIER_KNOTS.);
#195 = CARTESIAN_POINT('',(23.999995069716,-2.442078809799,
    23.999998958572));
#196 = CARTESIAN_POINT('',(24.002666174775,-2.903666266017,
    23.346866546565));
#197 = ORIENTED_EDGE('',*,*,#198,.T.);
#198 = EDGE_CURVE('',#192,#199,#201,.T.);
#199 = VERTEX_POINT('',#200);
#200 = CARTESIAN_POINT('',(26.763942068882,4.312238322979,
    19.527859021824));
#201 = B_SPLINE_CURVE_WITH_KNOTS('',7,(#202,#203,#204,#205,#206,#207,
    #208,#209,#210,#211,#212,#213,#214,#215,#216,#217,#218,#219,#220,
    #221),.UNSPECIFIED.,.F.,.F.,(8,6,6,8),(0.293405905414,7.470840121624
    ,9.177296031476,9.290322493602),.UNSPECIFIED.);
#202 = CARTESIAN_POINT('',(24.002670227808,-2.673003984929,
    24.16338649873));
#203 = CARTESIAN_POINT('',(23.984032749558,-1.866676670001,
    23.593341692927));
#204 = CARTESIAN_POINT('',(24.041107198065,-1.066130878152,
    23.023317224281));
#205 = CARTESIAN_POINT('',(24.174301663308,-0.264133289501,
    22.45306271841));
#206 = CARTESIAN_POINT('',(24.384648015807,0.537668371769,
    21.887194213065));
#207 = CARTESIAN_POINT('',(24.691118524303,1.349480175709,
    21.325651410467));
#208 = CARTESIAN_POINT('',(25.099442765835,2.152122505838,
    20.789619225365));
#209 = CARTESIAN_POINT('',(25.759855797347,3.126821466851,
    20.188056966563));
#210 = CARTESIAN_POINT('',(25.894254611453,3.313292059492,
    20.075176673941));
#211 = CARTESIAN_POINT('',(26.033525848443,3.498411318546,
    19.966344195827));
#212 = CARTESIAN_POINT('',(26.188452672738,3.684727142724,
    19.857991387548));
#213 = CARTESIAN_POINT('',(26.338604137651,3.866526372343,
    19.758971957899));
#214 = CARTESIAN_POINT('',(26.515358440177,4.053179962873,
    19.656827085845));
#215 = CARTESIAN_POINT('',(26.696145139122,4.241700005621,
    19.562386528591));
#216 = CARTESIAN_POINT('',(26.707395582809,4.253423953428,
    19.556551712509));
#217 = CARTESIAN_POINT('',(26.718665835494,4.265160925108,
    19.550748846193));
#218 = CARTESIAN_POINT('',(26.729955753814,4.276910884281,
    19.544978036807));
#219 = CARTESIAN_POINT('',(26.741265194396,4.288673794569,
    19.539239391509));
#220 = CARTESIAN_POINT('',(26.752594013875,4.300449619595,
    19.533533017461));
#221 = CARTESIAN_POINT('',(26.763942068882,4.312238322979,
    19.527859021824));
#222 = ORIENTED_EDGE('',*,*,#223,.F.);
#223 = EDGE_CURVE('',#24,#199,#224,.T.);
#224 = B_SPLINE_CURVE_WITH_KNOTS('',1,(#225,#226),.UNSPECIFIED.,.F.,.F.,
  (2,2),(0.,8.996916588188),.PIECEWISE_BEZIER_KNOTS.);
#225 = CARTESIAN_POINT('',(26.928932188135,3.936291501015,
    19.030107217569));
#226 = CARTESIAN_POINT('',(26.763942068882,4.312238322979,
    19.527859021824));
#227 = ORIENTED_EDGE('',*,*,#31,.F.);
#228 = B_SPLINE_SURFACE_WITH_KNOTS('',1,7,(
    (#229,#230,#231,#232,#233,#234,#235,#236,#237,#238,#239,#240,#241
      ,#242,#243,#244,#245,#246,#247,#248)
    ,(#249,#250,#251,#252,#253,#254,#255,#256,#257,#258,#259,#260,#261
      ,#262,#263,#264,#265,#266,#267,#268
    )),.UNSPECIFIED.,.F.,.F.,.F.,(2,2),(8,6,6,8),(0.,8.996916588188),(
    0.293405905414,7.470840121624,9.177296031476,9.290322493602),
  .UNSPECIFIED.);
#229 = CARTESIAN_POINT('',(24.,-3.13477631085,23.510123833919));
#230 = CARTESIAN_POINT('',(24.,-2.328090666843,22.939977133764));
#231 = CARTESIAN_POINT('',(24.075693392237,-1.524849000849,
    22.374375986819));
#232 = CARTESIAN_POINT('',(24.227510539242,-0.717880995976,
    21.813138197674));
#233 = CARTESIAN_POINT('',(24.456472175166,9.124732475047E-02,
    21.260579578039));
#234 = CARTESIAN_POINT('',(24.781545469071,0.913062651948,
    20.718109317825));
#235 = CARTESIAN_POINT('',(25.208004777961,1.728156758437,
    20.206026082616));
#236 = CARTESIAN_POINT('',(25.890463181386,2.720901274244,19.64082310201
    ));
#237 = CARTESIAN_POINT('',(26.028555947604,2.910803152247,
    19.535331293698));
#238 = CARTESIAN_POINT('',(26.174620457832,3.100384356143,
    19.433533589122));
#239 = CARTESIAN_POINT('',(26.327578694382,3.288501637372,
    19.334527824081));
#240 = CARTESIAN_POINT('',(26.491646377727,3.477912309104,
    19.241098991141));
#241 = CARTESIAN_POINT('',(26.660824303118,3.662638333641,
    19.151533951176));
#242 = CARTESIAN_POINT('',(26.855514669686,3.862125089019,
    19.062527188119));
#243 = CARTESIAN_POINT('',(26.867649494618,3.874508780765,
    19.057033856426));
#244 = CARTESIAN_POINT('',(26.879824927873,3.886883766093,
    19.051576399039));
#245 = CARTESIAN_POINT('',(26.892040941652,3.899249787891,
    19.046154911208));
#246 = CARTESIAN_POINT('',(26.904297508154,3.911606589051,
    19.040769488185));
#247 = CARTESIAN_POINT('',(26.916594599582,3.923953912463,
    19.035420225221));
#248 = CARTESIAN_POINT('',(26.928932188135,3.936291501015,
    19.030107217569));
#249 = CARTESIAN_POINT('',(24.002670227808,-2.673003984929,
    24.16338649873));
#250 = CARTESIAN_POINT('',(23.984032749558,-1.866676670001,
    23.593341692927));
#251 = CARTESIAN_POINT('',(24.041107198065,-1.066130878152,
    23.023317224281));
#252 = CARTESIAN_POINT('',(24.174301663308,-0.264133289501,
    22.45306271841));
#253 = CARTESIAN_POINT('',(24.384648015807,0.537668371769,
    21.887194213065));
#254 = CARTESIAN_POINT('',(24.691118524303,1.349480175709,
    21.325651410467));
#255 = CARTESIAN_POINT('',(25.099442765835,2.152122505838,
    20.789619225365));
#256 = CARTESIAN_POINT('',(25.759855797347,3.126821466851,
    20.188056966563));
#257 = CARTESIAN_POINT('',(25.894254611453,3.313292059492,
    20.075176673941));
#258 = CARTESIAN_POINT('',(26.033525848443,3.498411318546,
    19.966344195827));
#259 = CARTESIAN_POINT('',(26.188452672738,3.684727142724,
    19.857991387548));
#260 = CARTESIAN_POINT('',(26.338604137651,3.866526372343,
    19.758971957899));
#261 = CARTESIAN_POINT('',(26.515358440177,4.053179962873,
    19.656827085845));
#262 = CARTESIAN_POINT('',(26.696145139122,4.241700005621,
    19.562386528591));
#263 = CARTESIAN_POINT('',(26.707395582809,4.253423953428,
    19.556551712509));
#264 = CARTESIAN_POINT('',(26.718665835494,4.265160925108,
    19.550748846193));
#265 = CARTESIAN_POINT('',(26.729955753814,4.276910884281,
    19.544978036807));
#266 = CARTESIAN_POINT('',(26.741265194396,4.288673794569,
    19.539239391509));
#267 = CARTESIAN_POINT('',(26.752594013875,4.300449619595,
    19.533533017461));
#268 = CARTESIAN_POINT('',(26.763942068882,4.312238322979,
    19.527859021824));
#269 = ADVANCED_FACE('',(#270),#354,.T.);
#270 = FACE_BOUND('',#271,.T.);
#271 = EDGE_LOOP('',(#272,#280,#281,#337));
#272 = ORIENTED_EDGE('',*,*,#273,.T.);
#273 = EDGE_CURVE('',#274,#22,#276,.T.);
#274 = VERTEX_POINT('',#275);
#275 = CARTESIAN_POINT('',(26.846798574805,4.371228106772,8.291066901542
    ));
#276 = LINE('',#277,#278);
#277 = CARTESIAN_POINT('',(26.88786538147,4.153759803894,8.542994346747)
  );
#278 = VECTOR('',#279,1.);
#279 = DIRECTION('',(0.122466748786,-0.648519770115,0.751281573853));
#280 = ORIENTED_EDGE('',*,*,#73,.T.);
#281 = ORIENTED_EDGE('',*,*,#282,.F.);
#282 = EDGE_CURVE('',#283,#66,#285,.T.);
#283 = VERTEX_POINT('',#284);
#284 = CARTESIAN_POINT('',(24.,-0.5341159553,6.297717079701));
#285 = B_SPLINE_CURVE_WITH_KNOTS('',8,(#286,#287,#288,#289,#290,#291,
    #292,#293,#294,#295,#296,#297,#298,#299,#300,#301,#302,#303,#304,
    #305,#306,#307,#308,#309,#310,#311,#312,#313,#314,#315,#316,#317,
    #318,#319,#320,#321,#322,#323,#324,#325,#326,#327,#328,#329,#330,
    #331,#332,#333,#334,#335,#336),.UNSPECIFIED.,.F.,.F.,(9,7,7,7,7,7,7,
    9),(0.,0.22936037037,0.460198623248,0.729467742151,0.870449996008,
    0.927231828882,0.958206394286,1.),.UNSPECIFIED.);
#286 = CARTESIAN_POINT('',(24.,-0.534109818074,6.297717079701));
#287 = CARTESIAN_POINT('',(24.,-0.576707465776,6.310606308528));
#288 = CARTESIAN_POINT('',(24.,-0.619971196253,6.323472761955));
#289 = CARTESIAN_POINT('',(24.,-0.663942747393,6.336315453747));
#290 = CARTESIAN_POINT('',(24.,-0.708667769123,6.349133237604));
#291 = CARTESIAN_POINT('',(24.,-0.754197699307,6.361924777754));
#292 = CARTESIAN_POINT('',(24.,-0.800591639648,6.374688519545));
#293 = CARTESIAN_POINT('',(24.,-0.847918231585,6.387422660038));
#294 = CARTESIAN_POINT('',(24.,-0.944908306858,6.412909425395));
#295 = CARTESIAN_POINT('',(24.,-0.994584160998,6.425661364419));
#296 = CARTESIAN_POINT('',(24.,-1.045367596422,6.438379026876));
#297 = CARTESIAN_POINT('',(24.,-1.097354360837,6.451059885423));
#298 = CARTESIAN_POINT('',(24.,-1.150654630446,6.463700777663));
#299 = CARTESIAN_POINT('',(24.,-1.205398636986,6.476297802834));
#300 = CARTESIAN_POINT('',(24.,-1.261746739184,6.488846131683));
#301 = CARTESIAN_POINT('',(24.,-1.387743378856,6.515913311001));
#302 = CARTESIAN_POINT('',(24.,-1.458011128206,6.530405120394));
#303 = CARTESIAN_POINT('',(24.,-1.531059404425,6.544812907539));
#304 = CARTESIAN_POINT('',(24.,-1.607320858796,6.559125938716));
#305 = CARTESIAN_POINT('',(24.,-1.687289860886,6.573325831177));
#306 = CARTESIAN_POINT('',(24.,-1.771700151245,6.587381418256));
#307 = CARTESIAN_POINT('',(24.,-1.861438635252,6.601251495588));
#308 = CARTESIAN_POINT('',(24.,-2.009090615591,6.62198936397));
#309 = CARTESIAN_POINT('',(24.,-2.061729738678,6.629035399653));
#310 = CARTESIAN_POINT('',(24.,-2.116573482432,6.635998018928));
#311 = CARTESIAN_POINT('',(24.,-2.173966167254,6.642863798233));
#312 = CARTESIAN_POINT('',(24.,-2.23428196648,6.649609525951));
#313 = CARTESIAN_POINT('',(24.,-2.298029404742,6.65619724527));
#314 = CARTESIAN_POINT('',(24.,-2.365806422081,6.662576655767));
#315 = CARTESIAN_POINT('',(24.,-2.468180038478,6.671115079002));
#316 = CARTESIAN_POINT('',(24.,-2.498394856594,6.673517267998));
#317 = CARTESIAN_POINT('',(24.,-2.529507525852,6.675864902118));
#318 = CARTESIAN_POINT('',(24.,-2.561593491847,6.678150437109));
#319 = CARTESIAN_POINT('',(24.,-2.594727498306,6.680363982815));
#320 = CARTESIAN_POINT('',(24.,-2.628985516786,6.682493179396));
#321 = CARTESIAN_POINT('',(24.,-2.664448306983,6.684522951478));
#322 = CARTESIAN_POINT('',(24.,-2.721258309599,6.687478241763));
#323 = CARTESIAN_POINT('',(24.,-2.74169002521,6.688486055624));
#324 = CARTESIAN_POINT('',(24.,-2.762514114169,6.689455590125));
#325 = CARTESIAN_POINT('',(24.,-2.783739691401,6.69038334086));
#326 = CARTESIAN_POINT('',(24.,-2.805371921181,6.691265378295));
#327 = CARTESIAN_POINT('',(24.,-2.827411311236,6.692097435331));
#328 = CARTESIAN_POINT('',(24.,-2.849853006844,6.692874994872));
#329 = CARTESIAN_POINT('',(24.,-2.903494480486,6.694562682223));
#330 = CARTESIAN_POINT('',(24.,-2.935033833272,6.695424847523));
#331 = CARTESIAN_POINT('',(24.,-2.967249682227,6.696167321947));
#332 = CARTESIAN_POINT('',(24.,-3.000064498809,6.696777748509));
#333 = CARTESIAN_POINT('',(24.,-3.033375003854,6.697244875233));
#334 = CARTESIAN_POINT('',(24.,-3.067048436049,6.697559731671));
#335 = CARTESIAN_POINT('',(24.,-3.100917772033,6.697717071285));
#336 = CARTESIAN_POINT('',(24.,-3.134775898127,6.697717079701));
#337 = ORIENTED_EDGE('',*,*,#338,.F.);
#338 = EDGE_CURVE('',#274,#283,#339,.T.);
#339 = B_SPLINE_CURVE_WITH_KNOTS('',7,(#340,#341,#342,#343,#344,#345,
    #346,#347,#348,#349,#350,#351,#352,#353),.UNSPECIFIED.,.F.,.F.,(8,6,
    8),(35.315709325114,35.501107403176,43.705255205658),.UNSPECIFIED.);
#340 = CARTESIAN_POINT('',(26.846798574805,4.371228106772,8.291066901542
    ));
#341 = CARTESIAN_POINT('',(26.828869878074,4.353299410041,8.278513092941
    ));
#342 = CARTESIAN_POINT('',(26.810913899634,4.335337491787,8.265940181481
    ));
#343 = CARTESIAN_POINT('',(26.793074069872,4.317515605586,8.253448598201
    ));
#344 = CARTESIAN_POINT('',(26.775047968981,4.299474188128,8.240826586473
    ));
#345 = CARTESIAN_POINT('',(26.757087283173,4.281498675668,8.228250378879
    ));
#346 = CARTESIAN_POINT('',(26.739553333599,4.264022807641,8.215972975213
    ));
#347 = CARTESIAN_POINT('',(25.901261780738,3.423910576362,7.628994910682
    ));
#348 = CARTESIAN_POINT('',(25.18345013986,2.494118370683,7.126377788725)
  );
#349 = CARTESIAN_POINT('',(24.59119759063,1.468495540712,6.711678089232)
  );
#350 = CARTESIAN_POINT('',(24.13431710522,0.369923013941,6.391766929286)
  );
#351 = CARTESIAN_POINT('',(23.826413377831,-0.781249885176,
    6.176170418327));
#352 = CARTESIAN_POINT('',(23.672338847828,-1.957987605992,
    6.068286270972));
#353 = CARTESIAN_POINT('',(23.672339182285,-3.134776529237,
    6.068286505161));
#354 = B_SPLINE_SURFACE_WITH_KNOTS('',1,7,(
    (#355,#356,#357,#358,#359,#360,#361,#362,#363,#364,#365,#366,#367
      ,#368)
    ,(#369,#370,#371,#372,#373,#374,#375,#376,#377,#378,#379,#380,#381
      ,#382
    )),.UNSPECIFIED.,.F.,.F.,.F.,(2,2),(8,6,8),(0.,8.389545880544),(
    35.315709325114,35.501107403176,43.705255205658),.UNSPECIFIED.);
#355 = CARTESIAN_POINT('',(26.846798574805,4.371228106772,8.291066901542
    ));
#356 = CARTESIAN_POINT('',(26.828869878074,4.353299410041,8.278513092941
    ));
#357 = CARTESIAN_POINT('',(26.810913899634,4.335337491787,8.265940181481
    ));
#358 = CARTESIAN_POINT('',(26.793074069872,4.317515605586,8.253448598201
    ));
#359 = CARTESIAN_POINT('',(26.775047968981,4.299474188128,8.240826586473
    ));
#360 = CARTESIAN_POINT('',(26.757087283173,4.281498675668,8.228250378879
    ));
#361 = CARTESIAN_POINT('',(26.739553333599,4.264022807641,8.215972975213
    ));
#362 = CARTESIAN_POINT('',(25.901261780738,3.423910576362,7.628994910682
    ));
#363 = CARTESIAN_POINT('',(25.18345013986,2.494118370683,7.126377788725)
  );
#364 = CARTESIAN_POINT('',(24.59119759063,1.468495540712,6.711678089232)
  );
#365 = CARTESIAN_POINT('',(24.13431710522,0.369923013941,6.391766929286)
  );
#366 = CARTESIAN_POINT('',(23.826413377831,-0.781249885176,
    6.176170418327));
#367 = CARTESIAN_POINT('',(23.672338847828,-1.957987605992,
    6.068286270972));
#368 = CARTESIAN_POINT('',(23.672339182285,-3.134776529237,
    6.068286505161));
#369 = CARTESIAN_POINT('',(26.928932188135,3.936291501015,8.794921791951
    ));
#370 = CARTESIAN_POINT('',(26.911003491403,3.918362804284,8.78236798335)
  );
#371 = CARTESIAN_POINT('',(26.893139968494,3.900393991864,8.769824836984
    ));
#372 = CARTESIAN_POINT('',(26.875278080345,3.882317571835,8.757236916319
    ));
#373 = CARTESIAN_POINT('',(26.857550686542,3.864274120173,8.744718417723
    ));
#374 = CARTESIAN_POINT('',(26.83985000704,3.846150922173,8.732180602));
#375 = CARTESIAN_POINT('',(26.822016614765,3.827779223905,8.719484598279
    ));
#376 = CARTESIAN_POINT('',(26.036352583582,3.013743637796,8.159948669811
    ));
#377 = CARTESIAN_POINT('',(25.373303399377,2.121087047667,7.684805585427
    ));
#378 = CARTESIAN_POINT('',(24.829938302766,1.149469318686,7.295298149991
    ));
#379 = CARTESIAN_POINT('',(24.416137603634,0.117197826904,6.997470788197
    ));
#380 = CARTESIAN_POINT('',(24.138794494468,-0.953594843896,
    6.797705228119));
#381 = CARTESIAN_POINT('',(24.,-2.044200684763,6.697716862668));
#382 = CARTESIAN_POINT('',(24.,-3.13477631085,6.697717079701));
#383 = ADVANCED_FACE('',(#384),#402,.F.);
#384 = FACE_BOUND('',#385,.F.);
#385 = EDGE_LOOP('',(#386,#393,#394,#395));
#386 = ORIENTED_EDGE('',*,*,#387,.T.);
#387 = EDGE_CURVE('',#388,#192,#390,.T.);
#388 = VERTEX_POINT('',#389);
#389 = CARTESIAN_POINT('',(24.002672613936,-2.903666719187,
    24.653130930806));
#390 = B_SPLINE_CURVE_WITH_KNOTS('',1,(#391,#392),.UNSPECIFIED.,.F.,.F.,
  (2,2),(0.,8.993399356841),.PIECEWISE_BEZIER_KNOTS.);
#391 = CARTESIAN_POINT('',(24.002672613936,-2.903666719187,
    24.653130930806));
#392 = CARTESIAN_POINT('',(24.000001616496,-2.442078809799,
    23.999998639839));
#393 = ORIENTED_EDGE('',*,*,#191,.T.);
#394 = ORIENTED_EDGE('',*,*,#56,.T.);
#395 = ORIENTED_EDGE('',*,*,#396,.T.);
#396 = EDGE_CURVE('',#57,#388,#397,.T.);
#397 = B_SPLINE_CURVE_WITH_KNOTS('',3,(#398,#399,#400,#401),
  .UNSPECIFIED.,.F.,.F.,(4,4),(0.,0.653539769004),
  .PIECEWISE_BEZIER_KNOTS.);
#398 = CARTESIAN_POINT('',(24.,-3.13477631085,24.));
#399 = CARTESIAN_POINT('',(24.,-3.057732535829,24.217710310269));
#400 = CARTESIAN_POINT('',(24.000890401126,-2.980688761173,
    24.435420620537));
#401 = CARTESIAN_POINT('',(24.002670965562,-2.903665564279,
    24.653130930806));
#402 = B_SPLINE_SURFACE_WITH_KNOTS('',8,8,(
    (#403,#404,#405,#406,#407,#408,#409,#410,#411,#412,#413,#414,#415
      ,#416,#417,#418,#419,#420,#421,#422,#423,#424,#425)
    ,(#426,#427,#428,#429,#430,#431,#432,#433,#434,#435,#436,#437,#438
      ,#439,#440,#441,#442,#443,#444,#445,#446,#447,#448)
    ,(#449,#450,#451,#452,#453,#454,#455,#456,#457,#458,#459,#460,#461
      ,#462,#463,#464,#465,#466,#467,#468,#469,#470,#471)
    ,(#472,#473,#474,#475,#476,#477,#478,#479,#480,#481,#482,#483,#484
      ,#485,#486,#487,#488,#489,#490,#491,#492,#493,#494)
    ,(#495,#496,#497,#498,#499,#500,#501,#502,#503,#504,#505,#506,#507
      ,#508,#509,#510,#511,#512,#513,#514,#515,#516,#517)
    ,(#518,#519,#520,#521,#522,#523,#524,#525,#526,#527,#528,#529,#530
      ,#531,#532,#533,#534,#535,#536,#537,#538,#539,#540)
    ,(#541,#542,#543,#544,#545,#546,#547,#548,#549,#550,#551,#552,#553
      ,#554,#555,#556,#557,#558,#559,#560,#561,#562,#563)
    ,(#564,#565,#566,#567,#568,#569,#570,#571,#572,#573,#574,#575,#576
      ,#577,#578,#579,#580,#581,#582,#583,#584,#585,#586)
    ,(#587,#588,#589,#590,#591,#592,#593,#594,#595,#596,#597,#598,#599
      ,#600,#601,#602,#603,#604,#605,#606,#607,#608,#609)
    ,(#610,#611,#612,#613,#614,#615,#616,#617,#618,#619,#620,#621,#622
      ,#623,#624,#625,#626,#627,#628,#629,#630,#631,#632)
    ,(#633,#634,#635,#636,#637,#638,#639,#640,#641,#642,#643,#644,#645
      ,#646,#647,#648,#649,#650,#651,#652,#653,#654,#655)
    ,(#656,#657,#658,#659,#660,#661,#662,#663,#664,#665,#666,#667,#668
      ,#669,#670,#671,#672,#673,#674,#675,#676,#677,#678)
    ,(#679,#680,#681,#682,#683,#684,#685,#686,#687,#688,#689,#690,#691
      ,#692,#693,#694,#695,#696,#697,#698,#699,#700,#701)
    ,(#702,#703,#704,#705,#706,#707,#708,#709,#710,#711,#712,#713,#714
      ,#715,#716,#717,#718,#719,#720,#721,#722,#723,#724)
    ,(#725,#726,#727,#728,#729,#730,#731,#732,#733,#734,#735,#736,#737
      ,#738,#739,#740,#741,#742,#743,#744,#745,#746,#747)
    ,(#748,#749,#750,#751,#752,#753,#754,#755,#756,#757,#758,#759,#760
      ,#761,#762,#763,#764,#765,#766,#767,#768,#769,#770)
    ,(#771,#772,#773,#774,#775,#776,#777,#778,#779,#780,#781,#782,#783
      ,#784,#785,#786,#787,#788,#789,#790,#791,#792,#793)
    ,(#794,#795,#796,#797,#798,#799,#800,#801,#802,#803,#804,#805,#806
      ,#807,#808,#809,#810,#811,#812,#813,#814,#815,#816)
    ,(#817,#818,#819,#820,#821,#822,#823,#824,#825,#826,#827,#828,#829
      ,#830,#831,#832,#833,#834,#835,#836,#837,#838,#839)
    ,(#840,#841,#842,#843,#844,#845,#846,#847,#848,#849,#850,#851,#852
      ,#853,#854,#855,#856,#857,#858,#859,#860,#861,#862)
    ,(#863,#864,#865,#866,#867,#868,#869,#870,#871,#872,#873,#874,#875
      ,#876,#877,#878,#879,#880,#881,#882,#883,#884,#885)
    ,(#886,#887,#888,#889,#890,#891,#892,#893,#894,#895,#896,#897,#898
      ,#899,#900,#901,#902,#903,#904,#905,#906,#907,#908)
    ,(#909,#910,#911,#912,#913,#914,#915,#916,#917,#918,#919,#920,#921
      ,#922,#923,#924,#925,#926,#927,#928,#929,#930,#931
  )),.UNSPECIFIED.,.F.,.F.,.F.,(9,7,7,9),(9,7,7,9),(-0.718447192325,
    -0.239482654031,0.239481884263,0.718446422556),(-0.317606225126,
    -6.361662647998E-02,0.190372972166,0.444362570813),.UNSPECIFIED.);
#403 = CARTESIAN_POINT('',(23.986077128459,-3.163176047003,
    23.281742997099));
#404 = CARTESIAN_POINT('',(23.988228658979,-3.13147000677,
    23.281730457758));
#405 = CARTESIAN_POINT('',(23.990317550607,-3.09976913029,
    23.281714471402));
#406 = CARTESIAN_POINT('',(23.992511351965,-3.068080824536,
    23.281689045157));
#407 = CARTESIAN_POINT('',(23.994629263527,-3.036396141416,
    23.281661488919));
#408 = CARTESIAN_POINT('',(23.996660733287,-3.004713656725,
    23.281632367555));
#409 = CARTESIAN_POINT('',(23.998836204519,-2.973041160709,
    23.281594817665));
#410 = CARTESIAN_POINT('',(24.001250015592,-2.941375160237,
    23.281553228837));
#411 = CARTESIAN_POINT('',(24.004820888164,-2.877941224955,
    23.281569350087));
#412 = CARTESIAN_POINT('',(24.006211198506,-2.846170511155,
    23.281638844273));
#413 = CARTESIAN_POINT('',(24.007326533607,-2.814401034254,
    23.281695739598));
#414 = CARTESIAN_POINT('',(24.008360167466,-2.782637358334,
    23.281739381521));
#415 = CARTESIAN_POINT('',(24.009424657929,-2.750872498896,
    23.281783535492));
#416 = CARTESIAN_POINT('',(24.010507143645,-2.719107188304,
    23.281827963373));
#417 = CARTESIAN_POINT('',(24.011533777487,-2.687349536288,
    23.281860534169));
#418 = CARTESIAN_POINT('',(24.013552815295,-2.623840634713,
    23.281919203979));
#419 = CARTESIAN_POINT('',(24.014542016178,-2.592090835293,
    23.281943665096));
#420 = CARTESIAN_POINT('',(24.015495759097,-2.560345485558,
    23.281964200794));
#421 = CARTESIAN_POINT('',(24.016398904124,-2.528604383826,
    23.281981759456));
#422 = CARTESIAN_POINT('',(24.017236311311,-2.496867328417,
    23.281997289448));
#423 = CARTESIAN_POINT('',(24.01799284073,-2.465134117648,
    23.282011739152));
#424 = CARTESIAN_POINT('',(24.018653352438,-2.433404549837,
    23.282026056938));
#425 = CARTESIAN_POINT('',(24.019202706501,-2.401678423304,
    23.282041191183));
#426 = CARTESIAN_POINT('',(23.988052233108,-3.163206009937,
    23.341629888112));
#427 = CARTESIAN_POINT('',(23.990020153358,-3.131495959579,
    23.341618433052));
#428 = CARTESIAN_POINT('',(23.99190635903,-3.099789779655,
    23.341604944271));
#429 = CARTESIAN_POINT('',(23.993941689229,-3.06810313898,
    23.341573138285));
#430 = CARTESIAN_POINT('',(23.99563156362,-3.036396771942,
    23.341565849228));
#431 = CARTESIAN_POINT('',(23.997780894311,-3.004739783334,
    23.341504501167));
#432 = CARTESIAN_POINT('',(23.999043834371,-2.973025726159,
    23.341500913203));
#433 = CARTESIAN_POINT('',(24.00129630464,-2.941377657443,
    23.341430380023));
#434 = CARTESIAN_POINT('',(24.003442279922,-2.877930889585,
    23.341421224863));
#435 = CARTESIAN_POINT('',(24.003872636755,-2.846126043508,
    23.341508842324));
#436 = CARTESIAN_POINT('',(24.005431664403,-2.814392466412,
    23.341529875412));
#437 = CARTESIAN_POINT('',(24.005317823484,-2.782604520231,
    23.34157021913));
#438 = CARTESIAN_POINT('',(24.007035815162,-2.750850284213,
    23.341620342432));
#439 = CARTESIAN_POINT('',(24.007654318907,-2.719081859853,
    23.341653348259));
#440 = CARTESIAN_POINT('',(24.008666164552,-2.687324413542,
    23.341684233542));
#441 = CARTESIAN_POINT('',(24.010537969098,-2.623814961116,
    23.34173674689));
#442 = CARTESIAN_POINT('',(24.011467538221,-2.592064818024,
    23.341758515213));
#443 = CARTESIAN_POINT('',(24.012372130139,-2.560319060486,
    23.341776716266));
#444 = CARTESIAN_POINT('',(24.013233100861,-2.528577490927,
    23.341792271167));
#445 = CARTESIAN_POINT('',(24.014031806282,-2.496839911787,
    23.341806100981));
#446 = CARTESIAN_POINT('',(24.014749602439,-2.465106125488,
    23.341819126838));
#447 = CARTESIAN_POINT('',(24.015367845241,-2.433375934466,
    23.341832269803));
#448 = CARTESIAN_POINT('',(24.01586789068,-2.40164914115,23.34184645099)
  );
#449 = CARTESIAN_POINT('',(23.990225007003,-3.163249557002,
    23.401505481783));
#450 = CARTESIAN_POINT('',(23.992042923287,-3.131536327593,
    23.401494882931));
#451 = CARTESIAN_POINT('',(23.992507659293,-3.099791052866,
    23.401493440877));
#452 = CARTESIAN_POINT('',(24.000820584017,-3.068282122994,
    23.401407109042));
#453 = CARTESIAN_POINT('',(23.987191523732,-3.036150560439,
    23.401526938437));
#454 = CARTESIAN_POINT('',(24.010006262067,-3.005063211355,
    23.401303922907));
#455 = CARTESIAN_POINT('',(23.993365470841,-2.972877298115,
    23.401412558574));
#456 = CARTESIAN_POINT('',(24.00261076176,-2.941383164821,
    23.401346401254));
#457 = CARTESIAN_POINT('',(24.001624266689,-2.877939837672,
    23.401233107706));
#458 = CARTESIAN_POINT('',(23.997086639483,-2.845868148635,
    23.40154460062));
#459 = CARTESIAN_POINT('',(24.014334915109,-2.814798920237,
    23.401121558504));
#460 = CARTESIAN_POINT('',(23.990985978734,-2.782213966052,
    23.401548355199));
#461 = CARTESIAN_POINT('',(24.011728521604,-2.751045675263,
    23.40137873138));
#462 = CARTESIAN_POINT('',(24.003293679651,-2.719022432512,
    23.401481553922));
#463 = CARTESIAN_POINT('',(24.006104041315,-2.687314693317,
    23.401498886483));
#464 = CARTESIAN_POINT('',(24.007837598519,-2.623803452646,
    23.401547743818));
#465 = CARTESIAN_POINT('',(24.008707949445,-2.592052259241,
    23.40156779581));
#466 = CARTESIAN_POINT('',(24.009553245531,-2.560305403762,
    23.401584712069));
#467 = CARTESIAN_POINT('',(24.010379528104,-2.528562773936,
    23.401598795291));
#468 = CARTESIAN_POINT('',(24.011140288441,-2.496824198494,
    23.401611735842));
#469 = CARTESIAN_POINT('',(24.011812747369,-2.465089369064,
    23.401623878278));
#470 = CARTESIAN_POINT('',(24.012387532545,-2.433358135851,
    23.401636446877));
#471 = CARTESIAN_POINT('',(24.01283493128,-2.401630222359,
    23.401650177335));
#472 = CARTESIAN_POINT('',(23.992379258855,-3.163304545306,
    23.461366369789));
#473 = CARTESIAN_POINT('',(23.994063648939,-3.131589388602,
    23.461355369159));
#474 = CARTESIAN_POINT('',(23.997981125935,-3.099938724847,
    23.461327931703));
#475 = CARTESIAN_POINT('',(23.987968660247,-3.067937581712,
    23.461372775447));
#476 = CARTESIAN_POINT('',(24.017036642218,-3.036955746436,
    23.461186326515));
#477 = CARTESIAN_POINT('',(23.980868137358,-3.004291342223,
    23.46137834601));
#478 = CARTESIAN_POINT('',(24.013775012694,-2.973425444377,
    23.461144951433));
#479 = CARTESIAN_POINT('',(24.00525105564,-2.94148266514,23.461167767653
    ));
#480 = CARTESIAN_POINT('',(24.001886788441,-2.877895024205,
    23.461193322409));
#481 = CARTESIAN_POINT('',(23.997500376628,-2.846408278511,
    23.46066736591));
#482 = CARTESIAN_POINT('',(23.994999400939,-2.813967308488,
    23.461570642298));
#483 = CARTESIAN_POINT('',(24.012315164245,-2.783043448262,
    23.460946638085));
#484 = CARTESIAN_POINT('',(23.995253053324,-2.750620052203,
    23.461337491562));
#485 = CARTESIAN_POINT('',(24.005476131172,-2.719146054017,
    23.461263424233));
#486 = CARTESIAN_POINT('',(24.004099158766,-2.687323975434,
    23.461307610432));
#487 = CARTESIAN_POINT('',(24.005614571342,-2.62380749976,
    23.461355384794));
#488 = CARTESIAN_POINT('',(24.006400285866,-2.592053833398,
    23.461375011379));
#489 = CARTESIAN_POINT('',(24.007146470118,-2.560304624093,
    23.461391668633));
#490 = CARTESIAN_POINT('',(24.007914811486,-2.528559970518,
    23.461404953978));
#491 = CARTESIAN_POINT('',(24.008635888073,-2.496819665143,
    23.461417556768));
#492 = CARTESIAN_POINT('',(24.009234884626,-2.465083129619,
    23.461429274361));
#493 = CARTESIAN_POINT('',(24.009759353251,-2.433350295384,
    23.461441680523));
#494 = CARTESIAN_POINT('',(24.010144260542,-2.401620739701,
    23.461455322812));
#495 = CARTESIAN_POINT('',(23.994338045794,-3.163366044906,
    23.521214179542));
#496 = CARTESIAN_POINT('',(23.995856649276,-3.131649016807,
    23.52120169792));
#497 = CARTESIAN_POINT('',(23.995101172411,-3.099886613074,
    23.521190134059));
#498 = CARTESIAN_POINT('',(24.007753613972,-3.06844151311,23.52114174288
    ));
#499 = CARTESIAN_POINT('',(23.983362060618,-3.036164781492,
    23.521164275437));
#500 = CARTESIAN_POINT('',(24.018540872145,-3.005240443424,23.5210564358
    ));
#501 = CARTESIAN_POINT('',(23.99468297484,-2.973007216081,
    23.521053254547));
#502 = CARTESIAN_POINT('',(23.99768555108,-2.941401612395,
    23.520938048268));
#503 = CARTESIAN_POINT('',(24.00238734021,-2.878051187138,
    23.520873480952));
#504 = CARTESIAN_POINT('',(24.011192360669,-2.846173947708,
    23.521336058485));
#505 = CARTESIAN_POINT('',(23.99780702565,-2.814664440031,
    23.520543762812));
#506 = CARTESIAN_POINT('',(24.000017610341,-2.782410773917,
    23.521346505539));
#507 = CARTESIAN_POINT('',(24.004131493728,-2.751036680353,
    23.520921691899));
#508 = CARTESIAN_POINT('',(24.001256500163,-2.719074640913,
    23.521120666287));
#509 = CARTESIAN_POINT('',(24.002709491335,-2.687348845887,
    23.521117633495));
#510 = CARTESIAN_POINT('',(24.00390175275,-2.623824677639,
    23.521164855343));
#511 = CARTESIAN_POINT('',(24.004566421152,-2.592067384599,
    23.521184588604));
#512 = CARTESIAN_POINT('',(24.005178266748,-2.560314878836,
    23.521201372372));
#513 = CARTESIAN_POINT('',(24.005878632437,-2.528567537922,
    23.521214109457));
#514 = CARTESIAN_POINT('',(24.006531307836,-2.496824790836,
    23.521226717493));
#515 = CARTESIAN_POINT('',(24.007049099624,-2.465085984164,
    23.52123824794));
#516 = CARTESIAN_POINT('',(24.007507517578,-2.433351041256,
    23.521250733569));
#517 = CARTESIAN_POINT('',(24.007818148315,-2.401619400523,
    23.521264412838));
#518 = CARTESIAN_POINT('',(23.995976978505,-3.163427926503,
    23.581053640271));
#519 = CARTESIAN_POINT('',(23.99727675248,-3.131708003644,
    23.581039484096));
#520 = CARTESIAN_POINT('',(23.999590914171,-3.100015605015,
    23.581021459659));
#521 = CARTESIAN_POINT('',(23.995192530292,-3.06819574699,
    23.580996234698));
#522 = CARTESIAN_POINT('',(24.008432985953,-3.036750935907,
    23.580961994815));
#523 = CARTESIAN_POINT('',(23.993856770226,-3.004731540189,
    23.580934330154));
#524 = CARTESIAN_POINT('',(24.003643121032,-2.973232178872,
    23.580876383298));
#525 = CARTESIAN_POINT('',(24.004109678738,-2.941503338377,
    23.580877917819));
#526 = CARTESIAN_POINT('',(24.000953650661,-2.877974520023,
    23.580832301205));
#527 = CARTESIAN_POINT('',(23.994620447998,-2.846233559624,
    23.58061549436));
#528 = CARTESIAN_POINT('',(24.005898702812,-2.814447451134,
    23.581028869389));
#529 = CARTESIAN_POINT('',(23.999653071351,-2.782766492345,
    23.580707072331));
#530 = CARTESIAN_POINT('',(24.001326277047,-2.750886088478,
    23.580944658505));
#531 = CARTESIAN_POINT('',(24.001675952655,-2.71916596675,
    23.580897092869));
#532 = CARTESIAN_POINT('',(24.001843454568,-2.687382114201,
    23.580936929446));
#533 = CARTESIAN_POINT('',(24.002660358664,-2.623850245484,
    23.580982124768));
#534 = CARTESIAN_POINT('',(24.003174881488,-2.592089045954,
    23.581001445073));
#535 = CARTESIAN_POINT('',(24.003635803316,-2.560333093897,
    23.581017934066));
#536 = CARTESIAN_POINT('',(24.004256729532,-2.528582813195,
    23.581029772468));
#537 = CARTESIAN_POINT('',(24.004820854185,-2.496837271362,
    23.581042286091));
#538 = CARTESIAN_POINT('',(24.005255922382,-2.465095889718,
    23.581053488325));
#539 = CARTESIAN_POINT('',(24.005635076791,-2.433358539455,
    23.581065974275));
#540 = CARTESIAN_POINT('',(24.005860702059,-2.401624546748,
    23.58107954564));
#541 = CARTESIAN_POINT('',(23.997237526367,-3.163484449118,
    23.640890649093));
#542 = CARTESIAN_POINT('',(23.998290365502,-3.131760452277,
    23.640875666646));
#543 = CARTESIAN_POINT('',(23.99898134323,-3.100035210575,23.64085684104
    ));
#544 = CARTESIAN_POINT('',(24.001028470174,-3.068347711394,
    23.640834646388));
#545 = CARTESIAN_POINT('',(23.99906927024,-3.036591285071,
    23.640798956171));
#546 = CARTESIAN_POINT('',(24.002599939126,-3.004949385526,
    23.640767845009));
#547 = CARTESIAN_POINT('',(24.001066426855,-2.973209464649,
    23.640727762276));
#548 = CARTESIAN_POINT('',(24.00063731255,-2.94148841477,23.640685032079
    ));
#549 = CARTESIAN_POINT('',(24.001342826666,-2.878036399942,
    23.640653133028));
#550 = CARTESIAN_POINT('',(24.002964206473,-2.846289957021,
    23.640701257742));
#551 = CARTESIAN_POINT('',(23.999341617264,-2.814511399519,
    23.640619488328));
#552 = CARTESIAN_POINT('',(24.001783374113,-2.782731726823,
    23.640737761968));
#553 = CARTESIAN_POINT('',(24.000799801133,-2.750971617982,
    23.640703937471));
#554 = CARTESIAN_POINT('',(24.001175301477,-2.719186794334,
    23.640752592538));
#555 = CARTESIAN_POINT('',(24.00132599404,-2.68741597067,23.640771345733
    ));
#556 = CARTESIAN_POINT('',(24.001816438008,-2.623878725966,
    23.640812241237));
#557 = CARTESIAN_POINT('',(24.002174321774,-2.59211434266,
    23.640829912277));
#558 = CARTESIAN_POINT('',(24.002488171501,-2.560355596062,
    23.640845089876));
#559 = CARTESIAN_POINT('',(24.00299133778,-2.528602419254,23.64085532955
    ));
#560 = CARTESIAN_POINT('',(24.003488371321,-2.496854256785,
    23.640866996324));
#561 = CARTESIAN_POINT('',(24.003826886116,-2.465110311042,
    23.640877321259));
#562 = CARTESIAN_POINT('',(24.004125493295,-2.433370544764,
    23.640889311649));
#563 = CARTESIAN_POINT('',(24.004257866844,-2.401634154877,
    23.640902392267));
#564 = CARTESIAN_POINT('',(23.998140322596,-3.163531847784,
    23.700730337096));
#565 = CARTESIAN_POINT('',(23.998964743818,-3.131803245809,
    23.700715971025));
#566 = CARTESIAN_POINT('',(23.999667867024,-3.100077406166,
    23.700699239058));
#567 = CARTESIAN_POINT('',(24.000241943141,-3.06835938718,23.70067755544
    ));
#568 = CARTESIAN_POINT('',(24.000665577125,-3.036648299855,
    23.700650667273));
#569 = CARTESIAN_POINT('',(24.00092633375,-3.004939927163,
    23.700620151418));
#570 = CARTESIAN_POINT('',(24.001035895715,-2.97322870857,
    23.700589218288));
#571 = CARTESIAN_POINT('',(24.001037774547,-2.941509089936,
    23.700562819974));
#572 = CARTESIAN_POINT('',(24.000977373084,-2.878043387388,
    23.700533310372));
#573 = CARTESIAN_POINT('',(24.000911953214,-2.84629566427,
    23.700531957614));
#574 = CARTESIAN_POINT('',(24.000853103764,-2.814536035128,
    23.700541574231));
#575 = CARTESIAN_POINT('',(24.000824126451,-2.782767775422,
    23.700558831536));
#576 = CARTESIAN_POINT('',(24.000835283681,-2.750994301255,
    23.700580100437));
#577 = CARTESIAN_POINT('',(24.000889246974,-2.719219000404,
    23.700602046496));
#578 = CARTESIAN_POINT('',(24.000986545503,-2.687445063312,
    23.700622225643));
#579 = CARTESIAN_POINT('',(24.001275483578,-2.623905564926,
    23.700657132936));
#580 = CARTESIAN_POINT('',(24.001498665655,-2.592139278489,
    23.700672013733));
#581 = CARTESIAN_POINT('',(24.001687211673,-2.560378658343,
    23.700684783905));
#582 = CARTESIAN_POINT('',(24.002019073301,-2.528622916068,
    23.700693091156));
#583 = CARTESIAN_POINT('',(24.00248007097,-2.49687261297,23.700702624108
    ));
#584 = CARTESIAN_POINT('',(24.002724679313,-2.4651263917,23.700711366426
    ));
#585 = CARTESIAN_POINT('',(24.00294421028,-2.433384451755,
    23.700722130381));
#586 = CARTESIAN_POINT('',(24.002977425347,-2.401645835987,
    23.700734196582));
#587 = CARTESIAN_POINT('',(23.999456616166,-3.163607994678,
    23.820419933735));
#588 = CARTESIAN_POINT('',(23.999866176881,-3.131869932531,
    23.820408674349));
#589 = CARTESIAN_POINT('',(24.000136696386,-3.100132623607,
    23.820397576128));
#590 = CARTESIAN_POINT('',(24.000323393479,-3.068402993542,
    23.820384066145));
#591 = CARTESIAN_POINT('',(24.000456670648,-3.036682186075,
    23.820367473592));
#592 = CARTESIAN_POINT('',(24.000545681573,-3.004966845634,
    23.820348892441));
#593 = CARTESIAN_POINT('',(24.000589345695,-2.973251034641,
    23.820330738035));
#594 = CARTESIAN_POINT('',(24.000594810717,-2.941528785491,
    23.820315998438));
#595 = CARTESIAN_POINT('',(24.000611913561,-2.878065788989,
    23.820298361076));
#596 = CARTESIAN_POINT('',(24.000620409762,-2.846323644658,
    23.820296925595));
#597 = CARTESIAN_POINT('',(24.000615934598,-2.814571419497,
    23.820300724339));
#598 = CARTESIAN_POINT('',(24.000598589251,-2.782810174804,
    23.820308581031));
#599 = CARTESIAN_POINT('',(24.000576043881,-2.751041636922,
    23.820319696475));
#600 = CARTESIAN_POINT('',(24.000558088925,-2.719268366212,
    23.820333053517));
#601 = CARTESIAN_POINT('',(24.000551186863,-2.687493926049,
    23.820346821303));
#602 = CARTESIAN_POINT('',(24.000554860184,-2.623952177562,
    23.820368699074));
#603 = CARTESIAN_POINT('',(24.000589147967,-2.592183533436,
    23.820378181245));
#604 = CARTESIAN_POINT('',(24.000608687605,-2.560419257291,
    23.820385282485));
#605 = CARTESIAN_POINT('',(24.00065343809,-2.528660479208,
    23.820392226762));
#606 = CARTESIAN_POINT('',(24.000804458967,-2.49690580013,
    23.820395359242));
#607 = CARTESIAN_POINT('',(24.001155096495,-2.46515594548,23.8204005748)
  );
#608 = CARTESIAN_POINT('',(24.001136233332,-2.433410239828,
    23.820408321805));
#609 = CARTESIAN_POINT('',(24.000960570369,-2.401667835475,
    23.820417353948));
#610 = CARTESIAN_POINT('',(23.999841911931,-3.163636321734,
    23.880274209787));
#611 = CARTESIAN_POINT('',(24.000058254585,-3.131893763277,
    23.88026688055));
#612 = CARTESIAN_POINT('',(24.000068642368,-3.100145639834,
    23.880260367091));
#613 = CARTESIAN_POINT('',(24.000181747384,-3.068412604009,
    23.880249090569));
#614 = CARTESIAN_POINT('',(24.000317373275,-3.036691647095,
    23.880236238052));
#615 = CARTESIAN_POINT('',(24.000369740752,-3.004974237239,
    23.880224828797));
#616 = CARTESIAN_POINT('',(24.000364479865,-2.973255435456,
    23.880214432435));
#617 = CARTESIAN_POINT('',(24.000409322796,-2.941533989501,
    23.880203539602));
#618 = CARTESIAN_POINT('',(24.000467684479,-2.878072821721,
    23.880191629515));
#619 = CARTESIAN_POINT('',(24.00050540715,-2.846332720824,
    23.880190545694));
#620 = CARTESIAN_POINT('',(24.000528500781,-2.814583255096,
    23.880192594436));
#621 = CARTESIAN_POINT('',(24.000530565112,-2.782824890679,
    23.880197159488));
#622 = CARTESIAN_POINT('',(24.000515486915,-2.751058758162,
    23.880204074648));
#623 = CARTESIAN_POINT('',(24.0004909581,-2.71928700309,23.880212949342)
  );
#624 = CARTESIAN_POINT('',(24.000461991607,-2.687513136431,
    23.880222496749));
#625 = CARTESIAN_POINT('',(24.000386887331,-2.623971633737,
    23.880237222321));
#626 = CARTESIAN_POINT('',(24.000453908654,-2.592202378072,
    23.880241312744));
#627 = CARTESIAN_POINT('',(24.000010675209,-2.560437629119,
    23.880255901464));
#628 = CARTESIAN_POINT('',(24.00072134635,-2.528676143026,
    23.880240006647));
#629 = CARTESIAN_POINT('',(23.999963864077,-2.496921891405,
    23.880259991017));
#630 = CARTESIAN_POINT('',(24.000403439272,-2.465170048127,
    23.88025741449));
#631 = CARTESIAN_POINT('',(24.000304713427,-2.433422822839,
    23.880261959743));
#632 = CARTESIAN_POINT('',(24.000118275787,-2.401678663925,
    23.880268593717));
#633 = CARTESIAN_POINT('',(24.000039153981,-3.163653774871,
    23.940134850732));
#634 = CARTESIAN_POINT('',(24.00017918866,-3.131905089448,
    23.940125504837));
#635 = CARTESIAN_POINT('',(24.000450086365,-3.100181190058,
    23.940120216949));
#636 = CARTESIAN_POINT('',(24.000222842743,-3.068434606427,
    23.940125426291));
#637 = CARTESIAN_POINT('',(23.999998152727,-3.036691028398,
    23.940126110154));
#638 = CARTESIAN_POINT('',(24.00013240635,-3.004971784869,
    23.940114887911));
#639 = CARTESIAN_POINT('',(24.000385009444,-2.973263695344,
    23.940100892109));
#640 = CARTESIAN_POINT('',(24.000287042391,-2.941536294121,
    23.940098402466));
#641 = CARTESIAN_POINT('',(24.000375444055,-2.878076560093,
    23.940092090828));
#642 = CARTESIAN_POINT('',(24.000429676177,-2.846337703029,
    23.940091411753));
#643 = CARTESIAN_POINT('',(24.000468312005,-2.814589893142,
    23.940092235248));
#644 = CARTESIAN_POINT('',(24.000482671328,-2.782833337706,
    23.940094295481));
#645 = CARTESIAN_POINT('',(24.000474977849,-2.751068862264,
    23.940097612628));
#646 = CARTESIAN_POINT('',(24.000452312437,-2.719298358673,
    23.940102074115));
#647 = CARTESIAN_POINT('',(24.00042057072,-2.687525233361,
    23.940107011408));
#648 = CARTESIAN_POINT('',(24.00033626212,-2.623984477441,23.94011455061
    ));
#649 = CARTESIAN_POINT('',(23.999779488887,-2.592216176882,
    23.940124966422));
#650 = CARTESIAN_POINT('',(24.001964394499,-2.560445986393,
    23.940093416261));
#651 = CARTESIAN_POINT('',(23.997914727309,-2.528694510827,
    23.94016783732));
#652 = CARTESIAN_POINT('',(24.000353086982,-2.496927138062,
    23.940097220631));
#653 = CARTESIAN_POINT('',(24.002000126231,-2.465177169499,
    23.940115796813));
#654 = CARTESIAN_POINT('',(24.001176463945,-2.433429509457,
    23.940121686282));
#655 = CARTESIAN_POINT('',(24.000289571367,-2.40168544248,
    23.940127057847));
#656 = CARTESIAN_POINT('',(24.000099244502,-3.163659695725,
    23.999998731266));
#657 = CARTESIAN_POINT('',(23.999948679613,-3.131909008501,
    23.999998763664));
#658 = CARTESIAN_POINT('',(23.999084135241,-3.100099185616,
    23.999999151928));
#659 = CARTESIAN_POINT('',(23.999644862484,-3.068382761658,
    23.999998852581));
#660 = CARTESIAN_POINT('',(24.000419858571,-3.036700966718,
    23.999998249068));
#661 = CARTESIAN_POINT('',(24.000355027718,-3.004986031663,
    23.999997803921));
#662 = CARTESIAN_POINT('',(23.999907103679,-2.973246673145,
    23.999997482463));
#663 = CARTESIAN_POINT('',(24.000244317608,-2.941536758316,
    23.999996955207));
#664 = CARTESIAN_POINT('',(24.000343339006,-2.878077540198,
    23.999996189336));
#665 = CARTESIAN_POINT('',(24.000402631422,-2.846339103095,
    23.999995880594));
#666 = CARTESIAN_POINT('',(24.000445834503,-2.814591849524,
    23.999995668268));
#667 = CARTESIAN_POINT('',(24.000463874658,-2.782835917072,
    23.999995571752));
#668 = CARTESIAN_POINT('',(24.000458715454,-2.751072042761,
    23.999995601978));
#669 = CARTESIAN_POINT('',(24.000437600398,-2.71930203683,
    23.999995751491));
#670 = CARTESIAN_POINT('',(24.00040729151,-2.687529256098,
    23.999995989864));
#671 = CARTESIAN_POINT('',(24.000329332748,-2.623988899279,
    23.999996518288));
#672 = CARTESIAN_POINT('',(24.00136803377,-2.592218478778,
    23.999996850439));
#673 = CARTESIAN_POINT('',(23.996379380822,-2.560459900007,
    23.999997756673));
#674 = CARTESIAN_POINT('',(24.006290902875,-2.528682739899,
    23.999993952211));
#675 = CARTESIAN_POINT('',(23.996607577861,-2.496948629903,
    24.00000520636));
#676 = CARTESIAN_POINT('',(23.998121133317,-2.465189376732,
    23.99999104659));
#677 = CARTESIAN_POINT('',(23.997533878432,-2.433440904435,
    23.999995594477));
#678 = CARTESIAN_POINT('',(23.998027217128,-2.401693170013,
    23.999996695215));
#679 = CARTESIAN_POINT('',(24.000039190557,-3.163653895101,
    24.059862713635));
#680 = CARTESIAN_POINT('',(24.000179134311,-3.1319049474,24.059872119009
    ));
#681 = CARTESIAN_POINT('',(24.000450428268,-3.100180931674,
    24.059877021922));
#682 = CARTESIAN_POINT('',(24.00022327181,-3.068434518911,
    24.059871600248));
#683 = CARTESIAN_POINT('',(23.999998461936,-3.036691004627,
    24.059870537107));
#684 = CARTESIAN_POINT('',(24.000132589971,-3.004971528959,
    24.059880944408));
#685 = CARTESIAN_POINT('',(24.0003850157,-2.9732631479,24.059893896191)
  );
#686 = CARTESIAN_POINT('',(24.000286631456,-2.941535755643,
    24.059895564418));
#687 = CARTESIAN_POINT('',(24.000374174753,-2.878075960504,
    24.05990036379));
#688 = CARTESIAN_POINT('',(24.000428174771,-2.846337111876,
    24.059900436096));
#689 = CARTESIAN_POINT('',(24.000466689891,-2.814589333388,
    24.059899200173));
#690 = CARTESIAN_POINT('',(24.00048107601,-2.782832825758,
    24.059896962735));
#691 = CARTESIAN_POINT('',(24.00047363033,-2.751068412319,
    24.059893723922));
#692 = CARTESIAN_POINT('',(24.000451462269,-2.719297981747,
    24.059889586508));
#693 = CARTESIAN_POINT('',(24.0004203663,-2.687524931223,24.059885160966
    ));
#694 = CARTESIAN_POINT('',(24.000337019032,-2.623984287197,
    24.059878787867));
#695 = CARTESIAN_POINT('',(23.999761758042,-2.592216101924,
    24.059868730155));
#696 = CARTESIAN_POINT('',(24.002034716978,-2.560445678351,
    24.059901790465));
#697 = CARTESIAN_POINT('',(23.997791643027,-2.528694635504,
    24.059829509378));
#698 = CARTESIAN_POINT('',(24.000360254439,-2.496927400785,
    24.05989154907));
#699 = CARTESIAN_POINT('',(24.00216121995,-2.465176336046,
    24.059889732069));
#700 = CARTESIAN_POINT('',(24.001229213018,-2.433429125475,
    24.059878006495));
#701 = CARTESIAN_POINT('',(24.000309053121,-2.401685154522,
    24.059871332298));
#702 = CARTESIAN_POINT('',(23.999842104088,-3.163636652969,
    24.119723647615));
#703 = CARTESIAN_POINT('',(24.000058207947,-3.131893860414,
    24.119730967064));
#704 = CARTESIAN_POINT('',(24.000068271563,-3.100145565498,
    24.11973743974));
#705 = CARTESIAN_POINT('',(24.000181766259,-3.068412280245,
    24.119748342449));
#706 = CARTESIAN_POINT('',(24.000317858379,-3.036691080473,
    24.119760521479));
#707 = CARTESIAN_POINT('',(24.000370159542,-3.004973502859,
    24.119771090475));
#708 = CARTESIAN_POINT('',(24.000364340318,-2.973254574391,
    24.119780587412));
#709 = CARTESIAN_POINT('',(24.000408601396,-2.941532974249,
    24.119790595141));
#710 = CARTESIAN_POINT('',(24.000465415495,-2.878071681861,
    24.119801047485));
#711 = CARTESIAN_POINT('',(24.000502599723,-2.846331596047,
    24.119801560377));
#712 = CARTESIAN_POINT('',(24.000525356376,-2.814582194291,
    24.119799145418));
#713 = CARTESIAN_POINT('',(24.000527402554,-2.782823928854,
    24.119794457399));
#714 = CARTESIAN_POINT('',(24.000512774505,-2.751057922909,
    24.119787683549));
#715 = CARTESIAN_POINT('',(24.000489224619,-2.719286313085,
    24.119779204819));
#716 = CARTESIAN_POINT('',(24.000461618516,-2.687512591757,
    24.119770259357));
#717 = CARTESIAN_POINT('',(24.000389046032,-2.623971307359,
    24.119756948555));
#718 = CARTESIAN_POINT('',(24.000461813759,-2.592202110535,
    24.119753710586));
#719 = CARTESIAN_POINT('',(24.000006226369,-2.560437510686,
    24.119740215039));
#720 = CARTESIAN_POINT('',(24.000723430252,-2.528675991885,
    24.119755757084));
#721 = CARTESIAN_POINT('',(24.000088847137,-2.496921666559,
    24.119739476835));
#722 = CARTESIAN_POINT('',(24.000295739138,-2.465170189204,
    24.119739736724));
#723 = CARTESIAN_POINT('',(24.000261632773,-2.433422714214,
    24.119736419072));
#724 = CARTESIAN_POINT('',(24.000073730693,-2.401678495913,
    24.119729887455));
#725 = CARTESIAN_POINT('',(23.999457201919,-3.163608718468,
    24.17957837053));
#726 = CARTESIAN_POINT('',(23.999866300311,-3.131870273283,
    24.179589587725));
#727 = CARTESIAN_POINT('',(24.000136270099,-3.100132641507,
    24.179600525113));
#728 = CARTESIAN_POINT('',(24.000323161313,-3.068402703746,
    24.179613634673));
#729 = CARTESIAN_POINT('',(24.000456958441,-3.036681585464,
    24.179629568055));
#730 = CARTESIAN_POINT('',(24.000546164481,-3.004965940254,
    24.179647296993));
#731 = CARTESIAN_POINT('',(24.000589394473,-2.973249860715,
    24.179664528107));
#732 = CARTESIAN_POINT('',(24.000593979808,-2.941527416871,
    24.179678410805));
#733 = CARTESIAN_POINT('',(24.000609184098,-2.878064227498,
    24.179694668168));
#734 = CARTESIAN_POINT('',(24.000616823332,-2.846322104183,
    24.179695599049));
#735 = CARTESIAN_POINT('',(24.000611792475,-2.81456998067,
    24.179691524892));
#736 = CARTESIAN_POINT('',(24.000594430882,-2.782808893905,
    24.179683652554));
#737 = CARTESIAN_POINT('',(24.000572590765,-2.751040551673,
    24.179672791372));
#738 = CARTESIAN_POINT('',(24.000556103932,-2.719267494872,
    24.17965994218));
#739 = CARTESIAN_POINT('',(24.000551248093,-2.687493259843,
    24.179646885569));
#740 = CARTESIAN_POINT('',(24.000559178907,-2.62395182147,
    24.179626656093));
#741 = CARTESIAN_POINT('',(24.000593992355,-2.592183297927,
    24.179618143213));
#742 = CARTESIAN_POINT('',(24.000619076812,-2.560419110397,
    24.17961210582));
#743 = CARTESIAN_POINT('',(24.000668420108,-2.528660415026,
    24.179605926115));
#744 = CARTESIAN_POINT('',(24.000821998489,-2.496905756812,
    24.179604056621));
#745 = CARTESIAN_POINT('',(24.001140489581,-2.465155863898,
    24.179599704756));
#746 = CARTESIAN_POINT('',(24.00110072879,-2.43341010718,24.179592132145
    ));
#747 = CARTESIAN_POINT('',(24.000905977342,-2.401667654102,
    24.17958302789));
#748 = CARTESIAN_POINT('',(23.99814240958,-3.163533901331,
    24.299269043952));
#749 = CARTESIAN_POINT('',(23.998966035379,-3.131804716278,
    24.299283305216));
#750 = CARTESIAN_POINT('',(23.999668091254,-3.10007831004,
    24.299299789011));
#751 = CARTESIAN_POINT('',(24.000241573573,-3.068359707207,
    24.299320985803));
#752 = CARTESIAN_POINT('',(24.000665357922,-3.036648027533,
    24.299347154714));
#753 = CARTESIAN_POINT('',(24.000926624293,-3.004939087157,
    24.29937678923));
#754 = CARTESIAN_POINT('',(24.001036272563,-2.973227372191,
    24.29940678854));
#755 = CARTESIAN_POINT('',(24.001037327461,-2.941507384804,
    24.299432335767));
#756 = CARTESIAN_POINT('',(24.000975340327,-2.878041338544,
    24.299460628019));
#757 = CARTESIAN_POINT('',(24.000909069983,-2.846293660613,
    24.299461636201));
#758 = CARTESIAN_POINT('',(24.000850166795,-2.814534237257,
    24.299451970595));
#759 = CARTESIAN_POINT('',(24.000822264156,-2.782766282345,
    24.299434960261));
#760 = CARTESIAN_POINT('',(24.000835518764,-2.750993151941,
    24.299414210893));
#761 = CARTESIAN_POINT('',(24.000892143625,-2.719218181988,
    24.299393015665));
#762 = CARTESIAN_POINT('',(24.000991942039,-2.687444526023,
    24.299373767089));
#763 = CARTESIAN_POINT('',(24.001283739397,-2.623905459696,
    24.29934096891));
#764 = CARTESIAN_POINT('',(24.001504808382,-2.592139326316,
    24.299327329994));
#765 = CARTESIAN_POINT('',(24.001696946172,-2.560378818078,
    24.299315619495));
#766 = CARTESIAN_POINT('',(24.002024510379,-2.528623107413,
    24.299308762756));
#767 = CARTESIAN_POINT('',(24.002457241252,-2.49687279633,24.29930018459
    ));
#768 = CARTESIAN_POINT('',(24.002684742194,-2.465126529144,
    24.299292239363));
#769 = CARTESIAN_POINT('',(24.00287106333,-2.433384491302,
    24.299281837222));
#770 = CARTESIAN_POINT('',(24.00287531975,-2.401645765455,
    24.299269806877));
#771 = CARTESIAN_POINT('',(23.997240383686,-3.163487334108,
    24.359109368561));
#772 = CARTESIAN_POINT('',(23.998292346531,-3.131762666359,
    24.359124220911));
#773 = CARTESIAN_POINT('',(23.998986809395,-3.100036845775,
    24.359142767898));
#774 = CARTESIAN_POINT('',(24.001009598911,-3.068348164049,
    24.359164419451));
#775 = CARTESIAN_POINT('',(23.999101843843,-3.036592038046,
    24.359199373452));
#776 = CARTESIAN_POINT('',(24.002565958069,-3.004948118174,
    24.359229595618));
#777 = CARTESIAN_POINT('',(24.00108022784,-2.973208374565,24.35926863311
    ));
#778 = CARTESIAN_POINT('',(24.000641783148,-2.941486762716,
    24.359310592294));
#779 = CARTESIAN_POINT('',(24.001355702672,-2.878034341567,
    24.359341018236));
#780 = CARTESIAN_POINT('',(24.002964313413,-2.846288186431,
    24.35929315642));
#781 = CARTESIAN_POINT('',(23.999284016862,-2.814508361954,
    24.359375225799));
#782 = CARTESIAN_POINT('',(24.001863783073,-2.782731796576,
    24.359256315851));
#783 = CARTESIAN_POINT('',(24.000752815732,-2.750969730969,
    24.359291958727));
#784 = CARTESIAN_POINT('',(24.001195438522,-2.719186399663,
    24.359243582034));
#785 = CARTESIAN_POINT('',(24.001334483222,-2.687415643899,
    24.359226010602));
#786 = CARTESIAN_POINT('',(24.001825136787,-2.623878862744,
    24.35918745253));
#787 = CARTESIAN_POINT('',(24.002177758004,-2.592114627152,
    24.359171111491));
#788 = CARTESIAN_POINT('',(24.002492683218,-2.560355980049,
    24.359157064333));
#789 = CARTESIAN_POINT('',(24.002979115595,-2.528602805092,
    24.359148356658));
#790 = CARTESIAN_POINT('',(24.003449690616,-2.496854609082,
    24.359137615549));
#791 = CARTESIAN_POINT('',(24.003766394779,-2.465110602047,
    24.359128114469));
#792 = CARTESIAN_POINT('',(24.004029995266,-2.43337071635,
    24.359116534505));
#793 = CARTESIAN_POINT('',(24.004129508632,-2.40163417997,
    24.359103542617));
#794 = CARTESIAN_POINT('',(23.995981350962,-3.163431799584,
    24.418947065343));
#795 = CARTESIAN_POINT('',(23.997280199695,-3.131711136076,
    24.418961078293));
#796 = CARTESIAN_POINT('',(23.999574278238,-3.100017566539,
    24.41897875944));
#797 = CARTESIAN_POINT('',(23.995270339397,-3.068198993664,
    24.419003639957));
#798 = CARTESIAN_POINT('',(24.008288343475,-3.036748516698,
    24.419036676512));
#799 = CARTESIAN_POINT('',(23.994006651272,-3.004734597928,
    24.419064012628));
#800 = CARTESIAN_POINT('',(24.003573806625,-2.973230072604,
    24.419120791254));
#801 = CARTESIAN_POINT('',(24.004091727873,-2.941501492966,
    24.419118208032));
#802 = CARTESIAN_POINT('',(24.000894226766,-2.877972184427,
    24.419164302039));
#803 = CARTESIAN_POINT('',(23.994600826451,-2.846229893049,
    24.419378436414));
#804 = CARTESIAN_POINT('',(24.006154496329,-2.814451550613,
    24.418964852083));
#805 = CARTESIAN_POINT('',(23.999309046313,-2.782759009761,
    24.419291810196));
#806 = CARTESIAN_POINT('',(24.00154942642,-2.750889234224,
    24.419049988383));
#807 = CARTESIAN_POINT('',(24.001627746173,-2.719164751341,
    24.419101180757));
#808 = CARTESIAN_POINT('',(24.00185423741,-2.687382194694,
    24.419061953373));
#809 = CARTESIAN_POINT('',(24.002665523684,-2.623850763533,
    24.419019274948));
#810 = CARTESIAN_POINT('',(24.003171222985,-2.592089674021,
    24.419001329115));
#811 = CARTESIAN_POINT('',(24.003627399293,-2.560333774781,
    24.418986035285));
#812 = CARTESIAN_POINT('',(24.004226299834,-2.528583452245,
    24.418975692926));
#813 = CARTESIAN_POINT('',(24.004762142935,-2.496837837557,
    24.418964145981));
#814 = CARTESIAN_POINT('',(24.005171018267,-2.465096359629,
    24.418953801273));
#815 = CARTESIAN_POINT('',(24.005512982356,-2.433358858458,
    24.418941789346));
#816 = CARTESIAN_POINT('',(24.005702261739,-2.401624674569,
    24.418928358304));
#817 = CARTESIAN_POINT('',(23.994343995911,-3.163370981148,
    24.478787190982));
#818 = CARTESIAN_POINT('',(23.995862067437,-3.131653166991,
    24.478799524347));
#819 = CARTESIAN_POINT('',(23.995143364665,-3.099890865814,
    24.478810935458));
#820 = CARTESIAN_POINT('',(24.007601924732,-3.068440222279,
    24.478858032518));
#821 = CARTESIAN_POINT('',(23.983655962381,-3.036173166131,
    24.478836378091));
#822 = CARTESIAN_POINT('',(24.018223022377,-3.005233639341,
    24.478941349998));
#823 = CARTESIAN_POINT('',(23.994851879525,-2.973010027409,
    24.478944557589));
#824 = CARTESIAN_POINT('',(23.997720846115,-2.941401134452,
    24.479058882383));
#825 = CARTESIAN_POINT('',(24.002509852631,-2.878049935153,
    24.479119329304));
#826 = CARTESIAN_POINT('',(24.01124278396,-2.846176824569,
    24.478663069305));
#827 = CARTESIAN_POINT('',(23.997324607208,-2.814650882033,
    24.479453177994));
#828 = CARTESIAN_POINT('',(24.000680208414,-2.782423907556,
    24.478647091672));
#829 = CARTESIAN_POINT('',(24.003731305,-2.751028726116,24.479079327102)
  );
#830 = CARTESIAN_POINT('',(24.001382659511,-2.719077078622,
    24.478877681442));
#831 = CARTESIAN_POINT('',(24.002719236342,-2.687349465126,
    24.478882829535));
#832 = CARTESIAN_POINT('',(24.003897960962,-2.623825640591,
    24.478838264253));
#833 = CARTESIAN_POINT('',(24.004550118793,-2.592068394868,
    24.478819924783));
#834 = CARTESIAN_POINT('',(24.005150076314,-2.56031587266,
    24.478804389417));
#835 = CARTESIAN_POINT('',(24.005826923586,-2.528568436964,
    24.478793080395));
#836 = CARTESIAN_POINT('',(24.006447010952,-2.49682556893,
    24.478781500255));
#837 = CARTESIAN_POINT('',(24.006935097249,-2.465086620002,
    24.478770858257));
#838 = CARTESIAN_POINT('',(24.007353730744,-2.433351486692,
    24.478758918718));
#839 = CARTESIAN_POINT('',(24.007624638392,-2.401619604225,
    24.478745431457));
#840 = CARTESIAN_POINT('',(23.992385210297,-3.163310501792,
    24.538635562893));
#841 = CARTESIAN_POINT('',(23.994069953063,-3.13159452959,
    24.538646408409));
#842 = CARTESIAN_POINT('',(23.997950692894,-3.099941989879,
    24.538673287246));
#843 = CARTESIAN_POINT('',(23.988129233509,-3.067945265116,
    24.538629190455));
#844 = CARTESIAN_POINT('',(24.016735981189,-3.036949672175,
    24.538811835259));
#845 = CARTESIAN_POINT('',(23.981214488956,-3.004302084415,
    24.538623255276));
#846 = CARTESIAN_POINT('',(24.013544409435,-2.973419716148,
    24.538852011132));
#847 = CARTESIAN_POINT('',(24.005221440487,-2.941480779866,
    24.538829079316));
#848 = CARTESIAN_POINT('',(24.001759066096,-2.877893171324,
    24.538806323187));
#849 = CARTESIAN_POINT('',(23.997396098067,-2.846400100721,
    24.539323882279));
#850 = CARTESIAN_POINT('',(23.995573649542,-2.813982207579,
    24.538426882095));
#851 = CARTESIAN_POINT('',(24.011624292533,-2.783028267626,
    24.539054801487));
#852 = CARTESIAN_POINT('',(23.995700925977,-2.750629381918,
    24.53865902958));
#853 = CARTESIAN_POINT('',(24.005369156548,-2.719144802173,
    24.538738073148));
#854 = CARTESIAN_POINT('',(24.004101778212,-2.687325121226,
    24.538694368066));
#855 = CARTESIAN_POINT('',(24.005595223097,-2.62380885693,
    24.538649376668));
#856 = CARTESIAN_POINT('',(24.00636464039,-2.592055170324,
    24.538631160311));
#857 = CARTESIAN_POINT('',(24.007092482445,-2.560305873843,
    24.538615808218));
#858 = CARTESIAN_POINT('',(24.007834245,-2.528561073904,24.538603892345)
  );
#859 = CARTESIAN_POINT('',(24.008520595761,-2.496820598443,
    24.538592374119));
#860 = CARTESIAN_POINT('',(24.009085391656,-2.465083873385,
    24.538581576533));
#861 = CARTESIAN_POINT('',(24.009567893653,-2.433350806338,
    24.538569779961));
#862 = CARTESIAN_POINT('',(24.009909710672,-2.401620957636,
    24.538556383382));
#863 = CARTESIAN_POINT('',(23.990227238828,-3.163256371703,
    24.598496847552));
#864 = CARTESIAN_POINT('',(23.992046338753,-3.131542290536,
    24.598507273288));
#865 = CARTESIAN_POINT('',(23.992540051261,-3.09979691559,
    24.598508575118));
#866 = CARTESIAN_POINT('',(24.000717161251,-3.068283164691,
    24.598593434433));
#867 = CARTESIAN_POINT('',(23.987407963992,-3.036159518279,
    24.598474972863));
#868 = CARTESIAN_POINT('',(24.009789902517,-3.00505910666,
    24.598694412665));
#869 = CARTESIAN_POINT('',(23.993521709107,-2.972882198212,
    24.598586925893));
#870 = CARTESIAN_POINT('',(24.002623146698,-2.941383584925,
    24.598651798559));
#871 = CARTESIAN_POINT('',(24.001685542551,-2.87793905875,
    24.598762753352));
#872 = CARTESIAN_POINT('',(23.997176554251,-2.845873151786,
    24.598457451193));
#873 = CARTESIAN_POINT('',(24.014098690933,-2.814790780208,
    24.598873012542));
#874 = CARTESIAN_POINT('',(23.991307524442,-2.782223165178,
    24.598452677199));
#875 = CARTESIAN_POINT('',(24.011538892942,-2.751042181279,
    24.598621562257));
#876 = CARTESIAN_POINT('',(24.003346724297,-2.71902498787,
    24.598520311233));
#877 = CARTESIAN_POINT('',(24.006091139331,-2.687316184417,
    24.598504449169));
#878 = CARTESIAN_POINT('',(24.00779486476,-2.623805044423,
    24.598458508646));
#879 = CARTESIAN_POINT('',(24.008645209723,-2.592053782643,
    24.598439898986));
#880 = CARTESIAN_POINT('',(24.009466840458,-2.560306788838,
    24.598424353358));
#881 = CARTESIAN_POINT('',(24.010261955477,-2.528563972443,
    24.598411607004));
#882 = CARTESIAN_POINT('',(24.010987550944,-2.496825183739,
    24.598399802133));
#883 = CARTESIAN_POINT('',(24.011620721278,-2.465090119211,
    24.598388613141));
#884 = CARTESIAN_POINT('',(24.01215160271,-2.433358610121,
    24.598376706475));
#885 = CARTESIAN_POINT('',(24.012552563428,-2.401630357228,
    24.598363279209));
#886 = CARTESIAN_POINT('',(23.988044824802,-3.163213435839,
    24.65837264881));
#887 = CARTESIAN_POINT('',(23.990013924745,-3.131502468903,
    24.658383898868));
#888 = CARTESIAN_POINT('',(23.991903712959,-3.099795412856,
    24.658397062103));
#889 = CARTESIAN_POINT('',(23.993933822388,-3.068107472346,
    24.658428152621));
#890 = CARTESIAN_POINT('',(23.995639519617,-3.036400601323,
    24.658435010087));
#891 = CARTESIAN_POINT('',(23.997772177223,-3.004741749742,
    24.65849509312));
#892 = CARTESIAN_POINT('',(23.999065263458,-2.973027603078,
    24.658498194896));
#893 = CARTESIAN_POINT('',(24.001295189338,-2.941377559261,
    24.658567392717));
#894 = CARTESIAN_POINT('',(24.003453008328,-2.877930109596,
    24.658575902551));
#895 = CARTESIAN_POINT('',(24.003901984361,-2.846126687877,
    24.65848954725));
#896 = CARTESIAN_POINT('',(24.005402885058,-2.81439254831,
    24.658469399748));
#897 = CARTESIAN_POINT('',(24.005340958347,-2.782605762868,
    24.658429631128));
#898 = CARTESIAN_POINT('',(24.007003651458,-2.750851276367,
    24.658381401484));
#899 = CARTESIAN_POINT('',(24.007636812726,-2.719083349436,
    24.658349561369));
#900 = CARTESIAN_POINT('',(24.008627745783,-2.687325943148,
    24.65832026087));
#901 = CARTESIAN_POINT('',(24.010462827793,-2.623816552664,
    24.658270809191));
#902 = CARTESIAN_POINT('',(24.011369034244,-2.592066329656,
    24.658250540462));
#903 = CARTESIAN_POINT('',(24.012245181522,-2.560320415449,
    24.658233777489));
#904 = CARTESIAN_POINT('',(24.013072696831,-2.528578636653,
    24.65821955992));
#905 = CARTESIAN_POINT('',(24.013833159102,-2.496840809918,
    24.658206918703));
#906 = CARTESIAN_POINT('',(24.014508299121,-2.46510674193,
    24.658194875684));
#907 = CARTESIAN_POINT('',(24.015079999403,-2.43337622942,
    24.658182444021));
#908 = CARTESIAN_POINT('',(24.015530294274,-2.401649059154,
    24.658168627857));
#909 = CARTESIAN_POINT('',(23.986052355781,-3.163183821511,
    24.718259596221));
#910 = CARTESIAN_POINT('',(23.988204160083,-3.13147678123,
    24.718271896748));
#911 = CARTESIAN_POINT('',(23.990295047173,-3.099774905618,
    24.718287506289));
#912 = CARTESIAN_POINT('',(23.992487458335,-3.068085405165,
    24.718312308005));
#913 = CARTESIAN_POINT('',(23.994607092462,-3.036399584316,
    24.718339130883));
#914 = CARTESIAN_POINT('',(23.996643885687,-3.004716048627,
    24.718367453511));
#915 = CARTESIAN_POINT('',(23.998819805703,-2.973042321278,
    24.718404062061));
#916 = CARTESIAN_POINT('',(24.001223460725,-2.941374868971,
    24.718444662456));
#917 = CARTESIAN_POINT('',(24.004799585554,-2.877940205408,
    24.718428231025));
#918 = CARTESIAN_POINT('',(24.006196000658,-2.846170263013,
    24.718359701772));
#919 = CARTESIAN_POINT('',(24.00730194924,-2.814401310633,
    24.718303945791));
#920 = CARTESIAN_POINT('',(24.00832181196,-2.782637918424,24.71826151911
    ));
#921 = CARTESIAN_POINT('',(24.009377500461,-2.750873365964,
    24.718218768077));
#922 = CARTESIAN_POINT('',(24.010451525664,-2.719108369974,
    24.718175921643));
#923 = CARTESIAN_POINT('',(24.011458803275,-2.687350799873,
    24.718144954887));
#924 = CARTESIAN_POINT('',(24.013435589677,-2.623841962446,
    24.718089492498));
#925 = CARTESIAN_POINT('',(24.014398275118,-2.592092103499,
    24.718066611639));
#926 = CARTESIAN_POINT('',(24.015320386523,-2.560346612323,
    24.718047584658));
#927 = CARTESIAN_POINT('',(24.016187057628,-2.528605296928,
    24.718031415108));
#928 = CARTESIAN_POINT('',(24.016983422156,-2.496867965319,
    24.718017106524));
#929 = CARTESIAN_POINT('',(24.017694613841,-2.465134425506,
    24.71800366246));
#930 = CARTESIAN_POINT('',(24.018305766409,-2.433404485494,
    24.717990086457));
#931 = CARTESIAN_POINT('',(24.018802013591,-2.401677953291,
    24.717975382062));
#932 = ADVANCED_FACE('',(#933),#999,.T.);
#933 = FACE_BOUND('',#934,.T.);
#934 = EDGE_LOOP('',(#935,#943,#944,#945,#953,#961,#969,#977,#985,#993)
  );
#935 = ORIENTED_EDGE('',*,*,#936,.T.);
#936 = EDGE_CURVE('',#937,#283,#939,.T.);
#937 = VERTEX_POINT('',#938);
#938 = CARTESIAN_POINT('',(24.,21.6,6.297717079701));
#939 = LINE('',#940,#941);
#940 = CARTESIAN_POINT('',(24.,22.,6.297717079701));
#941 = VECTOR('',#942,1.);
#942 = DIRECTION('',(0.,-1.,2.2E-16));
#943 = ORIENTED_EDGE('',*,*,#282,.T.);
#944 = ORIENTED_EDGE('',*,*,#65,.T.);
#945 = ORIENTED_EDGE('',*,*,#946,.T.);
#946 = EDGE_CURVE('',#57,#947,#949,.T.);
#947 = VERTEX_POINT('',#948);
#948 = CARTESIAN_POINT('',(24.,-3.13477631085,29.6));
#949 = LINE('',#950,#951);
#950 = CARTESIAN_POINT('',(24.,-3.13477631085,0.));
#951 = VECTOR('',#952,1.);
#952 = DIRECTION('',(0.,0.,1.));
#953 = ORIENTED_EDGE('',*,*,#954,.F.);
#954 = EDGE_CURVE('',#955,#947,#957,.T.);
#955 = VERTEX_POINT('',#956);
#956 = CARTESIAN_POINT('',(24.,-22.75,29.6));
#957 = LINE('',#958,#959);
#958 = CARTESIAN_POINT('',(24.,-22.75,29.6));
#959 = VECTOR('',#960,1.);
#960 = DIRECTION('',(0.,1.,0.));
#961 = ORIENTED_EDGE('',*,*,#962,.F.);
#962 = EDGE_CURVE('',#963,#955,#965,.T.);
#963 = VERTEX_POINT('',#964);
#964 = CARTESIAN_POINT('',(24.,-22.75,0.4));
#965 = LINE('',#966,#967);
#966 = CARTESIAN_POINT('',(24.,-22.75,0.));
#967 = VECTOR('',#968,1.);
#968 = DIRECTION('',(0.,0.,1.));
#969 = ORIENTED_EDGE('',*,*,#970,.T.);
#970 = EDGE_CURVE('',#963,#971,#973,.T.);
#971 = VERTEX_POINT('',#972);
#972 = CARTESIAN_POINT('',(24.,22.,0.4));
#973 = LINE('',#974,#975);
#974 = CARTESIAN_POINT('',(24.,-22.75,0.4));
#975 = VECTOR('',#976,1.);
#976 = DIRECTION('',(0.,1.,-2.2E-16));
#977 = ORIENTED_EDGE('',*,*,#978,.F.);
#978 = EDGE_CURVE('',#979,#971,#981,.T.);
#979 = VERTEX_POINT('',#980);
#980 = CARTESIAN_POINT('',(24.,22.,6.297717079701));
#981 = LINE('',#982,#983);
#982 = CARTESIAN_POINT('',(24.,22.,6.297717079701));
#983 = VECTOR('',#984,1.);
#984 = DIRECTION('',(0.,0.,-1.));
#985 = ORIENTED_EDGE('',*,*,#986,.T.);
#986 = EDGE_CURVE('',#979,#987,#989,.T.);
#987 = VERTEX_POINT('',#988);
#988 = CARTESIAN_POINT('',(24.,22.,6.786026915206));
#989 = LINE('',#990,#991);
#990 = CARTESIAN_POINT('',(24.,22.,13.707351847483));
#991 = VECTOR('',#992,1.);
#992 = DIRECTION('',(0.,0.,1.));
#993 = ORIENTED_EDGE('',*,*,#994,.F.);
#994 = EDGE_CURVE('',#937,#987,#995,.T.);
#995 = LINE('',#996,#997);
#996 = CARTESIAN_POINT('',(24.,17.595891443981,1.409603103873));
#997 = VECTOR('',#998,1.);
#998 = DIRECTION('',(0.,0.633687274225,0.773589321595));
#999 = PLANE('',#1000);
#1000 = AXIS2_PLACEMENT_3D('',#1001,#1002,#1003);
#1001 = CARTESIAN_POINT('',(24.,-4.313787281331,10.861212718669));
#1002 = DIRECTION('',(1.,0.,0.));
#1003 = DIRECTION('',(0.,0.,1.));
#1004 = ADVANCED_FACE('',(#1005),#1034,.F.);
#1005 = FACE_BOUND('',#1006,.F.);
#1006 = EDGE_LOOP('',(#1007,#1008,#1023,#1033));
#1007 = ORIENTED_EDGE('',*,*,#223,.T.);
#1008 = ORIENTED_EDGE('',*,*,#1009,.T.);
#1009 = EDGE_CURVE('',#199,#1010,#1012,.T.);
#1010 = VERTEX_POINT('',#1011);
#1011 = CARTESIAN_POINT('',(33.562443123805,11.,21.954489613313));
#1012 = B_SPLINE_CURVE_WITH_KNOTS('',9,(#1013,#1014,#1015,#1016,#1017,
    #1018,#1019,#1020,#1021,#1022),.UNSPECIFIED.,.F.,.F.,(10,10),(
    9.290322493602,20.18834726483),.PIECEWISE_BEZIER_KNOTS.);
#1013 = CARTESIAN_POINT('',(26.763942068882,4.312238322979,
    19.527859021824));
#1014 = CARTESIAN_POINT('',(27.614971578749,5.196313563777,
    19.102346656619));
#1015 = CARTESIAN_POINT('',(28.57035517369,6.150182147719,
    18.852275745048));
#1016 = CARTESIAN_POINT('',(29.576171590415,7.158655211507,
    18.817782734765));
#1017 = CARTESIAN_POINT('',(30.578575240714,8.149700553573,
    18.997807396285));
#1018 = CARTESIAN_POINT('',(31.533906268449,9.078214785654,
    19.404168199143));
#1019 = CARTESIAN_POINT('',(32.372800317806,9.884157665725,
    20.007511396943));
#1020 = CARTESIAN_POINT('',(33.068816164159,10.5398808153,
    20.787362998626));
#1021 = CARTESIAN_POINT('',(33.564494412286,11.002709317663,
    21.711883621099));
#1022 = CARTESIAN_POINT('',(33.831095136118,11.250625712057,
    22.711388427112));
#1023 = ORIENTED_EDGE('',*,*,#1024,.F.);
#1024 = EDGE_CURVE('',#100,#1010,#1025,.T.);
#1025 = B_SPLINE_CURVE_WITH_KNOTS('',6,(#1026,#1027,#1028,#1029,#1030,
    #1031,#1032),.UNSPECIFIED.,.F.,.F.,(7,7),(0.,1.),
  .PIECEWISE_BEZIER_KNOTS.);
#1026 = CARTESIAN_POINT('',(33.992640687119,11.,22.228564039252));
#1027 = CARTESIAN_POINT('',(33.922425015557,11.,22.176047510153));
#1028 = CARTESIAN_POINT('',(33.851618463427,11.,22.126665946206));
#1029 = CARTESIAN_POINT('',(33.780219261523,11.,22.080043084099));
#1030 = CARTESIAN_POINT('',(33.708225360778,11.,22.035929221596));
#1031 = CARTESIAN_POINT('',(33.635634618339,11.,21.994128062388));
#1032 = CARTESIAN_POINT('',(33.562444804771,11.,21.95448668719));
#1033 = ORIENTED_EDGE('',*,*,#99,.F.);
#1034 = B_SPLINE_SURFACE_WITH_KNOTS('',1,9,(
    (#1035,#1036,#1037,#1038,#1039,#1040,#1041,#1042,#1043,#1044)
    ,(#1045,#1046,#1047,#1048,#1049,#1050,#1051,#1052,#1053,#1054
  )),.UNSPECIFIED.,.F.,.F.,.F.,(2,2),(10,10),(0.,10.898024771228),(
    9.290322493602,20.18834726483),.PIECEWISE_BEZIER_KNOTS.);
#1035 = CARTESIAN_POINT('',(26.928932188135,3.936291501015,
    19.030107217569));
#1036 = CARTESIAN_POINT('',(27.854170207562,4.861529520443,
    18.631666577716));
#1037 = CARTESIAN_POINT('',(28.861980749072,5.869340061953,
    18.429744745025));
#1038 = CARTESIAN_POINT('',(29.905284293056,6.912643605935,
    18.454158475786));
#1039 = CARTESIAN_POINT('',(30.928862274325,7.936221587208,
    18.70264988239));
#1040 = CARTESIAN_POINT('',(31.884501264155,8.891860577034,
    19.173804220459));
#1041 = CARTESIAN_POINT('',(32.713813651941,9.721172964823,
    19.83835714204));
#1042 = CARTESIAN_POINT('',(33.389050016202,10.396409329082,
    20.669417421013));
#1043 = CARTESIAN_POINT('',(33.865859231732,10.873218544613,
    21.634981893534));
#1044 = CARTESIAN_POINT('',(34.12132034356,11.12867965644,
    22.669848000829));
#1045 = CARTESIAN_POINT('',(26.763942068882,4.312238322979,
    19.527859021824));
#1046 = CARTESIAN_POINT('',(27.614971578749,5.196313563777,
    19.102346656619));
#1047 = CARTESIAN_POINT('',(28.57035517369,6.150182147719,
    18.852275745048));
#1048 = CARTESIAN_POINT('',(29.576171590415,7.158655211507,
    18.817782734765));
#1049 = CARTESIAN_POINT('',(30.578575240714,8.149700553573,
    18.997807396285));
#1050 = CARTESIAN_POINT('',(31.533906268449,9.078214785654,
    19.404168199143));
#1051 = CARTESIAN_POINT('',(32.372800317806,9.884157665725,
    20.007511396943));
#1052 = CARTESIAN_POINT('',(33.068816164159,10.5398808153,
    20.787362998626));
#1053 = CARTESIAN_POINT('',(33.564494412286,11.002709317663,
    21.711883621099));
#1054 = CARTESIAN_POINT('',(33.831095136118,11.250625712057,
    22.711388427112));
#1055 = ADVANCED_FACE('',(#1056),#1073,.F.);
#1056 = FACE_BOUND('',#1057,.F.);
#1057 = EDGE_LOOP('',(#1058,#1065,#1071,#1072));
#1058 = ORIENTED_EDGE('',*,*,#1059,.F.);
#1059 = EDGE_CURVE('',#1060,#170,#1062,.T.);
#1060 = VERTEX_POINT('',#1061);
#1061 = CARTESIAN_POINT('',(34.039120813207,11.56355032778,
    13.327185150099));
#1062 = B_SPLINE_CURVE_WITH_KNOTS('',1,(#1063,#1064),.UNSPECIFIED.,.F.,
  .F.,(2,2),(0.,2.259285476806),.PIECEWISE_BEZIER_KNOTS.);
#1063 = CARTESIAN_POINT('',(34.039120813207,11.56355032778,
    13.327185150099));
#1064 = CARTESIAN_POINT('',(34.121347081533,11.128706394751,
    13.831104915878));
#1065 = ORIENTED_EDGE('',*,*,#1066,.T.);
#1066 = EDGE_CURVE('',#1060,#274,#1067,.T.);
#1067 = LINE('',#1068,#1069);
#1068 = CARTESIAN_POINT('',(33.913685853111,11.438115385078,
    13.239354645485));
#1069 = VECTOR('',#1070,1.);
#1070 = DIRECTION('',(-0.633687274225,-0.633687274225,-0.443712606279));
#1071 = ORIENTED_EDGE('',*,*,#273,.T.);
#1072 = ORIENTED_EDGE('',*,*,#177,.F.);
#1073 = PLANE('',#1074);
#1074 = AXIS2_PLACEMENT_3D('',#1075,#1076,#1077);
#1075 = CARTESIAN_POINT('',(33.954752659776,11.2206470822,13.49128209069
    ));
#1076 = DIRECTION('',(-0.763833970132,0.421737532424,0.488564345627));
#1077 = DIRECTION('',(-0.633687274225,-0.633687274225,-0.443712606279));
#1078 = ADVANCED_FACE('',(#1079,#1104),#1115,.F.);
#1079 = FACE_BOUND('',#1080,.F.);
#1080 = EDGE_LOOP('',(#1081,#1090,#1100,#1101,#1102,#1103));
#1081 = ORIENTED_EDGE('',*,*,#1082,.F.);
#1082 = EDGE_CURVE('',#1083,#1010,#1085,.T.);
#1083 = VERTEX_POINT('',#1084);
#1084 = CARTESIAN_POINT('',(33.562443123805,11.,26.045510386687));
#1085 = CIRCLE('',#1086,5.);
#1086 = AXIS2_PLACEMENT_3D('',#1087,#1088,#1089);
#1087 = CARTESIAN_POINT('',(29.,11.,24.));
#1088 = DIRECTION('',(0.,-1.,0.));
#1089 = DIRECTION('',(1.,0.,0.));
#1090 = ORIENTED_EDGE('',*,*,#1091,.F.);
#1091 = EDGE_CURVE('',#131,#1083,#1092,.T.);
#1092 = B_SPLINE_CURVE_WITH_KNOTS('',6,(#1093,#1094,#1095,#1096,#1097,
    #1098,#1099),.UNSPECIFIED.,.F.,.F.,(7,7),(0.,1.),
  .PIECEWISE_BEZIER_KNOTS.);
#1093 = CARTESIAN_POINT('',(33.992640687119,11.,25.771435960939));
#1094 = CARTESIAN_POINT('',(33.922425012618,11.,25.823952492241));
#1095 = CARTESIAN_POINT('',(33.851618459154,11.,25.873334056877));
#1096 = CARTESIAN_POINT('',(33.780219257153,11.,25.919956918797));
#1097 = CARTESIAN_POINT('',(33.708225357268,11.,25.964070780572));
#1098 = CARTESIAN_POINT('',(33.635634616443,11.,26.005871938734));
#1099 = CARTESIAN_POINT('',(33.562444805101,11.,26.045513312707));
#1100 = ORIENTED_EDGE('',*,*,#130,.F.);
#1101 = ORIENTED_EDGE('',*,*,#122,.T.);
#1102 = ORIENTED_EDGE('',*,*,#114,.T.);
#1103 = ORIENTED_EDGE('',*,*,#1024,.T.);
#1104 = FACE_BOUND('',#1105,.F.);
#1105 = EDGE_LOOP('',(#1106));
#1106 = ORIENTED_EDGE('',*,*,#1107,.F.);
#1107 = EDGE_CURVE('',#1108,#1108,#1110,.T.);
#1108 = VERTEX_POINT('',#1109);
#1109 = CARTESIAN_POINT('',(26.3,11.,24.));
#1110 = CIRCLE('',#1111,2.7);
#1111 = AXIS2_PLACEMENT_3D('',#1112,#1113,#1114);
#1112 = CARTESIAN_POINT('',(29.,11.,24.));
#1113 = DIRECTION('',(0.,1.,-2.2E-16));
#1114 = DIRECTION('',(-1.,0.,0.));
#1115 = PLANE('',#1116);
#1116 = AXIS2_PLACEMENT_3D('',#1117,#1118,#1119);
#1117 = CARTESIAN_POINT('',(29.,11.,24.));
#1118 = DIRECTION('',(-2.4E-16,1.,-4.1E-16));
#1119 = DIRECTION('',(0.,4.1E-16,1.));
#1120 = ADVANCED_FACE('',(#1121),#1151,.T.);
#1121 = FACE_BOUND('',#1122,.F.);
#1122 = EDGE_LOOP('',(#1123,#1133,#1143,#1144));
#1123 = ORIENTED_EDGE('',*,*,#1124,.F.);
#1124 = EDGE_CURVE('',#1125,#1127,#1129,.T.);
#1125 = VERTEX_POINT('',#1126);
#1126 = CARTESIAN_POINT('',(35.,13.25,14.4));
#1127 = VERTEX_POINT('',#1128);
#1128 = CARTESIAN_POINT('',(35.,13.25,29.6));
#1129 = LINE('',#1130,#1131);
#1130 = CARTESIAN_POINT('',(35.,13.25,0.));
#1131 = VECTOR('',#1132,1.);
#1132 = DIRECTION('',(0.,0.,1.));
#1133 = ORIENTED_EDGE('',*,*,#1134,.T.);
#1134 = EDGE_CURVE('',#1125,#170,#1135,.T.);
#1135 = B_SPLINE_CURVE_WITH_KNOTS('',6,(#1136,#1137,#1138,#1139,#1140,
    #1141,#1142),.UNSPECIFIED.,.F.,.F.,(7,7),(21.706250306652,
    23.965535783458),.PIECEWISE_BEZIER_KNOTS.);
#1136 = CARTESIAN_POINT('',(35.,13.25,14.4));
#1137 = CARTESIAN_POINT('',(35.,12.856709418773,14.4));
#1138 = CARTESIAN_POINT('',(34.938315636712,12.454901962676,
    14.364063819664));
#1139 = CARTESIAN_POINT('',(34.808661512173,12.063260865996,
    14.290155506646));
#1140 = CARTESIAN_POINT('',(34.620260255664,11.710098034909,
    14.17206729447));
#1141 = CARTESIAN_POINT('',(34.391108748963,11.398474862679,
    14.019946344581));
#1142 = CARTESIAN_POINT('',(34.121347081533,11.128706394751,
    13.831104915878));
#1143 = ORIENTED_EDGE('',*,*,#169,.T.);
#1144 = ORIENTED_EDGE('',*,*,#1145,.T.);
#1145 = EDGE_CURVE('',#162,#1127,#1146,.T.);
#1146 = CIRCLE('',#1147,3.);
#1147 = AXIS2_PLACEMENT_3D('',#1148,#1149,#1150);
#1148 = CARTESIAN_POINT('',(32.,13.25,29.6));
#1149 = DIRECTION('',(-0.,0.,1.));
#1150 = DIRECTION('',(0.707106781187,-0.707106781187,0.));
#1151 = CYLINDRICAL_SURFACE('',#1152,3.);
#1152 = AXIS2_PLACEMENT_3D('',#1153,#1154,#1155);
#1153 = CARTESIAN_POINT('',(32.,13.25,0.));
#1154 = DIRECTION('',(-0.,-0.,-1.));
#1155 = DIRECTION('',(1.,0.,0.));
#1156 = ADVANCED_FACE('',(#1157),#1182,.F.);
#1157 = FACE_BOUND('',#1158,.F.);
#1158 = EDGE_LOOP('',(#1159,#1167,#1175,#1181));
#1159 = ORIENTED_EDGE('',*,*,#1160,.F.);
#1160 = EDGE_CURVE('',#1161,#154,#1163,.T.);
#1161 = VERTEX_POINT('',#1162);
#1162 = CARTESIAN_POINT('',(26.64608947566,4.21913421349,30.));
#1163 = LINE('',#1164,#1165);
#1164 = CARTESIAN_POINT('',(26.928932188135,3.936291501015,29.6));
#1165 = VECTOR('',#1166,1.);
#1166 = DIRECTION('',(0.5,-0.5,-0.707106781187));
#1167 = ORIENTED_EDGE('',*,*,#1168,.T.);
#1168 = EDGE_CURVE('',#1161,#1169,#1171,.T.);
#1169 = VERTEX_POINT('',#1170);
#1170 = CARTESIAN_POINT('',(33.838477631085,11.411522368915,30.));
#1171 = LINE('',#1172,#1173);
#1172 = CARTESIAN_POINT('',(26.64608947566,4.21913421349,30.));
#1173 = VECTOR('',#1174,1.);
#1174 = DIRECTION('',(0.707106781187,0.707106781187,0.));
#1175 = ORIENTED_EDGE('',*,*,#1176,.T.);
#1176 = EDGE_CURVE('',#1169,#162,#1177,.T.);
#1177 = LINE('',#1178,#1179);
#1178 = CARTESIAN_POINT('',(33.979898987322,11.270101012678,29.8));
#1179 = VECTOR('',#1180,1.);
#1180 = DIRECTION('',(0.5,-0.5,-0.707106781187));
#1181 = ORIENTED_EDGE('',*,*,#161,.F.);
#1182 = PLANE('',#1183);
#1183 = AXIS2_PLACEMENT_3D('',#1184,#1185,#1186);
#1184 = CARTESIAN_POINT('',(26.787510831897,4.077712857253,29.8));
#1185 = DIRECTION('',(-0.5,0.5,-0.707106781187));
#1186 = DIRECTION('',(0.707106781187,0.707106781187,-5.551115123126E-17)
  );
#1187 = ADVANCED_FACE('',(#1188),#1223,.F.);
#1188 = FACE_BOUND('',#1189,.T.);
#1189 = EDGE_LOOP('',(#1190,#1191,#1198,#1199,#1200));
#1190 = ORIENTED_EDGE('',*,*,#153,.T.);
#1191 = ORIENTED_EDGE('',*,*,#1192,.F.);
#1192 = EDGE_CURVE('',#947,#154,#1193,.T.);
#1193 = CIRCLE('',#1194,10.);
#1194 = AXIS2_PLACEMENT_3D('',#1195,#1196,#1197);
#1195 = CARTESIAN_POINT('',(34.,-3.13477631085,29.6));
#1196 = DIRECTION('',(-0.,0.,-1.));
#1197 = DIRECTION('',(-1.,-3.1E-16,0.));
#1198 = ORIENTED_EDGE('',*,*,#946,.F.);
#1199 = ORIENTED_EDGE('',*,*,#396,.T.);
#1200 = ORIENTED_EDGE('',*,*,#1201,.F.);
#1201 = EDGE_CURVE('',#139,#388,#1202,.T.);
#1202 = B_SPLINE_CURVE_WITH_KNOTS('',7,(#1203,#1204,#1205,#1206,#1207,
    #1208,#1209,#1210,#1211,#1212,#1213,#1214,#1215,#1216,#1217,#1218,
    #1219,#1220,#1221,#1222),.UNSPECIFIED.,.F.,.F.,(8,6,6,8),(
    12.079255610044,12.192317835842,13.899430727237,21.072654966885),
  .UNSPECIFIED.);
#1203 = CARTESIAN_POINT('',(26.928932188135,3.936291501015,
    28.969892765997));
#1204 = CARTESIAN_POINT('',(26.91659460411,3.923953916991,
    28.964579762563));
#1205 = CARTESIAN_POINT('',(26.904297517385,3.911606598318,
    28.959230503957));
#1206 = CARTESIAN_POINT('',(26.892040955761,3.899249802115,
    28.953845085433));
#1207 = CARTESIAN_POINT('',(26.879824947045,3.886883785496,
    28.948423602255));
#1208 = CARTESIAN_POINT('',(26.867649519035,3.874508805578,
    28.942966149675));
#1209 = CARTESIAN_POINT('',(26.855514699536,3.862125119478,
    28.937472822956));
#1210 = CARTESIAN_POINT('',(26.660811905198,3.662625632186,
    28.84846041969));
#1211 = CARTESIAN_POINT('',(26.491639562771,3.477913576943,
    28.758902679914));
#1212 = CARTESIAN_POINT('',(26.327478439545,3.288357345953,
    28.665397952261));
#1213 = CARTESIAN_POINT('',(26.174721251072,3.100545725393,
    28.566549956143));
#1214 = CARTESIAN_POINT('',(26.028330795774,2.91049770784,
    28.464508684587));
#1215 = CARTESIAN_POINT('',(25.89037745476,2.720780555182,28.35911233857
    ));
#1216 = CARTESIAN_POINT('',(25.208612938499,1.729024679969,
    27.794462915144));
#1217 = CARTESIAN_POINT('',(24.780357934612,0.911545210977,
    27.281275256276));
#1218 = CARTESIAN_POINT('',(24.457456134638,9.232536056489E-02,
    26.739745273109));
#1219 = CARTESIAN_POINT('',(24.226306335596,-0.720198210488,
    26.185552466163));
#1220 = CARTESIAN_POINT('',(24.07601435454,-1.525229053651,
    25.625253622773));
#1221 = CARTESIAN_POINT('',(24.,-2.327952620374,25.06012052735));
#1222 = CARTESIAN_POINT('',(24.,-3.13477631085,24.489876220963));
#1223 = CYLINDRICAL_SURFACE('',#1224,10.);
#1224 = AXIS2_PLACEMENT_3D('',#1225,#1226,#1227);
#1225 = CARTESIAN_POINT('',(34.,-3.13477631085,0.));
#1226 = DIRECTION('',(-0.,-0.,-1.));
#1227 = DIRECTION('',(1.,0.,0.));
#1228 = ADVANCED_FACE('',(#1229),#1253,.F.);
#1229 = FACE_BOUND('',#1230,.F.);
#1230 = EDGE_LOOP('',(#1231,#1232,#1247,#1252));
#1231 = ORIENTED_EDGE('',*,*,#1091,.T.);
#1232 = ORIENTED_EDGE('',*,*,#1233,.T.);
#1233 = EDGE_CURVE('',#1083,#1234,#1236,.T.);
#1234 = VERTEX_POINT('',#1235);
#1235 = CARTESIAN_POINT('',(26.763941903802,4.312238221434,
    28.472140895637));
#1236 = B_SPLINE_CURVE_WITH_KNOTS('',9,(#1237,#1238,#1239,#1240,#1241,
    #1242,#1243,#1244,#1245,#1246),.UNSPECIFIED.,.F.,.F.,(10,10),(
    1.177783899581,12.079255610044),.PIECEWISE_BEZIER_KNOTS.);
#1237 = CARTESIAN_POINT('',(33.831095136118,11.250625712058,
    25.288611572888));
#1238 = CARTESIAN_POINT('',(33.564494412639,11.00270931799,
    26.288116377585));
#1239 = CARTESIAN_POINT('',(33.068816174906,10.539880815631,
    27.212636996428));
#1240 = CARTESIAN_POINT('',(32.372800272965,9.884157673175,
    27.992488616357));
#1241 = CARTESIAN_POINT('',(31.533906390832,9.078214776133,
    28.595831740823));
#1242 = CARTESIAN_POINT('',(30.578575069441,8.149700586028,
    29.002192738518));
#1243 = CARTESIAN_POINT('',(29.5761717447,7.158655180716,29.182217003589
    ));
#1244 = CARTESIAN_POINT('',(28.570355262833,6.150182195486,
    29.147724655088));
#1245 = CARTESIAN_POINT('',(27.614970876996,5.196313595195,
    28.897653031774));
#1246 = CARTESIAN_POINT('',(26.763941903802,4.312238221434,
    28.472140895637));
#1247 = ORIENTED_EDGE('',*,*,#1248,.F.);
#1248 = EDGE_CURVE('',#139,#1234,#1249,.T.);
#1249 = B_SPLINE_CURVE_WITH_KNOTS('',1,(#1250,#1251),.UNSPECIFIED.,.F.,
  .F.,(2,2),(0.,10.901471710463),.PIECEWISE_BEZIER_KNOTS.);
#1250 = CARTESIAN_POINT('',(26.928932188135,3.936291501015,
    28.969892765997));
#1251 = CARTESIAN_POINT('',(26.763941903802,4.312238221434,
    28.472140895637));
#1252 = ORIENTED_EDGE('',*,*,#138,.F.);
#1253 = B_SPLINE_SURFACE_WITH_KNOTS('',1,9,(
    (#1254,#1255,#1256,#1257,#1258,#1259,#1260,#1261,#1262,#1263)
    ,(#1264,#1265,#1266,#1267,#1268,#1269,#1270,#1271,#1272,#1273
  )),.UNSPECIFIED.,.F.,.F.,.F.,(2,2),(10,10),(0.,10.901471710463),(
    1.177783899581,12.079255610044),.PIECEWISE_BEZIER_KNOTS.);
#1254 = CARTESIAN_POINT('',(34.12132034356,11.12867965644,25.33015199917
    ));
#1255 = CARTESIAN_POINT('',(33.86585923207,10.87321854495,
    26.365018105104));
#1256 = CARTESIAN_POINT('',(33.389050018285,10.396409331168,
    27.330582579944));
#1257 = CARTESIAN_POINT('',(32.713813650898,9.721172963774,
    28.161642838444));
#1258 = CARTESIAN_POINT('',(31.884501275731,8.891860588618,
    28.826195811463));
#1259 = CARTESIAN_POINT('',(30.928862275758,7.936221588633,
    29.297350072133));
#1260 = CARTESIAN_POINT('',(29.905284285433,6.912643598318,
    29.545841539556));
#1261 = CARTESIAN_POINT('',(28.861980808268,5.869340121147,
    29.57025532336));
#1262 = CARTESIAN_POINT('',(27.854169749319,4.861529062201,
    29.368333038412));
#1263 = CARTESIAN_POINT('',(26.928932188135,3.936291501015,
    28.969892765997));
#1264 = CARTESIAN_POINT('',(33.831095136118,11.250625712058,
    25.288611572888));
#1265 = CARTESIAN_POINT('',(33.564494412639,11.00270931799,
    26.288116377585));
#1266 = CARTESIAN_POINT('',(33.068816174906,10.539880815631,
    27.212636996428));
#1267 = CARTESIAN_POINT('',(32.372800272965,9.884157673175,
    27.992488616357));
#1268 = CARTESIAN_POINT('',(31.533906390832,9.078214776133,
    28.595831740823));
#1269 = CARTESIAN_POINT('',(30.578575069441,8.149700586028,
    29.002192738518));
#1270 = CARTESIAN_POINT('',(29.5761717447,7.158655180716,29.182217003589
    ));
#1271 = CARTESIAN_POINT('',(28.570355262833,6.150182195486,
    29.147724655088));
#1272 = CARTESIAN_POINT('',(27.614970876996,5.196313595195,
    28.897653031774));
#1273 = CARTESIAN_POINT('',(26.763941903802,4.312238221434,
    28.472140895637));
#1274 = ADVANCED_FACE('',(#1275),#1304,.F.);
#1275 = FACE_BOUND('',#1276,.F.);
#1276 = EDGE_LOOP('',(#1277,#1278,#1279,#1280,#1303));
#1277 = ORIENTED_EDGE('',*,*,#1082,.T.);
#1278 = ORIENTED_EDGE('',*,*,#1009,.F.);
#1279 = ORIENTED_EDGE('',*,*,#198,.F.);
#1280 = ORIENTED_EDGE('',*,*,#1281,.F.);
#1281 = EDGE_CURVE('',#1234,#192,#1282,.T.);
#1282 = B_SPLINE_CURVE_WITH_KNOTS('',7,(#1283,#1284,#1285,#1286,#1287,
    #1288,#1289,#1290,#1291,#1292,#1293,#1294,#1295,#1296,#1297,#1298,
    #1299,#1300,#1301,#1302),.UNSPECIFIED.,.F.,.F.,(8,6,6,8),(
    12.079255610044,12.192317835842,13.899430727237,21.072654966885),
  .UNSPECIFIED.);
#1283 = CARTESIAN_POINT('',(26.763941903802,4.312238221434,
    28.472140895637));
#1284 = CARTESIAN_POINT('',(26.752593854496,4.300449514765,
    28.466466902326));
#1285 = CARTESIAN_POINT('',(26.741265040965,4.288673686437,
    28.460760530769));
#1286 = CARTESIAN_POINT('',(26.729955606581,4.276910772826,
    28.455021888131));
#1287 = CARTESIAN_POINT('',(26.718665694721,4.265160810313,
    28.449251081584));
#1288 = CARTESIAN_POINT('',(26.707395448754,4.253423835275,
    28.443448218289));
#1289 = CARTESIAN_POINT('',(26.696145012058,4.24169988409,
    28.437613405418));
#1290 = CARTESIAN_POINT('',(26.515346805699,4.053167665096,
    28.343166830625));
#1291 = CARTESIAN_POINT('',(26.338597408802,3.866526940595,
    28.241032031092));
#1292 = CARTESIAN_POINT('',(26.188353387471,3.684587752699,
    28.141918921072));
#1293 = CARTESIAN_POINT('',(26.033628586931,3.498567778847,
    28.033762636607));
#1294 = CARTESIAN_POINT('',(25.894029863674,3.312990537854,
    27.924637384996));
#1295 = CARTESIAN_POINT('',(25.759774045206,3.126707725768,
    27.811871926861));
#1296 = CARTESIAN_POINT('',(25.100025962018,2.152964694881,
    27.210897876772));
#1297 = CARTESIAN_POINT('',(24.689962259508,1.348079794721,
    26.673509402222));
#1298 = CARTESIAN_POINT('',(24.385627767172,0.538728552378,
    26.11329765537));
#1299 = CARTESIAN_POINT('',(24.173135158479,-0.266471296039,
    25.545537432462));
#1300 = CARTESIAN_POINT('',(24.041441355965,-1.066491479808,
    24.976324973198));
#1301 = CARTESIAN_POINT('',(23.984029573211,-1.86653903776,
    24.406755700987));
#1302 = CARTESIAN_POINT('',(24.00267022554,-2.673003964435,
    23.836613570647));
#1303 = ORIENTED_EDGE('',*,*,#1233,.F.);
#1304 = CYLINDRICAL_SURFACE('',#1305,5.);
#1305 = AXIS2_PLACEMENT_3D('',#1306,#1307,#1308);
#1306 = CARTESIAN_POINT('',(29.,-28.,24.));
#1307 = DIRECTION('',(0.,-1.,2.2E-16));
#1308 = DIRECTION('',(1.,0.,0.));
#1309 = ADVANCED_FACE('',(#1310),#1365,.T.);
#1310 = FACE_BOUND('',#1311,.T.);
#1311 = EDGE_LOOP('',(#1312,#1313,#1321,#1331,#1345,#1353,#1363,#1364));
#1312 = ORIENTED_EDGE('',*,*,#936,.F.);
#1313 = ORIENTED_EDGE('',*,*,#1314,.T.);
#1314 = EDGE_CURVE('',#937,#1315,#1317,.T.);
#1315 = VERTEX_POINT('',#1316);
#1316 = CARTESIAN_POINT('',(34.,21.6,13.299792461791));
#1317 = LINE('',#1318,#1319);
#1318 = CARTESIAN_POINT('',(24.,21.6,6.297717079701));
#1319 = VECTOR('',#1320,1.);
#1320 = DIRECTION('',(0.819152044289,1.3E-16,0.573576436351));
#1321 = ORIENTED_EDGE('',*,*,#1322,.T.);
#1322 = EDGE_CURVE('',#1315,#1323,#1325,.T.);
#1323 = VERTEX_POINT('',#1324);
#1324 = CARTESIAN_POINT('',(34.16407846649,21.581333462903,
    13.414681440885));
#1325 = B_SPLINE_CURVE_WITH_KNOTS('',4,(#1326,#1327,#1328,#1329,#1330),
  .UNSPECIFIED.,.F.,.F.,(5,5),(12.20774588761,12.46033008491),
  .PIECEWISE_BEZIER_KNOTS.);
#1326 = CARTESIAN_POINT('',(34.,21.6,13.299792461791));
#1327 = CARTESIAN_POINT('',(34.04150196353,21.6,13.328852449505));
#1328 = CARTESIAN_POINT('',(34.083005003433,21.596860809235,
    13.357913190904));
#1329 = CARTESIAN_POINT('',(34.124018568073,21.590582863215,
    13.386631198034));
#1330 = CARTESIAN_POINT('',(34.16407846649,21.581333462903,
    13.414681440885));
#1331 = ORIENTED_EDGE('',*,*,#1332,.T.);
#1332 = EDGE_CURVE('',#1323,#1333,#1335,.T.);
#1333 = VERTEX_POINT('',#1334);
#1334 = CARTESIAN_POINT('',(34.672339182284,21.,13.77056942546));
#1335 = B_SPLINE_CURVE_WITH_KNOTS('',8,(#1336,#1337,#1338,#1339,#1340,
    #1341,#1342,#1343,#1344),.UNSPECIFIED.,.F.,.F.,(9,9),(12.46033008491
    ,13.956250306652),.PIECEWISE_BEZIER_KNOTS.);
#1336 = CARTESIAN_POINT('',(34.16407846649,21.581333462903,
    13.414681440885));
#1337 = CARTESIAN_POINT('',(34.282705072515,21.553943853589,
    13.497744684656));
#1338 = CARTESIAN_POINT('',(34.394209192425,21.504218891,13.575820709958
    ));
#1339 = CARTESIAN_POINT('',(34.491486902757,21.434611242689,
    13.643935296032));
#1340 = CARTESIAN_POINT('',(34.569732172348,21.350615499834,
    13.698723223629));
#1341 = CARTESIAN_POINT('',(34.623029408913,21.259131327059,
    13.736042350438));
#1342 = CARTESIAN_POINT('',(34.655794058109,21.171950379012,
    13.758984404791));
#1343 = CARTESIAN_POINT('',(34.672339182284,21.085956093544,
    13.77056942546));
#1344 = CARTESIAN_POINT('',(34.672339182284,21.,13.77056942546));
#1345 = ORIENTED_EDGE('',*,*,#1346,.T.);
#1346 = EDGE_CURVE('',#1333,#1347,#1349,.T.);
#1347 = VERTEX_POINT('',#1348);
#1348 = CARTESIAN_POINT('',(34.672339182284,13.25,13.77056942546));
#1349 = LINE('',#1350,#1351);
#1350 = CARTESIAN_POINT('',(34.672339182284,21.,13.77056942546));
#1351 = VECTOR('',#1352,1.);
#1352 = DIRECTION('',(0.,-1.,2.2E-16));
#1353 = ORIENTED_EDGE('',*,*,#1354,.T.);
#1354 = EDGE_CURVE('',#1347,#1060,#1355,.T.);
#1355 = B_SPLINE_CURVE_WITH_KNOTS('',6,(#1356,#1357,#1358,#1359,#1360,
    #1361,#1362),.UNSPECIFIED.,.F.,.F.,(7,7),(21.706250306652,
    23.965535783458),.PIECEWISE_BEZIER_KNOTS.);
#1356 = CARTESIAN_POINT('',(34.672339182284,13.25,13.77056942546));
#1357 = CARTESIAN_POINT('',(34.672339182284,12.940012579146,
    13.77056942546));
#1358 = CARTESIAN_POINT('',(34.632044638536,12.622984183907,
    13.742354882178));
#1359 = CARTESIAN_POINT('',(34.547920598949,12.314195074229,
    13.683450595515));
#1360 = CARTESIAN_POINT('',(34.420561466544,12.029077457927,
    13.594272770945));
#1361 = CARTESIAN_POINT('',(34.251349415741,11.775891551288,
    13.475789217417));
#1362 = CARTESIAN_POINT('',(34.039120813207,11.56355032778,
    13.327185150099));
#1363 = ORIENTED_EDGE('',*,*,#1066,.T.);
#1364 = ORIENTED_EDGE('',*,*,#338,.T.);
#1365 = PLANE('',#1366);
#1366 = AXIS2_PLACEMENT_3D('',#1367,#1368,#1369);
#1367 = CARTESIAN_POINT('',(35.,22.,14.));
#1368 = DIRECTION('',(0.573576436351,-1.8E-16,-0.819152044289));
#1369 = DIRECTION('',(-0.819152044289,-1.3E-16,-0.573576436351));
#1370 = ADVANCED_FACE('',(#1371),#1377,.F.);
#1371 = FACE_BOUND('',#1372,.F.);
#1372 = EDGE_LOOP('',(#1373,#1374,#1375,#1376));
#1373 = ORIENTED_EDGE('',*,*,#1248,.T.);
#1374 = ORIENTED_EDGE('',*,*,#1281,.T.);
#1375 = ORIENTED_EDGE('',*,*,#387,.F.);
#1376 = ORIENTED_EDGE('',*,*,#1201,.F.);
#1377 = B_SPLINE_SURFACE_WITH_KNOTS('',1,7,(
    (#1378,#1379,#1380,#1381,#1382,#1383,#1384,#1385,#1386,#1387,#1388
      ,#1389,#1390,#1391,#1392,#1393,#1394,#1395,#1396,#1397)
    ,(#1398,#1399,#1400,#1401,#1402,#1403,#1404,#1405,#1406,#1407,#1408
      ,#1409,#1410,#1411,#1412,#1413,#1414,#1415,#1416,#1417
  )),.UNSPECIFIED.,.F.,.F.,.F.,(2,2),(8,6,6,8),(0.,8.993399356841),(
    12.079255610044,12.192317835842,13.899430727237,21.072654966885),
  .UNSPECIFIED.);
#1378 = CARTESIAN_POINT('',(26.928932188135,3.936291501015,
    28.969892765997));
#1379 = CARTESIAN_POINT('',(26.91659460411,3.923953916991,
    28.964579762563));
#1380 = CARTESIAN_POINT('',(26.904297517385,3.911606598318,
    28.959230503957));
#1381 = CARTESIAN_POINT('',(26.892040955761,3.899249802115,
    28.953845085433));
#1382 = CARTESIAN_POINT('',(26.879824947045,3.886883785496,
    28.948423602255));
#1383 = CARTESIAN_POINT('',(26.867649519035,3.874508805578,
    28.942966149675));
#1384 = CARTESIAN_POINT('',(26.855514699536,3.862125119478,
    28.937472822956));
#1385 = CARTESIAN_POINT('',(26.660811905198,3.662625632186,
    28.84846041969));
#1386 = CARTESIAN_POINT('',(26.491639562771,3.477913576943,
    28.758902679914));
#1387 = CARTESIAN_POINT('',(26.327478439545,3.288357345953,
    28.665397952261));
#1388 = CARTESIAN_POINT('',(26.174721251072,3.100545725393,
    28.566549956143));
#1389 = CARTESIAN_POINT('',(26.028330795774,2.91049770784,
    28.464508684587));
#1390 = CARTESIAN_POINT('',(25.89037745476,2.720780555182,28.35911233857
    ));
#1391 = CARTESIAN_POINT('',(25.208612938499,1.729024679969,
    27.794462915144));
#1392 = CARTESIAN_POINT('',(24.780357934612,0.911545210977,
    27.281275256276));
#1393 = CARTESIAN_POINT('',(24.457456134638,9.232536056489E-02,
    26.739745273109));
#1394 = CARTESIAN_POINT('',(24.226306335596,-0.720198210488,
    26.185552466163));
#1395 = CARTESIAN_POINT('',(24.07601435454,-1.525229053651,
    25.625253622773));
#1396 = CARTESIAN_POINT('',(24.,-2.327952620374,25.06012052735));
#1397 = CARTESIAN_POINT('',(24.,-3.13477631085,24.489876220963));
#1398 = CARTESIAN_POINT('',(26.763941903802,4.312238221434,
    28.472140895637));
#1399 = CARTESIAN_POINT('',(26.752593854496,4.300449514765,
    28.466466902326));
#1400 = CARTESIAN_POINT('',(26.741265040965,4.288673686437,
    28.460760530769));
#1401 = CARTESIAN_POINT('',(26.729955606581,4.276910772826,
    28.455021888131));
#1402 = CARTESIAN_POINT('',(26.718665694721,4.265160810313,
    28.449251081584));
#1403 = CARTESIAN_POINT('',(26.707395448754,4.253423835275,
    28.443448218289));
#1404 = CARTESIAN_POINT('',(26.696145012058,4.24169988409,
    28.437613405418));
#1405 = CARTESIAN_POINT('',(26.515346805699,4.053167665096,
    28.343166830625));
#1406 = CARTESIAN_POINT('',(26.338597408802,3.866526940595,
    28.241032031092));
#1407 = CARTESIAN_POINT('',(26.188353387471,3.684587752699,
    28.141918921072));
#1408 = CARTESIAN_POINT('',(26.033628586931,3.498567778847,
    28.033762636607));
#1409 = CARTESIAN_POINT('',(25.894029863674,3.312990537854,
    27.924637384996));
#1410 = CARTESIAN_POINT('',(25.759774045206,3.126707725768,
    27.811871926861));
#1411 = CARTESIAN_POINT('',(25.100025962018,2.152964694881,
    27.210897876772));
#1412 = CARTESIAN_POINT('',(24.689962259508,1.348079794721,
    26.673509402222));
#1413 = CARTESIAN_POINT('',(24.385627767172,0.538728552378,
    26.11329765537));
#1414 = CARTESIAN_POINT('',(24.173135158479,-0.266471296039,
    25.545537432462));
#1415 = CARTESIAN_POINT('',(24.041441355965,-1.066491479808,
    24.976324973198));
#1416 = CARTESIAN_POINT('',(23.984029573211,-1.86653903776,
    24.406755700987));
#1417 = CARTESIAN_POINT('',(24.00267022554,-2.673003964435,
    23.836613570647));
#1418 = ADVANCED_FACE('',(#1419),#1437,.T.);
#1419 = FACE_BOUND('',#1420,.F.);
#1420 = EDGE_LOOP('',(#1421,#1422,#1423,#1431));
#1421 = ORIENTED_EDGE('',*,*,#994,.F.);
#1422 = ORIENTED_EDGE('',*,*,#1314,.T.);
#1423 = ORIENTED_EDGE('',*,*,#1424,.T.);
#1424 = EDGE_CURVE('',#1315,#1425,#1427,.T.);
#1425 = VERTEX_POINT('',#1426);
#1426 = CARTESIAN_POINT('',(33.77056942546,22.,13.627453279507));
#1427 = LINE('',#1428,#1429);
#1428 = CARTESIAN_POINT('',(33.88528471273,21.8,13.463622870649));
#1429 = VECTOR('',#1430,1.);
#1430 = DIRECTION('',(-0.405579787672,0.707106781187,0.57922796534));
#1431 = ORIENTED_EDGE('',*,*,#1432,.F.);
#1432 = EDGE_CURVE('',#987,#1425,#1433,.T.);
#1433 = LINE('',#1434,#1435);
#1434 = CARTESIAN_POINT('',(23.77056942546,22.,6.625377897417));
#1435 = VECTOR('',#1436,1.);
#1436 = DIRECTION('',(0.819152044289,1.3E-16,0.573576436351));
#1437 = PLANE('',#1438);
#1438 = AXIS2_PLACEMENT_3D('',#1439,#1440,#1441);
#1439 = CARTESIAN_POINT('',(23.88528471273,21.8,6.461547488559));
#1440 = DIRECTION('',(0.405579787672,0.707106781187,-0.57922796534));
#1441 = DIRECTION('',(-0.819152044289,-5.551115123126E-17,
    -0.573576436351));
#1442 = ADVANCED_FACE('',(#1443,#1536),#1547,.T.);
#1443 = FACE_BOUND('',#1444,.T.);
#1444 = EDGE_LOOP('',(#1445,#1455,#1463,#1464,#1465,#1466,#1474,#1482,
    #1490,#1498,#1506,#1514,#1522,#1530));
#1445 = ORIENTED_EDGE('',*,*,#1446,.F.);
#1446 = EDGE_CURVE('',#1447,#1449,#1451,.T.);
#1447 = VERTEX_POINT('',#1448);
#1448 = CARTESIAN_POINT('',(34.,22.,13.787062569786));
#1449 = VERTEX_POINT('',#1450);
#1450 = CARTESIAN_POINT('',(34.,22.,29.6));
#1451 = LINE('',#1452,#1453);
#1452 = CARTESIAN_POINT('',(34.,22.,0.));
#1453 = VECTOR('',#1454,1.);
#1454 = DIRECTION('',(0.,0.,1.));
#1455 = ORIENTED_EDGE('',*,*,#1456,.F.);
#1456 = EDGE_CURVE('',#1425,#1447,#1457,.T.);
#1457 = B_SPLINE_CURVE_WITH_KNOTS('',4,(#1458,#1459,#1460,#1461,#1462),
  .UNSPECIFIED.,.F.,.F.,(5,5),(12.20774588761,12.46033008491),
  .PIECEWISE_BEZIER_KNOTS.);
#1458 = CARTESIAN_POINT('',(33.77056942546,22.,13.627453279507));
#1459 = CARTESIAN_POINT('',(33.827297408057,22.,13.667174640549));
#1460 = CARTESIAN_POINT('',(33.884033866973,22.,13.706895217039));
#1461 = CARTESIAN_POINT('',(33.941225196812,22.,13.74696298344));
#1462 = CARTESIAN_POINT('',(34.,22.,13.787062569786));
#1463 = ORIENTED_EDGE('',*,*,#1432,.F.);
#1464 = ORIENTED_EDGE('',*,*,#986,.F.);
#1465 = ORIENTED_EDGE('',*,*,#978,.T.);
#1466 = ORIENTED_EDGE('',*,*,#1467,.T.);
#1467 = EDGE_CURVE('',#971,#1468,#1470,.T.);
#1468 = VERTEX_POINT('',#1469);
#1469 = CARTESIAN_POINT('',(-15.58578643762,22.,0.4));
#1470 = LINE('',#1471,#1472);
#1471 = CARTESIAN_POINT('',(24.,22.,0.4));
#1472 = VECTOR('',#1473,1.);
#1473 = DIRECTION('',(-1.,-0.,-0.));
#1474 = ORIENTED_EDGE('',*,*,#1475,.T.);
#1475 = EDGE_CURVE('',#1468,#1476,#1478,.T.);
#1476 = VERTEX_POINT('',#1477);
#1477 = CARTESIAN_POINT('',(-15.58578643762,22.,20.95));
#1478 = LINE('',#1479,#1480);
#1479 = CARTESIAN_POINT('',(-15.58578643762,22.,0.));
#1480 = VECTOR('',#1481,1.);
#1481 = DIRECTION('',(0.,0.,1.));
#1482 = ORIENTED_EDGE('',*,*,#1483,.F.);
#1483 = EDGE_CURVE('',#1484,#1476,#1486,.T.);
#1484 = VERTEX_POINT('',#1485);
#1485 = CARTESIAN_POINT('',(16.,22.,20.95));
#1486 = LINE('',#1487,#1488);
#1487 = CARTESIAN_POINT('',(16.,22.,20.95));
#1488 = VECTOR('',#1489,1.);
#1489 = DIRECTION('',(-1.,0.,0.));
#1490 = ORIENTED_EDGE('',*,*,#1491,.F.);
#1491 = EDGE_CURVE('',#1492,#1484,#1494,.T.);
#1492 = VERTEX_POINT('',#1493);
#1493 = CARTESIAN_POINT('',(16.,22.,27.05));
#1494 = LINE('',#1495,#1496);
#1495 = CARTESIAN_POINT('',(16.,22.,27.05));
#1496 = VECTOR('',#1497,1.);
#1497 = DIRECTION('',(0.,0.,-1.));
#1498 = ORIENTED_EDGE('',*,*,#1499,.F.);
#1499 = EDGE_CURVE('',#1500,#1492,#1502,.T.);
#1500 = VERTEX_POINT('',#1501);
#1501 = CARTESIAN_POINT('',(-15.58578643762,22.,27.05));
#1502 = LINE('',#1503,#1504);
#1503 = CARTESIAN_POINT('',(-16.,22.,27.05));
#1504 = VECTOR('',#1505,1.);
#1505 = DIRECTION('',(1.,0.,0.));
#1506 = ORIENTED_EDGE('',*,*,#1507,.T.);
#1507 = EDGE_CURVE('',#1500,#1508,#1510,.T.);
#1508 = VERTEX_POINT('',#1509);
#1509 = CARTESIAN_POINT('',(-15.58578643762,22.,34.));
#1510 = LINE('',#1511,#1512);
#1511 = CARTESIAN_POINT('',(-15.58578643762,22.,27.05));
#1512 = VECTOR('',#1513,1.);
#1513 = DIRECTION('',(0.,0.,1.));
#1514 = ORIENTED_EDGE('',*,*,#1515,.T.);
#1515 = EDGE_CURVE('',#1508,#1516,#1518,.T.);
#1516 = VERTEX_POINT('',#1517);
#1517 = CARTESIAN_POINT('',(15.246621004453,22.,34.));
#1518 = LINE('',#1519,#1520);
#1519 = CARTESIAN_POINT('',(-16.,22.,34.));
#1520 = VECTOR('',#1521,1.);
#1521 = DIRECTION('',(1.,0.,0.));
#1522 = ORIENTED_EDGE('',*,*,#1523,.F.);
#1523 = EDGE_CURVE('',#1524,#1516,#1526,.T.);
#1524 = VERTEX_POINT('',#1525);
#1525 = CARTESIAN_POINT('',(15.246621004453,22.,29.6));
#1526 = LINE('',#1527,#1528);
#1527 = CARTESIAN_POINT('',(15.246621004453,22.,30.));
#1528 = VECTOR('',#1529,1.);
#1529 = DIRECTION('',(0.,0.,1.));
#1530 = ORIENTED_EDGE('',*,*,#1531,.F.);
#1531 = EDGE_CURVE('',#1449,#1524,#1532,.T.);
#1532 = LINE('',#1533,#1534);
#1533 = CARTESIAN_POINT('',(34.,22.,29.6));
#1534 = VECTOR('',#1535,1.);
#1535 = DIRECTION('',(-1.,-0.,-0.));
#1536 = FACE_BOUND('',#1537,.T.);
#1537 = EDGE_LOOP('',(#1538));
#1538 = ORIENTED_EDGE('',*,*,#1539,.F.);
#1539 = EDGE_CURVE('',#1540,#1540,#1542,.T.);
#1540 = VERTEX_POINT('',#1541);
#1541 = CARTESIAN_POINT('',(26.3,22.,24.));
#1542 = CIRCLE('',#1543,2.7);
#1543 = AXIS2_PLACEMENT_3D('',#1544,#1545,#1546);
#1544 = CARTESIAN_POINT('',(29.,22.,24.));
#1545 = DIRECTION('',(0.,1.,-0.));
#1546 = DIRECTION('',(-1.,0.,0.));
#1547 = PLANE('',#1548);
#1548 = AXIS2_PLACEMENT_3D('',#1549,#1550,#1551);
#1549 = CARTESIAN_POINT('',(8.553490976297,22.,16.553490976297));
#1550 = DIRECTION('',(0.,1.,0.));
#1551 = DIRECTION('',(0.,0.,1.));
#1552 = ADVANCED_FACE('',(#1553),#1578,.F.);
#1553 = FACE_BOUND('',#1554,.T.);
#1554 = EDGE_LOOP('',(#1555,#1563,#1571,#1577));
#1555 = ORIENTED_EDGE('',*,*,#1556,.F.);
#1556 = EDGE_CURVE('',#1557,#963,#1559,.T.);
#1557 = VERTEX_POINT('',#1558);
#1558 = CARTESIAN_POINT('',(23.6,-22.75,-1.E-15));
#1559 = LINE('',#1560,#1561);
#1560 = CARTESIAN_POINT('',(24.,-22.75,0.4));
#1561 = VECTOR('',#1562,1.);
#1562 = DIRECTION('',(0.707106781187,0.,0.707106781187));
#1563 = ORIENTED_EDGE('',*,*,#1564,.T.);
#1564 = EDGE_CURVE('',#1557,#1565,#1567,.T.);
#1565 = VERTEX_POINT('',#1566);
#1566 = CARTESIAN_POINT('',(23.6,21.6,-5.E-15));
#1567 = LINE('',#1568,#1569);
#1568 = CARTESIAN_POINT('',(23.6,-22.75,0.));
#1569 = VECTOR('',#1570,1.);
#1570 = DIRECTION('',(0.,1.,-2.2E-16));
#1571 = ORIENTED_EDGE('',*,*,#1572,.T.);
#1572 = EDGE_CURVE('',#1565,#971,#1573,.T.);
#1573 = LINE('',#1574,#1575);
#1574 = CARTESIAN_POINT('',(16.408333333333,14.408333333333,
    -7.191666666667));
#1575 = VECTOR('',#1576,1.);
#1576 = DIRECTION('',(0.57735026919,0.57735026919,0.57735026919));
#1577 = ORIENTED_EDGE('',*,*,#970,.F.);
#1578 = PLANE('',#1579);
#1579 = AXIS2_PLACEMENT_3D('',#1580,#1581,#1582);
#1580 = CARTESIAN_POINT('',(23.8,-22.75,0.2));
#1581 = DIRECTION('',(-0.707106781187,1.E-17,0.707106781187));
#1582 = DIRECTION('',(1.079289321881E-16,-1.,1.220710678119E-16));
#1583 = ADVANCED_FACE('',(#1584),#1609,.T.);
#1584 = FACE_BOUND('',#1585,.F.);
#1585 = EDGE_LOOP('',(#1586,#1594,#1602,#1608));
#1586 = ORIENTED_EDGE('',*,*,#1587,.F.);
#1587 = EDGE_CURVE('',#1588,#955,#1590,.T.);
#1588 = VERTEX_POINT('',#1589);
#1589 = CARTESIAN_POINT('',(23.6,-22.75,30.));
#1590 = LINE('',#1591,#1592);
#1591 = CARTESIAN_POINT('',(24.,-22.75,29.6));
#1592 = VECTOR('',#1593,1.);
#1593 = DIRECTION('',(0.707106781187,0.,-0.707106781187));
#1594 = ORIENTED_EDGE('',*,*,#1595,.T.);
#1595 = EDGE_CURVE('',#1588,#1596,#1598,.T.);
#1596 = VERTEX_POINT('',#1597);
#1597 = CARTESIAN_POINT('',(23.6,-3.13477631085,30.));
#1598 = LINE('',#1599,#1600);
#1599 = CARTESIAN_POINT('',(23.6,-22.75,30.));
#1600 = VECTOR('',#1601,1.);
#1601 = DIRECTION('',(0.,1.,0.));
#1602 = ORIENTED_EDGE('',*,*,#1603,.T.);
#1603 = EDGE_CURVE('',#1596,#947,#1604,.T.);
#1604 = LINE('',#1605,#1606);
#1605 = CARTESIAN_POINT('',(23.8,-3.13477631085,29.8));
#1606 = VECTOR('',#1607,1.);
#1607 = DIRECTION('',(0.707106781187,0.,-0.707106781187));
#1608 = ORIENTED_EDGE('',*,*,#954,.F.);
#1609 = PLANE('',#1610);
#1610 = AXIS2_PLACEMENT_3D('',#1611,#1612,#1613);
#1611 = CARTESIAN_POINT('',(23.8,-22.75,29.8));
#1612 = DIRECTION('',(0.707106781187,0.,0.707106781187));
#1613 = DIRECTION('',(0.,-1.,0.));
#1614 = ADVANCED_FACE('',(#1615),#1642,.T.);
#1615 = FACE_BOUND('',#1616,.F.);
#1616 = EDGE_LOOP('',(#1617,#1627,#1634,#1635));
#1617 = ORIENTED_EDGE('',*,*,#1618,.T.);
#1618 = EDGE_CURVE('',#1619,#1621,#1623,.T.);
#1619 = VERTEX_POINT('',#1620);
#1620 = CARTESIAN_POINT('',(23.12132034356,-24.87132034356,0.4));
#1621 = VERTEX_POINT('',#1622);
#1622 = CARTESIAN_POINT('',(23.12132034356,-24.87132034356,29.6));
#1623 = LINE('',#1624,#1625);
#1624 = CARTESIAN_POINT('',(23.12132034356,-24.87132034356,0.));
#1625 = VECTOR('',#1626,1.);
#1626 = DIRECTION('',(0.,0.,1.));
#1627 = ORIENTED_EDGE('',*,*,#1628,.T.);
#1628 = EDGE_CURVE('',#1621,#955,#1629,.T.);
#1629 = CIRCLE('',#1630,3.);
#1630 = AXIS2_PLACEMENT_3D('',#1631,#1632,#1633);
#1631 = CARTESIAN_POINT('',(21.,-22.75,29.6));
#1632 = DIRECTION('',(-0.,0.,1.));
#1633 = DIRECTION('',(0.707106781187,-0.707106781187,0.));
#1634 = ORIENTED_EDGE('',*,*,#962,.F.);
#1635 = ORIENTED_EDGE('',*,*,#1636,.F.);
#1636 = EDGE_CURVE('',#1619,#963,#1637,.T.);
#1637 = CIRCLE('',#1638,3.);
#1638 = AXIS2_PLACEMENT_3D('',#1639,#1640,#1641);
#1639 = CARTESIAN_POINT('',(21.,-22.75,0.4));
#1640 = DIRECTION('',(-0.,0.,1.));
#1641 = DIRECTION('',(0.707106781187,-0.707106781187,0.));
#1642 = CYLINDRICAL_SURFACE('',#1643,3.);
#1643 = AXIS2_PLACEMENT_3D('',#1644,#1645,#1646);
#1644 = CARTESIAN_POINT('',(21.,-22.75,0.));
#1645 = DIRECTION('',(-0.,-0.,-1.));
#1646 = DIRECTION('',(1.,0.,0.));
#1647 = ADVANCED_FACE('',(#1648),#1659,.T.);
#1648 = FACE_BOUND('',#1649,.T.);
#1649 = EDGE_LOOP('',(#1650,#1656,#1657,#1658));
#1650 = ORIENTED_EDGE('',*,*,#1651,.T.);
#1651 = EDGE_CURVE('',#1347,#1125,#1652,.T.);
#1652 = LINE('',#1653,#1654);
#1653 = CARTESIAN_POINT('',(34.836169591142,13.25,14.08528471273));
#1654 = VECTOR('',#1655,1.);
#1655 = DIRECTION('',(0.461748613235,2.E-16,0.887010833178));
#1656 = ORIENTED_EDGE('',*,*,#1134,.T.);
#1657 = ORIENTED_EDGE('',*,*,#1059,.F.);
#1658 = ORIENTED_EDGE('',*,*,#1354,.F.);
#1659 = B_SPLINE_SURFACE_WITH_KNOTS('',1,6,(
    (#1660,#1661,#1662,#1663,#1664,#1665,#1666)
    ,(#1667,#1668,#1669,#1670,#1671,#1672,#1673
  )),.UNSPECIFIED.,.F.,.F.,.F.,(2,2),(7,7),(0.,2.259285476806),(
    21.706250306652,23.965535783458),.PIECEWISE_BEZIER_KNOTS.);
#1660 = CARTESIAN_POINT('',(34.672339182284,13.25,13.77056942546));
#1661 = CARTESIAN_POINT('',(34.672339182284,12.940012579146,
    13.77056942546));
#1662 = CARTESIAN_POINT('',(34.632044638536,12.622984183907,
    13.742354882178));
#1663 = CARTESIAN_POINT('',(34.547920598949,12.314195074229,
    13.683450595515));
#1664 = CARTESIAN_POINT('',(34.420561466544,12.029077457927,
    13.594272770945));
#1665 = CARTESIAN_POINT('',(34.251349415741,11.775891551288,
    13.475789217417));
#1666 = CARTESIAN_POINT('',(34.039120813207,11.56355032778,
    13.327185150099));
#1667 = CARTESIAN_POINT('',(35.,13.25,14.4));
#1668 = CARTESIAN_POINT('',(35.,12.856709418773,14.4));
#1669 = CARTESIAN_POINT('',(34.938315636712,12.454901962676,
    14.364063819664));
#1670 = CARTESIAN_POINT('',(34.808661512173,12.063260865996,
    14.290155506646));
#1671 = CARTESIAN_POINT('',(34.620260255664,11.710098034909,
    14.17206729447));
#1672 = CARTESIAN_POINT('',(34.391108748963,11.398474862679,
    14.019946344581));
#1673 = CARTESIAN_POINT('',(34.121347081533,11.128706394751,
    13.831104915878));
#1674 = ADVANCED_FACE('',(#1675),#1686,.F.);
#1675 = FACE_BOUND('',#1676,.F.);
#1676 = EDGE_LOOP('',(#1677,#1683,#1684,#1685));
#1677 = ORIENTED_EDGE('',*,*,#1678,.F.);
#1678 = EDGE_CURVE('',#1540,#1108,#1679,.T.);
#1679 = LINE('',#1680,#1681);
#1680 = CARTESIAN_POINT('',(26.3,22.,24.));
#1681 = VECTOR('',#1682,1.);
#1682 = DIRECTION('',(0.,-1.,2.2E-16));
#1683 = ORIENTED_EDGE('',*,*,#1539,.F.);
#1684 = ORIENTED_EDGE('',*,*,#1678,.T.);
#1685 = ORIENTED_EDGE('',*,*,#1107,.T.);
#1686 = CYLINDRICAL_SURFACE('',#1687,2.7);
#1687 = AXIS2_PLACEMENT_3D('',#1688,#1689,#1690);
#1688 = CARTESIAN_POINT('',(29.,22.,24.));
#1689 = DIRECTION('',(0.,1.,-2.2E-16));
#1690 = DIRECTION('',(-1.,0.,0.));
#1691 = ADVANCED_FACE('',(#1692),#1717,.F.);
#1692 = FACE_BOUND('',#1693,.F.);
#1693 = EDGE_LOOP('',(#1694,#1704,#1710,#1711));
#1694 = ORIENTED_EDGE('',*,*,#1695,.F.);
#1695 = EDGE_CURVE('',#1696,#1698,#1700,.T.);
#1696 = VERTEX_POINT('',#1697);
#1697 = CARTESIAN_POINT('',(35.,21.,14.4));
#1698 = VERTEX_POINT('',#1699);
#1699 = CARTESIAN_POINT('',(35.,21.,29.6));
#1700 = LINE('',#1701,#1702);
#1701 = CARTESIAN_POINT('',(35.,21.,0.));
#1702 = VECTOR('',#1703,1.);
#1703 = DIRECTION('',(0.,0.,1.));
#1704 = ORIENTED_EDGE('',*,*,#1705,.T.);
#1705 = EDGE_CURVE('',#1696,#1125,#1706,.T.);
#1706 = LINE('',#1707,#1708);
#1707 = CARTESIAN_POINT('',(35.,21.,14.4));
#1708 = VECTOR('',#1709,1.);
#1709 = DIRECTION('',(0.,-1.,2.2E-16));
#1710 = ORIENTED_EDGE('',*,*,#1124,.T.);
#1711 = ORIENTED_EDGE('',*,*,#1712,.T.);
#1712 = EDGE_CURVE('',#1127,#1698,#1713,.T.);
#1713 = LINE('',#1714,#1715);
#1714 = CARTESIAN_POINT('',(35.,13.25,29.6));
#1715 = VECTOR('',#1716,1.);
#1716 = DIRECTION('',(0.,1.,0.));
#1717 = PLANE('',#1718);
#1718 = AXIS2_PLACEMENT_3D('',#1719,#1720,#1721);
#1719 = CARTESIAN_POINT('',(35.,13.25,0.));
#1720 = DIRECTION('',(-1.,0.,0.));
#1721 = DIRECTION('',(0.,1.,0.));
#1722 = ADVANCED_FACE('',(#1723),#1742,.T.);
#1723 = FACE_BOUND('',#1724,.F.);
#1724 = EDGE_LOOP('',(#1725,#1726,#1735,#1741));
#1725 = ORIENTED_EDGE('',*,*,#1176,.F.);
#1726 = ORIENTED_EDGE('',*,*,#1727,.T.);
#1727 = EDGE_CURVE('',#1169,#1728,#1730,.T.);
#1728 = VERTEX_POINT('',#1729);
#1729 = CARTESIAN_POINT('',(34.6,13.25,30.));
#1730 = CIRCLE('',#1731,2.6);
#1731 = AXIS2_PLACEMENT_3D('',#1732,#1733,#1734);
#1732 = CARTESIAN_POINT('',(32.,13.25,30.));
#1733 = DIRECTION('',(-0.,0.,1.));
#1734 = DIRECTION('',(0.707106781187,-0.707106781187,0.));
#1735 = ORIENTED_EDGE('',*,*,#1736,.T.);
#1736 = EDGE_CURVE('',#1728,#1127,#1737,.T.);
#1737 = LINE('',#1738,#1739);
#1738 = CARTESIAN_POINT('',(35.,13.25,29.6));
#1739 = VECTOR('',#1740,1.);
#1740 = DIRECTION('',(0.707106781187,-9.4E-16,-0.707106781187));
#1741 = ORIENTED_EDGE('',*,*,#1145,.F.);
#1742 = CONICAL_SURFACE('',#1743,3.,0.785398163397);
#1743 = AXIS2_PLACEMENT_3D('',#1744,#1745,#1746);
#1744 = CARTESIAN_POINT('',(32.,13.25,29.6));
#1745 = DIRECTION('',(-0.,-0.,-1.));
#1746 = DIRECTION('',(0.707106781187,-0.707106781187,0.));
#1747 = ADVANCED_FACE('',(#1748),#1760,.F.);
#1748 = FACE_BOUND('',#1749,.F.);
#1749 = EDGE_LOOP('',(#1750,#1751,#1758,#1759));
#1750 = ORIENTED_EDGE('',*,*,#1603,.F.);
#1751 = ORIENTED_EDGE('',*,*,#1752,.T.);
#1752 = EDGE_CURVE('',#1596,#1161,#1753,.T.);
#1753 = CIRCLE('',#1754,10.4);
#1754 = AXIS2_PLACEMENT_3D('',#1755,#1756,#1757);
#1755 = CARTESIAN_POINT('',(34.,-3.13477631085,30.));
#1756 = DIRECTION('',(-0.,0.,-1.));
#1757 = DIRECTION('',(-1.,-3.1E-16,0.));
#1758 = ORIENTED_EDGE('',*,*,#1160,.T.);
#1759 = ORIENTED_EDGE('',*,*,#1192,.F.);
#1760 = CONICAL_SURFACE('',#1761,10.,0.785398163397);
#1761 = AXIS2_PLACEMENT_3D('',#1762,#1763,#1764);
#1762 = CARTESIAN_POINT('',(34.,-3.13477631085,29.6));
#1763 = DIRECTION('',(0.,0.,1.));
#1764 = DIRECTION('',(-1.,-3.1E-16,0.));
#1765 = ADVANCED_FACE('',(#1766,#1977),#2003,.T.);
#1766 = FACE_BOUND('',#1767,.T.);
#1767 = EDGE_LOOP('',(#1768,#1779,#1788,#1797,#1806,#1814,#1823,#1832,
    #1841,#1850,#1858,#1867,#1875,#1884,#1892,#1901,#1909,#1918,#1926,
    #1935,#1943,#1950,#1951,#1952,#1953,#1954,#1962,#1971));
#1768 = ORIENTED_EDGE('',*,*,#1769,.F.);
#1769 = EDGE_CURVE('',#1770,#1772,#1774,.T.);
#1770 = VERTEX_POINT('',#1771);
#1771 = CARTESIAN_POINT('',(15.340084919096,18.495734829203,30.));
#1772 = VERTEX_POINT('',#1773);
#1773 = CARTESIAN_POINT('',(16.361386987267,21.6,30.));
#1774 = CIRCLE('',#1775,1.753378995547);
#1775 = AXIS2_PLACEMENT_3D('',#1776,#1777,#1778);
#1776 = CARTESIAN_POINT('',(15.246621004453,20.246621004453,30.));
#1777 = DIRECTION('',(0.,0.,1.));
#1778 = DIRECTION('',(1.,0.,0.));
#1779 = ORIENTED_EDGE('',*,*,#1780,.F.);
#1780 = EDGE_CURVE('',#1781,#1770,#1783,.T.);
#1781 = VERTEX_POINT('',#1782);
#1782 = CARTESIAN_POINT('',(18.5,15.5,30.));
#1783 = CIRCLE('',#1784,3.);
#1784 = AXIS2_PLACEMENT_3D('',#1785,#1786,#1787);
#1785 = CARTESIAN_POINT('',(15.5,15.5,30.));
#1786 = DIRECTION('',(0.,0.,1.));
#1787 = DIRECTION('',(1.,0.,0.));
#1788 = ORIENTED_EDGE('',*,*,#1789,.F.);
#1789 = EDGE_CURVE('',#1790,#1781,#1792,.T.);
#1790 = VERTEX_POINT('',#1791);
#1791 = CARTESIAN_POINT('',(15.2,12.51503768868,30.));
#1792 = CIRCLE('',#1793,3.);
#1793 = AXIS2_PLACEMENT_3D('',#1794,#1795,#1796);
#1794 = CARTESIAN_POINT('',(15.5,15.5,30.));
#1795 = DIRECTION('',(0.,0.,1.));
#1796 = DIRECTION('',(1.,0.,0.));
#1797 = ORIENTED_EDGE('',*,*,#1798,.F.);
#1798 = EDGE_CURVE('',#1799,#1790,#1801,.T.);
#1799 = VERTEX_POINT('',#1800);
#1800 = CARTESIAN_POINT('',(17.,10.525062814467,30.));
#1801 = CIRCLE('',#1802,2.);
#1802 = AXIS2_PLACEMENT_3D('',#1803,#1804,#1805);
#1803 = CARTESIAN_POINT('',(15.,10.525062814467,30.));
#1804 = DIRECTION('',(0.,0.,1.));
#1805 = DIRECTION('',(1.,0.,0.));
#1806 = ORIENTED_EDGE('',*,*,#1807,.T.);
#1807 = EDGE_CURVE('',#1799,#1808,#1810,.T.);
#1808 = VERTEX_POINT('',#1809);
#1809 = CARTESIAN_POINT('',(17.,-10.52506281446,30.));
#1810 = LINE('',#1811,#1812);
#1811 = CARTESIAN_POINT('',(17.,10.525062814467,30.));
#1812 = VECTOR('',#1813,1.);
#1813 = DIRECTION('',(0.,-1.,0.));
#1814 = ORIENTED_EDGE('',*,*,#1815,.F.);
#1815 = EDGE_CURVE('',#1816,#1808,#1818,.T.);
#1816 = VERTEX_POINT('',#1817);
#1817 = CARTESIAN_POINT('',(15.2,-12.51503768868,30.));
#1818 = CIRCLE('',#1819,2.);
#1819 = AXIS2_PLACEMENT_3D('',#1820,#1821,#1822);
#1820 = CARTESIAN_POINT('',(15.,-10.52506281446,30.));
#1821 = DIRECTION('',(0.,0.,1.));
#1822 = DIRECTION('',(1.,0.,0.));
#1823 = ORIENTED_EDGE('',*,*,#1824,.F.);
#1824 = EDGE_CURVE('',#1825,#1816,#1827,.T.);
#1825 = VERTEX_POINT('',#1826);
#1826 = CARTESIAN_POINT('',(18.5,-15.5,30.));
#1827 = CIRCLE('',#1828,3.);
#1828 = AXIS2_PLACEMENT_3D('',#1829,#1830,#1831);
#1829 = CARTESIAN_POINT('',(15.5,-15.5,30.));
#1830 = DIRECTION('',(0.,0.,1.));
#1831 = DIRECTION('',(1.,0.,0.));
#1832 = ORIENTED_EDGE('',*,*,#1833,.F.);
#1833 = EDGE_CURVE('',#1834,#1825,#1836,.T.);
#1834 = VERTEX_POINT('',#1835);
#1835 = CARTESIAN_POINT('',(13.357571471437,-17.6,30.));
#1836 = CIRCLE('',#1837,3.);
#1837 = AXIS2_PLACEMENT_3D('',#1838,#1839,#1840);
#1838 = CARTESIAN_POINT('',(15.5,-15.5,30.));
#1839 = DIRECTION('',(0.,0.,1.));
#1840 = DIRECTION('',(1.,0.,0.));
#1841 = ORIENTED_EDGE('',*,*,#1842,.F.);
#1842 = EDGE_CURVE('',#1843,#1834,#1845,.T.);
#1843 = VERTEX_POINT('',#1844);
#1844 = CARTESIAN_POINT('',(11.929285785729,-21.,30.));
#1845 = CIRCLE('',#1846,2.);
#1846 = AXIS2_PLACEMENT_3D('',#1847,#1848,#1849);
#1847 = CARTESIAN_POINT('',(11.929285785729,-19.,30.));
#1848 = DIRECTION('',(0.,0.,1.));
#1849 = DIRECTION('',(1.,0.,0.));
#1850 = ORIENTED_EDGE('',*,*,#1851,.T.);
#1851 = EDGE_CURVE('',#1843,#1852,#1854,.T.);
#1852 = VERTEX_POINT('',#1853);
#1853 = CARTESIAN_POINT('',(-24.,-21.,30.));
#1854 = LINE('',#1855,#1856);
#1855 = CARTESIAN_POINT('',(11.929285785729,-21.,30.));
#1856 = VECTOR('',#1857,1.);
#1857 = DIRECTION('',(-1.,0.,0.));
#1858 = ORIENTED_EDGE('',*,*,#1859,.F.);
#1859 = EDGE_CURVE('',#1860,#1852,#1862,.T.);
#1860 = VERTEX_POINT('',#1861);
#1861 = CARTESIAN_POINT('',(-25.6,-20.2,30.));
#1862 = CIRCLE('',#1863,2.);
#1863 = AXIS2_PLACEMENT_3D('',#1864,#1865,#1866);
#1864 = CARTESIAN_POINT('',(-24.,-19.,30.));
#1865 = DIRECTION('',(0.,0.,1.));
#1866 = DIRECTION('',(1.,0.,0.));
#1867 = ORIENTED_EDGE('',*,*,#1868,.T.);
#1868 = EDGE_CURVE('',#1860,#1869,#1871,.T.);
#1869 = VERTEX_POINT('',#1870);
#1870 = CARTESIAN_POINT('',(-25.6,-38.,30.));
#1871 = LINE('',#1872,#1873);
#1872 = CARTESIAN_POINT('',(-25.6,-19.,30.));
#1873 = VECTOR('',#1874,1.);
#1874 = DIRECTION('',(0.,-1.,0.));
#1875 = ORIENTED_EDGE('',*,*,#1876,.T.);
#1876 = EDGE_CURVE('',#1869,#1877,#1879,.T.);
#1877 = VERTEX_POINT('',#1878);
#1878 = CARTESIAN_POINT('',(-25.,-38.6,30.));
#1879 = CIRCLE('',#1880,0.6);
#1880 = AXIS2_PLACEMENT_3D('',#1881,#1882,#1883);
#1881 = CARTESIAN_POINT('',(-25.,-38.,30.));
#1882 = DIRECTION('',(0.,0.,1.));
#1883 = DIRECTION('',(-1.,0.,0.));
#1884 = ORIENTED_EDGE('',*,*,#1885,.T.);
#1885 = EDGE_CURVE('',#1877,#1886,#1888,.T.);
#1886 = VERTEX_POINT('',#1887);
#1887 = CARTESIAN_POINT('',(-17.25,-38.6,30.));
#1888 = LINE('',#1889,#1890);
#1889 = CARTESIAN_POINT('',(-25.,-38.6,30.));
#1890 = VECTOR('',#1891,1.);
#1891 = DIRECTION('',(1.,0.,0.));
#1892 = ORIENTED_EDGE('',*,*,#1893,.T.);
#1893 = EDGE_CURVE('',#1886,#1894,#1896,.T.);
#1894 = VERTEX_POINT('',#1895);
#1895 = CARTESIAN_POINT('',(-15.41152236891,-37.83847763108,30.));
#1896 = CIRCLE('',#1897,2.6);
#1897 = AXIS2_PLACEMENT_3D('',#1898,#1899,#1900);
#1898 = CARTESIAN_POINT('',(-17.25,-36.,30.));
#1899 = DIRECTION('',(-0.,0.,1.));
#1900 = DIRECTION('',(0.,-1.,0.));
#1901 = ORIENTED_EDGE('',*,*,#1902,.T.);
#1902 = EDGE_CURVE('',#1894,#1903,#1905,.T.);
#1903 = VERTEX_POINT('',#1904);
#1904 = CARTESIAN_POINT('',(-8.21913421349,-30.64608947566,30.));
#1905 = LINE('',#1906,#1907);
#1906 = CARTESIAN_POINT('',(-15.41152236891,-37.83847763108,30.));
#1907 = VECTOR('',#1908,1.);
#1908 = DIRECTION('',(0.707106781187,0.707106781187,0.));
#1909 = ORIENTED_EDGE('',*,*,#1910,.T.);
#1910 = EDGE_CURVE('',#1903,#1911,#1913,.T.);
#1911 = VERTEX_POINT('',#1912);
#1912 = CARTESIAN_POINT('',(-0.86522368915,-27.6,30.));
#1913 = CIRCLE('',#1914,10.4);
#1914 = AXIS2_PLACEMENT_3D('',#1915,#1916,#1917);
#1915 = CARTESIAN_POINT('',(-0.86522368915,-38.,30.));
#1916 = DIRECTION('',(0.,0.,-1.));
#1917 = DIRECTION('',(-0.707106781187,0.707106781187,0.));
#1918 = ORIENTED_EDGE('',*,*,#1919,.T.);
#1919 = EDGE_CURVE('',#1911,#1920,#1922,.T.);
#1920 = VERTEX_POINT('',#1921);
#1921 = CARTESIAN_POINT('',(18.75,-27.6,30.));
#1922 = LINE('',#1923,#1924);
#1923 = CARTESIAN_POINT('',(-0.86522368915,-27.6,30.));
#1924 = VECTOR('',#1925,1.);
#1925 = DIRECTION('',(1.,0.,0.));
#1926 = ORIENTED_EDGE('',*,*,#1927,.T.);
#1927 = EDGE_CURVE('',#1920,#1928,#1930,.T.);
#1928 = VERTEX_POINT('',#1929);
#1929 = CARTESIAN_POINT('',(20.588477631085,-26.83847763108,30.));
#1930 = CIRCLE('',#1931,2.6);
#1931 = AXIS2_PLACEMENT_3D('',#1932,#1933,#1934);
#1932 = CARTESIAN_POINT('',(18.75,-25.,30.));
#1933 = DIRECTION('',(-0.,0.,1.));
#1934 = DIRECTION('',(0.,-1.,0.));
#1935 = ORIENTED_EDGE('',*,*,#1936,.T.);
#1936 = EDGE_CURVE('',#1928,#1937,#1939,.T.);
#1937 = VERTEX_POINT('',#1938);
#1938 = CARTESIAN_POINT('',(22.838477631085,-24.58847763108,30.));
#1939 = LINE('',#1940,#1941);
#1940 = CARTESIAN_POINT('',(20.588477631085,-26.83847763108,30.));
#1941 = VECTOR('',#1942,1.);
#1942 = DIRECTION('',(0.707106781187,0.707106781187,0.));
#1943 = ORIENTED_EDGE('',*,*,#1944,.T.);
#1944 = EDGE_CURVE('',#1937,#1588,#1945,.T.);
#1945 = CIRCLE('',#1946,2.6);
#1946 = AXIS2_PLACEMENT_3D('',#1947,#1948,#1949);
#1947 = CARTESIAN_POINT('',(21.,-22.75,30.));
#1948 = DIRECTION('',(-0.,0.,1.));
#1949 = DIRECTION('',(0.707106781187,-0.707106781187,0.));
#1950 = ORIENTED_EDGE('',*,*,#1595,.T.);
#1951 = ORIENTED_EDGE('',*,*,#1752,.T.);
#1952 = ORIENTED_EDGE('',*,*,#1168,.T.);
#1953 = ORIENTED_EDGE('',*,*,#1727,.T.);
#1954 = ORIENTED_EDGE('',*,*,#1955,.T.);
#1955 = EDGE_CURVE('',#1728,#1956,#1958,.T.);
#1956 = VERTEX_POINT('',#1957);
#1957 = CARTESIAN_POINT('',(34.6,21.,30.));
#1958 = LINE('',#1959,#1960);
#1959 = CARTESIAN_POINT('',(34.6,13.25,30.));
#1960 = VECTOR('',#1961,1.);
#1961 = DIRECTION('',(0.,1.,0.));
#1962 = ORIENTED_EDGE('',*,*,#1963,.T.);
#1963 = EDGE_CURVE('',#1956,#1964,#1966,.T.);
#1964 = VERTEX_POINT('',#1965);
#1965 = CARTESIAN_POINT('',(34.,21.6,30.));
#1966 = CIRCLE('',#1967,0.6);
#1967 = AXIS2_PLACEMENT_3D('',#1968,#1969,#1970);
#1968 = CARTESIAN_POINT('',(34.,21.,30.));
#1969 = DIRECTION('',(0.,0.,1.));
#1970 = DIRECTION('',(1.,0.,0.));
#1971 = ORIENTED_EDGE('',*,*,#1972,.T.);
#1972 = EDGE_CURVE('',#1964,#1772,#1973,.T.);
#1973 = LINE('',#1974,#1975);
#1974 = CARTESIAN_POINT('',(34.,21.6,30.));
#1975 = VECTOR('',#1976,1.);
#1976 = DIRECTION('',(-1.,-0.,-0.));
#1977 = FACE_BOUND('',#1978,.T.);
#1978 = EDGE_LOOP('',(#1979,#1989,#1997));
#1979 = ORIENTED_EDGE('',*,*,#1980,.F.);
#1980 = EDGE_CURVE('',#1981,#1983,#1985,.T.);
#1981 = VERTEX_POINT('',#1982);
#1982 = CARTESIAN_POINT('',(-15.96794919242,-25.9,30.));
#1983 = VERTEX_POINT('',#1984);
#1984 = CARTESIAN_POINT('',(-21.16410161515,-28.89999999997,30.));
#1985 = LINE('',#1986,#1987);
#1986 = CARTESIAN_POINT('',(-15.96794919242,-25.9,30.));
#1987 = VECTOR('',#1988,1.);
#1988 = DIRECTION('',(-0.866025403787,-0.499999999995,0.));
#1989 = ORIENTED_EDGE('',*,*,#1990,.F.);
#1990 = EDGE_CURVE('',#1991,#1981,#1993,.T.);
#1991 = VERTEX_POINT('',#1992);
#1992 = CARTESIAN_POINT('',(-15.96794919242,-31.9,30.));
#1993 = LINE('',#1994,#1995);
#1994 = CARTESIAN_POINT('',(-15.96794919242,-31.9,30.));
#1995 = VECTOR('',#1996,1.);
#1996 = DIRECTION('',(0.,1.,0.));
#1997 = ORIENTED_EDGE('',*,*,#1998,.F.);
#1998 = EDGE_CURVE('',#1983,#1991,#1999,.T.);
#1999 = LINE('',#2000,#2001);
#2000 = CARTESIAN_POINT('',(-21.16410161515,-28.89999999997,30.));
#2001 = VECTOR('',#2002,1.);
#2002 = DIRECTION('',(0.866025403784,-0.500000000001,0.));
#2003 = PLANE('',#2004);
#2004 = AXIS2_PLACEMENT_3D('',#2005,#2006,#2007);
#2005 = CARTESIAN_POINT('',(0.8619558623,-4.8619558623,30.));
#2006 = DIRECTION('',(0.,0.,1.));
#2007 = DIRECTION('',(1.,0.,0.));
#2008 = ADVANCED_FACE('',(#2009),#2019,.T.);
#2009 = FACE_BOUND('',#2010,.T.);
#2010 = EDGE_LOOP('',(#2011,#2012,#2013,#2018));
#2011 = ORIENTED_EDGE('',*,*,#1424,.T.);
#2012 = ORIENTED_EDGE('',*,*,#1456,.T.);
#2013 = ORIENTED_EDGE('',*,*,#2014,.F.);
#2014 = EDGE_CURVE('',#1323,#1447,#2015,.T.);
#2015 = B_SPLINE_CURVE_WITH_KNOTS('',1,(#2016,#2017),.UNSPECIFIED.,.F.,
  .F.,(2,2),(0.,0.2525841973),.PIECEWISE_BEZIER_KNOTS.);
#2016 = CARTESIAN_POINT('',(34.16407846649,21.581333462903,
    13.414681440885));
#2017 = CARTESIAN_POINT('',(34.,22.,13.787062569786));
#2018 = ORIENTED_EDGE('',*,*,#1322,.F.);
#2019 = B_SPLINE_SURFACE_WITH_KNOTS('',1,4,(
    (#2020,#2021,#2022,#2023,#2024)
    ,(#2025,#2026,#2027,#2028,#2029
    )),.UNSPECIFIED.,.F.,.F.,.F.,(2,2),(5,5),(0.,0.2525841973),(
    12.20774588761,12.46033008491),.PIECEWISE_BEZIER_KNOTS.);
#2020 = CARTESIAN_POINT('',(34.,21.6,13.299792461791));
#2021 = CARTESIAN_POINT('',(34.04150196353,21.6,13.328852449505));
#2022 = CARTESIAN_POINT('',(34.083005003433,21.596860809235,
    13.357913190904));
#2023 = CARTESIAN_POINT('',(34.124018568073,21.590582863215,
    13.386631198034));
#2024 = CARTESIAN_POINT('',(34.16407846649,21.581333462903,
    13.414681440885));
#2025 = CARTESIAN_POINT('',(33.77056942546,22.,13.627453279507));
#2026 = CARTESIAN_POINT('',(33.827297408057,22.,13.667174640549));
#2027 = CARTESIAN_POINT('',(33.884033866973,22.,13.706895217039));
#2028 = CARTESIAN_POINT('',(33.941225196812,22.,13.74696298344));
#2029 = CARTESIAN_POINT('',(34.,22.,13.787062569786));
#2030 = ADVANCED_FACE('',(#2031),#2052,.T.);
#2031 = FACE_BOUND('',#2032,.T.);
#2032 = EDGE_LOOP('',(#2033,#2034,#2046,#2051));
#2033 = ORIENTED_EDGE('',*,*,#2014,.T.);
#2034 = ORIENTED_EDGE('',*,*,#2035,.T.);
#2035 = EDGE_CURVE('',#1447,#1696,#2036,.T.);
#2036 = B_SPLINE_CURVE_WITH_KNOTS('',8,(#2037,#2038,#2039,#2040,#2041,
    #2042,#2043,#2044,#2045),.UNSPECIFIED.,.F.,.F.,(9,9),(12.46033008491
    ,13.956250306652),.PIECEWISE_BEZIER_KNOTS.);
#2037 = CARTESIAN_POINT('',(34.,22.,13.787062569786));
#2038 = CARTESIAN_POINT('',(34.174045758914,22.,13.90580670093));
#2039 = CARTESIAN_POINT('',(34.353314290222,21.965383637381,
    14.022874476233));
#2040 = CARTESIAN_POINT('',(34.530792472383,21.892474033815,
    14.133301138178));
#2041 = CARTESIAN_POINT('',(34.695487631697,21.77891770609,
    14.231243140795));
#2042 = CARTESIAN_POINT('',(34.841117402883,21.625472855767,
    14.313169712204));
#2043 = CARTESIAN_POINT('',(34.947230465053,21.430012357192,
    14.371117976219));
#2044 = CARTESIAN_POINT('',(35.,21.215034298175,14.4));
#2045 = CARTESIAN_POINT('',(35.,21.,14.4));
#2046 = ORIENTED_EDGE('',*,*,#2047,.F.);
#2047 = EDGE_CURVE('',#1333,#1696,#2048,.T.);
#2048 = B_SPLINE_CURVE_WITH_KNOTS('',1,(#2049,#2050),.UNSPECIFIED.,.F.,
  .F.,(2,2),(0.,1.495920221742),.PIECEWISE_BEZIER_KNOTS.);
#2049 = CARTESIAN_POINT('',(34.672339182284,21.,13.77056942546));
#2050 = CARTESIAN_POINT('',(35.,21.,14.4));
#2051 = ORIENTED_EDGE('',*,*,#1332,.F.);
#2052 = B_SPLINE_SURFACE_WITH_KNOTS('',1,8,(
    (#2053,#2054,#2055,#2056,#2057,#2058,#2059,#2060,#2061)
    ,(#2062,#2063,#2064,#2065,#2066,#2067,#2068,#2069,#2070
  )),.UNSPECIFIED.,.F.,.F.,.F.,(2,2),(9,9),(0.,1.495920221742),(
    12.46033008491,13.956250306652),.PIECEWISE_BEZIER_KNOTS.);
#2053 = CARTESIAN_POINT('',(34.16407846649,21.581333462903,
    13.414681440885));
#2054 = CARTESIAN_POINT('',(34.282705072515,21.553943853589,
    13.497744684656));
#2055 = CARTESIAN_POINT('',(34.394209192425,21.504218891,13.575820709958
    ));
#2056 = CARTESIAN_POINT('',(34.491486902757,21.434611242689,
    13.643935296032));
#2057 = CARTESIAN_POINT('',(34.569732172348,21.350615499834,
    13.698723223629));
#2058 = CARTESIAN_POINT('',(34.623029408913,21.259131327059,
    13.736042350438));
#2059 = CARTESIAN_POINT('',(34.655794058109,21.171950379012,
    13.758984404791));
#2060 = CARTESIAN_POINT('',(34.672339182284,21.085956093544,
    13.77056942546));
#2061 = CARTESIAN_POINT('',(34.672339182284,21.,13.77056942546));
#2062 = CARTESIAN_POINT('',(34.,22.,13.787062569786));
#2063 = CARTESIAN_POINT('',(34.174045758914,22.,13.90580670093));
#2064 = CARTESIAN_POINT('',(34.353314290222,21.965383637381,
    14.022874476233));
#2065 = CARTESIAN_POINT('',(34.530792472383,21.892474033815,
    14.133301138178));
#2066 = CARTESIAN_POINT('',(34.695487631697,21.77891770609,
    14.231243140795));
#2067 = CARTESIAN_POINT('',(34.841117402883,21.625472855767,
    14.313169712204));
#2068 = CARTESIAN_POINT('',(34.947230465053,21.430012357192,
    14.371117976219));
#2069 = CARTESIAN_POINT('',(35.,21.215034298175,14.4));
#2070 = CARTESIAN_POINT('',(35.,21.,14.4));
#2071 = ADVANCED_FACE('',(#2072),#2078,.F.);
#2072 = FACE_BOUND('',#2073,.F.);
#2073 = EDGE_LOOP('',(#2074,#2075,#2076,#2077));
#2074 = ORIENTED_EDGE('',*,*,#2047,.F.);
#2075 = ORIENTED_EDGE('',*,*,#1346,.T.);
#2076 = ORIENTED_EDGE('',*,*,#1651,.T.);
#2077 = ORIENTED_EDGE('',*,*,#1705,.F.);
#2078 = PLANE('',#2079);
#2079 = AXIS2_PLACEMENT_3D('',#2080,#2081,#2082);
#2080 = CARTESIAN_POINT('',(34.836169591142,21.,14.08528471273));
#2081 = DIRECTION('',(-0.887010833178,1.7E-16,0.461748613235));
#2082 = DIRECTION('',(-6.11905430136E-17,-1.,2.506197574651E-16));
#2083 = ADVANCED_FACE('',(#2084),#2096,.T.);
#2084 = FACE_BOUND('',#2085,.F.);
#2085 = EDGE_LOOP('',(#2086,#2087,#2088,#2089));
#2086 = ORIENTED_EDGE('',*,*,#1446,.F.);
#2087 = ORIENTED_EDGE('',*,*,#2035,.T.);
#2088 = ORIENTED_EDGE('',*,*,#1695,.T.);
#2089 = ORIENTED_EDGE('',*,*,#2090,.T.);
#2090 = EDGE_CURVE('',#1698,#1449,#2091,.T.);
#2091 = CIRCLE('',#2092,1.);
#2092 = AXIS2_PLACEMENT_3D('',#2093,#2094,#2095);
#2093 = CARTESIAN_POINT('',(34.,21.,29.6));
#2094 = DIRECTION('',(0.,0.,1.));
#2095 = DIRECTION('',(1.,0.,0.));
#2096 = CYLINDRICAL_SURFACE('',#2097,1.);
#2097 = AXIS2_PLACEMENT_3D('',#2098,#2099,#2100);
#2098 = CARTESIAN_POINT('',(34.,21.,0.));
#2099 = DIRECTION('',(-0.,-0.,-1.));
#2100 = DIRECTION('',(1.,0.,0.));
#2101 = ADVANCED_FACE('',(#2102),#2119,.T.);
#2102 = FACE_BOUND('',#2103,.F.);
#2103 = EDGE_LOOP('',(#2104,#2110,#2111,#2118));
#2104 = ORIENTED_EDGE('',*,*,#2105,.F.);
#2105 = EDGE_CURVE('',#1964,#1449,#2106,.T.);
#2106 = LINE('',#2107,#2108);
#2107 = CARTESIAN_POINT('',(34.,22.,29.6));
#2108 = VECTOR('',#2109,1.);
#2109 = DIRECTION('',(3.34E-15,0.707106781187,-0.707106781187));
#2110 = ORIENTED_EDGE('',*,*,#1972,.T.);
#2111 = ORIENTED_EDGE('',*,*,#2112,.T.);
#2112 = EDGE_CURVE('',#1772,#1524,#2113,.T.);
#2113 = ELLIPSE('',#2114,2.479652355482,1.753378995547);
#2114 = AXIS2_PLACEMENT_3D('',#2115,#2116,#2117);
#2115 = CARTESIAN_POINT('',(15.246621004453,20.246621004453,
    31.353378995547));
#2116 = DIRECTION('',(0.,0.707106781187,0.707106781187));
#2117 = DIRECTION('',(0.,0.707106781187,-0.707106781187));
#2118 = ORIENTED_EDGE('',*,*,#1531,.F.);
#2119 = PLANE('',#2120);
#2120 = AXIS2_PLACEMENT_3D('',#2121,#2122,#2123);
#2121 = CARTESIAN_POINT('',(34.,21.8,29.8));
#2122 = DIRECTION('',(0.,0.707106781187,0.707106781187));
#2123 = DIRECTION('',(1.,0.,0.));
#2124 = ADVANCED_FACE('',(#2125),#2145,.T.);
#2125 = FACE_BOUND('',#2126,.F.);
#2126 = EDGE_LOOP('',(#2127,#2128,#2136,#2143,#2144));
#2127 = ORIENTED_EDGE('',*,*,#1769,.F.);
#2128 = ORIENTED_EDGE('',*,*,#2129,.T.);
#2129 = EDGE_CURVE('',#1770,#2130,#2132,.T.);
#2130 = VERTEX_POINT('',#2131);
#2131 = CARTESIAN_POINT('',(15.340084919096,18.495734829203,34.));
#2132 = LINE('',#2133,#2134);
#2133 = CARTESIAN_POINT('',(15.340084919096,18.495734829203,30.));
#2134 = VECTOR('',#2135,1.);
#2135 = DIRECTION('',(0.,0.,1.));
#2136 = ORIENTED_EDGE('',*,*,#2137,.T.);
#2137 = EDGE_CURVE('',#2130,#1516,#2138,.T.);
#2138 = CIRCLE('',#2139,1.753378995547);
#2139 = AXIS2_PLACEMENT_3D('',#2140,#2141,#2142);
#2140 = CARTESIAN_POINT('',(15.246621004453,20.246621004453,34.));
#2141 = DIRECTION('',(0.,0.,1.));
#2142 = DIRECTION('',(1.,0.,0.));
#2143 = ORIENTED_EDGE('',*,*,#1523,.F.);
#2144 = ORIENTED_EDGE('',*,*,#2112,.F.);
#2145 = CYLINDRICAL_SURFACE('',#2146,1.753378995547);
#2146 = AXIS2_PLACEMENT_3D('',#2147,#2148,#2149);
#2147 = CARTESIAN_POINT('',(15.246621004453,20.246621004453,30.));
#2148 = DIRECTION('',(-0.,-0.,-1.));
#2149 = DIRECTION('',(1.,0.,0.));
#2150 = ADVANCED_FACE('',(#2151,#2257,#2268,#2279,#2290,#2301,#2392,
    #2483,#2494,#2505,#2578,#2651),#2662,.T.);
#2151 = FACE_BOUND('',#2152,.T.);
#2152 = EDGE_LOOP('',(#2153,#2163,#2172,#2180,#2189,#2198,#2207,#2215,
    #2224,#2231,#2232,#2233,#2242,#2250));
#2153 = ORIENTED_EDGE('',*,*,#2154,.F.);
#2154 = EDGE_CURVE('',#2155,#2157,#2159,.T.);
#2155 = VERTEX_POINT('',#2156);
#2156 = CARTESIAN_POINT('',(-26.,-19.,34.));
#2157 = VERTEX_POINT('',#2158);
#2158 = CARTESIAN_POINT('',(-26.,11.585786437627,34.));
#2159 = LINE('',#2160,#2161);
#2160 = CARTESIAN_POINT('',(-26.,-19.,34.));
#2161 = VECTOR('',#2162,1.);
#2162 = DIRECTION('',(0.,1.,0.));
#2163 = ORIENTED_EDGE('',*,*,#2164,.T.);
#2164 = EDGE_CURVE('',#2155,#2165,#2167,.T.);
#2165 = VERTEX_POINT('',#2166);
#2166 = CARTESIAN_POINT('',(-24.,-21.,34.));
#2167 = CIRCLE('',#2168,2.);
#2168 = AXIS2_PLACEMENT_3D('',#2169,#2170,#2171);
#2169 = CARTESIAN_POINT('',(-24.,-19.,34.));
#2170 = DIRECTION('',(0.,0.,1.));
#2171 = DIRECTION('',(1.,0.,0.));
#2172 = ORIENTED_EDGE('',*,*,#2173,.F.);
#2173 = EDGE_CURVE('',#2174,#2165,#2176,.T.);
#2174 = VERTEX_POINT('',#2175);
#2175 = CARTESIAN_POINT('',(11.929285785729,-21.,34.));
#2176 = LINE('',#2177,#2178);
#2177 = CARTESIAN_POINT('',(11.929285785729,-21.,34.));
#2178 = VECTOR('',#2179,1.);
#2179 = DIRECTION('',(-1.,0.,0.));
#2180 = ORIENTED_EDGE('',*,*,#2181,.T.);
#2181 = EDGE_CURVE('',#2174,#2182,#2184,.T.);
#2182 = VERTEX_POINT('',#2183);
#2183 = CARTESIAN_POINT('',(13.357571471437,-17.6,34.));
#2184 = CIRCLE('',#2185,2.);
#2185 = AXIS2_PLACEMENT_3D('',#2186,#2187,#2188);
#2186 = CARTESIAN_POINT('',(11.929285785729,-19.,34.));
#2187 = DIRECTION('',(0.,0.,1.));
#2188 = DIRECTION('',(1.,0.,0.));
#2189 = ORIENTED_EDGE('',*,*,#2190,.F.);
#2190 = EDGE_CURVE('',#2191,#2182,#2193,.T.);
#2191 = VERTEX_POINT('',#2192);
#2192 = CARTESIAN_POINT('',(15.2,-12.51503768868,34.));
#2193 = CIRCLE('',#2194,3.);
#2194 = AXIS2_PLACEMENT_3D('',#2195,#2196,#2197);
#2195 = CARTESIAN_POINT('',(15.5,-15.5,34.));
#2196 = DIRECTION('',(0.,0.,1.));
#2197 = DIRECTION('',(1.,0.,0.));
#2198 = ORIENTED_EDGE('',*,*,#2199,.T.);
#2199 = EDGE_CURVE('',#2191,#2200,#2202,.T.);
#2200 = VERTEX_POINT('',#2201);
#2201 = CARTESIAN_POINT('',(17.,-10.52506281446,34.));
#2202 = CIRCLE('',#2203,2.);
#2203 = AXIS2_PLACEMENT_3D('',#2204,#2205,#2206);
#2204 = CARTESIAN_POINT('',(15.,-10.52506281446,34.));
#2205 = DIRECTION('',(0.,0.,1.));
#2206 = DIRECTION('',(1.,0.,0.));
#2207 = ORIENTED_EDGE('',*,*,#2208,.F.);
#2208 = EDGE_CURVE('',#2209,#2200,#2211,.T.);
#2209 = VERTEX_POINT('',#2210);
#2210 = CARTESIAN_POINT('',(17.,10.525062814467,34.));
#2211 = LINE('',#2212,#2213);
#2212 = CARTESIAN_POINT('',(17.,10.525062814467,34.));
#2213 = VECTOR('',#2214,1.);
#2214 = DIRECTION('',(0.,-1.,0.));
#2215 = ORIENTED_EDGE('',*,*,#2216,.T.);
#2216 = EDGE_CURVE('',#2209,#2217,#2219,.T.);
#2217 = VERTEX_POINT('',#2218);
#2218 = CARTESIAN_POINT('',(15.2,12.51503768868,34.));
#2219 = CIRCLE('',#2220,2.);
#2220 = AXIS2_PLACEMENT_3D('',#2221,#2222,#2223);
#2221 = CARTESIAN_POINT('',(15.,10.525062814467,34.));
#2222 = DIRECTION('',(0.,0.,1.));
#2223 = DIRECTION('',(1.,0.,0.));
#2224 = ORIENTED_EDGE('',*,*,#2225,.F.);
#2225 = EDGE_CURVE('',#2130,#2217,#2226,.T.);
#2226 = CIRCLE('',#2227,3.);
#2227 = AXIS2_PLACEMENT_3D('',#2228,#2229,#2230);
#2228 = CARTESIAN_POINT('',(15.5,15.5,34.));
#2229 = DIRECTION('',(0.,0.,1.));
#2230 = DIRECTION('',(1.,0.,0.));
#2231 = ORIENTED_EDGE('',*,*,#2137,.T.);
#2232 = ORIENTED_EDGE('',*,*,#1515,.F.);
#2233 = ORIENTED_EDGE('',*,*,#2234,.T.);
#2234 = EDGE_CURVE('',#1508,#2235,#2237,.T.);
#2235 = VERTEX_POINT('',#2236);
#2236 = CARTESIAN_POINT('',(-16.29289321881,21.707106781187,34.));
#2237 = CIRCLE('',#2238,1.);
#2238 = AXIS2_PLACEMENT_3D('',#2239,#2240,#2241);
#2239 = CARTESIAN_POINT('',(-15.58578643762,21.,34.));
#2240 = DIRECTION('',(-0.,0.,1.));
#2241 = DIRECTION('',(0.,-1.,0.));
#2242 = ORIENTED_EDGE('',*,*,#2243,.F.);
#2243 = EDGE_CURVE('',#2244,#2235,#2246,.T.);
#2244 = VERTEX_POINT('',#2245);
#2245 = CARTESIAN_POINT('',(-25.70710678118,12.292893218813,34.));
#2246 = LINE('',#2247,#2248);
#2247 = CARTESIAN_POINT('',(-26.,12.,34.));
#2248 = VECTOR('',#2249,1.);
#2249 = DIRECTION('',(0.707106781187,0.707106781187,0.));
#2250 = ORIENTED_EDGE('',*,*,#2251,.F.);
#2251 = EDGE_CURVE('',#2157,#2244,#2252,.T.);
#2252 = CIRCLE('',#2253,1.);
#2253 = AXIS2_PLACEMENT_3D('',#2254,#2255,#2256);
#2254 = CARTESIAN_POINT('',(-25.,11.585786437627,34.));
#2255 = DIRECTION('',(-0.,-0.,-1.));
#2256 = DIRECTION('',(0.,-1.,0.));
#2257 = FACE_BOUND('',#2258,.T.);
#2258 = EDGE_LOOP('',(#2259));
#2259 = ORIENTED_EDGE('',*,*,#2260,.F.);
#2260 = EDGE_CURVE('',#2261,#2261,#2263,.T.);
#2261 = VERTEX_POINT('',#2262);
#2262 = CARTESIAN_POINT('',(-10.27,9.78,34.));
#2263 = CIRCLE('',#2264,1.29);
#2264 = AXIS2_PLACEMENT_3D('',#2265,#2266,#2267);
#2265 = CARTESIAN_POINT('',(-11.56,9.78,34.));
#2266 = DIRECTION('',(0.,-0.,1.));
#2267 = DIRECTION('',(1.,1.61E-15,0.));
#2268 = FACE_BOUND('',#2269,.T.);
#2269 = EDGE_LOOP('',(#2270));
#2270 = ORIENTED_EDGE('',*,*,#2271,.F.);
#2271 = EDGE_CURVE('',#2272,#2272,#2274,.T.);
#2272 = VERTEX_POINT('',#2273);
#2273 = CARTESIAN_POINT('',(13.4,-10.65,34.));
#2274 = CIRCLE('',#2275,2.75);
#2275 = AXIS2_PLACEMENT_3D('',#2276,#2277,#2278);
#2276 = CARTESIAN_POINT('',(10.65,-10.65,34.));
#2277 = DIRECTION('',(0.,-0.,1.));
#2278 = DIRECTION('',(1.,7.6E-16,0.));
#2279 = FACE_BOUND('',#2280,.T.);
#2280 = EDGE_LOOP('',(#2281));
#2281 = ORIENTED_EDGE('',*,*,#2282,.F.);
#2282 = EDGE_CURVE('',#2283,#2283,#2285,.T.);
#2283 = VERTEX_POINT('',#2284);
#2284 = CARTESIAN_POINT('',(-12.5,-15.5,34.));
#2285 = CIRCLE('',#2286,3.);
#2286 = AXIS2_PLACEMENT_3D('',#2287,#2288,#2289);
#2287 = CARTESIAN_POINT('',(-15.5,-15.5,34.));
#2288 = DIRECTION('',(0.,0.,1.));
#2289 = DIRECTION('',(1.,0.,0.));
#2290 = FACE_BOUND('',#2291,.T.);
#2291 = EDGE_LOOP('',(#2292));
#2292 = ORIENTED_EDGE('',*,*,#2293,.F.);
#2293 = EDGE_CURVE('',#2294,#2294,#2296,.T.);
#2294 = VERTEX_POINT('',#2295);
#2295 = CARTESIAN_POINT('',(-8.010586206959,-9.510586206959,34.));
#2296 = CIRCLE('',#2297,1.5);
#2297 = AXIS2_PLACEMENT_3D('',#2298,#2299,#2300);
#2298 = CARTESIAN_POINT('',(-9.510586206959,-9.510586206959,34.));
#2299 = DIRECTION('',(0.,0.,1.));
#2300 = DIRECTION('',(1.,0.,0.));
#2301 = FACE_BOUND('',#2302,.T.);
#2302 = EDGE_LOOP('',(#2303,#2314,#2323,#2332,#2341,#2350,#2358,#2367,
    #2376,#2385));
#2303 = ORIENTED_EDGE('',*,*,#2304,.F.);
#2304 = EDGE_CURVE('',#2305,#2307,#2309,.T.);
#2305 = VERTEX_POINT('',#2306);
#2306 = CARTESIAN_POINT('',(-12.82058126254,6.10513686091,34.));
#2307 = VERTEX_POINT('',#2308);
#2308 = CARTESIAN_POINT('',(-13.1687111241,7.367107851732,34.));
#2309 = CIRCLE('',#2310,1.);
#2310 = AXIS2_PLACEMENT_3D('',#2311,#2312,#2313);
#2311 = CARTESIAN_POINT('',(-13.72343909793,6.535076076467,34.));
#2312 = DIRECTION('',(0.,0.,1.));
#2313 = DIRECTION('',(1.,0.,0.));
#2314 = ORIENTED_EDGE('',*,*,#2315,.T.);
#2315 = EDGE_CURVE('',#2305,#2316,#2318,.T.);
#2316 = VERTEX_POINT('',#2317);
#2317 = CARTESIAN_POINT('',(-11.94820534673,-7.673355784291,34.));
#2318 = CIRCLE('',#2319,14.2);
#2319 = AXIS2_PLACEMENT_3D('',#2320,#2321,#2322);
#2320 = CARTESIAN_POINT('',(0.,0.,34.));
#2321 = DIRECTION('',(0.,0.,1.));
#2322 = DIRECTION('',(1.,0.,0.));
#2323 = ORIENTED_EDGE('',*,*,#2324,.F.);
#2324 = EDGE_CURVE('',#2325,#2316,#2327,.T.);
#2325 = VERTEX_POINT('',#2326);
#2326 = CARTESIAN_POINT('',(-14.16503655015,-10.68150722864,34.));
#2327 = CIRCLE('',#2328,2.);
#2328 = AXIS2_PLACEMENT_3D('',#2329,#2330,#2331);
#2329 = CARTESIAN_POINT('',(-13.63105117021,-8.754110120107,34.));
#2330 = DIRECTION('',(0.,0.,1.));
#2331 = DIRECTION('',(1.,0.,0.));
#2332 = ORIENTED_EDGE('',*,*,#2333,.T.);
#2333 = EDGE_CURVE('',#2325,#2334,#2336,.T.);
#2334 = VERTEX_POINT('',#2335);
#2335 = CARTESIAN_POINT('',(-16.57142857142,-10.61614488172,34.));
#2336 = CIRCLE('',#2337,5.);
#2337 = AXIS2_PLACEMENT_3D('',#2338,#2339,#2340);
#2338 = CARTESIAN_POINT('',(-15.5,-15.5,34.));
#2339 = DIRECTION('',(0.,0.,1.));
#2340 = DIRECTION('',(1.,0.,0.));
#2341 = ORIENTED_EDGE('',*,*,#2342,.F.);
#2342 = EDGE_CURVE('',#2343,#2334,#2345,.T.);
#2343 = VERTEX_POINT('',#2344);
#2344 = CARTESIAN_POINT('',(-19.,-8.662602834411,34.));
#2345 = CIRCLE('',#2346,2.);
#2346 = AXIS2_PLACEMENT_3D('',#2347,#2348,#2349);
#2347 = CARTESIAN_POINT('',(-17.,-8.662602834411,34.));
#2348 = DIRECTION('',(0.,0.,1.));
#2349 = DIRECTION('',(1.,0.,0.));
#2350 = ORIENTED_EDGE('',*,*,#2351,.F.);
#2351 = EDGE_CURVE('',#2352,#2343,#2354,.T.);
#2352 = VERTEX_POINT('',#2353);
#2353 = CARTESIAN_POINT('',(-19.,8.662602834411,34.));
#2354 = LINE('',#2355,#2356);
#2355 = CARTESIAN_POINT('',(-19.,8.662602834411,34.));
#2356 = VECTOR('',#2357,1.);
#2357 = DIRECTION('',(0.,-1.,0.));
#2358 = ORIENTED_EDGE('',*,*,#2359,.F.);
#2359 = EDGE_CURVE('',#2360,#2352,#2362,.T.);
#2360 = VERTEX_POINT('',#2361);
#2361 = CARTESIAN_POINT('',(-16.57142857142,10.616144881722,34.));
#2362 = CIRCLE('',#2363,2.);
#2363 = AXIS2_PLACEMENT_3D('',#2364,#2365,#2366);
#2364 = CARTESIAN_POINT('',(-17.,8.662602834411,34.));
#2365 = DIRECTION('',(0.,0.,1.));
#2366 = DIRECTION('',(1.,0.,0.));
#2367 = ORIENTED_EDGE('',*,*,#2368,.T.);
#2368 = EDGE_CURVE('',#2360,#2369,#2371,.T.);
#2369 = VERTEX_POINT('',#2370);
#2370 = CARTESIAN_POINT('',(-15.45829229355,10.500173956304,34.));
#2371 = CIRCLE('',#2372,5.);
#2372 = AXIS2_PLACEMENT_3D('',#2373,#2374,#2375);
#2373 = CARTESIAN_POINT('',(-15.5,15.5,34.));
#2374 = DIRECTION('',(0.,0.,1.));
#2375 = DIRECTION('',(1.,0.,0.));
#2376 = ORIENTED_EDGE('',*,*,#2377,.F.);
#2377 = EDGE_CURVE('',#2378,#2369,#2380,.T.);
#2378 = VERTEX_POINT('',#2379);
#2379 = CARTESIAN_POINT('',(-14.45252748245,9.571950094343,34.));
#2380 = CIRCLE('',#2381,1.);
#2381 = AXIS2_PLACEMENT_3D('',#2382,#2383,#2384);
#2382 = CARTESIAN_POINT('',(-15.44995075226,9.500208747565,34.));
#2383 = DIRECTION('',(0.,0.,1.));
#2384 = DIRECTION('',(1.,0.,0.));
#2385 = ORIENTED_EDGE('',*,*,#2386,.T.);
#2386 = EDGE_CURVE('',#2378,#2307,#2387,.T.);
#2387 = CIRCLE('',#2388,2.9);
#2388 = AXIS2_PLACEMENT_3D('',#2389,#2390,#2391);
#2389 = CARTESIAN_POINT('',(-11.56,9.78,34.));
#2390 = DIRECTION('',(0.,0.,1.));
#2391 = DIRECTION('',(1.,0.,0.));
#2392 = FACE_BOUND('',#2393,.T.);
#2393 = EDGE_LOOP('',(#2394,#2405,#2414,#2423,#2432,#2441,#2450,#2459,
    #2468,#2477));
#2394 = ORIENTED_EDGE('',*,*,#2395,.F.);
#2395 = EDGE_CURVE('',#2396,#2398,#2400,.T.);
#2396 = VERTEX_POINT('',#2397);
#2397 = CARTESIAN_POINT('',(-10.61614488172,-16.57142857142,34.));
#2398 = VERTEX_POINT('',#2399);
#2399 = CARTESIAN_POINT('',(-8.662602834411,-19.,34.));
#2400 = CIRCLE('',#2401,2.);
#2401 = AXIS2_PLACEMENT_3D('',#2402,#2403,#2404);
#2402 = CARTESIAN_POINT('',(-8.662602834411,-17.,34.));
#2403 = DIRECTION('',(0.,0.,1.));
#2404 = DIRECTION('',(1.,0.,0.));
#2405 = ORIENTED_EDGE('',*,*,#2406,.T.);
#2406 = EDGE_CURVE('',#2396,#2407,#2409,.T.);
#2407 = VERTEX_POINT('',#2408);
#2408 = CARTESIAN_POINT('',(-10.68150722864,-14.16503655015,34.));
#2409 = CIRCLE('',#2410,5.);
#2410 = AXIS2_PLACEMENT_3D('',#2411,#2412,#2413);
#2411 = CARTESIAN_POINT('',(-15.5,-15.5,34.));
#2412 = DIRECTION('',(0.,0.,1.));
#2413 = DIRECTION('',(1.,0.,0.));
#2414 = ORIENTED_EDGE('',*,*,#2415,.F.);
#2415 = EDGE_CURVE('',#2416,#2407,#2418,.T.);
#2416 = VERTEX_POINT('',#2417);
#2417 = CARTESIAN_POINT('',(-7.673355784291,-11.94820534673,34.));
#2418 = CIRCLE('',#2419,2.);
#2419 = AXIS2_PLACEMENT_3D('',#2420,#2421,#2422);
#2420 = CARTESIAN_POINT('',(-8.754110120107,-13.63105117021,34.));
#2421 = DIRECTION('',(0.,0.,1.));
#2422 = DIRECTION('',(1.,0.,0.));
#2423 = ORIENTED_EDGE('',*,*,#2424,.T.);
#2424 = EDGE_CURVE('',#2416,#2425,#2427,.T.);
#2425 = VERTEX_POINT('',#2426);
#2426 = CARTESIAN_POINT('',(5.963656774285,-12.88700112045,34.));
#2427 = CIRCLE('',#2428,14.2);
#2428 = AXIS2_PLACEMENT_3D('',#2429,#2430,#2431);
#2429 = CARTESIAN_POINT('',(0.,0.,34.));
#2430 = DIRECTION('',(0.,0.,1.));
#2431 = DIRECTION('',(1.,0.,0.));
#2432 = ORIENTED_EDGE('',*,*,#2433,.F.);
#2433 = EDGE_CURVE('',#2434,#2425,#2436,.T.);
#2434 = VERTEX_POINT('',#2435);
#2435 = CARTESIAN_POINT('',(7.188607583939,-13.2012276539,34.));
#2436 = CIRCLE('',#2437,1.);
#2437 = AXIS2_PLACEMENT_3D('',#2438,#2439,#2440);
#2438 = CARTESIAN_POINT('',(6.38363260346,-13.79453641062,34.));
#2439 = DIRECTION('',(0.,0.,1.));
#2440 = DIRECTION('',(1.,0.,0.));
#2441 = ORIENTED_EDGE('',*,*,#2442,.T.);
#2442 = EDGE_CURVE('',#2434,#2443,#2445,.T.);
#2443 = VERTEX_POINT('',#2444);
#2444 = CARTESIAN_POINT('',(9.724158093552,-14.84914476581,34.));
#2445 = CIRCLE('',#2446,4.3);
#2446 = AXIS2_PLACEMENT_3D('',#2447,#2448,#2449);
#2447 = CARTESIAN_POINT('',(10.65,-10.65,34.));
#2448 = DIRECTION('',(0.,0.,1.));
#2449 = DIRECTION('',(1.,0.,0.));
#2450 = ORIENTED_EDGE('',*,*,#2451,.F.);
#2451 = EDGE_CURVE('',#2452,#2443,#2454,.T.);
#2452 = VERTEX_POINT('',#2453);
#2453 = CARTESIAN_POINT('',(10.507371685237,-15.77140838349,34.));
#2454 = CIRCLE('',#2455,1.);
#2455 = AXIS2_PLACEMENT_3D('',#2456,#2457,#2458);
#2456 = CARTESIAN_POINT('',(9.508846022285,-15.82569006019,34.));
#2457 = DIRECTION('',(0.,0.,1.));
#2458 = DIRECTION('',(1.,0.,0.));
#2459 = ORIENTED_EDGE('',*,*,#2460,.T.);
#2460 = EDGE_CURVE('',#2452,#2461,#2463,.T.);
#2461 = VERTEX_POINT('',#2462);
#2462 = CARTESIAN_POINT('',(10.616144881722,-16.57142857142,34.));
#2463 = CIRCLE('',#2464,5.);
#2464 = AXIS2_PLACEMENT_3D('',#2465,#2466,#2467);
#2465 = CARTESIAN_POINT('',(15.5,-15.5,34.));
#2466 = DIRECTION('',(0.,0.,1.));
#2467 = DIRECTION('',(1.,0.,0.));
#2468 = ORIENTED_EDGE('',*,*,#2469,.F.);
#2469 = EDGE_CURVE('',#2470,#2461,#2472,.T.);
#2470 = VERTEX_POINT('',#2471);
#2471 = CARTESIAN_POINT('',(8.662602834411,-19.,34.));
#2472 = CIRCLE('',#2473,2.);
#2473 = AXIS2_PLACEMENT_3D('',#2474,#2475,#2476);
#2474 = CARTESIAN_POINT('',(8.662602834411,-17.,34.));
#2475 = DIRECTION('',(0.,0.,1.));
#2476 = DIRECTION('',(1.,0.,0.));
#2477 = ORIENTED_EDGE('',*,*,#2478,.F.);
#2478 = EDGE_CURVE('',#2398,#2470,#2479,.T.);
#2479 = LINE('',#2480,#2481);
#2480 = CARTESIAN_POINT('',(-8.662602834411,-19.,34.));
#2481 = VECTOR('',#2482,1.);
#2482 = DIRECTION('',(1.,0.,0.));
#2483 = FACE_BOUND('',#2484,.T.);
#2484 = EDGE_LOOP('',(#2485));
#2485 = ORIENTED_EDGE('',*,*,#2486,.F.);
#2486 = EDGE_CURVE('',#2487,#2487,#2489,.T.);
#2487 = VERTEX_POINT('',#2488);
#2488 = CARTESIAN_POINT('',(-12.5,15.5,34.));
#2489 = CIRCLE('',#2490,3.);
#2490 = AXIS2_PLACEMENT_3D('',#2491,#2492,#2493);
#2491 = CARTESIAN_POINT('',(-15.5,15.5,34.));
#2492 = DIRECTION('',(0.,0.,1.));
#2493 = DIRECTION('',(1.,0.,0.));
#2494 = FACE_BOUND('',#2495,.T.);
#2495 = EDGE_LOOP('',(#2496));
#2496 = ORIENTED_EDGE('',*,*,#2497,.F.);
#2497 = EDGE_CURVE('',#2498,#2498,#2500,.T.);
#2498 = VERTEX_POINT('',#2499);
#2499 = CARTESIAN_POINT('',(11.15,0.,34.));
#2500 = CIRCLE('',#2501,11.15);
#2501 = AXIS2_PLACEMENT_3D('',#2502,#2503,#2504);
#2502 = CARTESIAN_POINT('',(0.,0.,34.));
#2503 = DIRECTION('',(0.,0.,1.));
#2504 = DIRECTION('',(1.,0.,0.));
#2505 = FACE_BOUND('',#2506,.T.);
#2506 = EDGE_LOOP('',(#2507,#2518,#2527,#2536,#2545,#2554,#2563,#2572));
#2507 = ORIENTED_EDGE('',*,*,#2508,.F.);
#2508 = EDGE_CURVE('',#2509,#2511,#2513,.T.);
#2509 = VERTEX_POINT('',#2510);
#2510 = CARTESIAN_POINT('',(13.692452830189,-7.611335692105,34.));
#2511 = VERTEX_POINT('',#2512);
#2512 = CARTESIAN_POINT('',(15.4,-6.904669573989,34.));
#2513 = CIRCLE('',#2514,1.);
#2514 = AXIS2_PLACEMENT_3D('',#2515,#2516,#2517);
#2515 = CARTESIAN_POINT('',(14.4,-6.90466957399,34.));
#2516 = DIRECTION('',(0.,0.,1.));
#2517 = DIRECTION('',(1.,0.,0.));
#2518 = ORIENTED_EDGE('',*,*,#2519,.T.);
#2519 = EDGE_CURVE('',#2509,#2520,#2522,.T.);
#2520 = VERTEX_POINT('',#2521);
#2521 = CARTESIAN_POINT('',(13.201227653903,-7.188607583939,34.));
#2522 = CIRCLE('',#2523,4.3);
#2523 = AXIS2_PLACEMENT_3D('',#2524,#2525,#2526);
#2524 = CARTESIAN_POINT('',(10.65,-10.65,34.));
#2525 = DIRECTION('',(0.,0.,1.));
#2526 = DIRECTION('',(1.,0.,0.));
#2527 = ORIENTED_EDGE('',*,*,#2528,.F.);
#2528 = EDGE_CURVE('',#2529,#2520,#2531,.T.);
#2529 = VERTEX_POINT('',#2530);
#2530 = CARTESIAN_POINT('',(12.887001120452,-5.963656774285,34.));
#2531 = CIRCLE('',#2532,1.);
#2532 = AXIS2_PLACEMENT_3D('',#2533,#2534,#2535);
#2533 = CARTESIAN_POINT('',(13.794536410624,-6.38363260346,34.));
#2534 = DIRECTION('',(0.,0.,1.));
#2535 = DIRECTION('',(1.,0.,0.));
#2536 = ORIENTED_EDGE('',*,*,#2537,.T.);
#2537 = EDGE_CURVE('',#2529,#2538,#2540,.T.);
#2538 = VERTEX_POINT('',#2539);
#2539 = CARTESIAN_POINT('',(11.948205346733,7.673355784291,34.));
#2540 = CIRCLE('',#2541,14.2);
#2541 = AXIS2_PLACEMENT_3D('',#2542,#2543,#2544);
#2542 = CARTESIAN_POINT('',(0.,0.,34.));
#2543 = DIRECTION('',(0.,0.,1.));
#2544 = DIRECTION('',(1.,0.,0.));
#2545 = ORIENTED_EDGE('',*,*,#2546,.F.);
#2546 = EDGE_CURVE('',#2547,#2538,#2549,.T.);
#2547 = VERTEX_POINT('',#2548);
#2548 = CARTESIAN_POINT('',(14.165036550154,10.681507228648,34.));
#2549 = CIRCLE('',#2550,2.);
#2550 = AXIS2_PLACEMENT_3D('',#2551,#2552,#2553);
#2551 = CARTESIAN_POINT('',(13.631051170216,8.754110120107,34.));
#2552 = DIRECTION('',(0.,0.,1.));
#2553 = DIRECTION('',(1.,0.,0.));
#2554 = ORIENTED_EDGE('',*,*,#2555,.T.);
#2555 = EDGE_CURVE('',#2547,#2556,#2558,.T.);
#2556 = VERTEX_POINT('',#2557);
#2557 = CARTESIAN_POINT('',(14.583333333333,10.584745965647,34.));
#2558 = CIRCLE('',#2559,5.);
#2559 = AXIS2_PLACEMENT_3D('',#2560,#2561,#2562);
#2560 = CARTESIAN_POINT('',(15.5,15.5,34.));
#2561 = DIRECTION('',(0.,0.,1.));
#2562 = DIRECTION('',(1.,0.,0.));
#2563 = ORIENTED_EDGE('',*,*,#2564,.F.);
#2564 = EDGE_CURVE('',#2565,#2556,#2567,.T.);
#2565 = VERTEX_POINT('',#2566);
#2566 = CARTESIAN_POINT('',(15.4,9.601695158777,34.));
#2567 = CIRCLE('',#2568,1.);
#2568 = AXIS2_PLACEMENT_3D('',#2569,#2570,#2571);
#2569 = CARTESIAN_POINT('',(14.4,9.601695158777,34.));
#2570 = DIRECTION('',(0.,0.,1.));
#2571 = DIRECTION('',(1.,0.,0.));
#2572 = ORIENTED_EDGE('',*,*,#2573,.T.);
#2573 = EDGE_CURVE('',#2565,#2511,#2574,.T.);
#2574 = LINE('',#2575,#2576);
#2575 = CARTESIAN_POINT('',(15.4,9.601695158777,34.));
#2576 = VECTOR('',#2577,1.);
#2577 = DIRECTION('',(0.,-1.,0.));
#2578 = FACE_BOUND('',#2579,.T.);
#2579 = EDGE_LOOP('',(#2580,#2591,#2600,#2609,#2617,#2626,#2635,#2644));
#2580 = ORIENTED_EDGE('',*,*,#2581,.F.);
#2581 = EDGE_CURVE('',#2582,#2584,#2586,.T.);
#2582 = VERTEX_POINT('',#2583);
#2583 = CARTESIAN_POINT('',(-10.68150722864,14.165036550154,34.));
#2584 = VERTEX_POINT('',#2585);
#2585 = CARTESIAN_POINT('',(-7.673355784291,11.948205346733,34.));
#2586 = CIRCLE('',#2587,2.);
#2587 = AXIS2_PLACEMENT_3D('',#2588,#2589,#2590);
#2588 = CARTESIAN_POINT('',(-8.754110120107,13.631051170216,34.));
#2589 = DIRECTION('',(0.,0.,1.));
#2590 = DIRECTION('',(1.,0.,0.));
#2591 = ORIENTED_EDGE('',*,*,#2592,.T.);
#2592 = EDGE_CURVE('',#2582,#2593,#2595,.T.);
#2593 = VERTEX_POINT('',#2594);
#2594 = CARTESIAN_POINT('',(-10.61614488172,16.571428571429,34.));
#2595 = CIRCLE('',#2596,5.);
#2596 = AXIS2_PLACEMENT_3D('',#2597,#2598,#2599);
#2597 = CARTESIAN_POINT('',(-15.5,15.5,34.));
#2598 = DIRECTION('',(0.,0.,1.));
#2599 = DIRECTION('',(1.,0.,0.));
#2600 = ORIENTED_EDGE('',*,*,#2601,.F.);
#2601 = EDGE_CURVE('',#2602,#2593,#2604,.T.);
#2602 = VERTEX_POINT('',#2603);
#2603 = CARTESIAN_POINT('',(-8.662602834411,19.,34.));
#2604 = CIRCLE('',#2605,2.);
#2605 = AXIS2_PLACEMENT_3D('',#2606,#2607,#2608);
#2606 = CARTESIAN_POINT('',(-8.662602834411,17.,34.));
#2607 = DIRECTION('',(0.,0.,1.));
#2608 = DIRECTION('',(1.,0.,0.));
#2609 = ORIENTED_EDGE('',*,*,#2610,.T.);
#2610 = EDGE_CURVE('',#2602,#2611,#2613,.T.);
#2611 = VERTEX_POINT('',#2612);
#2612 = CARTESIAN_POINT('',(8.662602834411,19.,34.));
#2613 = LINE('',#2614,#2615);
#2614 = CARTESIAN_POINT('',(-8.662602834411,19.,34.));
#2615 = VECTOR('',#2616,1.);
#2616 = DIRECTION('',(1.,0.,0.));
#2617 = ORIENTED_EDGE('',*,*,#2618,.F.);
#2618 = EDGE_CURVE('',#2619,#2611,#2621,.T.);
#2619 = VERTEX_POINT('',#2620);
#2620 = CARTESIAN_POINT('',(10.616144881722,16.571428571429,34.));
#2621 = CIRCLE('',#2622,2.);
#2622 = AXIS2_PLACEMENT_3D('',#2623,#2624,#2625);
#2623 = CARTESIAN_POINT('',(8.662602834411,17.,34.));
#2624 = DIRECTION('',(0.,0.,1.));
#2625 = DIRECTION('',(1.,0.,0.));
#2626 = ORIENTED_EDGE('',*,*,#2627,.T.);
#2627 = EDGE_CURVE('',#2619,#2628,#2630,.T.);
#2628 = VERTEX_POINT('',#2629);
#2629 = CARTESIAN_POINT('',(10.681507228648,14.165036550154,34.));
#2630 = CIRCLE('',#2631,5.);
#2631 = AXIS2_PLACEMENT_3D('',#2632,#2633,#2634);
#2632 = CARTESIAN_POINT('',(15.5,15.5,34.));
#2633 = DIRECTION('',(0.,0.,1.));
#2634 = DIRECTION('',(1.,0.,0.));
#2635 = ORIENTED_EDGE('',*,*,#2636,.F.);
#2636 = EDGE_CURVE('',#2637,#2628,#2639,.T.);
#2637 = VERTEX_POINT('',#2638);
#2638 = CARTESIAN_POINT('',(7.673355784291,11.948205346733,34.));
#2639 = CIRCLE('',#2640,2.);
#2640 = AXIS2_PLACEMENT_3D('',#2641,#2642,#2643);
#2641 = CARTESIAN_POINT('',(8.754110120107,13.631051170216,34.));
#2642 = DIRECTION('',(0.,0.,1.));
#2643 = DIRECTION('',(1.,0.,0.));
#2644 = ORIENTED_EDGE('',*,*,#2645,.T.);
#2645 = EDGE_CURVE('',#2637,#2584,#2646,.T.);
#2646 = CIRCLE('',#2647,14.2);
#2647 = AXIS2_PLACEMENT_3D('',#2648,#2649,#2650);
#2648 = CARTESIAN_POINT('',(0.,0.,34.));
#2649 = DIRECTION('',(0.,0.,1.));
#2650 = DIRECTION('',(1.,0.,0.));
#2651 = FACE_BOUND('',#2652,.T.);
#2652 = EDGE_LOOP('',(#2653));
#2653 = ORIENTED_EDGE('',*,*,#2654,.F.);
#2654 = EDGE_CURVE('',#2655,#2655,#2657,.T.);
#2655 = VERTEX_POINT('',#2656);
#2656 = CARTESIAN_POINT('',(11.010586206959,9.510586206959,34.));
#2657 = CIRCLE('',#2658,1.5);
#2658 = AXIS2_PLACEMENT_3D('',#2659,#2660,#2661);
#2659 = CARTESIAN_POINT('',(9.510586206959,9.510586206959,34.));
#2660 = DIRECTION('',(0.,0.,1.));
#2661 = DIRECTION('',(1.,0.,0.));
#2662 = PLANE('',#2663);
#2663 = AXIS2_PLACEMENT_3D('',#2664,#2665,#2666);
#2664 = CARTESIAN_POINT('',(-3.627241516136,0.323978695636,34.));
#2665 = DIRECTION('',(0.,0.,1.));
#2666 = DIRECTION('',(1.,0.,0.));
#2667 = ADVANCED_FACE('',(#2668),#2687,.T.);
#2668 = FACE_BOUND('',#2669,.T.);
#2669 = EDGE_LOOP('',(#2670,#2679,#2685,#2686));
#2670 = ORIENTED_EDGE('',*,*,#2671,.T.);
#2671 = EDGE_CURVE('',#1500,#2672,#2674,.T.);
#2672 = VERTEX_POINT('',#2673);
#2673 = CARTESIAN_POINT('',(-16.29289321881,21.707106781187,27.05));
#2674 = CIRCLE('',#2675,1.);
#2675 = AXIS2_PLACEMENT_3D('',#2676,#2677,#2678);
#2676 = CARTESIAN_POINT('',(-15.58578643762,21.,27.05));
#2677 = DIRECTION('',(-0.,0.,1.));
#2678 = DIRECTION('',(0.,-1.,0.));
#2679 = ORIENTED_EDGE('',*,*,#2680,.T.);
#2680 = EDGE_CURVE('',#2672,#2235,#2681,.T.);
#2681 = LINE('',#2682,#2683);
#2682 = CARTESIAN_POINT('',(-16.29289321881,21.707106781187,27.05));
#2683 = VECTOR('',#2684,1.);
#2684 = DIRECTION('',(0.,0.,1.));
#2685 = ORIENTED_EDGE('',*,*,#2234,.F.);
#2686 = ORIENTED_EDGE('',*,*,#1507,.F.);
#2687 = CYLINDRICAL_SURFACE('',#2688,1.);
#2688 = AXIS2_PLACEMENT_3D('',#2689,#2690,#2691);
#2689 = CARTESIAN_POINT('',(-15.58578643762,21.,27.05));
#2690 = DIRECTION('',(0.,0.,1.));
#2691 = DIRECTION('',(0.,1.,0.));
#2692 = ADVANCED_FACE('',(#2693),#2711,.F.);
#2693 = FACE_BOUND('',#2694,.F.);
#2694 = EDGE_LOOP('',(#2695,#2696,#2697,#2705));
#2695 = ORIENTED_EDGE('',*,*,#1572,.T.);
#2696 = ORIENTED_EDGE('',*,*,#1467,.T.);
#2697 = ORIENTED_EDGE('',*,*,#2698,.T.);
#2698 = EDGE_CURVE('',#1468,#2699,#2701,.T.);
#2699 = VERTEX_POINT('',#2700);
#2700 = CARTESIAN_POINT('',(-15.58578643762,21.6,0.));
#2701 = LINE('',#2702,#2703);
#2702 = CARTESIAN_POINT('',(-15.58578643762,21.8,0.2));
#2703 = VECTOR('',#2704,1.);
#2704 = DIRECTION('',(0.,-0.707106781187,-0.707106781187));
#2705 = ORIENTED_EDGE('',*,*,#2706,.F.);
#2706 = EDGE_CURVE('',#1565,#2699,#2707,.T.);
#2707 = LINE('',#2708,#2709);
#2708 = CARTESIAN_POINT('',(24.,21.6,0.));
#2709 = VECTOR('',#2710,1.);
#2710 = DIRECTION('',(-1.,-0.,-0.));
#2711 = PLANE('',#2712);
#2712 = AXIS2_PLACEMENT_3D('',#2713,#2714,#2715);
#2713 = CARTESIAN_POINT('',(24.,21.8,0.2));
#2714 = DIRECTION('',(-1.E-17,-0.707106781187,0.707106781187));
#2715 = DIRECTION('',(-1.,7.071067811865E-18,-7.071067811865E-18));
#2716 = ADVANCED_FACE('',(#2717),#2751,.F.);
#2717 = FACE_BOUND('',#2718,.F.);
#2718 = EDGE_LOOP('',(#2719,#2727,#2728,#2729,#2737,#2745));
#2719 = ORIENTED_EDGE('',*,*,#2720,.F.);
#2720 = EDGE_CURVE('',#1492,#2721,#2723,.T.);
#2721 = VERTEX_POINT('',#2722);
#2722 = CARTESIAN_POINT('',(16.,22.1,27.05));
#2723 = LINE('',#2724,#2725);
#2724 = CARTESIAN_POINT('',(16.,22.,27.05));
#2725 = VECTOR('',#2726,1.);
#2726 = DIRECTION('',(0.,1.,-2.2E-16));
#2727 = ORIENTED_EDGE('',*,*,#1499,.F.);
#2728 = ORIENTED_EDGE('',*,*,#2671,.T.);
#2729 = ORIENTED_EDGE('',*,*,#2730,.F.);
#2730 = EDGE_CURVE('',#2731,#2672,#2733,.T.);
#2731 = VERTEX_POINT('',#2732);
#2732 = CARTESIAN_POINT('',(-16.,22.,27.05));
#2733 = LINE('',#2734,#2735);
#2734 = CARTESIAN_POINT('',(-18.5,19.5,27.05));
#2735 = VECTOR('',#2736,1.);
#2736 = DIRECTION('',(-0.707106781187,-0.707106781187,1.6E-16));
#2737 = ORIENTED_EDGE('',*,*,#2738,.T.);
#2738 = EDGE_CURVE('',#2731,#2739,#2741,.T.);
#2739 = VERTEX_POINT('',#2740);
#2740 = CARTESIAN_POINT('',(-16.,22.1,27.05));
#2741 = LINE('',#2742,#2743);
#2742 = CARTESIAN_POINT('',(-16.,22.,27.05));
#2743 = VECTOR('',#2744,1.);
#2744 = DIRECTION('',(0.,1.,-2.2E-16));
#2745 = ORIENTED_EDGE('',*,*,#2746,.T.);
#2746 = EDGE_CURVE('',#2739,#2721,#2747,.T.);
#2747 = LINE('',#2748,#2749);
#2748 = CARTESIAN_POINT('',(-16.,22.1,27.05));
#2749 = VECTOR('',#2750,1.);
#2750 = DIRECTION('',(1.,0.,0.));
#2751 = PLANE('',#2752);
#2752 = AXIS2_PLACEMENT_3D('',#2753,#2754,#2755);
#2753 = CARTESIAN_POINT('',(-16.,22.,27.05));
#2754 = DIRECTION('',(0.,-2.2E-16,-1.));
#2755 = DIRECTION('',(1.,0.,0.));
#2756 = ADVANCED_FACE('',(#2757),#2784,.T.);
#2757 = FACE_BOUND('',#2758,.T.);
#2758 = EDGE_LOOP('',(#2759,#2760,#2769,#2777));
#2759 = ORIENTED_EDGE('',*,*,#1475,.F.);
#2760 = ORIENTED_EDGE('',*,*,#2761,.T.);
#2761 = EDGE_CURVE('',#1468,#2762,#2764,.T.);
#2762 = VERTEX_POINT('',#2763);
#2763 = CARTESIAN_POINT('',(-16.29289321881,21.707106781187,0.4));
#2764 = CIRCLE('',#2765,1.);
#2765 = AXIS2_PLACEMENT_3D('',#2766,#2767,#2768);
#2766 = CARTESIAN_POINT('',(-15.58578643762,21.,0.4));
#2767 = DIRECTION('',(0.,-0.,1.));
#2768 = DIRECTION('',(1.78E-15,1.,0.));
#2769 = ORIENTED_EDGE('',*,*,#2770,.T.);
#2770 = EDGE_CURVE('',#2762,#2771,#2773,.T.);
#2771 = VERTEX_POINT('',#2772);
#2772 = CARTESIAN_POINT('',(-16.29289321881,21.707106781187,20.95));
#2773 = LINE('',#2774,#2775);
#2774 = CARTESIAN_POINT('',(-16.29289321881,21.707106781187,0.));
#2775 = VECTOR('',#2776,1.);
#2776 = DIRECTION('',(0.,0.,1.));
#2777 = ORIENTED_EDGE('',*,*,#2778,.F.);
#2778 = EDGE_CURVE('',#1476,#2771,#2779,.T.);
#2779 = CIRCLE('',#2780,1.);
#2780 = AXIS2_PLACEMENT_3D('',#2781,#2782,#2783);
#2781 = CARTESIAN_POINT('',(-15.58578643762,21.,20.95));
#2782 = DIRECTION('',(-0.,0.,1.));
#2783 = DIRECTION('',(0.,-1.,0.));
#2784 = CYLINDRICAL_SURFACE('',#2785,1.);
#2785 = AXIS2_PLACEMENT_3D('',#2786,#2787,#2788);
#2786 = CARTESIAN_POINT('',(-15.58578643762,21.,0.));
#2787 = DIRECTION('',(0.,0.,1.));
#2788 = DIRECTION('',(0.,1.,0.));
#2789 = ADVANCED_FACE('',(#2790),#2808,.F.);
#2790 = FACE_BOUND('',#2791,.F.);
#2791 = EDGE_LOOP('',(#2792,#2793,#2801,#2807));
#2792 = ORIENTED_EDGE('',*,*,#2720,.T.);
#2793 = ORIENTED_EDGE('',*,*,#2794,.T.);
#2794 = EDGE_CURVE('',#2721,#2795,#2797,.T.);
#2795 = VERTEX_POINT('',#2796);
#2796 = CARTESIAN_POINT('',(16.,22.1,20.95));
#2797 = LINE('',#2798,#2799);
#2798 = CARTESIAN_POINT('',(16.,22.1,27.05));
#2799 = VECTOR('',#2800,1.);
#2800 = DIRECTION('',(0.,-2.2E-16,-1.));
#2801 = ORIENTED_EDGE('',*,*,#2802,.F.);
#2802 = EDGE_CURVE('',#1484,#2795,#2803,.T.);
#2803 = LINE('',#2804,#2805);
#2804 = CARTESIAN_POINT('',(16.,22.,20.95));
#2805 = VECTOR('',#2806,1.);
#2806 = DIRECTION('',(0.,1.,-2.2E-16));
#2807 = ORIENTED_EDGE('',*,*,#1491,.F.);
#2808 = PLANE('',#2809);
#2809 = AXIS2_PLACEMENT_3D('',#2810,#2811,#2812);
#2810 = CARTESIAN_POINT('',(16.,22.,27.05));
#2811 = DIRECTION('',(-1.,0.,0.));
#2812 = DIRECTION('',(-0.,-2.2E-16,-1.));
#2813 = ADVANCED_FACE('',(#2814),#2841,.F.);
#2814 = FACE_BOUND('',#2815,.F.);
#2815 = EDGE_LOOP('',(#2816,#2817,#2825,#2833,#2839,#2840));
#2816 = ORIENTED_EDGE('',*,*,#2802,.T.);
#2817 = ORIENTED_EDGE('',*,*,#2818,.T.);
#2818 = EDGE_CURVE('',#2795,#2819,#2821,.T.);
#2819 = VERTEX_POINT('',#2820);
#2820 = CARTESIAN_POINT('',(-16.,22.1,20.95));
#2821 = LINE('',#2822,#2823);
#2822 = CARTESIAN_POINT('',(16.,22.1,20.95));
#2823 = VECTOR('',#2824,1.);
#2824 = DIRECTION('',(-1.,0.,0.));
#2825 = ORIENTED_EDGE('',*,*,#2826,.F.);
#2826 = EDGE_CURVE('',#2827,#2819,#2829,.T.);
#2827 = VERTEX_POINT('',#2828);
#2828 = CARTESIAN_POINT('',(-16.,22.,20.95));
#2829 = LINE('',#2830,#2831);
#2830 = CARTESIAN_POINT('',(-16.,22.,20.95));
#2831 = VECTOR('',#2832,1.);
#2832 = DIRECTION('',(0.,1.,-2.2E-16));
#2833 = ORIENTED_EDGE('',*,*,#2834,.T.);
#2834 = EDGE_CURVE('',#2827,#2771,#2835,.T.);
#2835 = LINE('',#2836,#2837);
#2836 = CARTESIAN_POINT('',(-10.5,27.5,20.95));
#2837 = VECTOR('',#2838,1.);
#2838 = DIRECTION('',(-0.707106781187,-0.707106781187,1.6E-16));
#2839 = ORIENTED_EDGE('',*,*,#2778,.F.);
#2840 = ORIENTED_EDGE('',*,*,#1483,.F.);
#2841 = PLANE('',#2842);
#2842 = AXIS2_PLACEMENT_3D('',#2843,#2844,#2845);
#2843 = CARTESIAN_POINT('',(16.,22.,20.95));
#2844 = DIRECTION('',(0.,2.2E-16,1.));
#2845 = DIRECTION('',(-1.,0.,0.));
#2846 = ADVANCED_FACE('',(#2847),#2866,.T.);
#2847 = FACE_BOUND('',#2848,.T.);
#2848 = EDGE_LOOP('',(#2849,#2857,#2864,#2865));
#2849 = ORIENTED_EDGE('',*,*,#2850,.F.);
#2850 = EDGE_CURVE('',#2851,#1619,#2853,.T.);
#2851 = VERTEX_POINT('',#2852);
#2852 = CARTESIAN_POINT('',(22.838477631085,-24.58847763108,0.));
#2853 = LINE('',#2854,#2855);
#2854 = CARTESIAN_POINT('',(22.979898987322,-24.72989898732,0.2));
#2855 = VECTOR('',#2856,1.);
#2856 = DIRECTION('',(0.5,-0.5,0.707106781187));
#2857 = ORIENTED_EDGE('',*,*,#2858,.T.);
#2858 = EDGE_CURVE('',#2851,#1557,#2859,.T.);
#2859 = CIRCLE('',#2860,2.6);
#2860 = AXIS2_PLACEMENT_3D('',#2861,#2862,#2863);
#2861 = CARTESIAN_POINT('',(21.,-22.75,0.));
#2862 = DIRECTION('',(-0.,0.,1.));
#2863 = DIRECTION('',(0.707106781187,-0.707106781187,0.));
#2864 = ORIENTED_EDGE('',*,*,#1556,.T.);
#2865 = ORIENTED_EDGE('',*,*,#1636,.F.);
#2866 = CONICAL_SURFACE('',#2867,3.,0.785398163397);
#2867 = AXIS2_PLACEMENT_3D('',#2868,#2869,#2870);
#2868 = CARTESIAN_POINT('',(21.,-22.75,0.4));
#2869 = DIRECTION('',(0.,0.,1.));
#2870 = DIRECTION('',(0.707106781187,-0.707106781187,0.));
#2871 = ADVANCED_FACE('',(#2872,#2934,#2945,#3036,#3127,#3138,#3149,
    #3160,#3233,#3306),#3317,.F.);
#2872 = FACE_BOUND('',#2873,.F.);
#2873 = EDGE_LOOP('',(#2874,#2884,#2893,#2899,#2900,#2901,#2902,#2911,
    #2919,#2928));
#2874 = ORIENTED_EDGE('',*,*,#2875,.T.);
#2875 = EDGE_CURVE('',#2876,#2878,#2880,.T.);
#2876 = VERTEX_POINT('',#2877);
#2877 = CARTESIAN_POINT('',(-25.6,-27.6,3.E-15));
#2878 = VERTEX_POINT('',#2879);
#2879 = CARTESIAN_POINT('',(18.75,-27.6,2.E-15));
#2880 = LINE('',#2881,#2882);
#2881 = CARTESIAN_POINT('',(-26.,-27.6,0.));
#2882 = VECTOR('',#2883,1.);
#2883 = DIRECTION('',(1.,0.,0.));
#2884 = ORIENTED_EDGE('',*,*,#2885,.T.);
#2885 = EDGE_CURVE('',#2878,#2886,#2888,.T.);
#2886 = VERTEX_POINT('',#2887);
#2887 = CARTESIAN_POINT('',(20.588477631085,-26.83847763108,-1.E-15));
#2888 = CIRCLE('',#2889,2.6);
#2889 = AXIS2_PLACEMENT_3D('',#2890,#2891,#2892);
#2890 = CARTESIAN_POINT('',(18.75,-25.,0.));
#2891 = DIRECTION('',(-0.,0.,1.));
#2892 = DIRECTION('',(0.,-1.,0.));
#2893 = ORIENTED_EDGE('',*,*,#2894,.T.);
#2894 = EDGE_CURVE('',#2886,#2851,#2895,.T.);
#2895 = LINE('',#2896,#2897);
#2896 = CARTESIAN_POINT('',(20.588477631085,-26.83847763108,0.));
#2897 = VECTOR('',#2898,1.);
#2898 = DIRECTION('',(0.707106781187,0.707106781187,0.));
#2899 = ORIENTED_EDGE('',*,*,#2858,.T.);
#2900 = ORIENTED_EDGE('',*,*,#1564,.T.);
#2901 = ORIENTED_EDGE('',*,*,#2706,.T.);
#2902 = ORIENTED_EDGE('',*,*,#2903,.T.);
#2903 = EDGE_CURVE('',#2699,#2904,#2906,.T.);
#2904 = VERTEX_POINT('',#2905);
#2905 = CARTESIAN_POINT('',(-16.01005050633,21.424264068712,0.));
#2906 = CIRCLE('',#2907,0.6);
#2907 = AXIS2_PLACEMENT_3D('',#2908,#2909,#2910);
#2908 = CARTESIAN_POINT('',(-15.58578643762,21.,0.));
#2909 = DIRECTION('',(0.,-0.,1.));
#2910 = DIRECTION('',(1.78E-15,1.,0.));
#2911 = ORIENTED_EDGE('',*,*,#2912,.T.);
#2912 = EDGE_CURVE('',#2904,#2913,#2915,.T.);
#2913 = VERTEX_POINT('',#2914);
#2914 = CARTESIAN_POINT('',(-25.42426406871,12.010050506339,-2.E-15));
#2915 = LINE('',#2916,#2917);
#2916 = CARTESIAN_POINT('',(-16.01005050633,21.424264068712,0.));
#2917 = VECTOR('',#2918,1.);
#2918 = DIRECTION('',(-0.707106781187,-0.707106781187,0.));
#2919 = ORIENTED_EDGE('',*,*,#2920,.T.);
#2920 = EDGE_CURVE('',#2913,#2921,#2923,.T.);
#2921 = VERTEX_POINT('',#2922);
#2922 = CARTESIAN_POINT('',(-25.6,11.585786437627,-1.E-15));
#2923 = CIRCLE('',#2924,0.6);
#2924 = AXIS2_PLACEMENT_3D('',#2925,#2926,#2927);
#2925 = CARTESIAN_POINT('',(-25.,11.585786437627,0.));
#2926 = DIRECTION('',(0.,0.,1.));
#2927 = DIRECTION('',(-0.707106781187,0.707106781187,0.));
#2928 = ORIENTED_EDGE('',*,*,#2929,.T.);
#2929 = EDGE_CURVE('',#2921,#2876,#2930,.T.);
#2930 = LINE('',#2931,#2932);
#2931 = CARTESIAN_POINT('',(-25.6,11.585786437627,0.));
#2932 = VECTOR('',#2933,1.);
#2933 = DIRECTION('',(0.,-1.,0.));
#2934 = FACE_BOUND('',#2935,.F.);
#2935 = EDGE_LOOP('',(#2936));
#2936 = ORIENTED_EDGE('',*,*,#2937,.F.);
#2937 = EDGE_CURVE('',#2938,#2938,#2940,.T.);
#2938 = VERTEX_POINT('',#2939);
#2939 = CARTESIAN_POINT('',(-13.4,-15.5,0.));
#2940 = CIRCLE('',#2941,2.1);
#2941 = AXIS2_PLACEMENT_3D('',#2942,#2943,#2944);
#2942 = CARTESIAN_POINT('',(-15.5,-15.5,0.));
#2943 = DIRECTION('',(0.,0.,1.));
#2944 = DIRECTION('',(1.,0.,0.));
#2945 = FACE_BOUND('',#2946,.F.);
#2946 = EDGE_LOOP('',(#2947,#2957,#2966,#2975,#2984,#2993,#3002,#3011,
    #3020,#3029));
#2947 = ORIENTED_EDGE('',*,*,#2948,.F.);
#2948 = EDGE_CURVE('',#2949,#2951,#2953,.T.);
#2949 = VERTEX_POINT('',#2950);
#2950 = CARTESIAN_POINT('',(-19.4,8.662602834411,0.));
#2951 = VERTEX_POINT('',#2952);
#2952 = CARTESIAN_POINT('',(-19.4,-8.662602834411,-0.));
#2953 = LINE('',#2954,#2955);
#2954 = CARTESIAN_POINT('',(-19.4,8.662602834411,0.));
#2955 = VECTOR('',#2956,1.);
#2956 = DIRECTION('',(0.,-1.,0.));
#2957 = ORIENTED_EDGE('',*,*,#2958,.F.);
#2958 = EDGE_CURVE('',#2959,#2949,#2961,.T.);
#2959 = VERTEX_POINT('',#2960);
#2960 = CARTESIAN_POINT('',(-16.48571428571,11.006853291185,0.));
#2961 = CIRCLE('',#2962,2.4);
#2962 = AXIS2_PLACEMENT_3D('',#2963,#2964,#2965);
#2963 = CARTESIAN_POINT('',(-17.,8.662602834411,0.));
#2964 = DIRECTION('',(0.,-0.,1.));
#2965 = DIRECTION('',(0.214285714286,0.976771023656,0.));
#2966 = ORIENTED_EDGE('',*,*,#2967,.F.);
#2967 = EDGE_CURVE('',#2968,#2959,#2970,.T.);
#2968 = VERTEX_POINT('',#2969);
#2969 = CARTESIAN_POINT('',(-15.46162891007,10.900160039799,0.));
#2970 = CIRCLE('',#2971,4.6);
#2971 = AXIS2_PLACEMENT_3D('',#2972,#2973,#2974);
#2972 = CARTESIAN_POINT('',(-15.5,15.5,0.));
#2973 = DIRECTION('',(0.,-0.,-1.));
#2974 = DIRECTION('',(8.341541288877E-03,-0.999965208739,0.));
#2975 = ORIENTED_EDGE('',*,*,#2976,.F.);
#2976 = EDGE_CURVE('',#2977,#2968,#2979,.T.);
#2977 = VERTEX_POINT('',#2978);
#2978 = CARTESIAN_POINT('',(-14.05355817453,9.600646633054,0.));
#2979 = CIRCLE('',#2980,1.4);
#2980 = AXIS2_PLACEMENT_3D('',#2981,#2982,#2983);
#2981 = CARTESIAN_POINT('',(-15.44995075226,9.500208747565,0.));
#2982 = DIRECTION('',(0.,-0.,1.));
#2983 = DIRECTION('',(0.997423269812,7.174134677833E-02,0.));
#2984 = ORIENTED_EDGE('',*,*,#2985,.F.);
#2985 = EDGE_CURVE('',#2986,#2977,#2988,.T.);
#2986 = VERTEX_POINT('',#2987);
#2987 = CARTESIAN_POINT('',(-12.94681993457,7.699920561838,0.));
#2988 = CIRCLE('',#2989,2.5);
#2989 = AXIS2_PLACEMENT_3D('',#2990,#2991,#2992);
#2990 = CARTESIAN_POINT('',(-11.56,9.78,0.));
#2991 = DIRECTION('',(-0.,0.,-1.));
#2992 = DIRECTION('',(-0.55472797383,-0.832031775265,0.));
#2993 = ORIENTED_EDGE('',*,*,#2994,.F.);
#2994 = EDGE_CURVE('',#2995,#2986,#2997,.T.);
#2995 = VERTEX_POINT('',#2996);
#2996 = CARTESIAN_POINT('',(-12.45943812839,5.933161174687,0.));
#2997 = CIRCLE('',#2998,1.4);
#2998 = AXIS2_PLACEMENT_3D('',#2999,#3000,#3001);
#2999 = CARTESIAN_POINT('',(-13.72343909793,6.535076076467,0.));
#3000 = DIRECTION('',(-0.,0.,1.));
#3001 = DIRECTION('',(0.902857835391,-0.429939215557,0.));
#3002 = ORIENTED_EDGE('',*,*,#3003,.F.);
#3003 = EDGE_CURVE('',#3004,#2995,#3006,.T.);
#3004 = VERTEX_POINT('',#3005);
#3005 = CARTESIAN_POINT('',(-11.61163618203,-7.457204917128,0.));
#3006 = CIRCLE('',#3007,13.8);
#3007 = AXIS2_PLACEMENT_3D('',#3008,#3009,#3010);
#3008 = CARTESIAN_POINT('',(0.,0.,0.));
#3009 = DIRECTION('',(-0.,0.,-1.));
#3010 = DIRECTION('',(-0.841422911742,-0.540377167908,0.));
#3011 = ORIENTED_EDGE('',*,*,#3012,.F.);
#3012 = EDGE_CURVE('',#3013,#3004,#3015,.T.);
#3013 = VERTEX_POINT('',#3014);
#3014 = CARTESIAN_POINT('',(-14.27183362614,-11.06698665035,0.));
#3015 = CIRCLE('',#3016,2.4);
#3016 = AXIS2_PLACEMENT_3D('',#3017,#3018,#3019);
#3017 = CARTESIAN_POINT('',(-13.63105117021,-8.754110120107,0.));
#3018 = DIRECTION('',(0.,0.,1.));
#3019 = DIRECTION('',(-0.266992689969,-0.96369855427,0.));
#3020 = ORIENTED_EDGE('',*,*,#3021,.F.);
#3021 = EDGE_CURVE('',#3022,#3013,#3024,.T.);
#3022 = VERTEX_POINT('',#3023);
#3023 = CARTESIAN_POINT('',(-16.48571428571,-11.00685329118,-1.E-15));
#3024 = CIRCLE('',#3025,4.6);
#3025 = AXIS2_PLACEMENT_3D('',#3026,#3027,#3028);
#3026 = CARTESIAN_POINT('',(-15.5,-15.5,0.));
#3027 = DIRECTION('',(0.,0.,-1.));
#3028 = DIRECTION('',(-0.214285714286,0.976771023656,0.));
#3029 = ORIENTED_EDGE('',*,*,#3030,.F.);
#3030 = EDGE_CURVE('',#2951,#3022,#3031,.T.);
#3031 = CIRCLE('',#3032,2.4);
#3032 = AXIS2_PLACEMENT_3D('',#3033,#3034,#3035);
#3033 = CARTESIAN_POINT('',(-17.,-8.662602834411,0.));
#3034 = DIRECTION('',(0.,0.,1.));
#3035 = DIRECTION('',(-1.,0.,0.));
#3036 = FACE_BOUND('',#3037,.F.);
#3037 = EDGE_LOOP('',(#3038,#3048,#3057,#3066,#3075,#3084,#3093,#3102,
    #3111,#3120));
#3038 = ORIENTED_EDGE('',*,*,#3039,.F.);
#3039 = EDGE_CURVE('',#3040,#3042,#3044,.T.);
#3040 = VERTEX_POINT('',#3041);
#3041 = CARTESIAN_POINT('',(-8.662602834411,-19.4,0.));
#3042 = VERTEX_POINT('',#3043);
#3043 = CARTESIAN_POINT('',(8.662602834411,-19.4,0.));
#3044 = LINE('',#3045,#3046);
#3045 = CARTESIAN_POINT('',(-8.662602834411,-19.4,0.));
#3046 = VECTOR('',#3047,1.);
#3047 = DIRECTION('',(1.,0.,0.));
#3048 = ORIENTED_EDGE('',*,*,#3049,.F.);
#3049 = EDGE_CURVE('',#3050,#3040,#3052,.T.);
#3050 = VERTEX_POINT('',#3051);
#3051 = CARTESIAN_POINT('',(-11.00685329118,-16.48571428571,0.));
#3052 = CIRCLE('',#3053,2.4);
#3053 = AXIS2_PLACEMENT_3D('',#3054,#3055,#3056);
#3054 = CARTESIAN_POINT('',(-8.662602834411,-17.,0.));
#3055 = DIRECTION('',(0.,0.,1.));
#3056 = DIRECTION('',(-0.976771023656,0.214285714286,0.));
#3057 = ORIENTED_EDGE('',*,*,#3058,.F.);
#3058 = EDGE_CURVE('',#3059,#3050,#3061,.T.);
#3059 = VERTEX_POINT('',#3060);
#3060 = CARTESIAN_POINT('',(-11.06698665035,-14.27183362614,0.));
#3061 = CIRCLE('',#3062,4.6);
#3062 = AXIS2_PLACEMENT_3D('',#3063,#3064,#3065);
#3063 = CARTESIAN_POINT('',(-15.5,-15.5,0.));
#3064 = DIRECTION('',(0.,0.,-1.));
#3065 = DIRECTION('',(0.96369855427,0.266992689969,0.));
#3066 = ORIENTED_EDGE('',*,*,#3067,.F.);
#3067 = EDGE_CURVE('',#3068,#3059,#3070,.T.);
#3068 = VERTEX_POINT('',#3069);
#3069 = CARTESIAN_POINT('',(-7.457204917128,-11.61163618203,0.));
#3070 = CIRCLE('',#3071,2.4);
#3071 = AXIS2_PLACEMENT_3D('',#3072,#3073,#3074);
#3072 = CARTESIAN_POINT('',(-8.754110120107,-13.63105117021,0.));
#3073 = DIRECTION('',(0.,-0.,1.));
#3074 = DIRECTION('',(0.540377167908,0.841422911742,0.));
#3075 = ORIENTED_EDGE('',*,*,#3076,.F.);
#3076 = EDGE_CURVE('',#3077,#3068,#3079,.T.);
#3077 = VERTEX_POINT('',#3078);
#3078 = CARTESIAN_POINT('',(5.795666442615,-12.52398700438,0.));
#3079 = CIRCLE('',#3080,13.8);
#3080 = AXIS2_PLACEMENT_3D('',#3081,#3082,#3083);
#3081 = CARTESIAN_POINT('',(0.,0.,0.));
#3082 = DIRECTION('',(0.,-0.,-1.));
#3083 = DIRECTION('',(0.419975829175,-0.907535290173,0.));
#3084 = ORIENTED_EDGE('',*,*,#3085,.F.);
#3085 = EDGE_CURVE('',#3086,#3077,#3088,.T.);
#3086 = VERTEX_POINT('',#3087);
#3087 = CARTESIAN_POINT('',(7.510597576131,-12.96390415121,0.));
#3088 = CIRCLE('',#3089,1.4);
#3089 = AXIS2_PLACEMENT_3D('',#3090,#3091,#3092);
#3090 = CARTESIAN_POINT('',(6.38363260346,-13.79453641062,0.));
#3091 = DIRECTION('',(0.,-0.,1.));
#3092 = DIRECTION('',(0.804974980479,0.593308756722,0.));
#3093 = ORIENTED_EDGE('',*,*,#3094,.F.);
#3094 = EDGE_CURVE('',#3095,#3086,#3097,.T.);
#3095 = VERTEX_POINT('',#3096);
#3096 = CARTESIAN_POINT('',(9.810282922059,-14.45852664806,0.));
#3097 = CIRCLE('',#3098,3.9);
#3098 = AXIS2_PLACEMENT_3D('',#3099,#3100,#3101);
#3099 = CARTESIAN_POINT('',(10.65,-10.65,0.));
#3100 = DIRECTION('',(-0.,0.,-1.));
#3101 = DIRECTION('',(-0.215312071267,-0.976545294375,0.));
#3102 = ORIENTED_EDGE('',*,*,#3103,.F.);
#3103 = EDGE_CURVE('',#3104,#3095,#3106,.T.);
#3104 = VERTEX_POINT('',#3105);
#3105 = CARTESIAN_POINT('',(10.906781950418,-15.74969571281,0.));
#3106 = CIRCLE('',#3107,1.4);
#3107 = AXIS2_PLACEMENT_3D('',#3108,#3109,#3110);
#3108 = CARTESIAN_POINT('',(9.508846022285,-15.82569006019,0.));
#3109 = DIRECTION('',(0.,-0.,1.));
#3110 = DIRECTION('',(0.998525662953,5.428167669825E-02,0.));
#3111 = ORIENTED_EDGE('',*,*,#3112,.F.);
#3112 = EDGE_CURVE('',#3113,#3104,#3115,.T.);
#3113 = VERTEX_POINT('',#3114);
#3114 = CARTESIAN_POINT('',(11.006853291185,-16.48571428571,0.));
#3115 = CIRCLE('',#3116,4.6);
#3116 = AXIS2_PLACEMENT_3D('',#3117,#3118,#3119);
#3117 = CARTESIAN_POINT('',(15.5,-15.5,0.));
#3118 = DIRECTION('',(-0.,0.,-1.));
#3119 = DIRECTION('',(-0.976771023656,-0.214285714286,0.));
#3120 = ORIENTED_EDGE('',*,*,#3121,.F.);
#3121 = EDGE_CURVE('',#3042,#3113,#3122,.T.);
#3122 = CIRCLE('',#3123,2.4);
#3123 = AXIS2_PLACEMENT_3D('',#3124,#3125,#3126);
#3124 = CARTESIAN_POINT('',(8.662602834411,-17.,0.));
#3125 = DIRECTION('',(-0.,0.,1.));
#3126 = DIRECTION('',(0.,-1.,0.));
#3127 = FACE_BOUND('',#3128,.F.);
#3128 = EDGE_LOOP('',(#3129));
#3129 = ORIENTED_EDGE('',*,*,#3130,.F.);
#3130 = EDGE_CURVE('',#3131,#3131,#3133,.T.);
#3131 = VERTEX_POINT('',#3132);
#3132 = CARTESIAN_POINT('',(17.6,-15.5,0.));
#3133 = CIRCLE('',#3134,2.1);
#3134 = AXIS2_PLACEMENT_3D('',#3135,#3136,#3137);
#3135 = CARTESIAN_POINT('',(15.5,-15.5,0.));
#3136 = DIRECTION('',(0.,0.,1.));
#3137 = DIRECTION('',(1.,0.,0.));
#3138 = FACE_BOUND('',#3139,.F.);
#3139 = EDGE_LOOP('',(#3140));
#3140 = ORIENTED_EDGE('',*,*,#3141,.F.);
#3141 = EDGE_CURVE('',#3142,#3142,#3144,.T.);
#3142 = VERTEX_POINT('',#3143);
#3143 = CARTESIAN_POINT('',(-13.4,15.5,0.));
#3144 = CIRCLE('',#3145,2.1);
#3145 = AXIS2_PLACEMENT_3D('',#3146,#3147,#3148);
#3146 = CARTESIAN_POINT('',(-15.5,15.5,0.));
#3147 = DIRECTION('',(-0.,0.,1.));
#3148 = DIRECTION('',(1.,-1.04E-15,0.));
#3149 = FACE_BOUND('',#3150,.F.);
#3150 = EDGE_LOOP('',(#3151));
#3151 = ORIENTED_EDGE('',*,*,#3152,.F.);
#3152 = EDGE_CURVE('',#3153,#3153,#3155,.T.);
#3153 = VERTEX_POINT('',#3154);
#3154 = CARTESIAN_POINT('',(11.55,0.,0.));
#3155 = CIRCLE('',#3156,11.55);
#3156 = AXIS2_PLACEMENT_3D('',#3157,#3158,#3159);
#3157 = CARTESIAN_POINT('',(0.,0.,0.));
#3158 = DIRECTION('',(0.,0.,1.));
#3159 = DIRECTION('',(1.,0.,0.));
#3160 = FACE_BOUND('',#3161,.F.);
#3161 = EDGE_LOOP('',(#3162,#3172,#3181,#3190,#3199,#3208,#3217,#3226));
#3162 = ORIENTED_EDGE('',*,*,#3163,.T.);
#3163 = EDGE_CURVE('',#3164,#3166,#3168,.T.);
#3164 = VERTEX_POINT('',#3165);
#3165 = CARTESIAN_POINT('',(15.8,9.601695158777,0.));
#3166 = VERTEX_POINT('',#3167);
#3167 = CARTESIAN_POINT('',(15.8,-6.904669573989,1.E-15));
#3168 = LINE('',#3169,#3170);
#3169 = CARTESIAN_POINT('',(15.8,9.601695158777,0.));
#3170 = VECTOR('',#3171,1.);
#3171 = DIRECTION('',(0.,-1.,0.));
#3172 = ORIENTED_EDGE('',*,*,#3173,.T.);
#3173 = EDGE_CURVE('',#3166,#3174,#3176,.T.);
#3174 = VERTEX_POINT('',#3175);
#3175 = CARTESIAN_POINT('',(13.409433962264,-7.894002139351,0.));
#3176 = CIRCLE('',#3177,1.4);
#3177 = AXIS2_PLACEMENT_3D('',#3178,#3179,#3180);
#3178 = CARTESIAN_POINT('',(14.4,-6.90466957399,0.));
#3179 = DIRECTION('',(0.,0.,-1.));
#3180 = DIRECTION('',(1.,0.,0.));
#3181 = ORIENTED_EDGE('',*,*,#3182,.T.);
#3182 = EDGE_CURVE('',#3174,#3183,#3185,.T.);
#3183 = VERTEX_POINT('',#3184);
#3184 = CARTESIAN_POINT('',(12.963904151214,-7.510597576131,0.));
#3185 = CIRCLE('',#3186,3.9);
#3186 = AXIS2_PLACEMENT_3D('',#3187,#3188,#3189);
#3187 = CARTESIAN_POINT('',(10.65,-10.65,0.));
#3188 = DIRECTION('',(0.,-0.,1.));
#3189 = DIRECTION('',(0.707547169811,0.706666118115,0.));
#3190 = ORIENTED_EDGE('',*,*,#3191,.T.);
#3191 = EDGE_CURVE('',#3183,#3192,#3194,.T.);
#3192 = VERTEX_POINT('',#3193);
#3193 = CARTESIAN_POINT('',(12.523987004383,-5.795666442615,0.));
#3194 = CIRCLE('',#3195,1.4);
#3195 = AXIS2_PLACEMENT_3D('',#3196,#3197,#3198);
#3196 = CARTESIAN_POINT('',(13.794536410624,-6.38363260346,0.));
#3197 = DIRECTION('',(-0.,0.,-1.));
#3198 = DIRECTION('',(-0.593308756722,-0.804974980479,0.));
#3199 = ORIENTED_EDGE('',*,*,#3200,.T.);
#3200 = EDGE_CURVE('',#3192,#3201,#3203,.T.);
#3201 = VERTEX_POINT('',#3202);
#3202 = CARTESIAN_POINT('',(11.611636182036,7.457204917128,0.));
#3203 = CIRCLE('',#3204,13.8);
#3204 = AXIS2_PLACEMENT_3D('',#3205,#3206,#3207);
#3205 = CARTESIAN_POINT('',(0.,0.,0.));
#3206 = DIRECTION('',(-0.,0.,1.));
#3207 = DIRECTION('',(0.907535290173,-0.419975829175,0.));
#3208 = ORIENTED_EDGE('',*,*,#3209,.T.);
#3209 = EDGE_CURVE('',#3201,#3210,#3212,.T.);
#3210 = VERTEX_POINT('',#3211);
#3211 = CARTESIAN_POINT('',(14.271833626142,11.066986650356,0.));
#3212 = CIRCLE('',#3213,2.4);
#3213 = AXIS2_PLACEMENT_3D('',#3214,#3215,#3216);
#3214 = CARTESIAN_POINT('',(13.631051170216,8.754110120107,0.));
#3215 = DIRECTION('',(-0.,0.,-1.));
#3216 = DIRECTION('',(-0.841422911742,-0.540377167908,0.));
#3217 = ORIENTED_EDGE('',*,*,#3218,.T.);
#3218 = EDGE_CURVE('',#3210,#3219,#3221,.T.);
#3219 = VERTEX_POINT('',#3220);
#3220 = CARTESIAN_POINT('',(14.656666666667,10.977966288395,0.));
#3221 = CIRCLE('',#3222,4.6);
#3222 = AXIS2_PLACEMENT_3D('',#3223,#3224,#3225);
#3223 = CARTESIAN_POINT('',(15.5,15.5,0.));
#3224 = DIRECTION('',(0.,0.,1.));
#3225 = DIRECTION('',(-0.266992689969,-0.96369855427,0.));
#3226 = ORIENTED_EDGE('',*,*,#3227,.T.);
#3227 = EDGE_CURVE('',#3219,#3164,#3228,.T.);
#3228 = CIRCLE('',#3229,1.4);
#3229 = AXIS2_PLACEMENT_3D('',#3230,#3231,#3232);
#3230 = CARTESIAN_POINT('',(14.4,9.601695158777,0.));
#3231 = DIRECTION('',(0.,0.,-1.));
#3232 = DIRECTION('',(0.183333333333,0.983050806871,0.));
#3233 = FACE_BOUND('',#3234,.F.);
#3234 = EDGE_LOOP('',(#3235,#3245,#3254,#3263,#3272,#3281,#3290,#3299));
#3235 = ORIENTED_EDGE('',*,*,#3236,.T.);
#3236 = EDGE_CURVE('',#3237,#3239,#3241,.T.);
#3237 = VERTEX_POINT('',#3238);
#3238 = CARTESIAN_POINT('',(-8.662602834411,19.4,0.));
#3239 = VERTEX_POINT('',#3240);
#3240 = CARTESIAN_POINT('',(8.662602834411,19.4,0.));
#3241 = LINE('',#3242,#3243);
#3242 = CARTESIAN_POINT('',(-8.662602834411,19.4,0.));
#3243 = VECTOR('',#3244,1.);
#3244 = DIRECTION('',(1.,0.,0.));
#3245 = ORIENTED_EDGE('',*,*,#3246,.T.);
#3246 = EDGE_CURVE('',#3239,#3247,#3249,.T.);
#3247 = VERTEX_POINT('',#3248);
#3248 = CARTESIAN_POINT('',(11.006853291185,16.485714285714,0.));
#3249 = CIRCLE('',#3250,2.4);
#3250 = AXIS2_PLACEMENT_3D('',#3251,#3252,#3253);
#3251 = CARTESIAN_POINT('',(8.662602834411,17.,0.));
#3252 = DIRECTION('',(0.,0.,-1.));
#3253 = DIRECTION('',(0.,1.,0.));
#3254 = ORIENTED_EDGE('',*,*,#3255,.T.);
#3255 = EDGE_CURVE('',#3247,#3256,#3258,.T.);
#3256 = VERTEX_POINT('',#3257);
#3257 = CARTESIAN_POINT('',(11.066986650356,14.271833626142,0.));
#3258 = CIRCLE('',#3259,4.6);
#3259 = AXIS2_PLACEMENT_3D('',#3260,#3261,#3262);
#3260 = CARTESIAN_POINT('',(15.5,15.5,0.));
#3261 = DIRECTION('',(0.,0.,1.));
#3262 = DIRECTION('',(-0.976771023656,0.214285714286,0.));
#3263 = ORIENTED_EDGE('',*,*,#3264,.T.);
#3264 = EDGE_CURVE('',#3256,#3265,#3267,.T.);
#3265 = VERTEX_POINT('',#3266);
#3266 = CARTESIAN_POINT('',(7.457204917128,11.611636182036,0.));
#3267 = CIRCLE('',#3268,2.4);
#3268 = AXIS2_PLACEMENT_3D('',#3269,#3270,#3271);
#3269 = CARTESIAN_POINT('',(8.754110120107,13.631051170216,0.));
#3270 = DIRECTION('',(0.,0.,-1.));
#3271 = DIRECTION('',(0.96369855427,0.266992689969,0.));
#3272 = ORIENTED_EDGE('',*,*,#3273,.T.);
#3273 = EDGE_CURVE('',#3265,#3274,#3276,.T.);
#3274 = VERTEX_POINT('',#3275);
#3275 = CARTESIAN_POINT('',(-7.457204917128,11.611636182036,0.));
#3276 = CIRCLE('',#3277,13.8);
#3277 = AXIS2_PLACEMENT_3D('',#3278,#3279,#3280);
#3278 = CARTESIAN_POINT('',(0.,0.,0.));
#3279 = DIRECTION('',(0.,-0.,1.));
#3280 = DIRECTION('',(0.540377167908,0.841422911742,0.));
#3281 = ORIENTED_EDGE('',*,*,#3282,.T.);
#3282 = EDGE_CURVE('',#3274,#3283,#3285,.T.);
#3283 = VERTEX_POINT('',#3284);
#3284 = CARTESIAN_POINT('',(-11.06698665035,14.271833626142,0.));
#3285 = CIRCLE('',#3286,2.4);
#3286 = AXIS2_PLACEMENT_3D('',#3287,#3288,#3289);
#3287 = CARTESIAN_POINT('',(-8.754110120107,13.631051170216,0.));
#3288 = DIRECTION('',(0.,-0.,-1.));
#3289 = DIRECTION('',(0.540377167908,-0.841422911742,0.));
#3290 = ORIENTED_EDGE('',*,*,#3291,.T.);
#3291 = EDGE_CURVE('',#3283,#3292,#3294,.T.);
#3292 = VERTEX_POINT('',#3293);
#3293 = CARTESIAN_POINT('',(-11.00685329118,16.485714285714,0.));
#3294 = CIRCLE('',#3295,4.6);
#3295 = AXIS2_PLACEMENT_3D('',#3296,#3297,#3298);
#3296 = CARTESIAN_POINT('',(-15.5,15.5,0.));
#3297 = DIRECTION('',(-0.,0.,1.));
#3298 = DIRECTION('',(0.96369855427,-0.266992689969,0.));
#3299 = ORIENTED_EDGE('',*,*,#3300,.T.);
#3300 = EDGE_CURVE('',#3292,#3237,#3301,.T.);
#3301 = CIRCLE('',#3302,2.4);
#3302 = AXIS2_PLACEMENT_3D('',#3303,#3304,#3305);
#3303 = CARTESIAN_POINT('',(-8.662602834411,17.,0.));
#3304 = DIRECTION('',(-0.,0.,-1.));
#3305 = DIRECTION('',(-0.976771023656,-0.214285714286,0.));
#3306 = FACE_BOUND('',#3307,.F.);
#3307 = EDGE_LOOP('',(#3308));
#3308 = ORIENTED_EDGE('',*,*,#3309,.F.);
#3309 = EDGE_CURVE('',#3310,#3310,#3312,.T.);
#3310 = VERTEX_POINT('',#3311);
#3311 = CARTESIAN_POINT('',(17.6,15.5,0.));
#3312 = CIRCLE('',#3313,2.1);
#3313 = AXIS2_PLACEMENT_3D('',#3314,#3315,#3316);
#3314 = CARTESIAN_POINT('',(15.5,15.5,0.));
#3315 = DIRECTION('',(-0.,0.,1.));
#3316 = DIRECTION('',(1.,-1.04E-15,0.));
#3317 = PLANE('',#3318);
#3318 = AXIS2_PLACEMENT_3D('',#3319,#3320,#3321);
#3319 = CARTESIAN_POINT('',(0.8619558623,-4.8619558623,0.));
#3320 = DIRECTION('',(0.,0.,1.));
#3321 = DIRECTION('',(1.,0.,0.));
#3322 = ADVANCED_FACE('',(#3323),#3334,.T.);
#3323 = FACE_BOUND('',#3324,.F.);
#3324 = EDGE_LOOP('',(#3325,#3331,#3332,#3333));
#3325 = ORIENTED_EDGE('',*,*,#3326,.F.);
#3326 = EDGE_CURVE('',#1937,#1621,#3327,.T.);
#3327 = LINE('',#3328,#3329);
#3328 = CARTESIAN_POINT('',(22.979898987322,-24.72989898732,29.8));
#3329 = VECTOR('',#3330,1.);
#3330 = DIRECTION('',(0.5,-0.5,-0.707106781187));
#3331 = ORIENTED_EDGE('',*,*,#1944,.T.);
#3332 = ORIENTED_EDGE('',*,*,#1587,.T.);
#3333 = ORIENTED_EDGE('',*,*,#1628,.F.);
#3334 = CONICAL_SURFACE('',#3335,3.,0.785398163397);
#3335 = AXIS2_PLACEMENT_3D('',#3336,#3337,#3338);
#3336 = CARTESIAN_POINT('',(21.,-22.75,29.6));
#3337 = DIRECTION('',(-0.,-0.,-1.));
#3338 = DIRECTION('',(0.707106781187,-0.707106781187,0.));
#3339 = ADVANCED_FACE('',(#3340),#3365,.F.);
#3340 = FACE_BOUND('',#3341,.F.);
#3341 = EDGE_LOOP('',(#3342,#3352,#3358,#3359));
#3342 = ORIENTED_EDGE('',*,*,#3343,.T.);
#3343 = EDGE_CURVE('',#3344,#3346,#3348,.T.);
#3344 = VERTEX_POINT('',#3345);
#3345 = CARTESIAN_POINT('',(20.87132034356,-27.12132034356,0.4));
#3346 = VERTEX_POINT('',#3347);
#3347 = CARTESIAN_POINT('',(20.87132034356,-27.12132034356,29.6));
#3348 = LINE('',#3349,#3350);
#3349 = CARTESIAN_POINT('',(20.87132034356,-27.12132034356,0.));
#3350 = VECTOR('',#3351,1.);
#3351 = DIRECTION('',(0.,0.,1.));
#3352 = ORIENTED_EDGE('',*,*,#3353,.T.);
#3353 = EDGE_CURVE('',#3346,#1621,#3354,.T.);
#3354 = LINE('',#3355,#3356);
#3355 = CARTESIAN_POINT('',(20.87132034356,-27.12132034356,29.6));
#3356 = VECTOR('',#3357,1.);
#3357 = DIRECTION('',(0.707106781187,0.707106781187,0.));
#3358 = ORIENTED_EDGE('',*,*,#1618,.F.);
#3359 = ORIENTED_EDGE('',*,*,#3360,.F.);
#3360 = EDGE_CURVE('',#3344,#1619,#3361,.T.);
#3361 = LINE('',#3362,#3363);
#3362 = CARTESIAN_POINT('',(20.87132034356,-27.12132034356,0.4));
#3363 = VECTOR('',#3364,1.);
#3364 = DIRECTION('',(0.707106781187,0.707106781187,0.));
#3365 = PLANE('',#3366);
#3366 = AXIS2_PLACEMENT_3D('',#3367,#3368,#3369);
#3367 = CARTESIAN_POINT('',(20.87132034356,-27.12132034356,0.));
#3368 = DIRECTION('',(-0.707106781187,0.707106781187,0.));
#3369 = DIRECTION('',(0.707106781187,0.707106781187,0.));
#3370 = ADVANCED_FACE('',(#3371),#3382,.F.);
#3371 = FACE_BOUND('',#3372,.F.);
#3372 = EDGE_LOOP('',(#3373,#3374,#3375,#3381));
#3373 = ORIENTED_EDGE('',*,*,#1736,.F.);
#3374 = ORIENTED_EDGE('',*,*,#1955,.T.);
#3375 = ORIENTED_EDGE('',*,*,#3376,.T.);
#3376 = EDGE_CURVE('',#1956,#1698,#3377,.T.);
#3377 = LINE('',#3378,#3379);
#3378 = CARTESIAN_POINT('',(34.8,21.,29.8));
#3379 = VECTOR('',#3380,1.);
#3380 = DIRECTION('',(0.707106781187,0.,-0.707106781187));
#3381 = ORIENTED_EDGE('',*,*,#1712,.F.);
#3382 = PLANE('',#3383);
#3383 = AXIS2_PLACEMENT_3D('',#3384,#3385,#3386);
#3384 = CARTESIAN_POINT('',(34.8,13.25,29.8));
#3385 = DIRECTION('',(-0.707106781187,0.,-0.707106781187));
#3386 = DIRECTION('',(0.,1.,0.));
#3387 = ADVANCED_FACE('',(#3388),#3415,.F.);
#3388 = FACE_BOUND('',#3389,.F.);
#3389 = EDGE_LOOP('',(#3390,#3391,#3392,#3399,#3406,#3407,#3408,#3414));
#3390 = ORIENTED_EDGE('',*,*,#2129,.F.);
#3391 = ORIENTED_EDGE('',*,*,#1780,.F.);
#3392 = ORIENTED_EDGE('',*,*,#3393,.F.);
#3393 = EDGE_CURVE('',#3394,#1781,#3396,.T.);
#3394 = VERTEX_POINT('',#3395);
#3395 = CARTESIAN_POINT('',(18.5,15.5,13.));
#3396 = B_SPLINE_CURVE_WITH_KNOTS('',1,(#3397,#3398),.UNSPECIFIED.,.F.,
  .F.,(2,2),(-21.,-4.),.PIECEWISE_BEZIER_KNOTS.);
#3397 = CARTESIAN_POINT('',(18.5,15.5,13.));
#3398 = CARTESIAN_POINT('',(18.5,15.5,30.));
#3399 = ORIENTED_EDGE('',*,*,#3400,.T.);
#3400 = EDGE_CURVE('',#3394,#3394,#3401,.T.);
#3401 = CIRCLE('',#3402,3.);
#3402 = AXIS2_PLACEMENT_3D('',#3403,#3404,#3405);
#3403 = CARTESIAN_POINT('',(15.5,15.5,13.));
#3404 = DIRECTION('',(0.,0.,1.));
#3405 = DIRECTION('',(1.,0.,0.));
#3406 = ORIENTED_EDGE('',*,*,#3393,.T.);
#3407 = ORIENTED_EDGE('',*,*,#1789,.F.);
#3408 = ORIENTED_EDGE('',*,*,#3409,.T.);
#3409 = EDGE_CURVE('',#1790,#2217,#3410,.T.);
#3410 = LINE('',#3411,#3412);
#3411 = CARTESIAN_POINT('',(15.2,12.51503768868,30.));
#3412 = VECTOR('',#3413,1.);
#3413 = DIRECTION('',(0.,0.,1.));
#3414 = ORIENTED_EDGE('',*,*,#2225,.F.);
#3415 = CYLINDRICAL_SURFACE('',#3416,3.);
#3416 = AXIS2_PLACEMENT_3D('',#3417,#3418,#3419);
#3417 = CARTESIAN_POINT('',(15.5,15.5,34.));
#3418 = DIRECTION('',(0.,0.,1.));
#3419 = DIRECTION('',(1.,0.,0.));
#3420 = ADVANCED_FACE('',(#3421),#3427,.T.);
#3421 = FACE_BOUND('',#3422,.F.);
#3422 = EDGE_LOOP('',(#3423,#3424,#3425,#3426));
#3423 = ORIENTED_EDGE('',*,*,#3376,.F.);
#3424 = ORIENTED_EDGE('',*,*,#1963,.T.);
#3425 = ORIENTED_EDGE('',*,*,#2105,.T.);
#3426 = ORIENTED_EDGE('',*,*,#2090,.F.);
#3427 = CONICAL_SURFACE('',#3428,1.,0.785398163397);
#3428 = AXIS2_PLACEMENT_3D('',#3429,#3430,#3431);
#3429 = CARTESIAN_POINT('',(34.,21.,29.6));
#3430 = DIRECTION('',(-0.,-0.,-1.));
#3431 = DIRECTION('',(1.,0.,0.));
#3432 = ADVANCED_FACE('',(#3433),#3444,.T.);
#3433 = FACE_BOUND('',#3434,.F.);
#3434 = EDGE_LOOP('',(#3435,#3441,#3442,#3443));
#3435 = ORIENTED_EDGE('',*,*,#3436,.T.);
#3436 = EDGE_CURVE('',#1799,#2209,#3437,.T.);
#3437 = LINE('',#3438,#3439);
#3438 = CARTESIAN_POINT('',(17.,10.525062814467,30.));
#3439 = VECTOR('',#3440,1.);
#3440 = DIRECTION('',(0.,0.,1.));
#3441 = ORIENTED_EDGE('',*,*,#2216,.T.);
#3442 = ORIENTED_EDGE('',*,*,#3409,.F.);
#3443 = ORIENTED_EDGE('',*,*,#1798,.F.);
#3444 = CYLINDRICAL_SURFACE('',#3445,2.);
#3445 = AXIS2_PLACEMENT_3D('',#3446,#3447,#3448);
#3446 = CARTESIAN_POINT('',(15.,10.525062814467,30.));
#3447 = DIRECTION('',(-0.,-0.,-1.));
#3448 = DIRECTION('',(1.,0.,0.));
#3449 = ADVANCED_FACE('',(#3450),#3461,.T.);
#3450 = FACE_BOUND('',#3451,.T.);
#3451 = EDGE_LOOP('',(#3452,#3453,#3454,#3460));
#3452 = ORIENTED_EDGE('',*,*,#3436,.T.);
#3453 = ORIENTED_EDGE('',*,*,#2208,.T.);
#3454 = ORIENTED_EDGE('',*,*,#3455,.F.);
#3455 = EDGE_CURVE('',#1808,#2200,#3456,.T.);
#3456 = LINE('',#3457,#3458);
#3457 = CARTESIAN_POINT('',(17.,-10.52506281446,30.));
#3458 = VECTOR('',#3459,1.);
#3459 = DIRECTION('',(0.,0.,1.));
#3460 = ORIENTED_EDGE('',*,*,#1807,.F.);
#3461 = PLANE('',#3462);
#3462 = AXIS2_PLACEMENT_3D('',#3463,#3464,#3465);
#3463 = CARTESIAN_POINT('',(17.,10.525062814467,30.));
#3464 = DIRECTION('',(1.,0.,0.));
#3465 = DIRECTION('',(0.,-1.,0.));
#3466 = ADVANCED_FACE('',(#3467),#3478,.T.);
#3467 = FACE_BOUND('',#3468,.F.);
#3468 = EDGE_LOOP('',(#3469,#3475,#3476,#3477));
#3469 = ORIENTED_EDGE('',*,*,#3470,.T.);
#3470 = EDGE_CURVE('',#1816,#2191,#3471,.T.);
#3471 = LINE('',#3472,#3473);
#3472 = CARTESIAN_POINT('',(15.2,-12.51503768868,30.));
#3473 = VECTOR('',#3474,1.);
#3474 = DIRECTION('',(0.,0.,1.));
#3475 = ORIENTED_EDGE('',*,*,#2199,.T.);
#3476 = ORIENTED_EDGE('',*,*,#3455,.F.);
#3477 = ORIENTED_EDGE('',*,*,#1815,.F.);
#3478 = CYLINDRICAL_SURFACE('',#3479,2.);
#3479 = AXIS2_PLACEMENT_3D('',#3480,#3481,#3482);
#3480 = CARTESIAN_POINT('',(15.,-10.52506281446,30.));
#3481 = DIRECTION('',(-0.,-0.,-1.));
#3482 = DIRECTION('',(1.,0.,0.));
#3483 = ADVANCED_FACE('',(#3484),#3511,.F.);
#3484 = FACE_BOUND('',#3485,.F.);
#3485 = EDGE_LOOP('',(#3486,#3487,#3488,#3495,#3502,#3503,#3504,#3510));
#3486 = ORIENTED_EDGE('',*,*,#3470,.F.);
#3487 = ORIENTED_EDGE('',*,*,#1824,.F.);
#3488 = ORIENTED_EDGE('',*,*,#3489,.F.);
#3489 = EDGE_CURVE('',#3490,#1825,#3492,.T.);
#3490 = VERTEX_POINT('',#3491);
#3491 = CARTESIAN_POINT('',(18.5,-15.5,13.));
#3492 = B_SPLINE_CURVE_WITH_KNOTS('',1,(#3493,#3494),.UNSPECIFIED.,.F.,
  .F.,(2,2),(-21.,-4.),.PIECEWISE_BEZIER_KNOTS.);
#3493 = CARTESIAN_POINT('',(18.5,-15.5,13.));
#3494 = CARTESIAN_POINT('',(18.5,-15.5,30.));
#3495 = ORIENTED_EDGE('',*,*,#3496,.T.);
#3496 = EDGE_CURVE('',#3490,#3490,#3497,.T.);
#3497 = CIRCLE('',#3498,3.);
#3498 = AXIS2_PLACEMENT_3D('',#3499,#3500,#3501);
#3499 = CARTESIAN_POINT('',(15.5,-15.5,13.));
#3500 = DIRECTION('',(0.,0.,1.));
#3501 = DIRECTION('',(1.,0.,0.));
#3502 = ORIENTED_EDGE('',*,*,#3489,.T.);
#3503 = ORIENTED_EDGE('',*,*,#1833,.F.);
#3504 = ORIENTED_EDGE('',*,*,#3505,.T.);
#3505 = EDGE_CURVE('',#1834,#2182,#3506,.T.);
#3506 = LINE('',#3507,#3508);
#3507 = CARTESIAN_POINT('',(13.357571471437,-17.6,30.));
#3508 = VECTOR('',#3509,1.);
#3509 = DIRECTION('',(0.,0.,1.));
#3510 = ORIENTED_EDGE('',*,*,#2190,.F.);
#3511 = CYLINDRICAL_SURFACE('',#3512,3.);
#3512 = AXIS2_PLACEMENT_3D('',#3513,#3514,#3515);
#3513 = CARTESIAN_POINT('',(15.5,-15.5,34.));
#3514 = DIRECTION('',(0.,0.,1.));
#3515 = DIRECTION('',(1.,0.,0.));
#3516 = ADVANCED_FACE('',(#3517),#3528,.T.);
#3517 = FACE_BOUND('',#3518,.F.);
#3518 = EDGE_LOOP('',(#3519,#3525,#3526,#3527));
#3519 = ORIENTED_EDGE('',*,*,#3520,.T.);
#3520 = EDGE_CURVE('',#1843,#2174,#3521,.T.);
#3521 = LINE('',#3522,#3523);
#3522 = CARTESIAN_POINT('',(11.929285785729,-21.,30.));
#3523 = VECTOR('',#3524,1.);
#3524 = DIRECTION('',(0.,0.,1.));
#3525 = ORIENTED_EDGE('',*,*,#2181,.T.);
#3526 = ORIENTED_EDGE('',*,*,#3505,.F.);
#3527 = ORIENTED_EDGE('',*,*,#1842,.F.);
#3528 = CYLINDRICAL_SURFACE('',#3529,2.);
#3529 = AXIS2_PLACEMENT_3D('',#3530,#3531,#3532);
#3530 = CARTESIAN_POINT('',(11.929285785729,-19.,30.));
#3531 = DIRECTION('',(-0.,-0.,-1.));
#3532 = DIRECTION('',(1.,0.,0.));
#3533 = ADVANCED_FACE('',(#3534),#3545,.F.);
#3534 = FACE_BOUND('',#3535,.F.);
#3535 = EDGE_LOOP('',(#3536,#3542,#3543,#3544));
#3536 = ORIENTED_EDGE('',*,*,#3537,.F.);
#3537 = EDGE_CURVE('',#1928,#3346,#3538,.T.);
#3538 = LINE('',#3539,#3540);
#3539 = CARTESIAN_POINT('',(20.87132034356,-27.12132034356,29.6));
#3540 = VECTOR('',#3541,1.);
#3541 = DIRECTION('',(0.5,-0.5,-0.707106781187));
#3542 = ORIENTED_EDGE('',*,*,#1936,.T.);
#3543 = ORIENTED_EDGE('',*,*,#3326,.T.);
#3544 = ORIENTED_EDGE('',*,*,#3353,.F.);
#3545 = PLANE('',#3546);
#3546 = AXIS2_PLACEMENT_3D('',#3547,#3548,#3549);
#3547 = CARTESIAN_POINT('',(20.729898987322,-26.97989898732,29.8));
#3548 = DIRECTION('',(-0.5,0.5,-0.707106781187));
#3549 = DIRECTION('',(0.707106781187,0.707106781187,0.));
#3550 = ADVANCED_FACE('',(#3551),#3562,.T.);
#3551 = FACE_BOUND('',#3552,.T.);
#3552 = EDGE_LOOP('',(#3553,#3554,#3555,#3561));
#3553 = ORIENTED_EDGE('',*,*,#3520,.T.);
#3554 = ORIENTED_EDGE('',*,*,#2173,.T.);
#3555 = ORIENTED_EDGE('',*,*,#3556,.F.);
#3556 = EDGE_CURVE('',#1852,#2165,#3557,.T.);
#3557 = LINE('',#3558,#3559);
#3558 = CARTESIAN_POINT('',(-24.,-21.,30.));
#3559 = VECTOR('',#3560,1.);
#3560 = DIRECTION('',(0.,0.,1.));
#3561 = ORIENTED_EDGE('',*,*,#1851,.F.);
#3562 = PLANE('',#3563);
#3563 = AXIS2_PLACEMENT_3D('',#3564,#3565,#3566);
#3564 = CARTESIAN_POINT('',(11.929285785729,-21.,30.));
#3565 = DIRECTION('',(0.,-1.,0.));
#3566 = DIRECTION('',(-1.,0.,0.));
#3567 = ADVANCED_FACE('',(#3568),#3587,.T.);
#3568 = FACE_BOUND('',#3569,.F.);
#3569 = EDGE_LOOP('',(#3570,#3578,#3579,#3580));
#3570 = ORIENTED_EDGE('',*,*,#3571,.F.);
#3571 = EDGE_CURVE('',#1920,#3572,#3574,.T.);
#3572 = VERTEX_POINT('',#3573);
#3573 = CARTESIAN_POINT('',(18.75,-28.,29.6));
#3574 = LINE('',#3575,#3576);
#3575 = CARTESIAN_POINT('',(18.75,-27.8,29.8));
#3576 = VECTOR('',#3577,1.);
#3577 = DIRECTION('',(0.,-0.707106781187,-0.707106781187));
#3578 = ORIENTED_EDGE('',*,*,#1927,.T.);
#3579 = ORIENTED_EDGE('',*,*,#3537,.T.);
#3580 = ORIENTED_EDGE('',*,*,#3581,.F.);
#3581 = EDGE_CURVE('',#3572,#3346,#3582,.T.);
#3582 = CIRCLE('',#3583,3.);
#3583 = AXIS2_PLACEMENT_3D('',#3584,#3585,#3586);
#3584 = CARTESIAN_POINT('',(18.75,-25.,29.6));
#3585 = DIRECTION('',(-0.,0.,1.));
#3586 = DIRECTION('',(0.,-1.,0.));
#3587 = CONICAL_SURFACE('',#3588,3.,0.785398163397);
#3588 = AXIS2_PLACEMENT_3D('',#3589,#3590,#3591);
#3589 = CARTESIAN_POINT('',(18.75,-25.,29.6));
#3590 = DIRECTION('',(-0.,-0.,-1.));
#3591 = DIRECTION('',(0.,-1.,0.));
#3592 = ADVANCED_FACE('',(#3593),#3613,.T.);
#3593 = FACE_BOUND('',#3594,.F.);
#3594 = EDGE_LOOP('',(#3595,#3596,#3605,#3611,#3612));
#3595 = ORIENTED_EDGE('',*,*,#1859,.F.);
#3596 = ORIENTED_EDGE('',*,*,#3597,.T.);
#3597 = EDGE_CURVE('',#1860,#3598,#3600,.T.);
#3598 = VERTEX_POINT('',#3599);
#3599 = CARTESIAN_POINT('',(-26.,-19.,29.6));
#3600 = ELLIPSE('',#3601,2.828427124746,2.);
#3601 = AXIS2_PLACEMENT_3D('',#3602,#3603,#3604);
#3602 = CARTESIAN_POINT('',(-24.,-19.,31.6));
#3603 = DIRECTION('',(0.707106781187,0.,-0.707106781187));
#3604 = DIRECTION('',(-0.707106781187,0.,-0.707106781187));
#3605 = ORIENTED_EDGE('',*,*,#3606,.F.);
#3606 = EDGE_CURVE('',#2155,#3598,#3607,.T.);
#3607 = LINE('',#3608,#3609);
#3608 = CARTESIAN_POINT('',(-26.,-19.,30.));
#3609 = VECTOR('',#3610,1.);
#3610 = DIRECTION('',(-0.,-0.,-1.));
#3611 = ORIENTED_EDGE('',*,*,#2164,.T.);
#3612 = ORIENTED_EDGE('',*,*,#3556,.F.);
#3613 = CYLINDRICAL_SURFACE('',#3614,2.);
#3614 = AXIS2_PLACEMENT_3D('',#3615,#3616,#3617);
#3615 = CARTESIAN_POINT('',(-24.,-19.,30.));
#3616 = DIRECTION('',(-0.,-0.,-1.));
#3617 = DIRECTION('',(1.,0.,0.));
#3618 = ADVANCED_FACE('',(#3619),#3637,.T.);
#3619 = FACE_BOUND('',#3620,.F.);
#3620 = EDGE_LOOP('',(#3621,#3629,#3630,#3631));
#3621 = ORIENTED_EDGE('',*,*,#3622,.F.);
#3622 = EDGE_CURVE('',#1911,#3623,#3625,.T.);
#3623 = VERTEX_POINT('',#3624);
#3624 = CARTESIAN_POINT('',(-0.86522368915,-28.,29.6));
#3625 = LINE('',#3626,#3627);
#3626 = CARTESIAN_POINT('',(-0.86522368915,-28.,29.6));
#3627 = VECTOR('',#3628,1.);
#3628 = DIRECTION('',(1.1E-16,-0.707106781187,-0.707106781187));
#3629 = ORIENTED_EDGE('',*,*,#1919,.T.);
#3630 = ORIENTED_EDGE('',*,*,#3571,.T.);
#3631 = ORIENTED_EDGE('',*,*,#3632,.F.);
#3632 = EDGE_CURVE('',#3623,#3572,#3633,.T.);
#3633 = LINE('',#3634,#3635);
#3634 = CARTESIAN_POINT('',(-0.86522368915,-28.,29.6));
#3635 = VECTOR('',#3636,1.);
#3636 = DIRECTION('',(1.,0.,0.));
#3637 = PLANE('',#3638);
#3638 = AXIS2_PLACEMENT_3D('',#3639,#3640,#3641);
#3639 = CARTESIAN_POINT('',(-0.86522368915,-27.8,29.8));
#3640 = DIRECTION('',(0.,-0.707106781187,0.707106781187));
#3641 = DIRECTION('',(-1.,-0.,-0.));
#3642 = ADVANCED_FACE('',(#3643),#3661,.T.);
#3643 = FACE_BOUND('',#3644,.F.);
#3644 = EDGE_LOOP('',(#3645,#3646,#3647,#3655));
#3645 = ORIENTED_EDGE('',*,*,#3597,.F.);
#3646 = ORIENTED_EDGE('',*,*,#1868,.T.);
#3647 = ORIENTED_EDGE('',*,*,#3648,.T.);
#3648 = EDGE_CURVE('',#1869,#3649,#3651,.T.);
#3649 = VERTEX_POINT('',#3650);
#3650 = CARTESIAN_POINT('',(-26.,-38.,29.6));
#3651 = LINE('',#3652,#3653);
#3652 = CARTESIAN_POINT('',(-25.8,-38.,29.8));
#3653 = VECTOR('',#3654,1.);
#3654 = DIRECTION('',(-0.707106781187,-0.,-0.707106781187));
#3655 = ORIENTED_EDGE('',*,*,#3656,.F.);
#3656 = EDGE_CURVE('',#3598,#3649,#3657,.T.);
#3657 = LINE('',#3658,#3659);
#3658 = CARTESIAN_POINT('',(-26.,-19.,29.6));
#3659 = VECTOR('',#3660,1.);
#3660 = DIRECTION('',(0.,-1.,0.));
#3661 = PLANE('',#3662);
#3662 = AXIS2_PLACEMENT_3D('',#3663,#3664,#3665);
#3663 = CARTESIAN_POINT('',(-25.8,-19.,29.8));
#3664 = DIRECTION('',(-0.707106781187,0.,0.707106781187));
#3665 = DIRECTION('',(0.,1.,0.));
#3666 = ADVANCED_FACE('',(#3667),#3686,.F.);
#3667 = FACE_BOUND('',#3668,.F.);
#3668 = EDGE_LOOP('',(#3669,#3677,#3678,#3679));
#3669 = ORIENTED_EDGE('',*,*,#3670,.F.);
#3670 = EDGE_CURVE('',#1903,#3671,#3673,.T.);
#3671 = VERTEX_POINT('',#3672);
#3672 = CARTESIAN_POINT('',(-7.936291501015,-30.92893218813,29.6));
#3673 = LINE('',#3674,#3675);
#3674 = CARTESIAN_POINT('',(-8.077712857253,-30.78751083189,29.8));
#3675 = VECTOR('',#3676,1.);
#3676 = DIRECTION('',(0.5,-0.5,-0.707106781187));
#3677 = ORIENTED_EDGE('',*,*,#1910,.T.);
#3678 = ORIENTED_EDGE('',*,*,#3622,.T.);
#3679 = ORIENTED_EDGE('',*,*,#3680,.F.);
#3680 = EDGE_CURVE('',#3671,#3623,#3681,.T.);
#3681 = CIRCLE('',#3682,10.);
#3682 = AXIS2_PLACEMENT_3D('',#3683,#3684,#3685);
#3683 = CARTESIAN_POINT('',(-0.86522368915,-38.,29.6));
#3684 = DIRECTION('',(0.,0.,-1.));
#3685 = DIRECTION('',(-0.707106781187,0.707106781187,0.));
#3686 = CONICAL_SURFACE('',#3687,10.,0.785398163397);
#3687 = AXIS2_PLACEMENT_3D('',#3688,#3689,#3690);
#3688 = CARTESIAN_POINT('',(-0.86522368915,-38.,29.6));
#3689 = DIRECTION('',(0.,0.,1.));
#3690 = DIRECTION('',(-0.707106781187,0.707106781187,0.));
#3691 = ADVANCED_FACE('',(#3692),#3711,.T.);
#3692 = FACE_BOUND('',#3693,.F.);
#3693 = EDGE_LOOP('',(#3694,#3695,#3696,#3704));
#3694 = ORIENTED_EDGE('',*,*,#3648,.F.);
#3695 = ORIENTED_EDGE('',*,*,#1876,.T.);
#3696 = ORIENTED_EDGE('',*,*,#3697,.T.);
#3697 = EDGE_CURVE('',#1877,#3698,#3700,.T.);
#3698 = VERTEX_POINT('',#3699);
#3699 = CARTESIAN_POINT('',(-25.,-39.,29.6));
#3700 = LINE('',#3701,#3702);
#3701 = CARTESIAN_POINT('',(-25.,-39.,29.6));
#3702 = VECTOR('',#3703,1.);
#3703 = DIRECTION('',(-4.E-17,-0.707106781187,-0.707106781187));
#3704 = ORIENTED_EDGE('',*,*,#3705,.F.);
#3705 = EDGE_CURVE('',#3649,#3698,#3706,.T.);
#3706 = CIRCLE('',#3707,1.);
#3707 = AXIS2_PLACEMENT_3D('',#3708,#3709,#3710);
#3708 = CARTESIAN_POINT('',(-25.,-38.,29.6));
#3709 = DIRECTION('',(0.,0.,1.));
#3710 = DIRECTION('',(-1.,0.,0.));
#3711 = CONICAL_SURFACE('',#3712,1.,0.785398163397);
#3712 = AXIS2_PLACEMENT_3D('',#3713,#3714,#3715);
#3713 = CARTESIAN_POINT('',(-25.,-38.,29.6));
#3714 = DIRECTION('',(-0.,-0.,-1.));
#3715 = DIRECTION('',(-1.,0.,0.));
#3716 = ADVANCED_FACE('',(#3717),#3735,.F.);
#3717 = FACE_BOUND('',#3718,.F.);
#3718 = EDGE_LOOP('',(#3719,#3727,#3728,#3729));
#3719 = ORIENTED_EDGE('',*,*,#3720,.F.);
#3720 = EDGE_CURVE('',#1894,#3721,#3723,.T.);
#3721 = VERTEX_POINT('',#3722);
#3722 = CARTESIAN_POINT('',(-15.12867965644,-38.12132034356,29.6));
#3723 = LINE('',#3724,#3725);
#3724 = CARTESIAN_POINT('',(-15.12867965644,-38.12132034356,29.6));
#3725 = VECTOR('',#3726,1.);
#3726 = DIRECTION('',(0.5,-0.5,-0.707106781187));
#3727 = ORIENTED_EDGE('',*,*,#1902,.T.);
#3728 = ORIENTED_EDGE('',*,*,#3670,.T.);
#3729 = ORIENTED_EDGE('',*,*,#3730,.F.);
#3730 = EDGE_CURVE('',#3721,#3671,#3731,.T.);
#3731 = LINE('',#3732,#3733);
#3732 = CARTESIAN_POINT('',(-15.12867965644,-38.12132034356,29.6));
#3733 = VECTOR('',#3734,1.);
#3734 = DIRECTION('',(0.707106781187,0.707106781187,0.));
#3735 = PLANE('',#3736);
#3736 = AXIS2_PLACEMENT_3D('',#3737,#3738,#3739);
#3737 = CARTESIAN_POINT('',(-15.27010101267,-37.97989898732,29.8));
#3738 = DIRECTION('',(-0.5,0.5,-0.707106781187));
#3739 = DIRECTION('',(0.707106781187,0.707106781187,2.775557561563E-17)
  );
#3740 = ADVANCED_FACE('',(#3741),#3759,.F.);
#3741 = FACE_BOUND('',#3742,.F.);
#3742 = EDGE_LOOP('',(#3743,#3744,#3745,#3753));
#3743 = ORIENTED_EDGE('',*,*,#3697,.F.);
#3744 = ORIENTED_EDGE('',*,*,#1885,.T.);
#3745 = ORIENTED_EDGE('',*,*,#3746,.T.);
#3746 = EDGE_CURVE('',#1886,#3747,#3749,.T.);
#3747 = VERTEX_POINT('',#3748);
#3748 = CARTESIAN_POINT('',(-17.25,-39.,29.6));
#3749 = LINE('',#3750,#3751);
#3750 = CARTESIAN_POINT('',(-17.25,-38.8,29.8));
#3751 = VECTOR('',#3752,1.);
#3752 = DIRECTION('',(0.,-0.707106781187,-0.707106781187));
#3753 = ORIENTED_EDGE('',*,*,#3754,.F.);
#3754 = EDGE_CURVE('',#3698,#3747,#3755,.T.);
#3755 = LINE('',#3756,#3757);
#3756 = CARTESIAN_POINT('',(-25.,-39.,29.6));
#3757 = VECTOR('',#3758,1.);
#3758 = DIRECTION('',(1.,0.,0.));
#3759 = PLANE('',#3760);
#3760 = AXIS2_PLACEMENT_3D('',#3761,#3762,#3763);
#3761 = CARTESIAN_POINT('',(-25.,-38.8,29.8));
#3762 = DIRECTION('',(0.,0.707106781187,-0.707106781187));
#3763 = DIRECTION('',(1.,0.,0.));
#3764 = ADVANCED_FACE('',(#3765),#3777,.T.);
#3765 = FACE_BOUND('',#3766,.F.);
#3766 = EDGE_LOOP('',(#3767,#3768,#3769,#3770));
#3767 = ORIENTED_EDGE('',*,*,#3746,.F.);
#3768 = ORIENTED_EDGE('',*,*,#1893,.T.);
#3769 = ORIENTED_EDGE('',*,*,#3720,.T.);
#3770 = ORIENTED_EDGE('',*,*,#3771,.F.);
#3771 = EDGE_CURVE('',#3747,#3721,#3772,.T.);
#3772 = CIRCLE('',#3773,3.);
#3773 = AXIS2_PLACEMENT_3D('',#3774,#3775,#3776);
#3774 = CARTESIAN_POINT('',(-17.25,-36.,29.6));
#3775 = DIRECTION('',(-0.,0.,1.));
#3776 = DIRECTION('',(0.,-1.,0.));
#3777 = CONICAL_SURFACE('',#3778,3.,0.785398163397);
#3778 = AXIS2_PLACEMENT_3D('',#3779,#3780,#3781);
#3779 = CARTESIAN_POINT('',(-17.25,-36.,29.6));
#3780 = DIRECTION('',(-0.,-0.,-1.));
#3781 = DIRECTION('',(0.,-1.,0.));
#3782 = ADVANCED_FACE('',(#3783),#3808,.F.);
#3783 = FACE_BOUND('',#3784,.F.);
#3784 = EDGE_LOOP('',(#3785,#3793,#3801,#3807));
#3785 = ORIENTED_EDGE('',*,*,#3786,.T.);
#3786 = EDGE_CURVE('',#1981,#3787,#3789,.T.);
#3787 = VERTEX_POINT('',#3788);
#3788 = CARTESIAN_POINT('',(-15.96794919242,-25.9,29.4));
#3789 = LINE('',#3790,#3791);
#3790 = CARTESIAN_POINT('',(-15.96794919242,-25.9,30.));
#3791 = VECTOR('',#3792,1.);
#3792 = DIRECTION('',(-0.,-0.,-1.));
#3793 = ORIENTED_EDGE('',*,*,#3794,.T.);
#3794 = EDGE_CURVE('',#3787,#3795,#3797,.T.);
#3795 = VERTEX_POINT('',#3796);
#3796 = CARTESIAN_POINT('',(-21.16410161515,-28.89999999997,29.4));
#3797 = LINE('',#3798,#3799);
#3798 = CARTESIAN_POINT('',(-15.96794919242,-25.9,29.4));
#3799 = VECTOR('',#3800,1.);
#3800 = DIRECTION('',(-0.866025403787,-0.499999999995,0.));
#3801 = ORIENTED_EDGE('',*,*,#3802,.F.);
#3802 = EDGE_CURVE('',#1983,#3795,#3803,.T.);
#3803 = LINE('',#3804,#3805);
#3804 = CARTESIAN_POINT('',(-21.16410161515,-28.89999999997,30.));
#3805 = VECTOR('',#3806,1.);
#3806 = DIRECTION('',(-0.,-0.,-1.));
#3807 = ORIENTED_EDGE('',*,*,#1980,.F.);
#3808 = PLANE('',#3809);
#3809 = AXIS2_PLACEMENT_3D('',#3810,#3811,#3812);
#3810 = CARTESIAN_POINT('',(-15.96794919242,-25.9,30.));
#3811 = DIRECTION('',(-0.499999999995,0.866025403787,0.));
#3812 = DIRECTION('',(-0.866025403787,-0.499999999995,0.));
#3813 = ADVANCED_FACE('',(#3814),#3832,.F.);
#3814 = FACE_BOUND('',#3815,.F.);
#3815 = EDGE_LOOP('',(#3816,#3817,#3825,#3831));
#3816 = ORIENTED_EDGE('',*,*,#3802,.T.);
#3817 = ORIENTED_EDGE('',*,*,#3818,.T.);
#3818 = EDGE_CURVE('',#3795,#3819,#3821,.T.);
#3819 = VERTEX_POINT('',#3820);
#3820 = CARTESIAN_POINT('',(-15.96794919242,-31.9,29.4));
#3821 = LINE('',#3822,#3823);
#3822 = CARTESIAN_POINT('',(-21.16410161515,-28.89999999997,29.4));
#3823 = VECTOR('',#3824,1.);
#3824 = DIRECTION('',(0.866025403784,-0.500000000001,0.));
#3825 = ORIENTED_EDGE('',*,*,#3826,.F.);
#3826 = EDGE_CURVE('',#1991,#3819,#3827,.T.);
#3827 = LINE('',#3828,#3829);
#3828 = CARTESIAN_POINT('',(-15.96794919242,-31.9,30.));
#3829 = VECTOR('',#3830,1.);
#3830 = DIRECTION('',(-0.,-0.,-1.));
#3831 = ORIENTED_EDGE('',*,*,#1998,.F.);
#3832 = PLANE('',#3833);
#3833 = AXIS2_PLACEMENT_3D('',#3834,#3835,#3836);
#3834 = CARTESIAN_POINT('',(-21.16410161515,-28.89999999997,30.));
#3835 = DIRECTION('',(-0.500000000001,-0.866025403784,0.));
#3836 = DIRECTION('',(0.866025403784,-0.500000000001,0.));
#3837 = ADVANCED_FACE('',(#3838),#3849,.F.);
#3838 = FACE_BOUND('',#3839,.F.);
#3839 = EDGE_LOOP('',(#3840,#3841,#3847,#3848));
#3840 = ORIENTED_EDGE('',*,*,#3826,.T.);
#3841 = ORIENTED_EDGE('',*,*,#3842,.T.);
#3842 = EDGE_CURVE('',#3819,#3787,#3843,.T.);
#3843 = LINE('',#3844,#3845);
#3844 = CARTESIAN_POINT('',(-15.96794919242,-31.9,29.4));
#3845 = VECTOR('',#3846,1.);
#3846 = DIRECTION('',(0.,1.,0.));
#3847 = ORIENTED_EDGE('',*,*,#3786,.F.);
#3848 = ORIENTED_EDGE('',*,*,#1990,.F.);
#3849 = PLANE('',#3850);
#3850 = AXIS2_PLACEMENT_3D('',#3851,#3852,#3853);
#3851 = CARTESIAN_POINT('',(-15.96794919242,-31.9,30.));
#3852 = DIRECTION('',(1.,0.,0.));
#3853 = DIRECTION('',(0.,1.,0.));
#3854 = ADVANCED_FACE('',(#3855,#3948),#3959,.T.);
#3855 = FACE_BOUND('',#3856,.T.);
#3856 = EDGE_LOOP('',(#3857,#3865,#3866,#3867,#3868,#3876,#3884,#3892,
    #3900,#3908,#3916,#3924,#3932,#3940));
#3857 = ORIENTED_EDGE('',*,*,#3858,.T.);
#3858 = EDGE_CURVE('',#3859,#3649,#3861,.T.);
#3859 = VERTEX_POINT('',#3860);
#3860 = CARTESIAN_POINT('',(-26.,-38.,13.787062569828));
#3861 = LINE('',#3862,#3863);
#3862 = CARTESIAN_POINT('',(-26.,-38.,0.));
#3863 = VECTOR('',#3864,1.);
#3864 = DIRECTION('',(0.,0.,1.));
#3865 = ORIENTED_EDGE('',*,*,#3656,.F.);
#3866 = ORIENTED_EDGE('',*,*,#3606,.F.);
#3867 = ORIENTED_EDGE('',*,*,#2154,.T.);
#3868 = ORIENTED_EDGE('',*,*,#3869,.F.);
#3869 = EDGE_CURVE('',#3870,#2157,#3872,.T.);
#3870 = VERTEX_POINT('',#3871);
#3871 = CARTESIAN_POINT('',(-26.,11.585786437627,27.05));
#3872 = LINE('',#3873,#3874);
#3873 = CARTESIAN_POINT('',(-26.,11.585786437627,27.05));
#3874 = VECTOR('',#3875,1.);
#3875 = DIRECTION('',(0.,0.,1.));
#3876 = ORIENTED_EDGE('',*,*,#3877,.F.);
#3877 = EDGE_CURVE('',#3878,#3870,#3880,.T.);
#3878 = VERTEX_POINT('',#3879);
#3879 = CARTESIAN_POINT('',(-26.,-20.,27.05));
#3880 = LINE('',#3881,#3882);
#3881 = CARTESIAN_POINT('',(-26.,-20.,27.05));
#3882 = VECTOR('',#3883,1.);
#3883 = DIRECTION('',(0.,1.,0.));
#3884 = ORIENTED_EDGE('',*,*,#3885,.F.);
#3885 = EDGE_CURVE('',#3886,#3878,#3888,.T.);
#3886 = VERTEX_POINT('',#3887);
#3887 = CARTESIAN_POINT('',(-26.,-20.,20.95));
#3888 = LINE('',#3889,#3890);
#3889 = CARTESIAN_POINT('',(-26.,-20.,20.95));
#3890 = VECTOR('',#3891,1.);
#3891 = DIRECTION('',(0.,0.,1.));
#3892 = ORIENTED_EDGE('',*,*,#3893,.F.);
#3893 = EDGE_CURVE('',#3894,#3886,#3896,.T.);
#3894 = VERTEX_POINT('',#3895);
#3895 = CARTESIAN_POINT('',(-26.,11.585786437627,20.95));
#3896 = LINE('',#3897,#3898);
#3897 = CARTESIAN_POINT('',(-26.,12.,20.95));
#3898 = VECTOR('',#3899,1.);
#3899 = DIRECTION('',(0.,-1.,0.));
#3900 = ORIENTED_EDGE('',*,*,#3901,.F.);
#3901 = EDGE_CURVE('',#3902,#3894,#3904,.T.);
#3902 = VERTEX_POINT('',#3903);
#3903 = CARTESIAN_POINT('',(-26.,11.585786437627,0.4));
#3904 = LINE('',#3905,#3906);
#3905 = CARTESIAN_POINT('',(-26.,11.585786437627,0.));
#3906 = VECTOR('',#3907,1.);
#3907 = DIRECTION('',(0.,0.,1.));
#3908 = ORIENTED_EDGE('',*,*,#3909,.T.);
#3909 = EDGE_CURVE('',#3902,#3910,#3912,.T.);
#3910 = VERTEX_POINT('',#3911);
#3911 = CARTESIAN_POINT('',(-26.,-28.,0.4));
#3912 = LINE('',#3913,#3914);
#3913 = CARTESIAN_POINT('',(-26.,11.585786437627,0.4));
#3914 = VECTOR('',#3915,1.);
#3915 = DIRECTION('',(0.,-1.,0.));
#3916 = ORIENTED_EDGE('',*,*,#3917,.T.);
#3917 = EDGE_CURVE('',#3910,#3918,#3920,.T.);
#3918 = VERTEX_POINT('',#3919);
#3919 = CARTESIAN_POINT('',(-26.,-28.,6.297717080295));
#3920 = LINE('',#3921,#3922);
#3921 = CARTESIAN_POINT('',(-26.,-28.,0.));
#3922 = VECTOR('',#3923,1.);
#3923 = DIRECTION('',(0.,0.,1.));
#3924 = ORIENTED_EDGE('',*,*,#3925,.T.);
#3925 = EDGE_CURVE('',#3918,#3926,#3928,.T.);
#3926 = VERTEX_POINT('',#3927);
#3927 = CARTESIAN_POINT('',(-26.,-28.,6.786026915787));
#3928 = LINE('',#3929,#3930);
#3929 = CARTESIAN_POINT('',(-26.,-28.,13.704415883194));
#3930 = VECTOR('',#3931,1.);
#3931 = DIRECTION('',(0.,0.,1.));
#3932 = ORIENTED_EDGE('',*,*,#3933,.T.);
#3933 = EDGE_CURVE('',#3926,#3934,#3936,.T.);
#3934 = VERTEX_POINT('',#3935);
#3935 = CARTESIAN_POINT('',(-26.,-37.77056942547,13.627453279569));
#3936 = LINE('',#3937,#3938);
#3937 = CARTESIAN_POINT('',(-26.,-27.77056942547,6.625377898019));
#3938 = VECTOR('',#3939,1.);
#3939 = DIRECTION('',(0.,-0.81915204431,0.573576436321));
#3940 = ORIENTED_EDGE('',*,*,#3941,.T.);
#3941 = EDGE_CURVE('',#3934,#3859,#3942,.T.);
#3942 = B_SPLINE_CURVE_WITH_KNOTS('',4,(#3943,#3944,#3945,#3946,#3947),
  .UNSPECIFIED.,.F.,.F.,(5,5),(12.207745887301,12.460330084584),
  .PIECEWISE_BEZIER_KNOTS.);
#3943 = CARTESIAN_POINT('',(-26.,-37.77056942547,13.627453279569));
#3944 = CARTESIAN_POINT('',(-26.,-37.82729740806,13.667174640606));
#3945 = CARTESIAN_POINT('',(-26.,-37.88403386697,13.706895217091));
#3946 = CARTESIAN_POINT('',(-26.,-37.94122519681,13.746962983487));
#3947 = CARTESIAN_POINT('',(-26.,-38.,13.787062569828));
#3948 = FACE_BOUND('',#3949,.T.);
#3949 = EDGE_LOOP('',(#3950));
#3950 = ORIENTED_EDGE('',*,*,#3951,.F.);
#3951 = EDGE_CURVE('',#3952,#3952,#3954,.T.);
#3952 = VERTEX_POINT('',#3953);
#3953 = CARTESIAN_POINT('',(-26.,-35.7,24.));
#3954 = CIRCLE('',#3955,2.7);
#3955 = AXIS2_PLACEMENT_3D('',#3956,#3957,#3958);
#3956 = CARTESIAN_POINT('',(-26.,-33.,24.));
#3957 = DIRECTION('',(-1.,0.,0.));
#3958 = DIRECTION('',(0.,-1.,0.));
#3959 = PLANE('',#3960);
#3960 = AXIS2_PLACEMENT_3D('',#3961,#3962,#3963);
#3961 = CARTESIAN_POINT('',(-26.,-12.54761904761,16.547619047619));
#3962 = DIRECTION('',(-1.,-0.,-0.));
#3963 = DIRECTION('',(0.,0.,-1.));
#3964 = ADVANCED_FACE('',(#3965),#3984,.T.);
#3965 = FACE_BOUND('',#3966,.F.);
#3966 = EDGE_LOOP('',(#3967,#3976,#3982,#3983));
#3967 = ORIENTED_EDGE('',*,*,#3968,.T.);
#3968 = EDGE_CURVE('',#3870,#3969,#3971,.T.);
#3969 = VERTEX_POINT('',#3970);
#3970 = CARTESIAN_POINT('',(-25.70710678118,12.292893218813,27.05));
#3971 = CIRCLE('',#3972,1.);
#3972 = AXIS2_PLACEMENT_3D('',#3973,#3974,#3975);
#3973 = CARTESIAN_POINT('',(-25.,11.585786437627,27.05));
#3974 = DIRECTION('',(-0.,-0.,-1.));
#3975 = DIRECTION('',(0.,-1.,0.));
#3976 = ORIENTED_EDGE('',*,*,#3977,.T.);
#3977 = EDGE_CURVE('',#3969,#2244,#3978,.T.);
#3978 = LINE('',#3979,#3980);
#3979 = CARTESIAN_POINT('',(-25.70710678118,12.292893218813,27.05));
#3980 = VECTOR('',#3981,1.);
#3981 = DIRECTION('',(0.,0.,1.));
#3982 = ORIENTED_EDGE('',*,*,#2251,.F.);
#3983 = ORIENTED_EDGE('',*,*,#3869,.F.);
#3984 = CYLINDRICAL_SURFACE('',#3985,1.);
#3985 = AXIS2_PLACEMENT_3D('',#3986,#3987,#3988);
#3986 = CARTESIAN_POINT('',(-25.,11.585786437627,27.05));
#3987 = DIRECTION('',(0.,0.,1.));
#3988 = DIRECTION('',(-1.,0.,0.));
#3989 = ADVANCED_FACE('',(#3990),#4042,.T.);
#3990 = FACE_BOUND('',#3991,.T.);
#3991 = EDGE_LOOP('',(#3992,#3993,#4001,#4009,#4017,#4025,#4031,#4032,
    #4033,#4034,#4035,#4041));
#3992 = ORIENTED_EDGE('',*,*,#2770,.F.);
#3993 = ORIENTED_EDGE('',*,*,#3994,.T.);
#3994 = EDGE_CURVE('',#2762,#3995,#3997,.T.);
#3995 = VERTEX_POINT('',#3996);
#3996 = CARTESIAN_POINT('',(-25.70710678118,12.292893218813,0.4));
#3997 = LINE('',#3998,#3999);
#3998 = CARTESIAN_POINT('',(-16.29289321881,21.707106781187,0.4));
#3999 = VECTOR('',#4000,1.);
#4000 = DIRECTION('',(-0.707106781187,-0.707106781187,0.));
#4001 = ORIENTED_EDGE('',*,*,#4002,.T.);
#4002 = EDGE_CURVE('',#3995,#4003,#4005,.T.);
#4003 = VERTEX_POINT('',#4004);
#4004 = CARTESIAN_POINT('',(-25.70710678118,12.292893218813,20.95));
#4005 = LINE('',#4006,#4007);
#4006 = CARTESIAN_POINT('',(-25.70710678118,12.292893218813,0.));
#4007 = VECTOR('',#4008,1.);
#4008 = DIRECTION('',(0.,0.,1.));
#4009 = ORIENTED_EDGE('',*,*,#4010,.F.);
#4010 = EDGE_CURVE('',#4011,#4003,#4013,.T.);
#4011 = VERTEX_POINT('',#4012);
#4012 = CARTESIAN_POINT('',(-26.,12.,20.95));
#4013 = LINE('',#4014,#4015);
#4014 = CARTESIAN_POINT('',(-23.5,14.5,20.95));
#4015 = VECTOR('',#4016,1.);
#4016 = DIRECTION('',(0.707106781187,0.707106781187,0.));
#4017 = ORIENTED_EDGE('',*,*,#4018,.T.);
#4018 = EDGE_CURVE('',#4011,#4019,#4021,.T.);
#4019 = VERTEX_POINT('',#4020);
#4020 = CARTESIAN_POINT('',(-26.,12.,27.05));
#4021 = LINE('',#4022,#4023);
#4022 = CARTESIAN_POINT('',(-26.,12.,0.));
#4023 = VECTOR('',#4024,1.);
#4024 = DIRECTION('',(0.,0.,1.));
#4025 = ORIENTED_EDGE('',*,*,#4026,.T.);
#4026 = EDGE_CURVE('',#4019,#3969,#4027,.T.);
#4027 = LINE('',#4028,#4029);
#4028 = CARTESIAN_POINT('',(-31.5,6.5,27.05));
#4029 = VECTOR('',#4030,1.);
#4030 = DIRECTION('',(0.707106781187,0.707106781187,0.));
#4031 = ORIENTED_EDGE('',*,*,#3977,.T.);
#4032 = ORIENTED_EDGE('',*,*,#2243,.T.);
#4033 = ORIENTED_EDGE('',*,*,#2680,.F.);
#4034 = ORIENTED_EDGE('',*,*,#2730,.F.);
#4035 = ORIENTED_EDGE('',*,*,#4036,.F.);
#4036 = EDGE_CURVE('',#2827,#2731,#4037,.T.);
#4037 = LINE('',#4038,#4039);
#4038 = CARTESIAN_POINT('',(-16.,22.,0.));
#4039 = VECTOR('',#4040,1.);
#4040 = DIRECTION('',(0.,0.,1.));
#4041 = ORIENTED_EDGE('',*,*,#2834,.T.);
#4042 = PLANE('',#4043);
#4043 = AXIS2_PLACEMENT_3D('',#4044,#4045,#4046);
#4044 = CARTESIAN_POINT('',(-21.,17.,17.));
#4045 = DIRECTION('',(-0.707106781187,0.707106781187,0.));
#4046 = DIRECTION('',(0.707106781187,0.707106781187,0.));
#4047 = ADVANCED_FACE('',(#4048),#4067,.F.);
#4048 = FACE_BOUND('',#4049,.T.);
#4049 = EDGE_LOOP('',(#4050,#4058,#4059,#4060));
#4050 = ORIENTED_EDGE('',*,*,#4051,.F.);
#4051 = EDGE_CURVE('',#2261,#4052,#4054,.T.);
#4052 = VERTEX_POINT('',#4053);
#4053 = CARTESIAN_POINT('',(-10.46,9.78,33.81));
#4054 = LINE('',#4055,#4056);
#4055 = CARTESIAN_POINT('',(-10.46,9.78,33.81));
#4056 = VECTOR('',#4057,1.);
#4057 = DIRECTION('',(-0.707106781187,-1.14E-15,-0.707106781187));
#4058 = ORIENTED_EDGE('',*,*,#2260,.T.);
#4059 = ORIENTED_EDGE('',*,*,#4051,.T.);
#4060 = ORIENTED_EDGE('',*,*,#4061,.F.);
#4061 = EDGE_CURVE('',#4052,#4052,#4062,.T.);
#4062 = CIRCLE('',#4063,1.1);
#4063 = AXIS2_PLACEMENT_3D('',#4064,#4065,#4066);
#4064 = CARTESIAN_POINT('',(-11.56,9.78,33.81));
#4065 = DIRECTION('',(0.,-0.,1.));
#4066 = DIRECTION('',(1.,1.61E-15,0.));
#4067 = CONICAL_SURFACE('',#4068,1.1,0.785398163397);
#4068 = AXIS2_PLACEMENT_3D('',#4069,#4070,#4071);
#4069 = CARTESIAN_POINT('',(-11.56,9.78,33.81));
#4070 = DIRECTION('',(0.,0.,1.));
#4071 = DIRECTION('',(1.,1.61E-15,0.));
#4072 = ADVANCED_FACE('',(#4073),#4092,.F.);
#4073 = FACE_BOUND('',#4074,.T.);
#4074 = EDGE_LOOP('',(#4075,#4083,#4084,#4085));
#4075 = ORIENTED_EDGE('',*,*,#4076,.F.);
#4076 = EDGE_CURVE('',#2272,#4077,#4079,.T.);
#4077 = VERTEX_POINT('',#4078);
#4078 = CARTESIAN_POINT('',(13.,-10.65,33.6));
#4079 = LINE('',#4080,#4081);
#4080 = CARTESIAN_POINT('',(13.,-10.65,33.6));
#4081 = VECTOR('',#4082,1.);
#4082 = DIRECTION('',(-0.707106781187,-5.3E-16,-0.707106781187));
#4083 = ORIENTED_EDGE('',*,*,#2271,.T.);
#4084 = ORIENTED_EDGE('',*,*,#4076,.T.);
#4085 = ORIENTED_EDGE('',*,*,#4086,.F.);
#4086 = EDGE_CURVE('',#4077,#4077,#4087,.T.);
#4087 = CIRCLE('',#4088,2.35);
#4088 = AXIS2_PLACEMENT_3D('',#4089,#4090,#4091);
#4089 = CARTESIAN_POINT('',(10.65,-10.65,33.6));
#4090 = DIRECTION('',(0.,-0.,1.));
#4091 = DIRECTION('',(1.,7.6E-16,0.));
#4092 = CONICAL_SURFACE('',#4093,2.35,0.785398163397);
#4093 = AXIS2_PLACEMENT_3D('',#4094,#4095,#4096);
#4094 = CARTESIAN_POINT('',(10.65,-10.65,33.6));
#4095 = DIRECTION('',(0.,0.,1.));
#4096 = DIRECTION('',(1.,7.6E-16,0.));
#4097 = ADVANCED_FACE('',(#4098),#4117,.F.);
#4098 = FACE_BOUND('',#4099,.F.);
#4099 = EDGE_LOOP('',(#4100,#4108,#4115,#4116));
#4100 = ORIENTED_EDGE('',*,*,#4101,.T.);
#4101 = EDGE_CURVE('',#2283,#4102,#4104,.T.);
#4102 = VERTEX_POINT('',#4103);
#4103 = CARTESIAN_POINT('',(-12.5,-15.5,13.));
#4104 = LINE('',#4105,#4106);
#4105 = CARTESIAN_POINT('',(-12.5,-15.5,34.));
#4106 = VECTOR('',#4107,1.);
#4107 = DIRECTION('',(-0.,-0.,-1.));
#4108 = ORIENTED_EDGE('',*,*,#4109,.T.);
#4109 = EDGE_CURVE('',#4102,#4102,#4110,.T.);
#4110 = CIRCLE('',#4111,3.);
#4111 = AXIS2_PLACEMENT_3D('',#4112,#4113,#4114);
#4112 = CARTESIAN_POINT('',(-15.5,-15.5,13.));
#4113 = DIRECTION('',(0.,0.,1.));
#4114 = DIRECTION('',(1.,0.,0.));
#4115 = ORIENTED_EDGE('',*,*,#4101,.F.);
#4116 = ORIENTED_EDGE('',*,*,#2282,.F.);
#4117 = CYLINDRICAL_SURFACE('',#4118,3.);
#4118 = AXIS2_PLACEMENT_3D('',#4119,#4120,#4121);
#4119 = CARTESIAN_POINT('',(-15.5,-15.5,34.));
#4120 = DIRECTION('',(0.,0.,1.));
#4121 = DIRECTION('',(1.,0.,0.));
#4122 = ADVANCED_FACE('',(#4123),#4142,.T.);
#4123 = FACE_BOUND('',#4124,.F.);
#4124 = EDGE_LOOP('',(#4125,#4133,#4140,#4141));
#4125 = ORIENTED_EDGE('',*,*,#4126,.T.);
#4126 = EDGE_CURVE('',#2294,#4127,#4129,.T.);
#4127 = VERTEX_POINT('',#4128);
#4128 = CARTESIAN_POINT('',(-8.010586206959,-9.510586206959,35.));
#4129 = LINE('',#4130,#4131);
#4130 = CARTESIAN_POINT('',(-8.010586206959,-9.510586206959,34.));
#4131 = VECTOR('',#4132,1.);
#4132 = DIRECTION('',(0.,0.,1.));
#4133 = ORIENTED_EDGE('',*,*,#4134,.T.);
#4134 = EDGE_CURVE('',#4127,#4127,#4135,.T.);
#4135 = CIRCLE('',#4136,1.5);
#4136 = AXIS2_PLACEMENT_3D('',#4137,#4138,#4139);
#4137 = CARTESIAN_POINT('',(-9.510586206959,-9.510586206959,35.));
#4138 = DIRECTION('',(0.,0.,1.));
#4139 = DIRECTION('',(1.,0.,0.));
#4140 = ORIENTED_EDGE('',*,*,#4126,.F.);
#4141 = ORIENTED_EDGE('',*,*,#2293,.F.);
#4142 = CYLINDRICAL_SURFACE('',#4143,1.5);
#4143 = AXIS2_PLACEMENT_3D('',#4144,#4145,#4146);
#4144 = CARTESIAN_POINT('',(-9.510586206959,-9.510586206959,34.));
#4145 = DIRECTION('',(-0.,-0.,-1.));
#4146 = DIRECTION('',(1.,0.,0.));
#4147 = ADVANCED_FACE('',(#4148),#4174,.F.);
#4148 = FACE_BOUND('',#4149,.F.);
#4149 = EDGE_LOOP('',(#4150,#4158,#4159,#4167));
#4150 = ORIENTED_EDGE('',*,*,#4151,.F.);
#4151 = EDGE_CURVE('',#2307,#4152,#4154,.T.);
#4152 = VERTEX_POINT('',#4153);
#4153 = CARTESIAN_POINT('',(-13.1687111241,7.367107851732,0.4));
#4154 = LINE('',#4155,#4156);
#4155 = CARTESIAN_POINT('',(-13.1687111241,7.367107851732,34.));
#4156 = VECTOR('',#4157,1.);
#4157 = DIRECTION('',(-0.,-0.,-1.));
#4158 = ORIENTED_EDGE('',*,*,#2304,.F.);
#4159 = ORIENTED_EDGE('',*,*,#4160,.T.);
#4160 = EDGE_CURVE('',#2305,#4161,#4163,.T.);
#4161 = VERTEX_POINT('',#4162);
#4162 = CARTESIAN_POINT('',(-12.82058126254,6.10513686091,0.4));
#4163 = LINE('',#4164,#4165);
#4164 = CARTESIAN_POINT('',(-12.82058126254,6.10513686091,34.));
#4165 = VECTOR('',#4166,1.);
#4166 = DIRECTION('',(-0.,-0.,-1.));
#4167 = ORIENTED_EDGE('',*,*,#4168,.T.);
#4168 = EDGE_CURVE('',#4161,#4152,#4169,.T.);
#4169 = CIRCLE('',#4170,1.);
#4170 = AXIS2_PLACEMENT_3D('',#4171,#4172,#4173);
#4171 = CARTESIAN_POINT('',(-13.72343909793,6.535076076467,0.4));
#4172 = DIRECTION('',(-0.,0.,1.));
#4173 = DIRECTION('',(0.902857835391,-0.429939215557,0.));
#4174 = CYLINDRICAL_SURFACE('',#4175,1.);
#4175 = AXIS2_PLACEMENT_3D('',#4176,#4177,#4178);
#4176 = CARTESIAN_POINT('',(-13.72343909793,6.535076076467,34.));
#4177 = DIRECTION('',(0.,0.,1.));
#4178 = DIRECTION('',(1.,0.,0.));
#4179 = ADVANCED_FACE('',(#4180),#4199,.T.);
#4180 = FACE_BOUND('',#4181,.T.);
#4181 = EDGE_LOOP('',(#4182,#4190,#4191,#4192));
#4182 = ORIENTED_EDGE('',*,*,#4183,.F.);
#4183 = EDGE_CURVE('',#2316,#4184,#4186,.T.);
#4184 = VERTEX_POINT('',#4185);
#4185 = CARTESIAN_POINT('',(-11.94820534673,-7.673355784291,0.4));
#4186 = LINE('',#4187,#4188);
#4187 = CARTESIAN_POINT('',(-11.94820534673,-7.673355784291,34.));
#4188 = VECTOR('',#4189,1.);
#4189 = DIRECTION('',(-0.,-0.,-1.));
#4190 = ORIENTED_EDGE('',*,*,#2315,.F.);
#4191 = ORIENTED_EDGE('',*,*,#4160,.T.);
#4192 = ORIENTED_EDGE('',*,*,#4193,.F.);
#4193 = EDGE_CURVE('',#4184,#4161,#4194,.T.);
#4194 = CIRCLE('',#4195,14.2);
#4195 = AXIS2_PLACEMENT_3D('',#4196,#4197,#4198);
#4196 = CARTESIAN_POINT('',(0.,0.,0.4));
#4197 = DIRECTION('',(-0.,0.,-1.));
#4198 = DIRECTION('',(-0.841422911742,-0.540377167908,0.));
#4199 = CYLINDRICAL_SURFACE('',#4200,14.2);
#4200 = AXIS2_PLACEMENT_3D('',#4201,#4202,#4203);
#4201 = CARTESIAN_POINT('',(0.,0.,34.));
#4202 = DIRECTION('',(0.,0.,1.));
#4203 = DIRECTION('',(1.,0.,0.));
#4204 = ADVANCED_FACE('',(#4205),#4224,.T.);
#4205 = FACE_BOUND('',#4206,.T.);
#4206 = EDGE_LOOP('',(#4207,#4208,#4209,#4217));
#4207 = ORIENTED_EDGE('',*,*,#4151,.F.);
#4208 = ORIENTED_EDGE('',*,*,#2386,.F.);
#4209 = ORIENTED_EDGE('',*,*,#4210,.T.);
#4210 = EDGE_CURVE('',#2378,#4211,#4213,.T.);
#4211 = VERTEX_POINT('',#4212);
#4212 = CARTESIAN_POINT('',(-14.45252748245,9.571950094343,0.4));
#4213 = LINE('',#4214,#4215);
#4214 = CARTESIAN_POINT('',(-14.45252748245,9.571950094343,34.));
#4215 = VECTOR('',#4216,1.);
#4216 = DIRECTION('',(-0.,-0.,-1.));
#4217 = ORIENTED_EDGE('',*,*,#4218,.F.);
#4218 = EDGE_CURVE('',#4152,#4211,#4219,.T.);
#4219 = CIRCLE('',#4220,2.9);
#4220 = AXIS2_PLACEMENT_3D('',#4221,#4222,#4223);
#4221 = CARTESIAN_POINT('',(-11.56,9.78,0.4));
#4222 = DIRECTION('',(-0.,0.,-1.));
#4223 = DIRECTION('',(-0.55472797383,-0.832031775265,0.));
#4224 = CYLINDRICAL_SURFACE('',#4225,2.9);
#4225 = AXIS2_PLACEMENT_3D('',#4226,#4227,#4228);
#4226 = CARTESIAN_POINT('',(-11.56,9.78,34.));
#4227 = DIRECTION('',(0.,0.,1.));
#4228 = DIRECTION('',(1.,0.,0.));
#4229 = ADVANCED_FACE('',(#4230),#4249,.F.);
#4230 = FACE_BOUND('',#4231,.F.);
#4231 = EDGE_LOOP('',(#4232,#4233,#4234,#4242));
#4232 = ORIENTED_EDGE('',*,*,#4183,.F.);
#4233 = ORIENTED_EDGE('',*,*,#2324,.F.);
#4234 = ORIENTED_EDGE('',*,*,#4235,.T.);
#4235 = EDGE_CURVE('',#2325,#4236,#4238,.T.);
#4236 = VERTEX_POINT('',#4237);
#4237 = CARTESIAN_POINT('',(-14.16503655015,-10.68150722864,0.4));
#4238 = LINE('',#4239,#4240);
#4239 = CARTESIAN_POINT('',(-14.16503655015,-10.68150722864,34.));
#4240 = VECTOR('',#4241,1.);
#4241 = DIRECTION('',(-0.,-0.,-1.));
#4242 = ORIENTED_EDGE('',*,*,#4243,.T.);
#4243 = EDGE_CURVE('',#4236,#4184,#4244,.T.);
#4244 = CIRCLE('',#4245,2.);
#4245 = AXIS2_PLACEMENT_3D('',#4246,#4247,#4248);
#4246 = CARTESIAN_POINT('',(-13.63105117021,-8.754110120107,0.4));
#4247 = DIRECTION('',(0.,0.,1.));
#4248 = DIRECTION('',(-0.266992689969,-0.96369855427,0.));
#4249 = CYLINDRICAL_SURFACE('',#4250,2.);
#4250 = AXIS2_PLACEMENT_3D('',#4251,#4252,#4253);
#4251 = CARTESIAN_POINT('',(-13.63105117021,-8.754110120107,34.));
#4252 = DIRECTION('',(0.,0.,1.));
#4253 = DIRECTION('',(1.,0.,0.));
#4254 = ADVANCED_FACE('',(#4255),#4274,.F.);
#4255 = FACE_BOUND('',#4256,.F.);
#4256 = EDGE_LOOP('',(#4257,#4265,#4266,#4267));
#4257 = ORIENTED_EDGE('',*,*,#4258,.F.);
#4258 = EDGE_CURVE('',#2369,#4259,#4261,.T.);
#4259 = VERTEX_POINT('',#4260);
#4260 = CARTESIAN_POINT('',(-15.45829229355,10.500173956304,0.4));
#4261 = LINE('',#4262,#4263);
#4262 = CARTESIAN_POINT('',(-15.45829229355,10.500173956304,34.));
#4263 = VECTOR('',#4264,1.);
#4264 = DIRECTION('',(-0.,-0.,-1.));
#4265 = ORIENTED_EDGE('',*,*,#2377,.F.);
#4266 = ORIENTED_EDGE('',*,*,#4210,.T.);
#4267 = ORIENTED_EDGE('',*,*,#4268,.T.);
#4268 = EDGE_CURVE('',#4211,#4259,#4269,.T.);
#4269 = CIRCLE('',#4270,1.);
#4270 = AXIS2_PLACEMENT_3D('',#4271,#4272,#4273);
#4271 = CARTESIAN_POINT('',(-15.44995075226,9.500208747565,0.4));
#4272 = DIRECTION('',(0.,-0.,1.));
#4273 = DIRECTION('',(0.997423269812,7.174134677833E-02,0.));
#4274 = CYLINDRICAL_SURFACE('',#4275,1.);
#4275 = AXIS2_PLACEMENT_3D('',#4276,#4277,#4278);
#4276 = CARTESIAN_POINT('',(-15.44995075226,9.500208747565,34.));
#4277 = DIRECTION('',(0.,0.,1.));
#4278 = DIRECTION('',(1.,0.,0.));
#4279 = ADVANCED_FACE('',(#4280),#4299,.T.);
#4280 = FACE_BOUND('',#4281,.T.);
#4281 = EDGE_LOOP('',(#4282,#4290,#4291,#4292));
#4282 = ORIENTED_EDGE('',*,*,#4283,.F.);
#4283 = EDGE_CURVE('',#2334,#4284,#4286,.T.);
#4284 = VERTEX_POINT('',#4285);
#4285 = CARTESIAN_POINT('',(-16.57142857142,-10.61614488172,0.4));
#4286 = LINE('',#4287,#4288);
#4287 = CARTESIAN_POINT('',(-16.57142857142,-10.61614488172,34.));
#4288 = VECTOR('',#4289,1.);
#4289 = DIRECTION('',(-0.,-0.,-1.));
#4290 = ORIENTED_EDGE('',*,*,#2333,.F.);
#4291 = ORIENTED_EDGE('',*,*,#4235,.T.);
#4292 = ORIENTED_EDGE('',*,*,#4293,.F.);
#4293 = EDGE_CURVE('',#4284,#4236,#4294,.T.);
#4294 = CIRCLE('',#4295,5.);
#4295 = AXIS2_PLACEMENT_3D('',#4296,#4297,#4298);
#4296 = CARTESIAN_POINT('',(-15.5,-15.5,0.4));
#4297 = DIRECTION('',(0.,0.,-1.));
#4298 = DIRECTION('',(-0.214285714286,0.976771023656,0.));
#4299 = CYLINDRICAL_SURFACE('',#4300,5.);
#4300 = AXIS2_PLACEMENT_3D('',#4301,#4302,#4303);
#4301 = CARTESIAN_POINT('',(-15.5,-15.5,34.));
#4302 = DIRECTION('',(0.,0.,1.));
#4303 = DIRECTION('',(1.,0.,0.));
#4304 = ADVANCED_FACE('',(#4305),#4324,.T.);
#4305 = FACE_BOUND('',#4306,.T.);
#4306 = EDGE_LOOP('',(#4307,#4308,#4309,#4317));
#4307 = ORIENTED_EDGE('',*,*,#4258,.F.);
#4308 = ORIENTED_EDGE('',*,*,#2368,.F.);
#4309 = ORIENTED_EDGE('',*,*,#4310,.T.);
#4310 = EDGE_CURVE('',#2360,#4311,#4313,.T.);
#4311 = VERTEX_POINT('',#4312);
#4312 = CARTESIAN_POINT('',(-16.57142857142,10.616144881722,0.4));
#4313 = LINE('',#4314,#4315);
#4314 = CARTESIAN_POINT('',(-16.57142857142,10.616144881722,34.));
#4315 = VECTOR('',#4316,1.);
#4316 = DIRECTION('',(-0.,-0.,-1.));
#4317 = ORIENTED_EDGE('',*,*,#4318,.F.);
#4318 = EDGE_CURVE('',#4259,#4311,#4319,.T.);
#4319 = CIRCLE('',#4320,5.);
#4320 = AXIS2_PLACEMENT_3D('',#4321,#4322,#4323);
#4321 = CARTESIAN_POINT('',(-15.5,15.5,0.4));
#4322 = DIRECTION('',(0.,-0.,-1.));
#4323 = DIRECTION('',(8.341541288877E-03,-0.999965208739,0.));
#4324 = CYLINDRICAL_SURFACE('',#4325,5.);
#4325 = AXIS2_PLACEMENT_3D('',#4326,#4327,#4328);
#4326 = CARTESIAN_POINT('',(-15.5,15.5,34.));
#4327 = DIRECTION('',(0.,0.,1.));
#4328 = DIRECTION('',(1.,0.,0.));
#4329 = ADVANCED_FACE('',(#4330),#4349,.F.);
#4330 = FACE_BOUND('',#4331,.F.);
#4331 = EDGE_LOOP('',(#4332,#4333,#4334,#4342));
#4332 = ORIENTED_EDGE('',*,*,#4283,.F.);
#4333 = ORIENTED_EDGE('',*,*,#2342,.F.);
#4334 = ORIENTED_EDGE('',*,*,#4335,.T.);
#4335 = EDGE_CURVE('',#2343,#4336,#4338,.T.);
#4336 = VERTEX_POINT('',#4337);
#4337 = CARTESIAN_POINT('',(-19.,-8.662602834411,0.4));
#4338 = LINE('',#4339,#4340);
#4339 = CARTESIAN_POINT('',(-19.,-8.662602834411,34.));
#4340 = VECTOR('',#4341,1.);
#4341 = DIRECTION('',(-0.,-0.,-1.));
#4342 = ORIENTED_EDGE('',*,*,#4343,.T.);
#4343 = EDGE_CURVE('',#4336,#4284,#4344,.T.);
#4344 = CIRCLE('',#4345,2.);
#4345 = AXIS2_PLACEMENT_3D('',#4346,#4347,#4348);
#4346 = CARTESIAN_POINT('',(-17.,-8.662602834411,0.4));
#4347 = DIRECTION('',(0.,0.,1.));
#4348 = DIRECTION('',(-1.,0.,0.));
#4349 = CYLINDRICAL_SURFACE('',#4350,2.);
#4350 = AXIS2_PLACEMENT_3D('',#4351,#4352,#4353);
#4351 = CARTESIAN_POINT('',(-17.,-8.662602834411,34.));
#4352 = DIRECTION('',(0.,0.,1.));
#4353 = DIRECTION('',(1.,0.,0.));
#4354 = ADVANCED_FACE('',(#4355),#4374,.F.);
#4355 = FACE_BOUND('',#4356,.F.);
#4356 = EDGE_LOOP('',(#4357,#4365,#4366,#4367));
#4357 = ORIENTED_EDGE('',*,*,#4358,.F.);
#4358 = EDGE_CURVE('',#2352,#4359,#4361,.T.);
#4359 = VERTEX_POINT('',#4360);
#4360 = CARTESIAN_POINT('',(-19.,8.662602834411,0.4));
#4361 = LINE('',#4362,#4363);
#4362 = CARTESIAN_POINT('',(-19.,8.662602834411,34.));
#4363 = VECTOR('',#4364,1.);
#4364 = DIRECTION('',(-0.,-0.,-1.));
#4365 = ORIENTED_EDGE('',*,*,#2359,.F.);
#4366 = ORIENTED_EDGE('',*,*,#4310,.T.);
#4367 = ORIENTED_EDGE('',*,*,#4368,.T.);
#4368 = EDGE_CURVE('',#4311,#4359,#4369,.T.);
#4369 = CIRCLE('',#4370,2.);
#4370 = AXIS2_PLACEMENT_3D('',#4371,#4372,#4373);
#4371 = CARTESIAN_POINT('',(-17.,8.662602834411,0.4));
#4372 = DIRECTION('',(0.,-0.,1.));
#4373 = DIRECTION('',(0.214285714286,0.976771023656,0.));
#4374 = CYLINDRICAL_SURFACE('',#4375,2.);
#4375 = AXIS2_PLACEMENT_3D('',#4376,#4377,#4378);
#4376 = CARTESIAN_POINT('',(-17.,8.662602834411,34.));
#4377 = DIRECTION('',(0.,0.,1.));
#4378 = DIRECTION('',(1.,0.,0.));
#4379 = ADVANCED_FACE('',(#4380),#4391,.F.);
#4380 = FACE_BOUND('',#4381,.F.);
#4381 = EDGE_LOOP('',(#4382,#4383,#4384,#4385));
#4382 = ORIENTED_EDGE('',*,*,#4335,.F.);
#4383 = ORIENTED_EDGE('',*,*,#2351,.F.);
#4384 = ORIENTED_EDGE('',*,*,#4358,.T.);
#4385 = ORIENTED_EDGE('',*,*,#4386,.T.);
#4386 = EDGE_CURVE('',#4359,#4336,#4387,.T.);
#4387 = LINE('',#4388,#4389);
#4388 = CARTESIAN_POINT('',(-19.,8.662602834411,0.4));
#4389 = VECTOR('',#4390,1.);
#4390 = DIRECTION('',(0.,-1.,0.));
#4391 = PLANE('',#4392);
#4392 = AXIS2_PLACEMENT_3D('',#4393,#4394,#4395);
#4393 = CARTESIAN_POINT('',(-19.,8.662602834411,34.));
#4394 = DIRECTION('',(-1.,0.,0.));
#4395 = DIRECTION('',(0.,-1.,0.));
#4396 = ADVANCED_FACE('',(#4397),#4423,.F.);
#4397 = FACE_BOUND('',#4398,.F.);
#4398 = EDGE_LOOP('',(#4399,#4407,#4408,#4416));
#4399 = ORIENTED_EDGE('',*,*,#4400,.F.);
#4400 = EDGE_CURVE('',#2398,#4401,#4403,.T.);
#4401 = VERTEX_POINT('',#4402);
#4402 = CARTESIAN_POINT('',(-8.662602834411,-19.,0.4));
#4403 = LINE('',#4404,#4405);
#4404 = CARTESIAN_POINT('',(-8.662602834411,-19.,34.));
#4405 = VECTOR('',#4406,1.);
#4406 = DIRECTION('',(-0.,-0.,-1.));
#4407 = ORIENTED_EDGE('',*,*,#2395,.F.);
#4408 = ORIENTED_EDGE('',*,*,#4409,.T.);
#4409 = EDGE_CURVE('',#2396,#4410,#4412,.T.);
#4410 = VERTEX_POINT('',#4411);
#4411 = CARTESIAN_POINT('',(-10.61614488172,-16.57142857142,0.4));
#4412 = LINE('',#4413,#4414);
#4413 = CARTESIAN_POINT('',(-10.61614488172,-16.57142857142,34.));
#4414 = VECTOR('',#4415,1.);
#4415 = DIRECTION('',(-0.,-0.,-1.));
#4416 = ORIENTED_EDGE('',*,*,#4417,.T.);
#4417 = EDGE_CURVE('',#4410,#4401,#4418,.T.);
#4418 = CIRCLE('',#4419,2.);
#4419 = AXIS2_PLACEMENT_3D('',#4420,#4421,#4422);
#4420 = CARTESIAN_POINT('',(-8.662602834411,-17.,0.4));
#4421 = DIRECTION('',(0.,0.,1.));
#4422 = DIRECTION('',(-0.976771023656,0.214285714286,0.));
#4423 = CYLINDRICAL_SURFACE('',#4424,2.);
#4424 = AXIS2_PLACEMENT_3D('',#4425,#4426,#4427);
#4425 = CARTESIAN_POINT('',(-8.662602834411,-17.,34.));
#4426 = DIRECTION('',(0.,0.,1.));
#4427 = DIRECTION('',(1.,0.,0.));
#4428 = ADVANCED_FACE('',(#4429),#4448,.T.);
#4429 = FACE_BOUND('',#4430,.T.);
#4430 = EDGE_LOOP('',(#4431,#4439,#4440,#4441));
#4431 = ORIENTED_EDGE('',*,*,#4432,.F.);
#4432 = EDGE_CURVE('',#2407,#4433,#4435,.T.);
#4433 = VERTEX_POINT('',#4434);
#4434 = CARTESIAN_POINT('',(-10.68150722864,-14.16503655015,0.4));
#4435 = LINE('',#4436,#4437);
#4436 = CARTESIAN_POINT('',(-10.68150722864,-14.16503655015,34.));
#4437 = VECTOR('',#4438,1.);
#4438 = DIRECTION('',(-0.,-0.,-1.));
#4439 = ORIENTED_EDGE('',*,*,#2406,.F.);
#4440 = ORIENTED_EDGE('',*,*,#4409,.T.);
#4441 = ORIENTED_EDGE('',*,*,#4442,.F.);
#4442 = EDGE_CURVE('',#4433,#4410,#4443,.T.);
#4443 = CIRCLE('',#4444,5.);
#4444 = AXIS2_PLACEMENT_3D('',#4445,#4446,#4447);
#4445 = CARTESIAN_POINT('',(-15.5,-15.5,0.4));
#4446 = DIRECTION('',(0.,0.,-1.));
#4447 = DIRECTION('',(0.96369855427,0.266992689969,0.));
#4448 = CYLINDRICAL_SURFACE('',#4449,5.);
#4449 = AXIS2_PLACEMENT_3D('',#4450,#4451,#4452);
#4450 = CARTESIAN_POINT('',(-15.5,-15.5,34.));
#4451 = DIRECTION('',(0.,0.,1.));
#4452 = DIRECTION('',(1.,0.,0.));
#4453 = ADVANCED_FACE('',(#4454),#4472,.F.);
#4454 = FACE_BOUND('',#4455,.F.);
#4455 = EDGE_LOOP('',(#4456,#4464,#4465,#4466));
#4456 = ORIENTED_EDGE('',*,*,#4457,.F.);
#4457 = EDGE_CURVE('',#2470,#4458,#4460,.T.);
#4458 = VERTEX_POINT('',#4459);
#4459 = CARTESIAN_POINT('',(8.662602834411,-19.,0.4));
#4460 = LINE('',#4461,#4462);
#4461 = CARTESIAN_POINT('',(8.662602834411,-19.,34.));
#4462 = VECTOR('',#4463,1.);
#4463 = DIRECTION('',(-0.,-0.,-1.));
#4464 = ORIENTED_EDGE('',*,*,#2478,.F.);
#4465 = ORIENTED_EDGE('',*,*,#4400,.T.);
#4466 = ORIENTED_EDGE('',*,*,#4467,.T.);
#4467 = EDGE_CURVE('',#4401,#4458,#4468,.T.);
#4468 = LINE('',#4469,#4470);
#4469 = CARTESIAN_POINT('',(-8.662602834411,-19.,0.4));
#4470 = VECTOR('',#4471,1.);
#4471 = DIRECTION('',(1.,0.,0.));
#4472 = PLANE('',#4473);
#4473 = AXIS2_PLACEMENT_3D('',#4474,#4475,#4476);
#4474 = CARTESIAN_POINT('',(-8.662602834411,-19.,34.));
#4475 = DIRECTION('',(0.,-1.,0.));
#4476 = DIRECTION('',(1.,0.,0.));
#4477 = ADVANCED_FACE('',(#4478),#4497,.F.);
#4478 = FACE_BOUND('',#4479,.F.);
#4479 = EDGE_LOOP('',(#4480,#4481,#4482,#4490));
#4480 = ORIENTED_EDGE('',*,*,#4432,.F.);
#4481 = ORIENTED_EDGE('',*,*,#2415,.F.);
#4482 = ORIENTED_EDGE('',*,*,#4483,.T.);
#4483 = EDGE_CURVE('',#2416,#4484,#4486,.T.);
#4484 = VERTEX_POINT('',#4485);
#4485 = CARTESIAN_POINT('',(-7.673355784291,-11.94820534673,0.4));
#4486 = LINE('',#4487,#4488);
#4487 = CARTESIAN_POINT('',(-7.673355784291,-11.94820534673,34.));
#4488 = VECTOR('',#4489,1.);
#4489 = DIRECTION('',(-0.,-0.,-1.));
#4490 = ORIENTED_EDGE('',*,*,#4491,.T.);
#4491 = EDGE_CURVE('',#4484,#4433,#4492,.T.);
#4492 = CIRCLE('',#4493,2.);
#4493 = AXIS2_PLACEMENT_3D('',#4494,#4495,#4496);
#4494 = CARTESIAN_POINT('',(-8.754110120107,-13.63105117021,0.4));
#4495 = DIRECTION('',(0.,-0.,1.));
#4496 = DIRECTION('',(0.540377167908,0.841422911742,0.));
#4497 = CYLINDRICAL_SURFACE('',#4498,2.);
#4498 = AXIS2_PLACEMENT_3D('',#4499,#4500,#4501);
#4499 = CARTESIAN_POINT('',(-8.754110120107,-13.63105117021,34.));
#4500 = DIRECTION('',(0.,0.,1.));
#4501 = DIRECTION('',(1.,0.,0.));
#4502 = ADVANCED_FACE('',(#4503),#4522,.F.);
#4503 = FACE_BOUND('',#4504,.F.);
#4504 = EDGE_LOOP('',(#4505,#4513,#4514,#4515));
#4505 = ORIENTED_EDGE('',*,*,#4506,.F.);
#4506 = EDGE_CURVE('',#2461,#4507,#4509,.T.);
#4507 = VERTEX_POINT('',#4508);
#4508 = CARTESIAN_POINT('',(10.616144881722,-16.57142857142,0.4));
#4509 = LINE('',#4510,#4511);
#4510 = CARTESIAN_POINT('',(10.616144881722,-16.57142857142,34.));
#4511 = VECTOR('',#4512,1.);
#4512 = DIRECTION('',(-0.,-0.,-1.));
#4513 = ORIENTED_EDGE('',*,*,#2469,.F.);
#4514 = ORIENTED_EDGE('',*,*,#4457,.T.);
#4515 = ORIENTED_EDGE('',*,*,#4516,.T.);
#4516 = EDGE_CURVE('',#4458,#4507,#4517,.T.);
#4517 = CIRCLE('',#4518,2.);
#4518 = AXIS2_PLACEMENT_3D('',#4519,#4520,#4521);
#4519 = CARTESIAN_POINT('',(8.662602834411,-17.,0.4));
#4520 = DIRECTION('',(-0.,0.,1.));
#4521 = DIRECTION('',(0.,-1.,0.));
#4522 = CYLINDRICAL_SURFACE('',#4523,2.);
#4523 = AXIS2_PLACEMENT_3D('',#4524,#4525,#4526);
#4524 = CARTESIAN_POINT('',(8.662602834411,-17.,34.));
#4525 = DIRECTION('',(0.,0.,1.));
#4526 = DIRECTION('',(1.,0.,0.));
#4527 = ADVANCED_FACE('',(#4528),#4547,.T.);
#4528 = FACE_BOUND('',#4529,.T.);
#4529 = EDGE_LOOP('',(#4530,#4538,#4539,#4540));
#4530 = ORIENTED_EDGE('',*,*,#4531,.F.);
#4531 = EDGE_CURVE('',#2425,#4532,#4534,.T.);
#4532 = VERTEX_POINT('',#4533);
#4533 = CARTESIAN_POINT('',(5.963656774285,-12.88700112045,0.4));
#4534 = LINE('',#4535,#4536);
#4535 = CARTESIAN_POINT('',(5.963656774285,-12.88700112045,34.));
#4536 = VECTOR('',#4537,1.);
#4537 = DIRECTION('',(-0.,-0.,-1.));
#4538 = ORIENTED_EDGE('',*,*,#2424,.F.);
#4539 = ORIENTED_EDGE('',*,*,#4483,.T.);
#4540 = ORIENTED_EDGE('',*,*,#4541,.F.);
#4541 = EDGE_CURVE('',#4532,#4484,#4542,.T.);
#4542 = CIRCLE('',#4543,14.2);
#4543 = AXIS2_PLACEMENT_3D('',#4544,#4545,#4546);
#4544 = CARTESIAN_POINT('',(0.,0.,0.4));
#4545 = DIRECTION('',(0.,-0.,-1.));
#4546 = DIRECTION('',(0.419975829175,-0.907535290173,0.));
#4547 = CYLINDRICAL_SURFACE('',#4548,14.2);
#4548 = AXIS2_PLACEMENT_3D('',#4549,#4550,#4551);
#4549 = CARTESIAN_POINT('',(0.,0.,34.));
#4550 = DIRECTION('',(0.,0.,1.));
#4551 = DIRECTION('',(1.,0.,0.));
#4552 = ADVANCED_FACE('',(#4553),#4572,.T.);
#4553 = FACE_BOUND('',#4554,.T.);
#4554 = EDGE_LOOP('',(#4555,#4556,#4557,#4565));
#4555 = ORIENTED_EDGE('',*,*,#4506,.F.);
#4556 = ORIENTED_EDGE('',*,*,#2460,.F.);
#4557 = ORIENTED_EDGE('',*,*,#4558,.T.);
#4558 = EDGE_CURVE('',#2452,#4559,#4561,.T.);
#4559 = VERTEX_POINT('',#4560);
#4560 = CARTESIAN_POINT('',(10.507371685237,-15.77140838349,0.4));
#4561 = LINE('',#4562,#4563);
#4562 = CARTESIAN_POINT('',(10.507371685237,-15.77140838349,34.));
#4563 = VECTOR('',#4564,1.);
#4564 = DIRECTION('',(-0.,-0.,-1.));
#4565 = ORIENTED_EDGE('',*,*,#4566,.F.);
#4566 = EDGE_CURVE('',#4507,#4559,#4567,.T.);
#4567 = CIRCLE('',#4568,5.);
#4568 = AXIS2_PLACEMENT_3D('',#4569,#4570,#4571);
#4569 = CARTESIAN_POINT('',(15.5,-15.5,0.4));
#4570 = DIRECTION('',(-0.,0.,-1.));
#4571 = DIRECTION('',(-0.976771023656,-0.214285714286,0.));
#4572 = CYLINDRICAL_SURFACE('',#4573,5.);
#4573 = AXIS2_PLACEMENT_3D('',#4574,#4575,#4576);
#4574 = CARTESIAN_POINT('',(15.5,-15.5,34.));
#4575 = DIRECTION('',(0.,0.,1.));
#4576 = DIRECTION('',(1.,0.,0.));
#4577 = ADVANCED_FACE('',(#4578),#4597,.F.);
#4578 = FACE_BOUND('',#4579,.F.);
#4579 = EDGE_LOOP('',(#4580,#4581,#4582,#4590));
#4580 = ORIENTED_EDGE('',*,*,#4531,.F.);
#4581 = ORIENTED_EDGE('',*,*,#2433,.F.);
#4582 = ORIENTED_EDGE('',*,*,#4583,.T.);
#4583 = EDGE_CURVE('',#2434,#4584,#4586,.T.);
#4584 = VERTEX_POINT('',#4585);
#4585 = CARTESIAN_POINT('',(7.188607583939,-13.2012276539,0.4));
#4586 = LINE('',#4587,#4588);
#4587 = CARTESIAN_POINT('',(7.188607583939,-13.2012276539,34.));
#4588 = VECTOR('',#4589,1.);
#4589 = DIRECTION('',(-0.,-0.,-1.));
#4590 = ORIENTED_EDGE('',*,*,#4591,.T.);
#4591 = EDGE_CURVE('',#4584,#4532,#4592,.T.);
#4592 = CIRCLE('',#4593,1.);
#4593 = AXIS2_PLACEMENT_3D('',#4594,#4595,#4596);
#4594 = CARTESIAN_POINT('',(6.38363260346,-13.79453641062,0.4));
#4595 = DIRECTION('',(0.,-0.,1.));
#4596 = DIRECTION('',(0.804974980479,0.593308756722,0.));
#4597 = CYLINDRICAL_SURFACE('',#4598,1.);
#4598 = AXIS2_PLACEMENT_3D('',#4599,#4600,#4601);
#4599 = CARTESIAN_POINT('',(6.38363260346,-13.79453641062,34.));
#4600 = DIRECTION('',(0.,0.,1.));
#4601 = DIRECTION('',(1.,0.,0.));
#4602 = ADVANCED_FACE('',(#4603),#4622,.F.);
#4603 = FACE_BOUND('',#4604,.F.);
#4604 = EDGE_LOOP('',(#4605,#4613,#4614,#4615));
#4605 = ORIENTED_EDGE('',*,*,#4606,.F.);
#4606 = EDGE_CURVE('',#2443,#4607,#4609,.T.);
#4607 = VERTEX_POINT('',#4608);
#4608 = CARTESIAN_POINT('',(9.724158093552,-14.84914476581,0.4));
#4609 = LINE('',#4610,#4611);
#4610 = CARTESIAN_POINT('',(9.724158093552,-14.84914476581,34.));
#4611 = VECTOR('',#4612,1.);
#4612 = DIRECTION('',(-0.,-0.,-1.));
#4613 = ORIENTED_EDGE('',*,*,#2451,.F.);
#4614 = ORIENTED_EDGE('',*,*,#4558,.T.);
#4615 = ORIENTED_EDGE('',*,*,#4616,.T.);
#4616 = EDGE_CURVE('',#4559,#4607,#4617,.T.);
#4617 = CIRCLE('',#4618,1.);
#4618 = AXIS2_PLACEMENT_3D('',#4619,#4620,#4621);
#4619 = CARTESIAN_POINT('',(9.508846022285,-15.82569006019,0.4));
#4620 = DIRECTION('',(0.,-0.,1.));
#4621 = DIRECTION('',(0.998525662953,5.428167669825E-02,0.));
#4622 = CYLINDRICAL_SURFACE('',#4623,1.);
#4623 = AXIS2_PLACEMENT_3D('',#4624,#4625,#4626);
#4624 = CARTESIAN_POINT('',(9.508846022285,-15.82569006019,34.));
#4625 = DIRECTION('',(0.,0.,1.));
#4626 = DIRECTION('',(1.,0.,0.));
#4627 = ADVANCED_FACE('',(#4628),#4640,.T.);
#4628 = FACE_BOUND('',#4629,.T.);
#4629 = EDGE_LOOP('',(#4630,#4631,#4632,#4633));
#4630 = ORIENTED_EDGE('',*,*,#4606,.F.);
#4631 = ORIENTED_EDGE('',*,*,#2442,.F.);
#4632 = ORIENTED_EDGE('',*,*,#4583,.T.);
#4633 = ORIENTED_EDGE('',*,*,#4634,.F.);
#4634 = EDGE_CURVE('',#4607,#4584,#4635,.T.);
#4635 = CIRCLE('',#4636,4.3);
#4636 = AXIS2_PLACEMENT_3D('',#4637,#4638,#4639);
#4637 = CARTESIAN_POINT('',(10.65,-10.65,0.4));
#4638 = DIRECTION('',(-0.,0.,-1.));
#4639 = DIRECTION('',(-0.215312071267,-0.976545294375,0.));
#4640 = CYLINDRICAL_SURFACE('',#4641,4.3);
#4641 = AXIS2_PLACEMENT_3D('',#4642,#4643,#4644);
#4642 = CARTESIAN_POINT('',(10.65,-10.65,34.));
#4643 = DIRECTION('',(0.,0.,1.));
#4644 = DIRECTION('',(1.,0.,0.));
#4645 = ADVANCED_FACE('',(#4646),#4665,.F.);
#4646 = FACE_BOUND('',#4647,.F.);
#4647 = EDGE_LOOP('',(#4648,#4656,#4663,#4664));
#4648 = ORIENTED_EDGE('',*,*,#4649,.T.);
#4649 = EDGE_CURVE('',#2487,#4650,#4652,.T.);
#4650 = VERTEX_POINT('',#4651);
#4651 = CARTESIAN_POINT('',(-12.5,15.5,13.));
#4652 = LINE('',#4653,#4654);
#4653 = CARTESIAN_POINT('',(-12.5,15.5,34.));
#4654 = VECTOR('',#4655,1.);
#4655 = DIRECTION('',(-0.,-0.,-1.));
#4656 = ORIENTED_EDGE('',*,*,#4657,.T.);
#4657 = EDGE_CURVE('',#4650,#4650,#4658,.T.);
#4658 = CIRCLE('',#4659,3.);
#4659 = AXIS2_PLACEMENT_3D('',#4660,#4661,#4662);
#4660 = CARTESIAN_POINT('',(-15.5,15.5,13.));
#4661 = DIRECTION('',(0.,0.,1.));
#4662 = DIRECTION('',(1.,0.,0.));
#4663 = ORIENTED_EDGE('',*,*,#4649,.F.);
#4664 = ORIENTED_EDGE('',*,*,#2486,.F.);
#4665 = CYLINDRICAL_SURFACE('',#4666,3.);
#4666 = AXIS2_PLACEMENT_3D('',#4667,#4668,#4669);
#4667 = CARTESIAN_POINT('',(-15.5,15.5,34.));
#4668 = DIRECTION('',(0.,0.,1.));
#4669 = DIRECTION('',(1.,0.,0.));
#4670 = ADVANCED_FACE('',(#4671),#4690,.F.);
#4671 = FACE_BOUND('',#4672,.F.);
#4672 = EDGE_LOOP('',(#4673,#4681,#4682,#4683));
#4673 = ORIENTED_EDGE('',*,*,#4674,.F.);
#4674 = EDGE_CURVE('',#2498,#4675,#4677,.T.);
#4675 = VERTEX_POINT('',#4676);
#4676 = CARTESIAN_POINT('',(11.15,0.,0.4));
#4677 = LINE('',#4678,#4679);
#4678 = CARTESIAN_POINT('',(11.15,0.,34.));
#4679 = VECTOR('',#4680,1.);
#4680 = DIRECTION('',(-0.,-0.,-1.));
#4681 = ORIENTED_EDGE('',*,*,#2497,.F.);
#4682 = ORIENTED_EDGE('',*,*,#4674,.T.);
#4683 = ORIENTED_EDGE('',*,*,#4684,.T.);
#4684 = EDGE_CURVE('',#4675,#4675,#4685,.T.);
#4685 = CIRCLE('',#4686,11.15);
#4686 = AXIS2_PLACEMENT_3D('',#4687,#4688,#4689);
#4687 = CARTESIAN_POINT('',(0.,0.,0.4));
#4688 = DIRECTION('',(0.,0.,1.));
#4689 = DIRECTION('',(1.,0.,0.));
#4690 = CYLINDRICAL_SURFACE('',#4691,11.15);
#4691 = AXIS2_PLACEMENT_3D('',#4692,#4693,#4694);
#4692 = CARTESIAN_POINT('',(0.,0.,34.));
#4693 = DIRECTION('',(0.,0.,1.));
#4694 = DIRECTION('',(1.,0.,0.));
#4695 = ADVANCED_FACE('',(#4696),#4722,.F.);
#4696 = FACE_BOUND('',#4697,.F.);
#4697 = EDGE_LOOP('',(#4698,#4706,#4707,#4715));
#4698 = ORIENTED_EDGE('',*,*,#4699,.F.);
#4699 = EDGE_CURVE('',#2511,#4700,#4702,.T.);
#4700 = VERTEX_POINT('',#4701);
#4701 = CARTESIAN_POINT('',(15.4,-6.904669573989,0.4));
#4702 = LINE('',#4703,#4704);
#4703 = CARTESIAN_POINT('',(15.4,-6.904669573989,34.));
#4704 = VECTOR('',#4705,1.);
#4705 = DIRECTION('',(-0.,-0.,-1.));
#4706 = ORIENTED_EDGE('',*,*,#2508,.F.);
#4707 = ORIENTED_EDGE('',*,*,#4708,.T.);
#4708 = EDGE_CURVE('',#2509,#4709,#4711,.T.);
#4709 = VERTEX_POINT('',#4710);
#4710 = CARTESIAN_POINT('',(13.692452830189,-7.611335692105,0.4));
#4711 = LINE('',#4712,#4713);
#4712 = CARTESIAN_POINT('',(13.692452830189,-7.611335692105,34.));
#4713 = VECTOR('',#4714,1.);
#4714 = DIRECTION('',(-0.,-0.,-1.));
#4715 = ORIENTED_EDGE('',*,*,#4716,.F.);
#4716 = EDGE_CURVE('',#4700,#4709,#4717,.T.);
#4717 = CIRCLE('',#4718,1.);
#4718 = AXIS2_PLACEMENT_3D('',#4719,#4720,#4721);
#4719 = CARTESIAN_POINT('',(14.4,-6.90466957399,0.4));
#4720 = DIRECTION('',(0.,0.,-1.));
#4721 = DIRECTION('',(1.,0.,0.));
#4722 = CYLINDRICAL_SURFACE('',#4723,1.);
#4723 = AXIS2_PLACEMENT_3D('',#4724,#4725,#4726);
#4724 = CARTESIAN_POINT('',(14.4,-6.90466957399,34.));
#4725 = DIRECTION('',(0.,0.,1.));
#4726 = DIRECTION('',(1.,0.,0.));
#4727 = ADVANCED_FACE('',(#4728),#4747,.T.);
#4728 = FACE_BOUND('',#4729,.T.);
#4729 = EDGE_LOOP('',(#4730,#4738,#4739,#4740));
#4730 = ORIENTED_EDGE('',*,*,#4731,.F.);
#4731 = EDGE_CURVE('',#2520,#4732,#4734,.T.);
#4732 = VERTEX_POINT('',#4733);
#4733 = CARTESIAN_POINT('',(13.201227653903,-7.188607583939,0.4));
#4734 = LINE('',#4735,#4736);
#4735 = CARTESIAN_POINT('',(13.201227653903,-7.188607583939,34.));
#4736 = VECTOR('',#4737,1.);
#4737 = DIRECTION('',(-0.,-0.,-1.));
#4738 = ORIENTED_EDGE('',*,*,#2519,.F.);
#4739 = ORIENTED_EDGE('',*,*,#4708,.T.);
#4740 = ORIENTED_EDGE('',*,*,#4741,.T.);
#4741 = EDGE_CURVE('',#4709,#4732,#4742,.T.);
#4742 = CIRCLE('',#4743,4.3);
#4743 = AXIS2_PLACEMENT_3D('',#4744,#4745,#4746);
#4744 = CARTESIAN_POINT('',(10.65,-10.65,0.4));
#4745 = DIRECTION('',(0.,-0.,1.));
#4746 = DIRECTION('',(0.707547169811,0.706666118115,0.));
#4747 = CYLINDRICAL_SURFACE('',#4748,4.3);
#4748 = AXIS2_PLACEMENT_3D('',#4749,#4750,#4751);
#4749 = CARTESIAN_POINT('',(10.65,-10.65,34.));
#4750 = DIRECTION('',(0.,0.,1.));
#4751 = DIRECTION('',(1.,0.,0.));
#4752 = ADVANCED_FACE('',(#4753),#4771,.T.);
#4753 = FACE_BOUND('',#4754,.T.);
#4754 = EDGE_LOOP('',(#4755,#4756,#4757,#4765));
#4755 = ORIENTED_EDGE('',*,*,#4699,.F.);
#4756 = ORIENTED_EDGE('',*,*,#2573,.F.);
#4757 = ORIENTED_EDGE('',*,*,#4758,.T.);
#4758 = EDGE_CURVE('',#2565,#4759,#4761,.T.);
#4759 = VERTEX_POINT('',#4760);
#4760 = CARTESIAN_POINT('',(15.4,9.601695158777,0.4));
#4761 = LINE('',#4762,#4763);
#4762 = CARTESIAN_POINT('',(15.4,9.601695158777,34.));
#4763 = VECTOR('',#4764,1.);
#4764 = DIRECTION('',(-0.,-0.,-1.));
#4765 = ORIENTED_EDGE('',*,*,#4766,.T.);
#4766 = EDGE_CURVE('',#4759,#4700,#4767,.T.);
#4767 = LINE('',#4768,#4769);
#4768 = CARTESIAN_POINT('',(15.4,9.601695158777,0.4));
#4769 = VECTOR('',#4770,1.);
#4770 = DIRECTION('',(0.,-1.,0.));
#4771 = PLANE('',#4772);
#4772 = AXIS2_PLACEMENT_3D('',#4773,#4774,#4775);
#4773 = CARTESIAN_POINT('',(15.4,9.601695158777,34.));
#4774 = DIRECTION('',(-1.,0.,0.));
#4775 = DIRECTION('',(0.,-1.,0.));
#4776 = ADVANCED_FACE('',(#4777),#4796,.F.);
#4777 = FACE_BOUND('',#4778,.F.);
#4778 = EDGE_LOOP('',(#4779,#4780,#4781,#4789));
#4779 = ORIENTED_EDGE('',*,*,#4731,.F.);
#4780 = ORIENTED_EDGE('',*,*,#2528,.F.);
#4781 = ORIENTED_EDGE('',*,*,#4782,.T.);
#4782 = EDGE_CURVE('',#2529,#4783,#4785,.T.);
#4783 = VERTEX_POINT('',#4784);
#4784 = CARTESIAN_POINT('',(12.887001120452,-5.963656774285,0.4));
#4785 = LINE('',#4786,#4787);
#4786 = CARTESIAN_POINT('',(12.887001120452,-5.963656774285,34.));
#4787 = VECTOR('',#4788,1.);
#4788 = DIRECTION('',(-0.,-0.,-1.));
#4789 = ORIENTED_EDGE('',*,*,#4790,.F.);
#4790 = EDGE_CURVE('',#4732,#4783,#4791,.T.);
#4791 = CIRCLE('',#4792,1.);
#4792 = AXIS2_PLACEMENT_3D('',#4793,#4794,#4795);
#4793 = CARTESIAN_POINT('',(13.794536410624,-6.38363260346,0.4));
#4794 = DIRECTION('',(-0.,0.,-1.));
#4795 = DIRECTION('',(-0.593308756722,-0.804974980479,0.));
#4796 = CYLINDRICAL_SURFACE('',#4797,1.);
#4797 = AXIS2_PLACEMENT_3D('',#4798,#4799,#4800);
#4798 = CARTESIAN_POINT('',(13.794536410624,-6.38363260346,34.));
#4799 = DIRECTION('',(0.,0.,1.));
#4800 = DIRECTION('',(1.,0.,0.));
#4801 = ADVANCED_FACE('',(#4802),#4821,.F.);
#4802 = FACE_BOUND('',#4803,.F.);
#4803 = EDGE_LOOP('',(#4804,#4812,#4813,#4814));
#4804 = ORIENTED_EDGE('',*,*,#4805,.F.);
#4805 = EDGE_CURVE('',#2556,#4806,#4808,.T.);
#4806 = VERTEX_POINT('',#4807);
#4807 = CARTESIAN_POINT('',(14.583333333333,10.584745965647,0.4));
#4808 = LINE('',#4809,#4810);
#4809 = CARTESIAN_POINT('',(14.583333333333,10.584745965647,34.));
#4810 = VECTOR('',#4811,1.);
#4811 = DIRECTION('',(-0.,-0.,-1.));
#4812 = ORIENTED_EDGE('',*,*,#2564,.F.);
#4813 = ORIENTED_EDGE('',*,*,#4758,.T.);
#4814 = ORIENTED_EDGE('',*,*,#4815,.F.);
#4815 = EDGE_CURVE('',#4806,#4759,#4816,.T.);
#4816 = CIRCLE('',#4817,1.);
#4817 = AXIS2_PLACEMENT_3D('',#4818,#4819,#4820);
#4818 = CARTESIAN_POINT('',(14.4,9.601695158777,0.4));
#4819 = DIRECTION('',(0.,0.,-1.));
#4820 = DIRECTION('',(0.183333333333,0.983050806871,0.));
#4821 = CYLINDRICAL_SURFACE('',#4822,1.);
#4822 = AXIS2_PLACEMENT_3D('',#4823,#4824,#4825);
#4823 = CARTESIAN_POINT('',(14.4,9.601695158777,34.));
#4824 = DIRECTION('',(0.,0.,1.));
#4825 = DIRECTION('',(1.,0.,0.));
#4826 = ADVANCED_FACE('',(#4827),#4846,.T.);
#4827 = FACE_BOUND('',#4828,.T.);
#4828 = EDGE_LOOP('',(#4829,#4837,#4838,#4839));
#4829 = ORIENTED_EDGE('',*,*,#4830,.F.);
#4830 = EDGE_CURVE('',#2538,#4831,#4833,.T.);
#4831 = VERTEX_POINT('',#4832);
#4832 = CARTESIAN_POINT('',(11.948205346733,7.673355784291,0.4));
#4833 = LINE('',#4834,#4835);
#4834 = CARTESIAN_POINT('',(11.948205346733,7.673355784291,34.));
#4835 = VECTOR('',#4836,1.);
#4836 = DIRECTION('',(-0.,-0.,-1.));
#4837 = ORIENTED_EDGE('',*,*,#2537,.F.);
#4838 = ORIENTED_EDGE('',*,*,#4782,.T.);
#4839 = ORIENTED_EDGE('',*,*,#4840,.T.);
#4840 = EDGE_CURVE('',#4783,#4831,#4841,.T.);
#4841 = CIRCLE('',#4842,14.2);
#4842 = AXIS2_PLACEMENT_3D('',#4843,#4844,#4845);
#4843 = CARTESIAN_POINT('',(0.,0.,0.4));
#4844 = DIRECTION('',(-0.,0.,1.));
#4845 = DIRECTION('',(0.907535290173,-0.419975829175,0.));
#4846 = CYLINDRICAL_SURFACE('',#4847,14.2);
#4847 = AXIS2_PLACEMENT_3D('',#4848,#4849,#4850);
#4848 = CARTESIAN_POINT('',(0.,0.,34.));
#4849 = DIRECTION('',(0.,0.,1.));
#4850 = DIRECTION('',(1.,0.,0.));
#4851 = ADVANCED_FACE('',(#4852),#4871,.T.);
#4852 = FACE_BOUND('',#4853,.T.);
#4853 = EDGE_LOOP('',(#4854,#4855,#4856,#4864));
#4854 = ORIENTED_EDGE('',*,*,#4805,.F.);
#4855 = ORIENTED_EDGE('',*,*,#2555,.F.);
#4856 = ORIENTED_EDGE('',*,*,#4857,.T.);
#4857 = EDGE_CURVE('',#2547,#4858,#4860,.T.);
#4858 = VERTEX_POINT('',#4859);
#4859 = CARTESIAN_POINT('',(14.165036550154,10.681507228648,0.4));
#4860 = LINE('',#4861,#4862);
#4861 = CARTESIAN_POINT('',(14.165036550154,10.681507228648,34.));
#4862 = VECTOR('',#4863,1.);
#4863 = DIRECTION('',(-0.,-0.,-1.));
#4864 = ORIENTED_EDGE('',*,*,#4865,.T.);
#4865 = EDGE_CURVE('',#4858,#4806,#4866,.T.);
#4866 = CIRCLE('',#4867,5.);
#4867 = AXIS2_PLACEMENT_3D('',#4868,#4869,#4870);
#4868 = CARTESIAN_POINT('',(15.5,15.5,0.4));
#4869 = DIRECTION('',(0.,0.,1.));
#4870 = DIRECTION('',(-0.266992689969,-0.96369855427,0.));
#4871 = CYLINDRICAL_SURFACE('',#4872,5.);
#4872 = AXIS2_PLACEMENT_3D('',#4873,#4874,#4875);
#4873 = CARTESIAN_POINT('',(15.5,15.5,34.));
#4874 = DIRECTION('',(0.,0.,1.));
#4875 = DIRECTION('',(1.,0.,0.));
#4876 = ADVANCED_FACE('',(#4877),#4889,.F.);
#4877 = FACE_BOUND('',#4878,.F.);
#4878 = EDGE_LOOP('',(#4879,#4880,#4881,#4882));
#4879 = ORIENTED_EDGE('',*,*,#4830,.F.);
#4880 = ORIENTED_EDGE('',*,*,#2546,.F.);
#4881 = ORIENTED_EDGE('',*,*,#4857,.T.);
#4882 = ORIENTED_EDGE('',*,*,#4883,.F.);
#4883 = EDGE_CURVE('',#4831,#4858,#4884,.T.);
#4884 = CIRCLE('',#4885,2.);
#4885 = AXIS2_PLACEMENT_3D('',#4886,#4887,#4888);
#4886 = CARTESIAN_POINT('',(13.631051170216,8.754110120107,0.4));
#4887 = DIRECTION('',(-0.,0.,-1.));
#4888 = DIRECTION('',(-0.841422911742,-0.540377167908,0.));
#4889 = CYLINDRICAL_SURFACE('',#4890,2.);
#4890 = AXIS2_PLACEMENT_3D('',#4891,#4892,#4893);
#4891 = CARTESIAN_POINT('',(13.631051170216,8.754110120107,34.));
#4892 = DIRECTION('',(0.,0.,1.));
#4893 = DIRECTION('',(1.,0.,0.));
#4894 = ADVANCED_FACE('',(#4895),#4921,.F.);
#4895 = FACE_BOUND('',#4896,.F.);
#4896 = EDGE_LOOP('',(#4897,#4905,#4906,#4914));
#4897 = ORIENTED_EDGE('',*,*,#4898,.F.);
#4898 = EDGE_CURVE('',#2584,#4899,#4901,.T.);
#4899 = VERTEX_POINT('',#4900);
#4900 = CARTESIAN_POINT('',(-7.673355784291,11.948205346733,0.4));
#4901 = LINE('',#4902,#4903);
#4902 = CARTESIAN_POINT('',(-7.673355784291,11.948205346733,34.));
#4903 = VECTOR('',#4904,1.);
#4904 = DIRECTION('',(-0.,-0.,-1.));
#4905 = ORIENTED_EDGE('',*,*,#2581,.F.);
#4906 = ORIENTED_EDGE('',*,*,#4907,.T.);
#4907 = EDGE_CURVE('',#2582,#4908,#4910,.T.);
#4908 = VERTEX_POINT('',#4909);
#4909 = CARTESIAN_POINT('',(-10.68150722864,14.165036550154,0.4));
#4910 = LINE('',#4911,#4912);
#4911 = CARTESIAN_POINT('',(-10.68150722864,14.165036550154,34.));
#4912 = VECTOR('',#4913,1.);
#4913 = DIRECTION('',(-0.,-0.,-1.));
#4914 = ORIENTED_EDGE('',*,*,#4915,.F.);
#4915 = EDGE_CURVE('',#4899,#4908,#4916,.T.);
#4916 = CIRCLE('',#4917,2.);
#4917 = AXIS2_PLACEMENT_3D('',#4918,#4919,#4920);
#4918 = CARTESIAN_POINT('',(-8.754110120107,13.631051170216,0.4));
#4919 = DIRECTION('',(0.,-0.,-1.));
#4920 = DIRECTION('',(0.540377167908,-0.841422911742,0.));
#4921 = CYLINDRICAL_SURFACE('',#4922,2.);
#4922 = AXIS2_PLACEMENT_3D('',#4923,#4924,#4925);
#4923 = CARTESIAN_POINT('',(-8.754110120107,13.631051170216,34.));
#4924 = DIRECTION('',(0.,0.,1.));
#4925 = DIRECTION('',(1.,0.,0.));
#4926 = ADVANCED_FACE('',(#4927),#4946,.T.);
#4927 = FACE_BOUND('',#4928,.T.);
#4928 = EDGE_LOOP('',(#4929,#4937,#4938,#4939));
#4929 = ORIENTED_EDGE('',*,*,#4930,.F.);
#4930 = EDGE_CURVE('',#2593,#4931,#4933,.T.);
#4931 = VERTEX_POINT('',#4932);
#4932 = CARTESIAN_POINT('',(-10.61614488172,16.571428571429,0.4));
#4933 = LINE('',#4934,#4935);
#4934 = CARTESIAN_POINT('',(-10.61614488172,16.571428571429,34.));
#4935 = VECTOR('',#4936,1.);
#4936 = DIRECTION('',(-0.,-0.,-1.));
#4937 = ORIENTED_EDGE('',*,*,#2592,.F.);
#4938 = ORIENTED_EDGE('',*,*,#4907,.T.);
#4939 = ORIENTED_EDGE('',*,*,#4940,.T.);
#4940 = EDGE_CURVE('',#4908,#4931,#4941,.T.);
#4941 = CIRCLE('',#4942,5.);
#4942 = AXIS2_PLACEMENT_3D('',#4943,#4944,#4945);
#4943 = CARTESIAN_POINT('',(-15.5,15.5,0.4));
#4944 = DIRECTION('',(-0.,0.,1.));
#4945 = DIRECTION('',(0.96369855427,-0.266992689969,0.));
#4946 = CYLINDRICAL_SURFACE('',#4947,5.);
#4947 = AXIS2_PLACEMENT_3D('',#4948,#4949,#4950);
#4948 = CARTESIAN_POINT('',(-15.5,15.5,34.));
#4949 = DIRECTION('',(0.,0.,1.));
#4950 = DIRECTION('',(1.,0.,0.));
#4951 = ADVANCED_FACE('',(#4952),#4971,.T.);
#4952 = FACE_BOUND('',#4953,.T.);
#4953 = EDGE_LOOP('',(#4954,#4955,#4956,#4964));
#4954 = ORIENTED_EDGE('',*,*,#4898,.F.);
#4955 = ORIENTED_EDGE('',*,*,#2645,.F.);
#4956 = ORIENTED_EDGE('',*,*,#4957,.T.);
#4957 = EDGE_CURVE('',#2637,#4958,#4960,.T.);
#4958 = VERTEX_POINT('',#4959);
#4959 = CARTESIAN_POINT('',(7.673355784291,11.948205346733,0.4));
#4960 = LINE('',#4961,#4962);
#4961 = CARTESIAN_POINT('',(7.673355784291,11.948205346733,34.));
#4962 = VECTOR('',#4963,1.);
#4963 = DIRECTION('',(-0.,-0.,-1.));
#4964 = ORIENTED_EDGE('',*,*,#4965,.T.);
#4965 = EDGE_CURVE('',#4958,#4899,#4966,.T.);
#4966 = CIRCLE('',#4967,14.2);
#4967 = AXIS2_PLACEMENT_3D('',#4968,#4969,#4970);
#4968 = CARTESIAN_POINT('',(0.,0.,0.4));
#4969 = DIRECTION('',(0.,-0.,1.));
#4970 = DIRECTION('',(0.540377167908,0.841422911742,0.));
#4971 = CYLINDRICAL_SURFACE('',#4972,14.2);
#4972 = AXIS2_PLACEMENT_3D('',#4973,#4974,#4975);
#4973 = CARTESIAN_POINT('',(0.,0.,34.));
#4974 = DIRECTION('',(0.,0.,1.));
#4975 = DIRECTION('',(1.,0.,0.));
#4976 = ADVANCED_FACE('',(#4977),#4996,.F.);
#4977 = FACE_BOUND('',#4978,.F.);
#4978 = EDGE_LOOP('',(#4979,#4980,#4981,#4989));
#4979 = ORIENTED_EDGE('',*,*,#4930,.F.);
#4980 = ORIENTED_EDGE('',*,*,#2601,.F.);
#4981 = ORIENTED_EDGE('',*,*,#4982,.T.);
#4982 = EDGE_CURVE('',#2602,#4983,#4985,.T.);
#4983 = VERTEX_POINT('',#4984);
#4984 = CARTESIAN_POINT('',(-8.662602834411,19.,0.4));
#4985 = LINE('',#4986,#4987);
#4986 = CARTESIAN_POINT('',(-8.662602834411,19.,34.));
#4987 = VECTOR('',#4988,1.);
#4988 = DIRECTION('',(-0.,-0.,-1.));
#4989 = ORIENTED_EDGE('',*,*,#4990,.F.);
#4990 = EDGE_CURVE('',#4931,#4983,#4991,.T.);
#4991 = CIRCLE('',#4992,2.);
#4992 = AXIS2_PLACEMENT_3D('',#4993,#4994,#4995);
#4993 = CARTESIAN_POINT('',(-8.662602834411,17.,0.4));
#4994 = DIRECTION('',(-0.,0.,-1.));
#4995 = DIRECTION('',(-0.976771023656,-0.214285714286,0.));
#4996 = CYLINDRICAL_SURFACE('',#4997,2.);
#4997 = AXIS2_PLACEMENT_3D('',#4998,#4999,#5000);
#4998 = CARTESIAN_POINT('',(-8.662602834411,17.,34.));
#4999 = DIRECTION('',(0.,0.,1.));
#5000 = DIRECTION('',(1.,0.,0.));
#5001 = ADVANCED_FACE('',(#5002),#5021,.F.);
#5002 = FACE_BOUND('',#5003,.F.);
#5003 = EDGE_LOOP('',(#5004,#5012,#5013,#5014));
#5004 = ORIENTED_EDGE('',*,*,#5005,.F.);
#5005 = EDGE_CURVE('',#2628,#5006,#5008,.T.);
#5006 = VERTEX_POINT('',#5007);
#5007 = CARTESIAN_POINT('',(10.681507228648,14.165036550154,0.4));
#5008 = LINE('',#5009,#5010);
#5009 = CARTESIAN_POINT('',(10.681507228648,14.165036550154,34.));
#5010 = VECTOR('',#5011,1.);
#5011 = DIRECTION('',(-0.,-0.,-1.));
#5012 = ORIENTED_EDGE('',*,*,#2636,.F.);
#5013 = ORIENTED_EDGE('',*,*,#4957,.T.);
#5014 = ORIENTED_EDGE('',*,*,#5015,.F.);
#5015 = EDGE_CURVE('',#5006,#4958,#5016,.T.);
#5016 = CIRCLE('',#5017,2.);
#5017 = AXIS2_PLACEMENT_3D('',#5018,#5019,#5020);
#5018 = CARTESIAN_POINT('',(8.754110120107,13.631051170216,0.4));
#5019 = DIRECTION('',(0.,0.,-1.));
#5020 = DIRECTION('',(0.96369855427,0.266992689969,0.));
#5021 = CYLINDRICAL_SURFACE('',#5022,2.);
#5022 = AXIS2_PLACEMENT_3D('',#5023,#5024,#5025);
#5023 = CARTESIAN_POINT('',(8.754110120107,13.631051170216,34.));
#5024 = DIRECTION('',(0.,0.,1.));
#5025 = DIRECTION('',(1.,0.,0.));
#5026 = ADVANCED_FACE('',(#5027),#5045,.T.);
#5027 = FACE_BOUND('',#5028,.T.);
#5028 = EDGE_LOOP('',(#5029,#5037,#5038,#5039));
#5029 = ORIENTED_EDGE('',*,*,#5030,.F.);
#5030 = EDGE_CURVE('',#2611,#5031,#5033,.T.);
#5031 = VERTEX_POINT('',#5032);
#5032 = CARTESIAN_POINT('',(8.662602834411,19.,0.4));
#5033 = LINE('',#5034,#5035);
#5034 = CARTESIAN_POINT('',(8.662602834411,19.,34.));
#5035 = VECTOR('',#5036,1.);
#5036 = DIRECTION('',(-0.,-0.,-1.));
#5037 = ORIENTED_EDGE('',*,*,#2610,.F.);
#5038 = ORIENTED_EDGE('',*,*,#4982,.T.);
#5039 = ORIENTED_EDGE('',*,*,#5040,.T.);
#5040 = EDGE_CURVE('',#4983,#5031,#5041,.T.);
#5041 = LINE('',#5042,#5043);
#5042 = CARTESIAN_POINT('',(-8.662602834411,19.,0.4));
#5043 = VECTOR('',#5044,1.);
#5044 = DIRECTION('',(1.,0.,0.));
#5045 = PLANE('',#5046);
#5046 = AXIS2_PLACEMENT_3D('',#5047,#5048,#5049);
#5047 = CARTESIAN_POINT('',(-8.662602834411,19.,34.));
#5048 = DIRECTION('',(0.,-1.,0.));
#5049 = DIRECTION('',(1.,0.,0.));
#5050 = ADVANCED_FACE('',(#5051),#5070,.T.);
#5051 = FACE_BOUND('',#5052,.T.);
#5052 = EDGE_LOOP('',(#5053,#5054,#5055,#5063));
#5053 = ORIENTED_EDGE('',*,*,#5005,.F.);
#5054 = ORIENTED_EDGE('',*,*,#2627,.F.);
#5055 = ORIENTED_EDGE('',*,*,#5056,.T.);
#5056 = EDGE_CURVE('',#2619,#5057,#5059,.T.);
#5057 = VERTEX_POINT('',#5058);
#5058 = CARTESIAN_POINT('',(10.616144881722,16.571428571429,0.4));
#5059 = LINE('',#5060,#5061);
#5060 = CARTESIAN_POINT('',(10.616144881722,16.571428571429,34.));
#5061 = VECTOR('',#5062,1.);
#5062 = DIRECTION('',(-0.,-0.,-1.));
#5063 = ORIENTED_EDGE('',*,*,#5064,.T.);
#5064 = EDGE_CURVE('',#5057,#5006,#5065,.T.);
#5065 = CIRCLE('',#5066,5.);
#5066 = AXIS2_PLACEMENT_3D('',#5067,#5068,#5069);
#5067 = CARTESIAN_POINT('',(15.5,15.5,0.4));
#5068 = DIRECTION('',(0.,0.,1.));
#5069 = DIRECTION('',(-0.976771023656,0.214285714286,0.));
#5070 = CYLINDRICAL_SURFACE('',#5071,5.);
#5071 = AXIS2_PLACEMENT_3D('',#5072,#5073,#5074);
#5072 = CARTESIAN_POINT('',(15.5,15.5,34.));
#5073 = DIRECTION('',(0.,0.,1.));
#5074 = DIRECTION('',(1.,0.,0.));
#5075 = ADVANCED_FACE('',(#5076),#5088,.F.);
#5076 = FACE_BOUND('',#5077,.F.);
#5077 = EDGE_LOOP('',(#5078,#5079,#5080,#5081));
#5078 = ORIENTED_EDGE('',*,*,#5030,.F.);
#5079 = ORIENTED_EDGE('',*,*,#2618,.F.);
#5080 = ORIENTED_EDGE('',*,*,#5056,.T.);
#5081 = ORIENTED_EDGE('',*,*,#5082,.F.);
#5082 = EDGE_CURVE('',#5031,#5057,#5083,.T.);
#5083 = CIRCLE('',#5084,2.);
#5084 = AXIS2_PLACEMENT_3D('',#5085,#5086,#5087);
#5085 = CARTESIAN_POINT('',(8.662602834411,17.,0.4));
#5086 = DIRECTION('',(0.,0.,-1.));
#5087 = DIRECTION('',(0.,1.,0.));
#5088 = CYLINDRICAL_SURFACE('',#5089,2.);
#5089 = AXIS2_PLACEMENT_3D('',#5090,#5091,#5092);
#5090 = CARTESIAN_POINT('',(8.662602834411,17.,34.));
#5091 = DIRECTION('',(0.,0.,1.));
#5092 = DIRECTION('',(1.,0.,0.));
#5093 = ADVANCED_FACE('',(#5094),#5113,.T.);
#5094 = FACE_BOUND('',#5095,.F.);
#5095 = EDGE_LOOP('',(#5096,#5104,#5111,#5112));
#5096 = ORIENTED_EDGE('',*,*,#5097,.T.);
#5097 = EDGE_CURVE('',#2655,#5098,#5100,.T.);
#5098 = VERTEX_POINT('',#5099);
#5099 = CARTESIAN_POINT('',(11.010586206959,9.510586206959,35.));
#5100 = LINE('',#5101,#5102);
#5101 = CARTESIAN_POINT('',(11.010586206959,9.510586206959,34.));
#5102 = VECTOR('',#5103,1.);
#5103 = DIRECTION('',(0.,0.,1.));
#5104 = ORIENTED_EDGE('',*,*,#5105,.T.);
#5105 = EDGE_CURVE('',#5098,#5098,#5106,.T.);
#5106 = CIRCLE('',#5107,1.5);
#5107 = AXIS2_PLACEMENT_3D('',#5108,#5109,#5110);
#5108 = CARTESIAN_POINT('',(9.510586206959,9.510586206959,35.));
#5109 = DIRECTION('',(0.,0.,1.));
#5110 = DIRECTION('',(1.,0.,0.));
#5111 = ORIENTED_EDGE('',*,*,#5097,.F.);
#5112 = ORIENTED_EDGE('',*,*,#2654,.F.);
#5113 = CYLINDRICAL_SURFACE('',#5114,1.5);
#5114 = AXIS2_PLACEMENT_3D('',#5115,#5116,#5117);
#5115 = CARTESIAN_POINT('',(9.510586206959,9.510586206959,34.));
#5116 = DIRECTION('',(-0.,-0.,-1.));
#5117 = DIRECTION('',(1.,0.,0.));
#5118 = ADVANCED_FACE('',(#5119),#5130,.T.);
#5119 = FACE_BOUND('',#5120,.F.);
#5120 = EDGE_LOOP('',(#5121,#5122,#5123,#5129));
#5121 = ORIENTED_EDGE('',*,*,#2698,.F.);
#5122 = ORIENTED_EDGE('',*,*,#2761,.T.);
#5123 = ORIENTED_EDGE('',*,*,#5124,.T.);
#5124 = EDGE_CURVE('',#2762,#2904,#5125,.T.);
#5125 = LINE('',#5126,#5127);
#5126 = CARTESIAN_POINT('',(-16.29289321881,21.707106781187,0.4));
#5127 = VECTOR('',#5128,1.);
#5128 = DIRECTION('',(0.5,-0.5,-0.707106781187));
#5129 = ORIENTED_EDGE('',*,*,#2903,.F.);
#5130 = CONICAL_SURFACE('',#5131,1.,0.785398163397);
#5131 = AXIS2_PLACEMENT_3D('',#5132,#5133,#5134);
#5132 = CARTESIAN_POINT('',(-15.58578643762,21.,0.4));
#5133 = DIRECTION('',(0.,0.,1.));
#5134 = DIRECTION('',(1.78E-15,1.,0.));
#5135 = ADVANCED_FACE('',(#5136),#5161,.F.);
#5136 = FACE_BOUND('',#5137,.T.);
#5137 = EDGE_LOOP('',(#5138,#5146,#5147,#5155));
#5138 = ORIENTED_EDGE('',*,*,#5139,.F.);
#5139 = EDGE_CURVE('',#2739,#5140,#5142,.T.);
#5140 = VERTEX_POINT('',#5141);
#5141 = CARTESIAN_POINT('',(-15.1,23.,26.15));
#5142 = LINE('',#5143,#5144);
#5143 = CARTESIAN_POINT('',(-14.68333333333,23.416666666667,
    25.733333333333));
#5144 = VECTOR('',#5145,1.);
#5145 = DIRECTION('',(0.57735026919,0.57735026919,-0.57735026919));
#5146 = ORIENTED_EDGE('',*,*,#2746,.T.);
#5147 = ORIENTED_EDGE('',*,*,#5148,.T.);
#5148 = EDGE_CURVE('',#2721,#5149,#5151,.T.);
#5149 = VERTEX_POINT('',#5150);
#5150 = CARTESIAN_POINT('',(15.1,23.,26.15));
#5151 = LINE('',#5152,#5153);
#5152 = CARTESIAN_POINT('',(10.366666666667,27.733333333333,
    21.416666666667));
#5153 = VECTOR('',#5154,1.);
#5154 = DIRECTION('',(-0.57735026919,0.57735026919,-0.57735026919));
#5155 = ORIENTED_EDGE('',*,*,#5156,.F.);
#5156 = EDGE_CURVE('',#5140,#5149,#5157,.T.);
#5157 = LINE('',#5158,#5159);
#5158 = CARTESIAN_POINT('',(-16.,23.,26.15));
#5159 = VECTOR('',#5160,1.);
#5160 = DIRECTION('',(1.,0.,0.));
#5161 = PLANE('',#5162);
#5162 = AXIS2_PLACEMENT_3D('',#5163,#5164,#5165);
#5163 = CARTESIAN_POINT('',(-16.,22.55,26.6));
#5164 = DIRECTION('',(0.,-0.707106781187,-0.707106781187));
#5165 = DIRECTION('',(-1.,-0.,-0.));
#5166 = ADVANCED_FACE('',(#5167),#5178,.F.);
#5167 = FACE_BOUND('',#5168,.F.);
#5168 = EDGE_LOOP('',(#5169,#5170,#5176,#5177));
#5169 = ORIENTED_EDGE('',*,*,#2826,.T.);
#5170 = ORIENTED_EDGE('',*,*,#5171,.T.);
#5171 = EDGE_CURVE('',#2819,#2739,#5172,.T.);
#5172 = LINE('',#5173,#5174);
#5173 = CARTESIAN_POINT('',(-16.,22.1,20.95));
#5174 = VECTOR('',#5175,1.);
#5175 = DIRECTION('',(0.,2.2E-16,1.));
#5176 = ORIENTED_EDGE('',*,*,#2738,.F.);
#5177 = ORIENTED_EDGE('',*,*,#4036,.F.);
#5178 = PLANE('',#5179);
#5179 = AXIS2_PLACEMENT_3D('',#5180,#5181,#5182);
#5180 = CARTESIAN_POINT('',(-16.,22.,20.95));
#5181 = DIRECTION('',(1.,0.,0.));
#5182 = DIRECTION('',(0.,2.2E-16,1.));
#5183 = ADVANCED_FACE('',(#5184),#5202,.F.);
#5184 = FACE_BOUND('',#5185,.T.);
#5185 = EDGE_LOOP('',(#5186,#5187,#5188,#5196));
#5186 = ORIENTED_EDGE('',*,*,#5148,.F.);
#5187 = ORIENTED_EDGE('',*,*,#2794,.T.);
#5188 = ORIENTED_EDGE('',*,*,#5189,.T.);
#5189 = EDGE_CURVE('',#2795,#5190,#5192,.T.);
#5190 = VERTEX_POINT('',#5191);
#5191 = CARTESIAN_POINT('',(15.1,23.,21.85));
#5192 = LINE('',#5193,#5194);
#5193 = CARTESIAN_POINT('',(14.683333333333,23.416666666667,
    22.266666666667));
#5194 = VECTOR('',#5195,1.);
#5195 = DIRECTION('',(-0.57735026919,0.57735026919,0.57735026919));
#5196 = ORIENTED_EDGE('',*,*,#5197,.F.);
#5197 = EDGE_CURVE('',#5149,#5190,#5198,.T.);
#5198 = LINE('',#5199,#5200);
#5199 = CARTESIAN_POINT('',(15.1,23.,27.05));
#5200 = VECTOR('',#5201,1.);
#5201 = DIRECTION('',(0.,-2.2E-16,-1.));
#5202 = PLANE('',#5203);
#5203 = AXIS2_PLACEMENT_3D('',#5204,#5205,#5206);
#5204 = CARTESIAN_POINT('',(15.55,22.55,27.05));
#5205 = DIRECTION('',(-0.707106781187,-0.707106781187,2.5E-16));
#5206 = DIRECTION('',(6.677669529664E-17,2.867766952966E-16,1.));
#5207 = ADVANCED_FACE('',(#5208),#5226,.F.);
#5208 = FACE_BOUND('',#5209,.T.);
#5209 = EDGE_LOOP('',(#5210,#5211,#5212,#5220));
#5210 = ORIENTED_EDGE('',*,*,#5189,.F.);
#5211 = ORIENTED_EDGE('',*,*,#2818,.T.);
#5212 = ORIENTED_EDGE('',*,*,#5213,.T.);
#5213 = EDGE_CURVE('',#2819,#5214,#5216,.T.);
#5214 = VERTEX_POINT('',#5215);
#5215 = CARTESIAN_POINT('',(-15.1,23.,21.85));
#5216 = LINE('',#5217,#5218);
#5217 = CARTESIAN_POINT('',(-10.36666666666,27.733333333333,
    26.583333333333));
#5218 = VECTOR('',#5219,1.);
#5219 = DIRECTION('',(0.57735026919,0.57735026919,0.57735026919));
#5220 = ORIENTED_EDGE('',*,*,#5221,.F.);
#5221 = EDGE_CURVE('',#5190,#5214,#5222,.T.);
#5222 = LINE('',#5223,#5224);
#5223 = CARTESIAN_POINT('',(16.,23.,21.85));
#5224 = VECTOR('',#5225,1.);
#5225 = DIRECTION('',(-1.,0.,0.));
#5226 = PLANE('',#5227);
#5227 = AXIS2_PLACEMENT_3D('',#5228,#5229,#5230);
#5228 = CARTESIAN_POINT('',(16.,22.55,21.4));
#5229 = DIRECTION('',(0.,-0.707106781187,0.707106781187));
#5230 = DIRECTION('',(1.,0.,0.));
#5231 = ADVANCED_FACE('',(#5232),#5243,.T.);
#5232 = FACE_BOUND('',#5233,.T.);
#5233 = EDGE_LOOP('',(#5234,#5240,#5241,#5242));
#5234 = ORIENTED_EDGE('',*,*,#5235,.F.);
#5235 = EDGE_CURVE('',#2886,#3344,#5236,.T.);
#5236 = LINE('',#5237,#5238);
#5237 = CARTESIAN_POINT('',(20.87132034356,-27.12132034356,0.4));
#5238 = VECTOR('',#5239,1.);
#5239 = DIRECTION('',(0.5,-0.5,0.707106781187));
#5240 = ORIENTED_EDGE('',*,*,#2894,.T.);
#5241 = ORIENTED_EDGE('',*,*,#2850,.T.);
#5242 = ORIENTED_EDGE('',*,*,#3360,.F.);
#5243 = PLANE('',#5244);
#5244 = AXIS2_PLACEMENT_3D('',#5245,#5246,#5247);
#5245 = CARTESIAN_POINT('',(20.729898987322,-26.97989898732,0.2));
#5246 = DIRECTION('',(0.5,-0.5,-0.707106781187));
#5247 = DIRECTION('',(0.707106781187,0.707106781187,-2.775557561563E-17)
  );
#5248 = ADVANCED_FACE('',(#5249),#5272,.F.);
#5249 = FACE_BOUND('',#5250,.T.);
#5250 = EDGE_LOOP('',(#5251,#5257,#5258,#5266));
#5251 = ORIENTED_EDGE('',*,*,#5252,.F.);
#5252 = EDGE_CURVE('',#2876,#3910,#5253,.T.);
#5253 = LINE('',#5254,#5255);
#5254 = CARTESIAN_POINT('',(-19.26903559372,-21.26903559372,
    -6.330964406271));
#5255 = VECTOR('',#5256,1.);
#5256 = DIRECTION('',(-0.57735026919,-0.57735026919,0.57735026919));
#5257 = ORIENTED_EDGE('',*,*,#2875,.T.);
#5258 = ORIENTED_EDGE('',*,*,#5259,.T.);
#5259 = EDGE_CURVE('',#2878,#5260,#5262,.T.);
#5260 = VERTEX_POINT('',#5261);
#5261 = CARTESIAN_POINT('',(18.75,-28.,0.4));
#5262 = LINE('',#5263,#5264);
#5263 = CARTESIAN_POINT('',(18.75,-27.8,0.2));
#5264 = VECTOR('',#5265,1.);
#5265 = DIRECTION('',(0.,-0.707106781187,0.707106781187));
#5266 = ORIENTED_EDGE('',*,*,#5267,.F.);
#5267 = EDGE_CURVE('',#3910,#5260,#5268,.T.);
#5268 = LINE('',#5269,#5270);
#5269 = CARTESIAN_POINT('',(-26.,-28.,0.4));
#5270 = VECTOR('',#5271,1.);
#5271 = DIRECTION('',(1.,0.,0.));
#5272 = PLANE('',#5273);
#5273 = AXIS2_PLACEMENT_3D('',#5274,#5275,#5276);
#5274 = CARTESIAN_POINT('',(-26.,-27.8,0.2));
#5275 = DIRECTION('',(1.E-17,0.707106781187,0.707106781187));
#5276 = DIRECTION('',(-1.,7.071067811865E-18,7.071067811865E-18));
#5277 = ADVANCED_FACE('',(#5278),#5289,.F.);
#5278 = FACE_BOUND('',#5279,.F.);
#5279 = EDGE_LOOP('',(#5280,#5286,#5287,#5288));
#5280 = ORIENTED_EDGE('',*,*,#5281,.F.);
#5281 = EDGE_CURVE('',#3902,#2921,#5282,.T.);
#5282 = LINE('',#5283,#5284);
#5283 = CARTESIAN_POINT('',(-26.,11.585786437627,0.4));
#5284 = VECTOR('',#5285,1.);
#5285 = DIRECTION('',(0.707106781187,6.E-17,-0.707106781187));
#5286 = ORIENTED_EDGE('',*,*,#3909,.T.);
#5287 = ORIENTED_EDGE('',*,*,#5252,.F.);
#5288 = ORIENTED_EDGE('',*,*,#2929,.F.);
#5289 = PLANE('',#5290);
#5290 = AXIS2_PLACEMENT_3D('',#5291,#5292,#5293);
#5291 = CARTESIAN_POINT('',(-25.8,11.585786437627,0.2));
#5292 = DIRECTION('',(0.707106781187,-1.E-17,0.707106781187));
#5293 = DIRECTION('',(-7.071067811865E-18,-1.,-7.071067811865E-18));
#5294 = ADVANCED_FACE('',(#5295),#5307,.T.);
#5295 = FACE_BOUND('',#5296,.T.);
#5296 = EDGE_LOOP('',(#5297,#5298,#5299,#5300));
#5297 = ORIENTED_EDGE('',*,*,#5259,.F.);
#5298 = ORIENTED_EDGE('',*,*,#2885,.T.);
#5299 = ORIENTED_EDGE('',*,*,#5235,.T.);
#5300 = ORIENTED_EDGE('',*,*,#5301,.F.);
#5301 = EDGE_CURVE('',#5260,#3344,#5302,.T.);
#5302 = CIRCLE('',#5303,3.);
#5303 = AXIS2_PLACEMENT_3D('',#5304,#5305,#5306);
#5304 = CARTESIAN_POINT('',(18.75,-25.,0.4));
#5305 = DIRECTION('',(-0.,0.,1.));
#5306 = DIRECTION('',(0.,-1.,0.));
#5307 = CONICAL_SURFACE('',#5308,3.,0.785398163397);
#5308 = AXIS2_PLACEMENT_3D('',#5309,#5310,#5311);
#5309 = CARTESIAN_POINT('',(18.75,-25.,0.4));
#5310 = DIRECTION('',(0.,0.,1.));
#5311 = DIRECTION('',(0.,-1.,0.));
#5312 = ADVANCED_FACE('',(#5313),#5330,.T.);
#5313 = FACE_BOUND('',#5314,.F.);
#5314 = EDGE_LOOP('',(#5315,#5321,#5328,#5329));
#5315 = ORIENTED_EDGE('',*,*,#5316,.F.);
#5316 = EDGE_CURVE('',#3995,#2913,#5317,.T.);
#5317 = LINE('',#5318,#5319);
#5318 = CARTESIAN_POINT('',(-25.56568542494,12.151471862576,0.2));
#5319 = VECTOR('',#5320,1.);
#5320 = DIRECTION('',(0.5,-0.5,-0.707106781187));
#5321 = ORIENTED_EDGE('',*,*,#5322,.T.);
#5322 = EDGE_CURVE('',#3995,#3902,#5323,.T.);
#5323 = CIRCLE('',#5324,1.);
#5324 = AXIS2_PLACEMENT_3D('',#5325,#5326,#5327);
#5325 = CARTESIAN_POINT('',(-25.,11.585786437627,0.4));
#5326 = DIRECTION('',(0.,0.,1.));
#5327 = DIRECTION('',(-0.707106781187,0.707106781187,0.));
#5328 = ORIENTED_EDGE('',*,*,#5281,.T.);
#5329 = ORIENTED_EDGE('',*,*,#2920,.F.);
#5330 = CONICAL_SURFACE('',#5331,1.,0.785398163397);
#5331 = AXIS2_PLACEMENT_3D('',#5332,#5333,#5334);
#5332 = CARTESIAN_POINT('',(-25.,11.585786437627,0.4));
#5333 = DIRECTION('',(0.,0.,1.));
#5334 = DIRECTION('',(-0.707106781187,0.707106781187,0.));
#5335 = ADVANCED_FACE('',(#5336),#5342,.F.);
#5336 = FACE_BOUND('',#5337,.F.);
#5337 = EDGE_LOOP('',(#5338,#5339,#5340,#5341));
#5338 = ORIENTED_EDGE('',*,*,#5124,.F.);
#5339 = ORIENTED_EDGE('',*,*,#3994,.T.);
#5340 = ORIENTED_EDGE('',*,*,#5316,.T.);
#5341 = ORIENTED_EDGE('',*,*,#2912,.F.);
#5342 = PLANE('',#5343);
#5343 = AXIS2_PLACEMENT_3D('',#5344,#5345,#5346);
#5344 = CARTESIAN_POINT('',(-16.15147186257,21.565685424949,0.2));
#5345 = DIRECTION('',(0.5,-0.5,0.707106781187));
#5346 = DIRECTION('',(-0.707106781187,-0.707106781187,
    -1.110223024625E-16));
#5347 = ADVANCED_FACE('',(#5348),#5367,.F.);
#5348 = FACE_BOUND('',#5349,.F.);
#5349 = EDGE_LOOP('',(#5350,#5358,#5359,#5360));
#5350 = ORIENTED_EDGE('',*,*,#5351,.F.);
#5351 = EDGE_CURVE('',#2938,#5352,#5354,.T.);
#5352 = VERTEX_POINT('',#5353);
#5353 = CARTESIAN_POINT('',(-13.8,-15.5,0.4));
#5354 = LINE('',#5355,#5356);
#5355 = CARTESIAN_POINT('',(-13.8,-15.5,0.4));
#5356 = VECTOR('',#5357,1.);
#5357 = DIRECTION('',(-0.707106781187,0.,0.707106781187));
#5358 = ORIENTED_EDGE('',*,*,#2937,.T.);
#5359 = ORIENTED_EDGE('',*,*,#5351,.T.);
#5360 = ORIENTED_EDGE('',*,*,#5361,.F.);
#5361 = EDGE_CURVE('',#5352,#5352,#5362,.T.);
#5362 = CIRCLE('',#5363,1.7);
#5363 = AXIS2_PLACEMENT_3D('',#5364,#5365,#5366);
#5364 = CARTESIAN_POINT('',(-15.5,-15.5,0.4));
#5365 = DIRECTION('',(0.,0.,1.));
#5366 = DIRECTION('',(1.,0.,0.));
#5367 = CONICAL_SURFACE('',#5368,1.7,0.785398163397);
#5368 = AXIS2_PLACEMENT_3D('',#5369,#5370,#5371);
#5369 = CARTESIAN_POINT('',(-15.5,-15.5,0.4));
#5370 = DIRECTION('',(-0.,-0.,-1.));
#5371 = DIRECTION('',(1.,0.,0.));
#5372 = ADVANCED_FACE('',(#5373),#5389,.T.);
#5373 = FACE_BOUND('',#5374,.F.);
#5374 = EDGE_LOOP('',(#5375,#5381,#5382,#5388));
#5375 = ORIENTED_EDGE('',*,*,#5376,.F.);
#5376 = EDGE_CURVE('',#2949,#4359,#5377,.T.);
#5377 = LINE('',#5378,#5379);
#5378 = CARTESIAN_POINT('',(-19.2,8.662602834411,0.2));
#5379 = VECTOR('',#5380,1.);
#5380 = DIRECTION('',(0.707106781187,0.,0.707106781187));
#5381 = ORIENTED_EDGE('',*,*,#2948,.T.);
#5382 = ORIENTED_EDGE('',*,*,#5383,.T.);
#5383 = EDGE_CURVE('',#2951,#4336,#5384,.T.);
#5384 = LINE('',#5385,#5386);
#5385 = CARTESIAN_POINT('',(-19.2,-8.662602834411,0.2));
#5386 = VECTOR('',#5387,1.);
#5387 = DIRECTION('',(0.707106781187,0.,0.707106781187));
#5388 = ORIENTED_EDGE('',*,*,#4386,.F.);
#5389 = PLANE('',#5390);
#5390 = AXIS2_PLACEMENT_3D('',#5391,#5392,#5393);
#5391 = CARTESIAN_POINT('',(-19.2,8.662602834411,0.2));
#5392 = DIRECTION('',(0.707106781187,1.E-17,-0.707106781187));
#5393 = DIRECTION('',(-7.071067811865E-18,1.,7.071067811865E-18));
#5394 = ADVANCED_FACE('',(#5395),#5406,.F.);
#5395 = FACE_BOUND('',#5396,.F.);
#5396 = EDGE_LOOP('',(#5397,#5403,#5404,#5405));
#5397 = ORIENTED_EDGE('',*,*,#5398,.F.);
#5398 = EDGE_CURVE('',#2959,#4311,#5399,.T.);
#5399 = LINE('',#5400,#5401);
#5400 = CARTESIAN_POINT('',(-16.57142857142,10.616144881722,0.4));
#5401 = VECTOR('',#5402,1.);
#5402 = DIRECTION('',(-0.151522881683,-0.690681414493,0.707106781187));
#5403 = ORIENTED_EDGE('',*,*,#2958,.T.);
#5404 = ORIENTED_EDGE('',*,*,#5376,.T.);
#5405 = ORIENTED_EDGE('',*,*,#4368,.F.);
#5406 = CONICAL_SURFACE('',#5407,2.,0.785398163397);
#5407 = AXIS2_PLACEMENT_3D('',#5408,#5409,#5410);
#5408 = CARTESIAN_POINT('',(-17.,8.662602834411,0.4));
#5409 = DIRECTION('',(-0.,-0.,-1.));
#5410 = DIRECTION('',(0.214285714286,0.976771023656,0.));
#5411 = ADVANCED_FACE('',(#5412),#5423,.F.);
#5412 = FACE_BOUND('',#5413,.F.);
#5413 = EDGE_LOOP('',(#5414,#5415,#5416,#5422));
#5414 = ORIENTED_EDGE('',*,*,#5383,.F.);
#5415 = ORIENTED_EDGE('',*,*,#3030,.T.);
#5416 = ORIENTED_EDGE('',*,*,#5417,.T.);
#5417 = EDGE_CURVE('',#3022,#4284,#5418,.T.);
#5418 = LINE('',#5419,#5420);
#5419 = CARTESIAN_POINT('',(-16.57142857142,-10.61614488172,0.4));
#5420 = VECTOR('',#5421,1.);
#5421 = DIRECTION('',(-0.151522881683,0.690681414493,0.707106781187));
#5422 = ORIENTED_EDGE('',*,*,#4343,.F.);
#5423 = CONICAL_SURFACE('',#5424,2.,0.785398163397);
#5424 = AXIS2_PLACEMENT_3D('',#5425,#5426,#5427);
#5425 = CARTESIAN_POINT('',(-17.,-8.662602834411,0.4));
#5426 = DIRECTION('',(-0.,-0.,-1.));
#5427 = DIRECTION('',(-1.,0.,0.));
#5428 = ADVANCED_FACE('',(#5429),#5440,.T.);
#5429 = FACE_BOUND('',#5430,.F.);
#5430 = EDGE_LOOP('',(#5431,#5437,#5438,#5439));
#5431 = ORIENTED_EDGE('',*,*,#5432,.F.);
#5432 = EDGE_CURVE('',#2968,#4259,#5433,.T.);
#5433 = LINE('',#5434,#5435);
#5434 = CARTESIAN_POINT('',(-15.45829229355,10.500173956304,0.4));
#5435 = VECTOR('',#5436,1.);
#5436 = DIRECTION('',(5.898360410912E-03,-0.70708218005,0.707106781187)
  );
#5437 = ORIENTED_EDGE('',*,*,#2967,.T.);
#5438 = ORIENTED_EDGE('',*,*,#5398,.T.);
#5439 = ORIENTED_EDGE('',*,*,#4318,.F.);
#5440 = CONICAL_SURFACE('',#5441,5.,0.785398163397);
#5441 = AXIS2_PLACEMENT_3D('',#5442,#5443,#5444);
#5442 = CARTESIAN_POINT('',(-15.5,15.5,0.4));
#5443 = DIRECTION('',(0.,0.,1.));
#5444 = DIRECTION('',(8.341541288877E-03,-0.999965208739,0.));
#5445 = ADVANCED_FACE('',(#5446),#5457,.T.);
#5446 = FACE_BOUND('',#5447,.F.);
#5447 = EDGE_LOOP('',(#5448,#5449,#5450,#5456));
#5448 = ORIENTED_EDGE('',*,*,#5417,.F.);
#5449 = ORIENTED_EDGE('',*,*,#3021,.T.);
#5450 = ORIENTED_EDGE('',*,*,#5451,.T.);
#5451 = EDGE_CURVE('',#3013,#4236,#5452,.T.);
#5452 = LINE('',#5453,#5454);
#5453 = CARTESIAN_POINT('',(-14.16503655015,-10.68150722864,0.4));
#5454 = VECTOR('',#5455,1.);
#5455 = DIRECTION('',(0.188792341604,0.681437782744,0.707106781187));
#5456 = ORIENTED_EDGE('',*,*,#4293,.F.);
#5457 = CONICAL_SURFACE('',#5458,5.,0.785398163397);
#5458 = AXIS2_PLACEMENT_3D('',#5459,#5460,#5461);
#5459 = CARTESIAN_POINT('',(-15.5,-15.5,0.4));
#5460 = DIRECTION('',(0.,0.,1.));
#5461 = DIRECTION('',(-0.214285714286,0.976771023656,0.));
#5462 = ADVANCED_FACE('',(#5463),#5474,.F.);
#5463 = FACE_BOUND('',#5464,.F.);
#5464 = EDGE_LOOP('',(#5465,#5471,#5472,#5473));
#5465 = ORIENTED_EDGE('',*,*,#5466,.F.);
#5466 = EDGE_CURVE('',#2977,#4211,#5467,.T.);
#5467 = LINE('',#5468,#5469);
#5468 = CARTESIAN_POINT('',(-14.45252748245,9.571950094343,0.4));
#5469 = VECTOR('',#5470,1.);
#5470 = DIRECTION('',(-0.705284757797,-5.072879279841E-02,0.707106781187
    ));
#5471 = ORIENTED_EDGE('',*,*,#2976,.T.);
#5472 = ORIENTED_EDGE('',*,*,#5432,.T.);
#5473 = ORIENTED_EDGE('',*,*,#4268,.F.);
#5474 = CONICAL_SURFACE('',#5475,1.,0.785398163397);
#5475 = AXIS2_PLACEMENT_3D('',#5476,#5477,#5478);
#5476 = CARTESIAN_POINT('',(-15.44995075226,9.500208747565,0.4));
#5477 = DIRECTION('',(-0.,-0.,-1.));
#5478 = DIRECTION('',(0.997423269812,7.174134677833E-02,0.));
#5479 = ADVANCED_FACE('',(#5480),#5491,.F.);
#5480 = FACE_BOUND('',#5481,.F.);
#5481 = EDGE_LOOP('',(#5482,#5483,#5484,#5490));
#5482 = ORIENTED_EDGE('',*,*,#5451,.F.);
#5483 = ORIENTED_EDGE('',*,*,#3012,.T.);
#5484 = ORIENTED_EDGE('',*,*,#5485,.T.);
#5485 = EDGE_CURVE('',#3004,#4184,#5486,.T.);
#5486 = LINE('',#5487,#5488);
#5487 = CARTESIAN_POINT('',(-11.94820534673,-7.673355784291,0.4));
#5488 = VECTOR('',#5489,1.);
#5489 = DIRECTION('',(-0.594975846738,-0.382104359826,0.707106781187));
#5490 = ORIENTED_EDGE('',*,*,#4243,.F.);
#5491 = CONICAL_SURFACE('',#5492,2.,0.785398163397);
#5492 = AXIS2_PLACEMENT_3D('',#5493,#5494,#5495);
#5493 = CARTESIAN_POINT('',(-13.63105117021,-8.754110120107,0.4));
#5494 = DIRECTION('',(-0.,-0.,-1.));
#5495 = DIRECTION('',(-0.266992689969,-0.96369855427,0.));
#5496 = ADVANCED_FACE('',(#5497),#5508,.T.);
#5497 = FACE_BOUND('',#5498,.F.);
#5498 = EDGE_LOOP('',(#5499,#5505,#5506,#5507));
#5499 = ORIENTED_EDGE('',*,*,#5500,.F.);
#5500 = EDGE_CURVE('',#2986,#4152,#5501,.T.);
#5501 = LINE('',#5502,#5503);
#5502 = CARTESIAN_POINT('',(-13.1687111241,7.367107851732,0.4));
#5503 = VECTOR('',#5504,1.);
#5504 = DIRECTION('',(-0.392251912009,-0.588335310452,0.707106781187));
#5505 = ORIENTED_EDGE('',*,*,#2985,.T.);
#5506 = ORIENTED_EDGE('',*,*,#5466,.T.);
#5507 = ORIENTED_EDGE('',*,*,#4218,.F.);
#5508 = CONICAL_SURFACE('',#5509,2.9,0.785398163397);
#5509 = AXIS2_PLACEMENT_3D('',#5510,#5511,#5512);
#5510 = CARTESIAN_POINT('',(-11.56,9.78,0.4));
#5511 = DIRECTION('',(0.,0.,1.));
#5512 = DIRECTION('',(-0.55472797383,-0.832031775265,0.));
#5513 = ADVANCED_FACE('',(#5514),#5525,.T.);
#5514 = FACE_BOUND('',#5515,.F.);
#5515 = EDGE_LOOP('',(#5516,#5517,#5518,#5524));
#5516 = ORIENTED_EDGE('',*,*,#5485,.F.);
#5517 = ORIENTED_EDGE('',*,*,#3003,.T.);
#5518 = ORIENTED_EDGE('',*,*,#5519,.T.);
#5519 = EDGE_CURVE('',#2995,#4161,#5520,.T.);
#5520 = LINE('',#5521,#5522);
#5521 = CARTESIAN_POINT('',(-12.82058126254,6.10513686091,0.4));
#5522 = VECTOR('',#5523,1.);
#5523 = DIRECTION('',(-0.638416897852,0.304012934818,0.707106781187));
#5524 = ORIENTED_EDGE('',*,*,#4193,.F.);
#5525 = CONICAL_SURFACE('',#5526,14.2,0.785398163397);
#5526 = AXIS2_PLACEMENT_3D('',#5527,#5528,#5529);
#5527 = CARTESIAN_POINT('',(0.,0.,0.4));
#5528 = DIRECTION('',(0.,0.,1.));
#5529 = DIRECTION('',(-0.841422911742,-0.540377167908,0.));
#5530 = ADVANCED_FACE('',(#5531),#5537,.F.);
#5531 = FACE_BOUND('',#5532,.F.);
#5532 = EDGE_LOOP('',(#5533,#5534,#5535,#5536));
#5533 = ORIENTED_EDGE('',*,*,#5519,.F.);
#5534 = ORIENTED_EDGE('',*,*,#2994,.T.);
#5535 = ORIENTED_EDGE('',*,*,#5500,.T.);
#5536 = ORIENTED_EDGE('',*,*,#4168,.F.);
#5537 = CONICAL_SURFACE('',#5538,1.,0.785398163397);
#5538 = AXIS2_PLACEMENT_3D('',#5539,#5540,#5541);
#5539 = CARTESIAN_POINT('',(-13.72343909793,6.535076076467,0.4));
#5540 = DIRECTION('',(-0.,-0.,-1.));
#5541 = DIRECTION('',(0.902857835391,-0.429939215557,0.));
#5542 = ADVANCED_FACE('',(#5543),#5559,.T.);
#5543 = FACE_BOUND('',#5544,.F.);
#5544 = EDGE_LOOP('',(#5545,#5551,#5552,#5558));
#5545 = ORIENTED_EDGE('',*,*,#5546,.F.);
#5546 = EDGE_CURVE('',#3040,#4401,#5547,.T.);
#5547 = LINE('',#5548,#5549);
#5548 = CARTESIAN_POINT('',(-8.662602834411,-19.2,0.2));
#5549 = VECTOR('',#5550,1.);
#5550 = DIRECTION('',(0.,0.707106781187,0.707106781187));
#5551 = ORIENTED_EDGE('',*,*,#3039,.T.);
#5552 = ORIENTED_EDGE('',*,*,#5553,.T.);
#5553 = EDGE_CURVE('',#3042,#4458,#5554,.T.);
#5554 = LINE('',#5555,#5556);
#5555 = CARTESIAN_POINT('',(8.662602834411,-19.2,0.2));
#5556 = VECTOR('',#5557,1.);
#5557 = DIRECTION('',(0.,0.707106781187,0.707106781187));
#5558 = ORIENTED_EDGE('',*,*,#4467,.F.);
#5559 = PLANE('',#5560);
#5560 = AXIS2_PLACEMENT_3D('',#5561,#5562,#5563);
#5561 = CARTESIAN_POINT('',(-8.662602834411,-19.2,0.2));
#5562 = DIRECTION('',(-1.E-17,0.707106781187,-0.707106781187));
#5563 = DIRECTION('',(-1.,-7.071067811865E-18,7.071067811865E-18));
#5564 = ADVANCED_FACE('',(#5565),#5576,.F.);
#5565 = FACE_BOUND('',#5566,.F.);
#5566 = EDGE_LOOP('',(#5567,#5573,#5574,#5575));
#5567 = ORIENTED_EDGE('',*,*,#5568,.F.);
#5568 = EDGE_CURVE('',#3050,#4410,#5569,.T.);
#5569 = LINE('',#5570,#5571);
#5570 = CARTESIAN_POINT('',(-10.61614488172,-16.57142857142,0.4));
#5571 = VECTOR('',#5572,1.);
#5572 = DIRECTION('',(0.690681414493,-0.151522881683,0.707106781187));
#5573 = ORIENTED_EDGE('',*,*,#3049,.T.);
#5574 = ORIENTED_EDGE('',*,*,#5546,.T.);
#5575 = ORIENTED_EDGE('',*,*,#4417,.F.);
#5576 = CONICAL_SURFACE('',#5577,2.,0.785398163397);
#5577 = AXIS2_PLACEMENT_3D('',#5578,#5579,#5580);
#5578 = CARTESIAN_POINT('',(-8.662602834411,-17.,0.4));
#5579 = DIRECTION('',(-0.,-0.,-1.));
#5580 = DIRECTION('',(-0.976771023656,0.214285714286,0.));
#5581 = ADVANCED_FACE('',(#5582),#5593,.F.);
#5582 = FACE_BOUND('',#5583,.F.);
#5583 = EDGE_LOOP('',(#5584,#5585,#5586,#5592));
#5584 = ORIENTED_EDGE('',*,*,#5553,.F.);
#5585 = ORIENTED_EDGE('',*,*,#3121,.T.);
#5586 = ORIENTED_EDGE('',*,*,#5587,.T.);
#5587 = EDGE_CURVE('',#3113,#4507,#5588,.T.);
#5588 = LINE('',#5589,#5590);
#5589 = CARTESIAN_POINT('',(10.616144881722,-16.57142857142,0.4));
#5590 = VECTOR('',#5591,1.);
#5591 = DIRECTION('',(-0.690681414493,-0.151522881683,0.707106781187));
#5592 = ORIENTED_EDGE('',*,*,#4516,.F.);
#5593 = CONICAL_SURFACE('',#5594,2.,0.785398163397);
#5594 = AXIS2_PLACEMENT_3D('',#5595,#5596,#5597);
#5595 = CARTESIAN_POINT('',(8.662602834411,-17.,0.4));
#5596 = DIRECTION('',(-0.,-0.,-1.));
#5597 = DIRECTION('',(0.,-1.,0.));
#5598 = ADVANCED_FACE('',(#5599),#5610,.T.);
#5599 = FACE_BOUND('',#5600,.F.);
#5600 = EDGE_LOOP('',(#5601,#5607,#5608,#5609));
#5601 = ORIENTED_EDGE('',*,*,#5602,.F.);
#5602 = EDGE_CURVE('',#3059,#4433,#5603,.T.);
#5603 = LINE('',#5604,#5605);
#5604 = CARTESIAN_POINT('',(-10.68150722864,-14.16503655015,0.4));
#5605 = VECTOR('',#5606,1.);
#5606 = DIRECTION('',(0.681437782744,0.188792341604,0.707106781187));
#5607 = ORIENTED_EDGE('',*,*,#3058,.T.);
#5608 = ORIENTED_EDGE('',*,*,#5568,.T.);
#5609 = ORIENTED_EDGE('',*,*,#4442,.F.);
#5610 = CONICAL_SURFACE('',#5611,5.,0.785398163397);
#5611 = AXIS2_PLACEMENT_3D('',#5612,#5613,#5614);
#5612 = CARTESIAN_POINT('',(-15.5,-15.5,0.4));
#5613 = DIRECTION('',(0.,0.,1.));
#5614 = DIRECTION('',(0.96369855427,0.266992689969,0.));
#5615 = ADVANCED_FACE('',(#5616),#5627,.T.);
#5616 = FACE_BOUND('',#5617,.F.);
#5617 = EDGE_LOOP('',(#5618,#5619,#5620,#5626));
#5618 = ORIENTED_EDGE('',*,*,#5587,.F.);
#5619 = ORIENTED_EDGE('',*,*,#3112,.T.);
#5620 = ORIENTED_EDGE('',*,*,#5621,.T.);
#5621 = EDGE_CURVE('',#3104,#4559,#5622,.T.);
#5622 = LINE('',#5623,#5624);
#5623 = CARTESIAN_POINT('',(10.507371685237,-15.77140838349,0.4));
#5624 = VECTOR('',#5625,1.);
#5625 = DIRECTION('',(-0.706064267463,-3.838294168751E-02,0.707106781187
    ));
#5626 = ORIENTED_EDGE('',*,*,#4566,.F.);
#5627 = CONICAL_SURFACE('',#5628,5.,0.785398163397);
#5628 = AXIS2_PLACEMENT_3D('',#5629,#5630,#5631);
#5629 = CARTESIAN_POINT('',(15.5,-15.5,0.4));
#5630 = DIRECTION('',(0.,0.,1.));
#5631 = DIRECTION('',(-0.976771023656,-0.214285714286,0.));
#5632 = ADVANCED_FACE('',(#5633),#5644,.F.);
#5633 = FACE_BOUND('',#5634,.F.);
#5634 = EDGE_LOOP('',(#5635,#5641,#5642,#5643));
#5635 = ORIENTED_EDGE('',*,*,#5636,.F.);
#5636 = EDGE_CURVE('',#3068,#4484,#5637,.T.);
#5637 = LINE('',#5638,#5639);
#5638 = CARTESIAN_POINT('',(-7.673355784291,-11.94820534673,0.4));
#5639 = VECTOR('',#5640,1.);
#5640 = DIRECTION('',(-0.382104359826,-0.594975846738,0.707106781187));
#5641 = ORIENTED_EDGE('',*,*,#3067,.T.);
#5642 = ORIENTED_EDGE('',*,*,#5602,.T.);
#5643 = ORIENTED_EDGE('',*,*,#4491,.F.);
#5644 = CONICAL_SURFACE('',#5645,2.,0.785398163397);
#5645 = AXIS2_PLACEMENT_3D('',#5646,#5647,#5648);
#5646 = CARTESIAN_POINT('',(-8.754110120107,-13.63105117021,0.4));
#5647 = DIRECTION('',(-0.,-0.,-1.));
#5648 = DIRECTION('',(0.540377167908,0.841422911742,0.));
#5649 = ADVANCED_FACE('',(#5650),#5661,.F.);
#5650 = FACE_BOUND('',#5651,.F.);
#5651 = EDGE_LOOP('',(#5652,#5653,#5654,#5660));
#5652 = ORIENTED_EDGE('',*,*,#5621,.F.);
#5653 = ORIENTED_EDGE('',*,*,#3103,.T.);
#5654 = ORIENTED_EDGE('',*,*,#5655,.T.);
#5655 = EDGE_CURVE('',#3095,#4607,#5656,.T.);
#5656 = LINE('',#5657,#5658);
#5657 = CARTESIAN_POINT('',(9.724158093552,-14.84914476581,0.4));
#5658 = VECTOR('',#5659,1.);
#5659 = DIRECTION('',(-0.152248625664,-0.690521799789,0.707106781187));
#5660 = ORIENTED_EDGE('',*,*,#4616,.F.);
#5661 = CONICAL_SURFACE('',#5662,1.,0.785398163397);
#5662 = AXIS2_PLACEMENT_3D('',#5663,#5664,#5665);
#5663 = CARTESIAN_POINT('',(9.508846022285,-15.82569006019,0.4));
#5664 = DIRECTION('',(-0.,-0.,-1.));
#5665 = DIRECTION('',(0.998525662953,5.428167669825E-02,0.));
#5666 = ADVANCED_FACE('',(#5667),#5678,.T.);
#5667 = FACE_BOUND('',#5668,.F.);
#5668 = EDGE_LOOP('',(#5669,#5675,#5676,#5677));
#5669 = ORIENTED_EDGE('',*,*,#5670,.F.);
#5670 = EDGE_CURVE('',#3077,#4532,#5671,.T.);
#5671 = LINE('',#5672,#5673);
#5672 = CARTESIAN_POINT('',(5.963656774285,-12.88700112045,0.4));
#5673 = VECTOR('',#5674,1.);
#5674 = DIRECTION('',(0.296967756744,-0.641724357847,0.707106781187));
#5675 = ORIENTED_EDGE('',*,*,#3076,.T.);
#5676 = ORIENTED_EDGE('',*,*,#5636,.T.);
#5677 = ORIENTED_EDGE('',*,*,#4541,.F.);
#5678 = CONICAL_SURFACE('',#5679,14.2,0.785398163397);
#5679 = AXIS2_PLACEMENT_3D('',#5680,#5681,#5682);
#5680 = CARTESIAN_POINT('',(0.,0.,0.4));
#5681 = DIRECTION('',(0.,0.,1.));
#5682 = DIRECTION('',(0.419975829175,-0.907535290173,0.));
#5683 = ADVANCED_FACE('',(#5684),#5695,.T.);
#5684 = FACE_BOUND('',#5685,.F.);
#5685 = EDGE_LOOP('',(#5686,#5687,#5688,#5694));
#5686 = ORIENTED_EDGE('',*,*,#5655,.F.);
#5687 = ORIENTED_EDGE('',*,*,#3094,.T.);
#5688 = ORIENTED_EDGE('',*,*,#5689,.T.);
#5689 = EDGE_CURVE('',#3086,#4584,#5690,.T.);
#5690 = LINE('',#5691,#5692);
#5691 = CARTESIAN_POINT('',(7.188607583939,-13.2012276539,0.4));
#5692 = VECTOR('',#5693,1.);
#5693 = DIRECTION('',(-0.569203267382,-0.419532645215,0.707106781187));
#5694 = ORIENTED_EDGE('',*,*,#4634,.F.);
#5695 = CONICAL_SURFACE('',#5696,4.3,0.785398163397);
#5696 = AXIS2_PLACEMENT_3D('',#5697,#5698,#5699);
#5697 = CARTESIAN_POINT('',(10.65,-10.65,0.4));
#5698 = DIRECTION('',(0.,0.,1.));
#5699 = DIRECTION('',(-0.215312071267,-0.976545294375,0.));
#5700 = ADVANCED_FACE('',(#5701),#5707,.F.);
#5701 = FACE_BOUND('',#5702,.F.);
#5702 = EDGE_LOOP('',(#5703,#5704,#5705,#5706));
#5703 = ORIENTED_EDGE('',*,*,#5689,.F.);
#5704 = ORIENTED_EDGE('',*,*,#3085,.T.);
#5705 = ORIENTED_EDGE('',*,*,#5670,.T.);
#5706 = ORIENTED_EDGE('',*,*,#4591,.F.);
#5707 = CONICAL_SURFACE('',#5708,1.,0.785398163397);
#5708 = AXIS2_PLACEMENT_3D('',#5709,#5710,#5711);
#5709 = CARTESIAN_POINT('',(6.38363260346,-13.79453641062,0.4));
#5710 = DIRECTION('',(-0.,-0.,-1.));
#5711 = DIRECTION('',(0.804974980479,0.593308756722,0.));
#5712 = ADVANCED_FACE('',(#5713),#5732,.F.);
#5713 = FACE_BOUND('',#5714,.F.);
#5714 = EDGE_LOOP('',(#5715,#5723,#5724,#5725));
#5715 = ORIENTED_EDGE('',*,*,#5716,.F.);
#5716 = EDGE_CURVE('',#3131,#5717,#5719,.T.);
#5717 = VERTEX_POINT('',#5718);
#5718 = CARTESIAN_POINT('',(17.2,-15.5,0.4));
#5719 = LINE('',#5720,#5721);
#5720 = CARTESIAN_POINT('',(17.2,-15.5,0.4));
#5721 = VECTOR('',#5722,1.);
#5722 = DIRECTION('',(-0.707106781187,0.,0.707106781187));
#5723 = ORIENTED_EDGE('',*,*,#3130,.T.);
#5724 = ORIENTED_EDGE('',*,*,#5716,.T.);
#5725 = ORIENTED_EDGE('',*,*,#5726,.F.);
#5726 = EDGE_CURVE('',#5717,#5717,#5727,.T.);
#5727 = CIRCLE('',#5728,1.7);
#5728 = AXIS2_PLACEMENT_3D('',#5729,#5730,#5731);
#5729 = CARTESIAN_POINT('',(15.5,-15.5,0.4));
#5730 = DIRECTION('',(0.,0.,1.));
#5731 = DIRECTION('',(1.,0.,0.));
#5732 = CONICAL_SURFACE('',#5733,1.7,0.785398163397);
#5733 = AXIS2_PLACEMENT_3D('',#5734,#5735,#5736);
#5734 = CARTESIAN_POINT('',(15.5,-15.5,0.4));
#5735 = DIRECTION('',(-0.,-0.,-1.));
#5736 = DIRECTION('',(1.,0.,0.));
#5737 = ADVANCED_FACE('',(#5738),#5757,.F.);
#5738 = FACE_BOUND('',#5739,.F.);
#5739 = EDGE_LOOP('',(#5740,#5748,#5749,#5750));
#5740 = ORIENTED_EDGE('',*,*,#5741,.F.);
#5741 = EDGE_CURVE('',#3142,#5742,#5744,.T.);
#5742 = VERTEX_POINT('',#5743);
#5743 = CARTESIAN_POINT('',(-13.8,15.5,0.4));
#5744 = LINE('',#5745,#5746);
#5745 = CARTESIAN_POINT('',(-13.8,15.5,0.4));
#5746 = VECTOR('',#5747,1.);
#5747 = DIRECTION('',(-0.707106781187,7.4E-16,0.707106781187));
#5748 = ORIENTED_EDGE('',*,*,#3141,.T.);
#5749 = ORIENTED_EDGE('',*,*,#5741,.T.);
#5750 = ORIENTED_EDGE('',*,*,#5751,.F.);
#5751 = EDGE_CURVE('',#5742,#5742,#5752,.T.);
#5752 = CIRCLE('',#5753,1.7);
#5753 = AXIS2_PLACEMENT_3D('',#5754,#5755,#5756);
#5754 = CARTESIAN_POINT('',(-15.5,15.5,0.4));
#5755 = DIRECTION('',(-0.,0.,1.));
#5756 = DIRECTION('',(1.,-1.04E-15,0.));
#5757 = CONICAL_SURFACE('',#5758,1.7,0.785398163397);
#5758 = AXIS2_PLACEMENT_3D('',#5759,#5760,#5761);
#5759 = CARTESIAN_POINT('',(-15.5,15.5,0.4));
#5760 = DIRECTION('',(-0.,-0.,-1.));
#5761 = DIRECTION('',(1.,-1.04E-15,0.));
#5762 = ADVANCED_FACE('',(#5763),#5774,.F.);
#5763 = FACE_BOUND('',#5764,.F.);
#5764 = EDGE_LOOP('',(#5765,#5771,#5772,#5773));
#5765 = ORIENTED_EDGE('',*,*,#5766,.F.);
#5766 = EDGE_CURVE('',#3153,#4675,#5767,.T.);
#5767 = LINE('',#5768,#5769);
#5768 = CARTESIAN_POINT('',(11.15,0.,0.4));
#5769 = VECTOR('',#5770,1.);
#5770 = DIRECTION('',(-0.707106781187,0.,0.707106781187));
#5771 = ORIENTED_EDGE('',*,*,#3152,.T.);
#5772 = ORIENTED_EDGE('',*,*,#5766,.T.);
#5773 = ORIENTED_EDGE('',*,*,#4684,.F.);
#5774 = CONICAL_SURFACE('',#5775,11.15,0.785398163397);
#5775 = AXIS2_PLACEMENT_3D('',#5776,#5777,#5778);
#5776 = CARTESIAN_POINT('',(0.,0.,0.4));
#5777 = DIRECTION('',(-0.,-0.,-1.));
#5778 = DIRECTION('',(1.,0.,0.));
#5779 = ADVANCED_FACE('',(#5780),#5796,.F.);
#5780 = FACE_BOUND('',#5781,.T.);
#5781 = EDGE_LOOP('',(#5782,#5788,#5789,#5795));
#5782 = ORIENTED_EDGE('',*,*,#5783,.F.);
#5783 = EDGE_CURVE('',#3164,#4759,#5784,.T.);
#5784 = LINE('',#5785,#5786);
#5785 = CARTESIAN_POINT('',(15.6,9.601695158777,0.2));
#5786 = VECTOR('',#5787,1.);
#5787 = DIRECTION('',(-0.707106781187,0.,0.707106781187));
#5788 = ORIENTED_EDGE('',*,*,#3163,.T.);
#5789 = ORIENTED_EDGE('',*,*,#5790,.T.);
#5790 = EDGE_CURVE('',#3166,#4700,#5791,.T.);
#5791 = LINE('',#5792,#5793);
#5792 = CARTESIAN_POINT('',(15.6,-6.904669573989,0.2));
#5793 = VECTOR('',#5794,1.);
#5794 = DIRECTION('',(-0.707106781187,0.,0.707106781187));
#5795 = ORIENTED_EDGE('',*,*,#4766,.F.);
#5796 = PLANE('',#5797);
#5797 = AXIS2_PLACEMENT_3D('',#5798,#5799,#5800);
#5798 = CARTESIAN_POINT('',(15.6,9.601695158777,0.2));
#5799 = DIRECTION('',(0.707106781187,0.,0.707106781187));
#5800 = DIRECTION('',(0.,1.,0.));
#5801 = ADVANCED_FACE('',(#5802),#5813,.F.);
#5802 = FACE_BOUND('',#5803,.T.);
#5803 = EDGE_LOOP('',(#5804,#5810,#5811,#5812));
#5804 = ORIENTED_EDGE('',*,*,#5805,.F.);
#5805 = EDGE_CURVE('',#3219,#4806,#5806,.T.);
#5806 = LINE('',#5807,#5808);
#5807 = CARTESIAN_POINT('',(14.583333333333,10.584745965647,0.4));
#5808 = VECTOR('',#5809,1.);
#5809 = DIRECTION('',(-0.129636243218,-0.695121891789,0.707106781187));
#5810 = ORIENTED_EDGE('',*,*,#3227,.T.);
#5811 = ORIENTED_EDGE('',*,*,#5783,.T.);
#5812 = ORIENTED_EDGE('',*,*,#4815,.F.);
#5813 = CONICAL_SURFACE('',#5814,1.,0.785398163397);
#5814 = AXIS2_PLACEMENT_3D('',#5815,#5816,#5817);
#5815 = CARTESIAN_POINT('',(14.4,9.601695158777,0.4));
#5816 = DIRECTION('',(-0.,-0.,-1.));
#5817 = DIRECTION('',(0.183333333333,0.983050806871,0.));
#5818 = ADVANCED_FACE('',(#5819),#5830,.F.);
#5819 = FACE_BOUND('',#5820,.T.);
#5820 = EDGE_LOOP('',(#5821,#5822,#5823,#5829));
#5821 = ORIENTED_EDGE('',*,*,#5790,.F.);
#5822 = ORIENTED_EDGE('',*,*,#3173,.T.);
#5823 = ORIENTED_EDGE('',*,*,#5824,.T.);
#5824 = EDGE_CURVE('',#3174,#4709,#5825,.T.);
#5825 = LINE('',#5826,#5827);
#5826 = CARTESIAN_POINT('',(13.692452830189,-7.611335692105,0.4));
#5827 = VECTOR('',#5828,1.);
#5828 = DIRECTION('',(0.500311401783,0.499688404154,0.707106781187));
#5829 = ORIENTED_EDGE('',*,*,#4716,.F.);
#5830 = CONICAL_SURFACE('',#5831,1.,0.785398163397);
#5831 = AXIS2_PLACEMENT_3D('',#5832,#5833,#5834);
#5832 = CARTESIAN_POINT('',(14.4,-6.90466957399,0.4));
#5833 = DIRECTION('',(-0.,-0.,-1.));
#5834 = DIRECTION('',(1.,0.,0.));
#5835 = ADVANCED_FACE('',(#5836),#5847,.T.);
#5836 = FACE_BOUND('',#5837,.T.);
#5837 = EDGE_LOOP('',(#5838,#5844,#5845,#5846));
#5838 = ORIENTED_EDGE('',*,*,#5839,.F.);
#5839 = EDGE_CURVE('',#3210,#4858,#5840,.T.);
#5840 = LINE('',#5841,#5842);
#5841 = CARTESIAN_POINT('',(14.165036550154,10.681507228648,0.4));
#5842 = VECTOR('',#5843,1.);
#5843 = DIRECTION('',(-0.188792341604,-0.681437782744,0.707106781187));
#5844 = ORIENTED_EDGE('',*,*,#3218,.T.);
#5845 = ORIENTED_EDGE('',*,*,#5805,.T.);
#5846 = ORIENTED_EDGE('',*,*,#4865,.F.);
#5847 = CONICAL_SURFACE('',#5848,5.,0.785398163397);
#5848 = AXIS2_PLACEMENT_3D('',#5849,#5850,#5851);
#5849 = CARTESIAN_POINT('',(15.5,15.5,0.4));
#5850 = DIRECTION('',(0.,0.,1.));
#5851 = DIRECTION('',(-0.266992689969,-0.96369855427,0.));
#5852 = ADVANCED_FACE('',(#5853),#5864,.T.);
#5853 = FACE_BOUND('',#5854,.T.);
#5854 = EDGE_LOOP('',(#5855,#5856,#5857,#5863));
#5855 = ORIENTED_EDGE('',*,*,#5824,.F.);
#5856 = ORIENTED_EDGE('',*,*,#3182,.T.);
#5857 = ORIENTED_EDGE('',*,*,#5858,.T.);
#5858 = EDGE_CURVE('',#3183,#4732,#5859,.T.);
#5859 = LINE('',#5860,#5861);
#5860 = CARTESIAN_POINT('',(13.201227653903,-7.188607583939,0.4));
#5861 = VECTOR('',#5862,1.);
#5862 = DIRECTION('',(0.419532645215,0.569203267382,0.707106781187));
#5863 = ORIENTED_EDGE('',*,*,#4741,.F.);
#5864 = CONICAL_SURFACE('',#5865,4.3,0.785398163397);
#5865 = AXIS2_PLACEMENT_3D('',#5866,#5867,#5868);
#5866 = CARTESIAN_POINT('',(10.65,-10.65,0.4));
#5867 = DIRECTION('',(0.,0.,1.));
#5868 = DIRECTION('',(0.707547169811,0.706666118115,0.));
#5869 = ADVANCED_FACE('',(#5870),#5881,.F.);
#5870 = FACE_BOUND('',#5871,.T.);
#5871 = EDGE_LOOP('',(#5872,#5878,#5879,#5880));
#5872 = ORIENTED_EDGE('',*,*,#5873,.F.);
#5873 = EDGE_CURVE('',#3201,#4831,#5874,.T.);
#5874 = LINE('',#5875,#5876);
#5875 = CARTESIAN_POINT('',(11.948205346733,7.673355784291,0.4));
#5876 = VECTOR('',#5877,1.);
#5877 = DIRECTION('',(0.594975846738,0.382104359826,0.707106781187));
#5878 = ORIENTED_EDGE('',*,*,#3209,.T.);
#5879 = ORIENTED_EDGE('',*,*,#5839,.T.);
#5880 = ORIENTED_EDGE('',*,*,#4883,.F.);
#5881 = CONICAL_SURFACE('',#5882,2.,0.785398163397);
#5882 = AXIS2_PLACEMENT_3D('',#5883,#5884,#5885);
#5883 = CARTESIAN_POINT('',(13.631051170216,8.754110120107,0.4));
#5884 = DIRECTION('',(-0.,-0.,-1.));
#5885 = DIRECTION('',(-0.841422911742,-0.540377167908,0.));
#5886 = ADVANCED_FACE('',(#5887),#5898,.F.);
#5887 = FACE_BOUND('',#5888,.T.);
#5888 = EDGE_LOOP('',(#5889,#5890,#5891,#5897));
#5889 = ORIENTED_EDGE('',*,*,#5858,.F.);
#5890 = ORIENTED_EDGE('',*,*,#3191,.T.);
#5891 = ORIENTED_EDGE('',*,*,#5892,.T.);
#5892 = EDGE_CURVE('',#3192,#4783,#5893,.T.);
#5893 = LINE('',#5894,#5895);
#5894 = CARTESIAN_POINT('',(12.887001120452,-5.963656774285,0.4));
#5895 = VECTOR('',#5896,1.);
#5896 = DIRECTION('',(0.641724357847,-0.296967756744,0.707106781187));
#5897 = ORIENTED_EDGE('',*,*,#4790,.F.);
#5898 = CONICAL_SURFACE('',#5899,1.,0.785398163397);
#5899 = AXIS2_PLACEMENT_3D('',#5900,#5901,#5902);
#5900 = CARTESIAN_POINT('',(13.794536410624,-6.38363260346,0.4));
#5901 = DIRECTION('',(-0.,-0.,-1.));
#5902 = DIRECTION('',(-0.593308756722,-0.804974980479,0.));
#5903 = ADVANCED_FACE('',(#5904),#5910,.T.);
#5904 = FACE_BOUND('',#5905,.T.);
#5905 = EDGE_LOOP('',(#5906,#5907,#5908,#5909));
#5906 = ORIENTED_EDGE('',*,*,#5892,.F.);
#5907 = ORIENTED_EDGE('',*,*,#3200,.T.);
#5908 = ORIENTED_EDGE('',*,*,#5873,.T.);
#5909 = ORIENTED_EDGE('',*,*,#4840,.F.);
#5910 = CONICAL_SURFACE('',#5911,14.2,0.785398163397);
#5911 = AXIS2_PLACEMENT_3D('',#5912,#5913,#5914);
#5912 = CARTESIAN_POINT('',(0.,0.,0.4));
#5913 = DIRECTION('',(0.,0.,1.));
#5914 = DIRECTION('',(0.907535290173,-0.419975829175,0.));
#5915 = ADVANCED_FACE('',(#5916),#5932,.F.);
#5916 = FACE_BOUND('',#5917,.T.);
#5917 = EDGE_LOOP('',(#5918,#5924,#5925,#5931));
#5918 = ORIENTED_EDGE('',*,*,#5919,.F.);
#5919 = EDGE_CURVE('',#3237,#4983,#5920,.T.);
#5920 = LINE('',#5921,#5922);
#5921 = CARTESIAN_POINT('',(-8.662602834411,19.2,0.2));
#5922 = VECTOR('',#5923,1.);
#5923 = DIRECTION('',(0.,-0.707106781187,0.707106781187));
#5924 = ORIENTED_EDGE('',*,*,#3236,.T.);
#5925 = ORIENTED_EDGE('',*,*,#5926,.T.);
#5926 = EDGE_CURVE('',#3239,#5031,#5927,.T.);
#5927 = LINE('',#5928,#5929);
#5928 = CARTESIAN_POINT('',(8.662602834411,19.2,0.2));
#5929 = VECTOR('',#5930,1.);
#5930 = DIRECTION('',(0.,-0.707106781187,0.707106781187));
#5931 = ORIENTED_EDGE('',*,*,#5040,.F.);
#5932 = PLANE('',#5933);
#5933 = AXIS2_PLACEMENT_3D('',#5934,#5935,#5936);
#5934 = CARTESIAN_POINT('',(-8.662602834411,19.2,0.2));
#5935 = DIRECTION('',(1.E-17,0.707106781187,0.707106781187));
#5936 = DIRECTION('',(-1.,7.071067811865E-18,7.071067811865E-18));
#5937 = ADVANCED_FACE('',(#5938),#5949,.F.);
#5938 = FACE_BOUND('',#5939,.T.);
#5939 = EDGE_LOOP('',(#5940,#5946,#5947,#5948));
#5940 = ORIENTED_EDGE('',*,*,#5941,.F.);
#5941 = EDGE_CURVE('',#3292,#4931,#5942,.T.);
#5942 = LINE('',#5943,#5944);
#5943 = CARTESIAN_POINT('',(-10.61614488172,16.571428571429,0.4));
#5944 = VECTOR('',#5945,1.);
#5945 = DIRECTION('',(0.690681414493,0.151522881683,0.707106781187));
#5946 = ORIENTED_EDGE('',*,*,#3300,.T.);
#5947 = ORIENTED_EDGE('',*,*,#5919,.T.);
#5948 = ORIENTED_EDGE('',*,*,#4990,.F.);
#5949 = CONICAL_SURFACE('',#5950,2.,0.785398163397);
#5950 = AXIS2_PLACEMENT_3D('',#5951,#5952,#5953);
#5951 = CARTESIAN_POINT('',(-8.662602834411,17.,0.4));
#5952 = DIRECTION('',(-0.,-0.,-1.));
#5953 = DIRECTION('',(-0.976771023656,-0.214285714286,0.));
#5954 = ADVANCED_FACE('',(#5955),#5966,.F.);
#5955 = FACE_BOUND('',#5956,.T.);
#5956 = EDGE_LOOP('',(#5957,#5958,#5959,#5965));
#5957 = ORIENTED_EDGE('',*,*,#5926,.F.);
#5958 = ORIENTED_EDGE('',*,*,#3246,.T.);
#5959 = ORIENTED_EDGE('',*,*,#5960,.T.);
#5960 = EDGE_CURVE('',#3247,#5057,#5961,.T.);
#5961 = LINE('',#5962,#5963);
#5962 = CARTESIAN_POINT('',(10.616144881722,16.571428571429,0.4));
#5963 = VECTOR('',#5964,1.);
#5964 = DIRECTION('',(-0.690681414493,0.151522881683,0.707106781187));
#5965 = ORIENTED_EDGE('',*,*,#5082,.F.);
#5966 = CONICAL_SURFACE('',#5967,2.,0.785398163397);
#5967 = AXIS2_PLACEMENT_3D('',#5968,#5969,#5970);
#5968 = CARTESIAN_POINT('',(8.662602834411,17.,0.4));
#5969 = DIRECTION('',(-0.,-0.,-1.));
#5970 = DIRECTION('',(0.,1.,0.));
#5971 = ADVANCED_FACE('',(#5972),#5983,.T.);
#5972 = FACE_BOUND('',#5973,.T.);
#5973 = EDGE_LOOP('',(#5974,#5980,#5981,#5982));
#5974 = ORIENTED_EDGE('',*,*,#5975,.F.);
#5975 = EDGE_CURVE('',#3283,#4908,#5976,.T.);
#5976 = LINE('',#5977,#5978);
#5977 = CARTESIAN_POINT('',(-10.68150722864,14.165036550154,0.4));
#5978 = VECTOR('',#5979,1.);
#5979 = DIRECTION('',(0.681437782744,-0.188792341604,0.707106781187));
#5980 = ORIENTED_EDGE('',*,*,#3291,.T.);
#5981 = ORIENTED_EDGE('',*,*,#5941,.T.);
#5982 = ORIENTED_EDGE('',*,*,#4940,.F.);
#5983 = CONICAL_SURFACE('',#5984,5.,0.785398163397);
#5984 = AXIS2_PLACEMENT_3D('',#5985,#5986,#5987);
#5985 = CARTESIAN_POINT('',(-15.5,15.5,0.4));
#5986 = DIRECTION('',(0.,0.,1.));
#5987 = DIRECTION('',(0.96369855427,-0.266992689969,0.));
#5988 = ADVANCED_FACE('',(#5989),#6000,.T.);
#5989 = FACE_BOUND('',#5990,.T.);
#5990 = EDGE_LOOP('',(#5991,#5992,#5993,#5999));
#5991 = ORIENTED_EDGE('',*,*,#5960,.F.);
#5992 = ORIENTED_EDGE('',*,*,#3255,.T.);
#5993 = ORIENTED_EDGE('',*,*,#5994,.T.);
#5994 = EDGE_CURVE('',#3256,#5006,#5995,.T.);
#5995 = LINE('',#5996,#5997);
#5996 = CARTESIAN_POINT('',(10.681507228648,14.165036550154,0.4));
#5997 = VECTOR('',#5998,1.);
#5998 = DIRECTION('',(-0.681437782744,-0.188792341604,0.707106781187));
#5999 = ORIENTED_EDGE('',*,*,#5064,.F.);
#6000 = CONICAL_SURFACE('',#6001,5.,0.785398163397);
#6001 = AXIS2_PLACEMENT_3D('',#6002,#6003,#6004);
#6002 = CARTESIAN_POINT('',(15.5,15.5,0.4));
#6003 = DIRECTION('',(0.,0.,1.));
#6004 = DIRECTION('',(-0.976771023656,0.214285714286,0.));
#6005 = ADVANCED_FACE('',(#6006),#6017,.F.);
#6006 = FACE_BOUND('',#6007,.T.);
#6007 = EDGE_LOOP('',(#6008,#6014,#6015,#6016));
#6008 = ORIENTED_EDGE('',*,*,#6009,.F.);
#6009 = EDGE_CURVE('',#3274,#4899,#6010,.T.);
#6010 = LINE('',#6011,#6012);
#6011 = CARTESIAN_POINT('',(-7.673355784291,11.948205346733,0.4));
#6012 = VECTOR('',#6013,1.);
#6013 = DIRECTION('',(-0.382104359826,0.594975846738,0.707106781187));
#6014 = ORIENTED_EDGE('',*,*,#3282,.T.);
#6015 = ORIENTED_EDGE('',*,*,#5975,.T.);
#6016 = ORIENTED_EDGE('',*,*,#4915,.F.);
#6017 = CONICAL_SURFACE('',#6018,2.,0.785398163397);
#6018 = AXIS2_PLACEMENT_3D('',#6019,#6020,#6021);
#6019 = CARTESIAN_POINT('',(-8.754110120107,13.631051170216,0.4));
#6020 = DIRECTION('',(-0.,-0.,-1.));
#6021 = DIRECTION('',(0.540377167908,-0.841422911742,0.));
#6022 = ADVANCED_FACE('',(#6023),#6034,.F.);
#6023 = FACE_BOUND('',#6024,.T.);
#6024 = EDGE_LOOP('',(#6025,#6026,#6027,#6033));
#6025 = ORIENTED_EDGE('',*,*,#5994,.F.);
#6026 = ORIENTED_EDGE('',*,*,#3264,.T.);
#6027 = ORIENTED_EDGE('',*,*,#6028,.T.);
#6028 = EDGE_CURVE('',#3265,#4958,#6029,.T.);
#6029 = LINE('',#6030,#6031);
#6030 = CARTESIAN_POINT('',(7.673355784291,11.948205346733,0.4));
#6031 = VECTOR('',#6032,1.);
#6032 = DIRECTION('',(0.382104359826,0.594975846738,0.707106781187));
#6033 = ORIENTED_EDGE('',*,*,#5015,.F.);
#6034 = CONICAL_SURFACE('',#6035,2.,0.785398163397);
#6035 = AXIS2_PLACEMENT_3D('',#6036,#6037,#6038);
#6036 = CARTESIAN_POINT('',(8.754110120107,13.631051170216,0.4));
#6037 = DIRECTION('',(-0.,-0.,-1.));
#6038 = DIRECTION('',(0.96369855427,0.266992689969,0.));
#6039 = ADVANCED_FACE('',(#6040),#6046,.T.);
#6040 = FACE_BOUND('',#6041,.T.);
#6041 = EDGE_LOOP('',(#6042,#6043,#6044,#6045));
#6042 = ORIENTED_EDGE('',*,*,#6028,.F.);
#6043 = ORIENTED_EDGE('',*,*,#3273,.T.);
#6044 = ORIENTED_EDGE('',*,*,#6009,.T.);
#6045 = ORIENTED_EDGE('',*,*,#4965,.F.);
#6046 = CONICAL_SURFACE('',#6047,14.2,0.785398163397);
#6047 = AXIS2_PLACEMENT_3D('',#6048,#6049,#6050);
#6048 = CARTESIAN_POINT('',(0.,0.,0.4));
#6049 = DIRECTION('',(0.,0.,1.));
#6050 = DIRECTION('',(0.540377167908,0.841422911742,0.));
#6051 = ADVANCED_FACE('',(#6052),#6071,.F.);
#6052 = FACE_BOUND('',#6053,.F.);
#6053 = EDGE_LOOP('',(#6054,#6062,#6063,#6064));
#6054 = ORIENTED_EDGE('',*,*,#6055,.F.);
#6055 = EDGE_CURVE('',#3310,#6056,#6058,.T.);
#6056 = VERTEX_POINT('',#6057);
#6057 = CARTESIAN_POINT('',(17.2,15.5,0.4));
#6058 = LINE('',#6059,#6060);
#6059 = CARTESIAN_POINT('',(17.2,15.5,0.4));
#6060 = VECTOR('',#6061,1.);
#6061 = DIRECTION('',(-0.707106781187,7.4E-16,0.707106781187));
#6062 = ORIENTED_EDGE('',*,*,#3309,.T.);
#6063 = ORIENTED_EDGE('',*,*,#6055,.T.);
#6064 = ORIENTED_EDGE('',*,*,#6065,.F.);
#6065 = EDGE_CURVE('',#6056,#6056,#6066,.T.);
#6066 = CIRCLE('',#6067,1.7);
#6067 = AXIS2_PLACEMENT_3D('',#6068,#6069,#6070);
#6068 = CARTESIAN_POINT('',(15.5,15.5,0.4));
#6069 = DIRECTION('',(-0.,0.,1.));
#6070 = DIRECTION('',(1.,-1.04E-15,0.));
#6071 = CONICAL_SURFACE('',#6072,1.7,0.785398163397);
#6072 = AXIS2_PLACEMENT_3D('',#6073,#6074,#6075);
#6073 = CARTESIAN_POINT('',(15.5,15.5,0.4));
#6074 = DIRECTION('',(-0.,-0.,-1.));
#6075 = DIRECTION('',(1.,-1.04E-15,0.));
#6076 = ADVANCED_FACE('',(#6077),#6088,.T.);
#6077 = FACE_BOUND('',#6078,.F.);
#6078 = EDGE_LOOP('',(#6079,#6085,#6086,#6087));
#6079 = ORIENTED_EDGE('',*,*,#6080,.T.);
#6080 = EDGE_CURVE('',#5260,#3572,#6081,.T.);
#6081 = LINE('',#6082,#6083);
#6082 = CARTESIAN_POINT('',(18.75,-28.,0.));
#6083 = VECTOR('',#6084,1.);
#6084 = DIRECTION('',(0.,0.,1.));
#6085 = ORIENTED_EDGE('',*,*,#3581,.T.);
#6086 = ORIENTED_EDGE('',*,*,#3343,.F.);
#6087 = ORIENTED_EDGE('',*,*,#5301,.F.);
#6088 = CYLINDRICAL_SURFACE('',#6089,3.);
#6089 = AXIS2_PLACEMENT_3D('',#6090,#6091,#6092);
#6090 = CARTESIAN_POINT('',(18.75,-25.,0.));
#6091 = DIRECTION('',(-0.,-0.,-1.));
#6092 = DIRECTION('',(1.,0.,0.));
#6093 = ADVANCED_FACE('',(#6094,#6097),#6108,.T.);
#6094 = FACE_BOUND('',#6095,.T.);
#6095 = EDGE_LOOP('',(#6096));
#6096 = ORIENTED_EDGE('',*,*,#3400,.T.);
#6097 = FACE_BOUND('',#6098,.T.);
#6098 = EDGE_LOOP('',(#6099));
#6099 = ORIENTED_EDGE('',*,*,#6100,.F.);
#6100 = EDGE_CURVE('',#6101,#6101,#6103,.T.);
#6101 = VERTEX_POINT('',#6102);
#6102 = CARTESIAN_POINT('',(17.2,15.5,13.));
#6103 = CIRCLE('',#6104,1.7);
#6104 = AXIS2_PLACEMENT_3D('',#6105,#6106,#6107);
#6105 = CARTESIAN_POINT('',(15.5,15.5,13.));
#6106 = DIRECTION('',(0.,0.,1.));
#6107 = DIRECTION('',(1.,0.,0.));
#6108 = PLANE('',#6109);
#6109 = AXIS2_PLACEMENT_3D('',#6110,#6111,#6112);
#6110 = CARTESIAN_POINT('',(9.1E-16,0.,13.));
#6111 = DIRECTION('',(0.,0.,1.));
#6112 = DIRECTION('',(1.,0.,0.));
#6113 = ADVANCED_FACE('',(#6114,#6117),#6128,.T.);
#6114 = FACE_BOUND('',#6115,.T.);
#6115 = EDGE_LOOP('',(#6116));
#6116 = ORIENTED_EDGE('',*,*,#3496,.T.);
#6117 = FACE_BOUND('',#6118,.T.);
#6118 = EDGE_LOOP('',(#6119));
#6119 = ORIENTED_EDGE('',*,*,#6120,.F.);
#6120 = EDGE_CURVE('',#6121,#6121,#6123,.T.);
#6121 = VERTEX_POINT('',#6122);
#6122 = CARTESIAN_POINT('',(17.2,-15.5,13.));
#6123 = CIRCLE('',#6124,1.7);
#6124 = AXIS2_PLACEMENT_3D('',#6125,#6126,#6127);
#6125 = CARTESIAN_POINT('',(15.5,-15.5,13.));
#6126 = DIRECTION('',(0.,0.,1.));
#6127 = DIRECTION('',(1.,0.,0.));
#6128 = PLANE('',#6129);
#6129 = AXIS2_PLACEMENT_3D('',#6130,#6131,#6132);
#6130 = CARTESIAN_POINT('',(9.1E-16,0.,13.));
#6131 = DIRECTION('',(0.,0.,1.));
#6132 = DIRECTION('',(1.,0.,0.));
#6133 = ADVANCED_FACE('',(#6134),#6227,.T.);
#6134 = FACE_BOUND('',#6135,.T.);
#6135 = EDGE_LOOP('',(#6136,#6146,#6152,#6153,#6154,#6155,#6156,#6157,
    #6165,#6173));
#6136 = ORIENTED_EDGE('',*,*,#6137,.F.);
#6137 = EDGE_CURVE('',#6138,#6140,#6142,.T.);
#6138 = VERTEX_POINT('',#6139);
#6139 = CARTESIAN_POINT('',(-25.6,-28.,6.297717080295));
#6140 = VERTEX_POINT('',#6141);
#6141 = CARTESIAN_POINT('',(-3.465884044731,-28.,6.297717080295));
#6142 = LINE('',#6143,#6144);
#6143 = CARTESIAN_POINT('',(-26.,-28.,6.297717080295));
#6144 = VECTOR('',#6145,1.);
#6145 = DIRECTION('',(1.,0.,0.));
#6146 = ORIENTED_EDGE('',*,*,#6147,.T.);
#6147 = EDGE_CURVE('',#6138,#3926,#6148,.T.);
#6148 = LINE('',#6149,#6150);
#6149 = CARTESIAN_POINT('',(-21.59589144373,-28.,1.409603104284));
#6150 = VECTOR('',#6151,1.);
#6151 = DIRECTION('',(-0.633687274234,0.,0.773589321587));
#6152 = ORIENTED_EDGE('',*,*,#3925,.F.);
#6153 = ORIENTED_EDGE('',*,*,#3917,.F.);
#6154 = ORIENTED_EDGE('',*,*,#5267,.T.);
#6155 = ORIENTED_EDGE('',*,*,#6080,.T.);
#6156 = ORIENTED_EDGE('',*,*,#3632,.F.);
#6157 = ORIENTED_EDGE('',*,*,#6158,.F.);
#6158 = EDGE_CURVE('',#6159,#3623,#6161,.T.);
#6159 = VERTEX_POINT('',#6160);
#6160 = CARTESIAN_POINT('',(-0.86522368915,-28.,24.));
#6161 = LINE('',#6162,#6163);
#6162 = CARTESIAN_POINT('',(-0.86522368915,-28.,0.));
#6163 = VECTOR('',#6164,1.);
#6164 = DIRECTION('',(0.,0.,1.));
#6165 = ORIENTED_EDGE('',*,*,#6166,.F.);
#6166 = EDGE_CURVE('',#6167,#6159,#6169,.T.);
#6167 = VERTEX_POINT('',#6168);
#6168 = CARTESIAN_POINT('',(-0.86522368915,-28.,6.697717080295));
#6169 = LINE('',#6170,#6171);
#6170 = CARTESIAN_POINT('',(-0.86522368915,-28.,0.));
#6171 = VECTOR('',#6172,1.);
#6172 = DIRECTION('',(0.,0.,1.));
#6173 = ORIENTED_EDGE('',*,*,#6174,.F.);
#6174 = EDGE_CURVE('',#6140,#6167,#6175,.T.);
#6175 = B_SPLINE_CURVE_WITH_KNOTS('',8,(#6176,#6177,#6178,#6179,#6180,
    #6181,#6182,#6183,#6184,#6185,#6186,#6187,#6188,#6189,#6190,#6191,
    #6192,#6193,#6194,#6195,#6196,#6197,#6198,#6199,#6200,#6201,#6202,
    #6203,#6204,#6205,#6206,#6207,#6208,#6209,#6210,#6211,#6212,#6213,
    #6214,#6215,#6216,#6217,#6218,#6219,#6220,#6221,#6222,#6223,#6224,
    #6225,#6226),.UNSPECIFIED.,.F.,.F.,(9,7,7,7,7,7,7,9),(0.,
    0.229360352001,0.460198606976,0.729467727403,0.870449978966,
    0.927231804992,0.958206374353,1.),.UNSPECIFIED.);
#6176 = CARTESIAN_POINT('',(-3.465890181957,-28.,6.297717080295));
#6177 = CARTESIAN_POINT('',(-3.423292538114,-28.,6.310606307954));
#6178 = CARTESIAN_POINT('',(-3.380028811615,-28.,6.323472760218));
#6179 = CARTESIAN_POINT('',(-3.336057264586,-28.,6.336315450851));
#6180 = CARTESIAN_POINT('',(-3.291332247113,-28.,6.349133233553));
#6181 = CARTESIAN_POINT('',(-3.245802321344,-28.,6.361924772554));
#6182 = CARTESIAN_POINT('',(-3.199408385596,-28.,6.374688513201));
#6183 = CARTESIAN_POINT('',(-3.152081798453,-28.,6.387422652557));
#6184 = CARTESIAN_POINT('',(-3.055091728915,-28.,6.412909416785));
#6185 = CARTESIAN_POINT('',(-3.005415875537,-28.,6.425661355813));
#6186 = CARTESIAN_POINT('',(-2.954632440928,-28.,6.438379018275));
#6187 = CARTESIAN_POINT('',(-2.902645677388,-28.,6.451059876828));
#6188 = CARTESIAN_POINT('',(-2.849345408724,-28.,6.463700769076));
#6189 = CARTESIAN_POINT('',(-2.79460140321,-28.,6.476297794259));
#6190 = CARTESIAN_POINT('',(-2.738253302135,-28.,6.488846123122));
#6191 = CARTESIAN_POINT('',(-2.612256665379,-28.,6.515913302427));
#6192 = CARTESIAN_POINT('',(-2.541988917869,-28.,6.530405111799));
#6193 = CARTESIAN_POINT('',(-2.468940643709,-28.,6.544812898927));
#6194 = CARTESIAN_POINT('',(-2.39267919165,-28.,6.5591259301));
#6195 = CARTESIAN_POINT('',(-2.312710192225,-28.,6.573325822561));
#6196 = CARTESIAN_POINT('',(-2.228299904955,-28.,6.587381409662));
#6197 = CARTESIAN_POINT('',(-2.138561424611,-28.,6.601251487039));
#6198 = CARTESIAN_POINT('',(-1.990909452413,-28.,6.6219893554));
#6199 = CARTESIAN_POINT('',(-1.938270333156,-28.,6.629035390995));
#6200 = CARTESIAN_POINT('',(-1.883426593634,-28.,6.6359980102));
#6201 = CARTESIAN_POINT('',(-1.826033913576,-28.,6.642863789458));
#6202 = CARTESIAN_POINT('',(-1.765718119736,-28.,6.649609517161));
#6203 = CARTESIAN_POINT('',(-1.70197068766,-28.,6.656197236514));
#6204 = CARTESIAN_POINT('',(-1.63419367746,-28.,6.662576647118));
#6205 = CARTESIAN_POINT('',(-1.531820076158,-28.,6.671115070415));
#6206 = CARTESIAN_POINT('',(-1.501605264945,-28.,6.673517259278));
#6207 = CARTESIAN_POINT('',(-1.470492603029,-28.,6.675864893299));
#6208 = CARTESIAN_POINT('',(-1.438406644867,-28.,6.678150428234));
#6209 = CARTESIAN_POINT('',(-1.405272646773,-28.,6.680363973937));
#6210 = CARTESIAN_POINT('',(-1.37101463722,-28.,6.682493170579));
#6211 = CARTESIAN_POINT('',(-1.335551856535,-28.,6.684522942801));
#6212 = CARTESIAN_POINT('',(-1.278741864555,-28.,6.687478233714));
#6213 = CARTESIAN_POINT('',(-1.258310149456,-28.,6.688486047977));
#6214 = CARTESIAN_POINT('',(-1.237486060976,-28.,6.689455582892));
#6215 = CARTESIAN_POINT('',(-1.216260484171,-28.,6.690383334054));
#6216 = CARTESIAN_POINT('',(-1.194628254744,-28.,6.691265371932));
#6217 = CARTESIAN_POINT('',(-1.172588864941,-28.,6.692097429424));
#6218 = CARTESIAN_POINT('',(-1.150147169453,-28.,6.692874989437));
#6219 = CARTESIAN_POINT('',(-1.096505684927,-28.,6.694562678264));
#6220 = CARTESIAN_POINT('',(-1.064966320472,-28.,6.695424844507));
#6221 = CARTESIAN_POINT('',(-1.032750458966,-28.,6.696167319807));
#6222 = CARTESIAN_POINT('',(-0.999935628947,-28.,6.696777747162));
#6223 = CARTESIAN_POINT('',(-0.966625109627,-28.,6.697244874573));
#6224 = CARTESIAN_POINT('',(-0.932951662423,-28.,6.697559731572));
#6225 = CARTESIAN_POINT('',(-0.899082310877,-28.,6.697717071606));
#6226 = CARTESIAN_POINT('',(-0.865224168954,-28.,6.697717080295));
#6227 = PLANE('',#6228);
#6228 = AXIS2_PLACEMENT_3D('',#6229,#6230,#6231);
#6229 = CARTESIAN_POINT('',(0.31378728123,-28.,10.86121271877));
#6230 = DIRECTION('',(-0.,-1.,-0.));
#6231 = DIRECTION('',(0.,0.,-1.));
#6232 = ADVANCED_FACE('',(#6233),#6277,.F.);
#6233 = FACE_BOUND('',#6234,.T.);
#6234 = EDGE_LOOP('',(#6235,#6243,#6268,#6275,#6276));
#6235 = ORIENTED_EDGE('',*,*,#6236,.F.);
#6236 = EDGE_CURVE('',#6237,#3671,#6239,.T.);
#6237 = VERTEX_POINT('',#6238);
#6238 = CARTESIAN_POINT('',(-7.936291501015,-30.92893218813,
    28.969892782431));
#6239 = LINE('',#6240,#6241);
#6240 = CARTESIAN_POINT('',(-7.936291501015,-30.92893218813,0.));
#6241 = VECTOR('',#6242,1.);
#6242 = DIRECTION('',(0.,0.,1.));
#6243 = ORIENTED_EDGE('',*,*,#6244,.F.);
#6244 = EDGE_CURVE('',#6245,#6237,#6247,.T.);
#6245 = VERTEX_POINT('',#6246);
#6246 = CARTESIAN_POINT('',(-1.096333733362,-28.00266617365,
    24.653133453619));
#6247 = B_SPLINE_CURVE_WITH_KNOTS('',7,(#6248,#6249,#6250,#6251,#6252,
    #6253,#6254,#6255,#6256,#6257,#6258,#6259,#6260,#6261,#6262,#6263,
    #6264,#6265,#6266,#6267),.UNSPECIFIED.,.F.,.F.,(8,6,6,8),(
    0.293405388234,7.470841421155,9.177297171408,9.290323622963),
  .UNSPECIFIED.);
#6248 = CARTESIAN_POINT('',(-0.86522368915,-28.,24.489876166163));
#6249 = CARTESIAN_POINT('',(-1.671911508793,-28.,25.06002440484));
#6250 = CARTESIAN_POINT('',(-2.475151726603,-28.07569374539,
    25.625624529054));
#6251 = CARTESIAN_POINT('',(-3.282120899437,-28.22751080401,
    26.186863095433));
#6252 = CARTESIAN_POINT('',(-4.091247334818,-28.45647257177,
    26.739420385885));
#6253 = CARTESIAN_POINT('',(-4.91306246777,-28.78154534014,
    27.281890572321));
#6254 = CARTESIAN_POINT('',(-5.728156527811,-29.20800461941,
    27.793973786308));
#6255 = CARTESIAN_POINT('',(-6.720901262978,-29.89046317364,
    28.359176891807));
#6256 = CARTESIAN_POINT('',(-6.910803143321,-30.02855594035,
    28.464668701882));
#6257 = CARTESIAN_POINT('',(-7.100384364062,-30.17462046345,
    28.566466414783));
#6258 = CARTESIAN_POINT('',(-7.288501633628,-30.32757869193,
    28.665472174085));
#6259 = CARTESIAN_POINT('',(-7.477912309981,-30.49164637827,
    28.758901009288));
#6260 = CARTESIAN_POINT('',(-7.662638333641,-30.66082430311,
    28.848466048824));
#6261 = CARTESIAN_POINT('',(-7.862125089019,-30.85551466968,
    28.937472811882));
#6262 = CARTESIAN_POINT('',(-7.874508780765,-30.86764949461,
    28.942966143573));
#6263 = CARTESIAN_POINT('',(-7.886883766093,-30.87982492787,
    28.948423600962));
#6264 = CARTESIAN_POINT('',(-7.899249787891,-30.89204094165,
    28.953845088791));
#6265 = CARTESIAN_POINT('',(-7.911606589052,-30.90429750815,
    28.959230511816));
#6266 = CARTESIAN_POINT('',(-7.923953912463,-30.91659459958,
    28.964579774778));
#6267 = CARTESIAN_POINT('',(-7.936291501015,-30.92893218813,
    28.969892782431));
#6268 = ORIENTED_EDGE('',*,*,#6269,.F.);
#6269 = EDGE_CURVE('',#6159,#6245,#6270,.T.);
#6270 = B_SPLINE_CURVE_WITH_KNOTS('',3,(#6271,#6272,#6273,#6274),
  .UNSPECIFIED.,.F.,.F.,(4,4),(0.,0.653542281705),
  .PIECEWISE_BEZIER_KNOTS.);
#6271 = CARTESIAN_POINT('',(-0.86522368915,-28.,24.));
#6272 = CARTESIAN_POINT('',(-0.942266659799,-28.,24.217711151206));
#6273 = CARTESIAN_POINT('',(-1.019309630082,-28.00089038253,
    24.435422302413));
#6274 = CARTESIAN_POINT('',(-1.096332023249,-28.00267090979,
    24.653133453619));
#6275 = ORIENTED_EDGE('',*,*,#6158,.T.);
#6276 = ORIENTED_EDGE('',*,*,#3680,.F.);
#6277 = CYLINDRICAL_SURFACE('',#6278,10.);
#6278 = AXIS2_PLACEMENT_3D('',#6279,#6280,#6281);
#6279 = CARTESIAN_POINT('',(-0.86522368915,-38.,0.));
#6280 = DIRECTION('',(-0.,-0.,-1.));
#6281 = DIRECTION('',(1.,0.,0.));
#6282 = ADVANCED_FACE('',(#6283),#6307,.T.);
#6283 = FACE_BOUND('',#6284,.F.);
#6284 = EDGE_LOOP('',(#6285,#6293,#6305,#6306));
#6285 = ORIENTED_EDGE('',*,*,#6286,.F.);
#6286 = EDGE_CURVE('',#6287,#3698,#6289,.T.);
#6287 = VERTEX_POINT('',#6288);
#6288 = CARTESIAN_POINT('',(-25.,-39.,14.4));
#6289 = LINE('',#6290,#6291);
#6290 = CARTESIAN_POINT('',(-25.,-39.,0.));
#6291 = VECTOR('',#6292,1.);
#6292 = DIRECTION('',(0.,0.,1.));
#6293 = ORIENTED_EDGE('',*,*,#6294,.F.);
#6294 = EDGE_CURVE('',#3859,#6287,#6295,.T.);
#6295 = B_SPLINE_CURVE_WITH_KNOTS('',8,(#6296,#6297,#6298,#6299,#6300,
    #6301,#6302,#6303,#6304),.UNSPECIFIED.,.F.,.F.,(9,9),(
    12.460330084584,13.956250306317),.PIECEWISE_BEZIER_KNOTS.);
#6296 = CARTESIAN_POINT('',(-26.,-38.,13.787062569828));
#6297 = CARTESIAN_POINT('',(-26.,-38.17404575891,13.905806700964));
#6298 = CARTESIAN_POINT('',(-25.96538363737,-38.35331429022,
    14.022874476258));
#6299 = CARTESIAN_POINT('',(-25.89247403381,-38.53079247238,
    14.133301138198));
#6300 = CARTESIAN_POINT('',(-25.77891770608,-38.69548763169,
    14.231243140806));
#6301 = CARTESIAN_POINT('',(-25.62547285576,-38.84111740288,
    14.313169712212));
#6302 = CARTESIAN_POINT('',(-25.43001235718,-38.94723046505,
    14.371117976221));
#6303 = CARTESIAN_POINT('',(-25.21503429817,-39.,14.4));
#6304 = CARTESIAN_POINT('',(-25.,-39.,14.4));
#6305 = ORIENTED_EDGE('',*,*,#3858,.T.);
#6306 = ORIENTED_EDGE('',*,*,#3705,.T.);
#6307 = CYLINDRICAL_SURFACE('',#6308,1.);
#6308 = AXIS2_PLACEMENT_3D('',#6309,#6310,#6311);
#6309 = CARTESIAN_POINT('',(-25.,-38.,0.));
#6310 = DIRECTION('',(-0.,-0.,-1.));
#6311 = DIRECTION('',(1.,0.,0.));
#6312 = ADVANCED_FACE('',(#6313),#6393,.F.);
#6313 = FACE_BOUND('',#6314,.F.);
#6314 = EDGE_LOOP('',(#6315,#6325,#6333,#6339,#6340,#6341,#6356,#6364,
    #6372,#6380));
#6315 = ORIENTED_EDGE('',*,*,#6316,.F.);
#6316 = EDGE_CURVE('',#6317,#6319,#6321,.T.);
#6317 = VERTEX_POINT('',#6318);
#6318 = CARTESIAN_POINT('',(-7.936291501015,-30.92893218813,
    8.79492179238));
#6319 = VERTEX_POINT('',#6320);
#6320 = CARTESIAN_POINT('',(-7.936291501015,-30.92893218813,
    19.030107234003));
#6321 = LINE('',#6322,#6323);
#6322 = CARTESIAN_POINT('',(-7.936291501015,-30.92893218813,0.));
#6323 = VECTOR('',#6324,1.);
#6324 = DIRECTION('',(0.,0.,1.));
#6325 = ORIENTED_EDGE('',*,*,#6326,.F.);
#6326 = EDGE_CURVE('',#6327,#6317,#6329,.T.);
#6327 = VERTEX_POINT('',#6328);
#6328 = CARTESIAN_POINT('',(-15.12867965644,-38.12132034356,
    13.831086196146));
#6329 = LINE('',#6330,#6331);
#6330 = CARTESIAN_POINT('',(-15.00317877932,-37.99581946644,
    13.743209535947));
#6331 = VECTOR('',#6332,1.);
#6332 = DIRECTION('',(0.633687274234,0.633687274234,-0.443712606252));
#6333 = ORIENTED_EDGE('',*,*,#6334,.T.);
#6334 = EDGE_CURVE('',#6327,#3721,#6335,.T.);
#6335 = LINE('',#6336,#6337);
#6336 = CARTESIAN_POINT('',(-15.12867965644,-38.12132034356,0.));
#6337 = VECTOR('',#6338,1.);
#6338 = DIRECTION('',(0.,0.,1.));
#6339 = ORIENTED_EDGE('',*,*,#3730,.T.);
#6340 = ORIENTED_EDGE('',*,*,#6236,.F.);
#6341 = ORIENTED_EDGE('',*,*,#6342,.T.);
#6342 = EDGE_CURVE('',#6237,#6343,#6345,.T.);
#6343 = VERTEX_POINT('',#6344);
#6344 = CARTESIAN_POINT('',(-15.,-37.99264068711,25.771435960748));
#6345 = B_SPLINE_CURVE_WITH_KNOTS('',9,(#6346,#6347,#6348,#6349,#6350,
    #6351,#6352,#6353,#6354,#6355),.UNSPECIFIED.,.F.,.F.,(10,10),(
    9.290323622963,20.188347374936),.PIECEWISE_BEZIER_KNOTS.);
#6346 = CARTESIAN_POINT('',(-7.936291501015,-30.92893218813,
    28.969892782431));
#6347 = CARTESIAN_POINT('',(-8.861529520443,-31.85417020756,
    29.368333422285));
#6348 = CARTESIAN_POINT('',(-9.869340061955,-32.86198074907,
    29.570255254977));
#6349 = CARTESIAN_POINT('',(-10.91264360593,-33.90528429305,
    29.545841524212));
#6350 = CARTESIAN_POINT('',(-11.93622158721,-34.92886227432,
    29.297350117613));
#6351 = CARTESIAN_POINT('',(-12.89186057703,-35.88450126415,
    28.826195779541));
#6352 = CARTESIAN_POINT('',(-13.72117296482,-36.71381365193,
    28.161642857958));
#6353 = CARTESIAN_POINT('',(-14.39640932908,-37.3890500162,
    27.330582578989));
#6354 = CARTESIAN_POINT('',(-14.87321854461,-37.86585923173,
    26.365018106465));
#6355 = CARTESIAN_POINT('',(-15.12867965644,-38.12132034356,
    25.33015199917));
#6356 = ORIENTED_EDGE('',*,*,#6357,.F.);
#6357 = EDGE_CURVE('',#6358,#6343,#6360,.T.);
#6358 = VERTEX_POINT('',#6359);
#6359 = CARTESIAN_POINT('',(-15.,-37.99264068711,24.271180694964));
#6360 = LINE('',#6361,#6362);
#6361 = CARTESIAN_POINT('',(-15.,-37.99264068711,12.));
#6362 = VECTOR('',#6363,1.);
#6363 = DIRECTION('',(0.,0.,1.));
#6364 = ORIENTED_EDGE('',*,*,#6365,.T.);
#6365 = EDGE_CURVE('',#6358,#6366,#6368,.T.);
#6366 = VERTEX_POINT('',#6367);
#6367 = CARTESIAN_POINT('',(-15.,-37.99264068711,23.728819305036));
#6368 = LINE('',#6369,#6370);
#6369 = CARTESIAN_POINT('',(-15.,-37.99264068711,12.));
#6370 = VECTOR('',#6371,1.);
#6371 = DIRECTION('',(0.,0.,-1.));
#6372 = ORIENTED_EDGE('',*,*,#6373,.T.);
#6373 = EDGE_CURVE('',#6366,#6374,#6376,.T.);
#6374 = VERTEX_POINT('',#6375);
#6375 = CARTESIAN_POINT('',(-15.,-37.99264068711,22.228564039062));
#6376 = LINE('',#6377,#6378);
#6377 = CARTESIAN_POINT('',(-15.,-37.99264068711,12.));
#6378 = VECTOR('',#6379,1.);
#6379 = DIRECTION('',(0.,0.,-1.));
#6380 = ORIENTED_EDGE('',*,*,#6381,.T.);
#6381 = EDGE_CURVE('',#6374,#6319,#6382,.T.);
#6382 = B_SPLINE_CURVE_WITH_KNOTS('',9,(#6383,#6384,#6385,#6386,#6387,
    #6388,#6389,#6390,#6391,#6392),.UNSPECIFIED.,.F.,.F.,(10,10),(
    1.177783899581,12.079255610055),.PIECEWISE_BEZIER_KNOTS.);
#6383 = CARTESIAN_POINT('',(-15.12867965644,-38.12132034356,
    22.66984800083));
#6384 = CARTESIAN_POINT('',(-14.87321854495,-37.86585923206,
    21.634981894897));
#6385 = CARTESIAN_POINT('',(-14.39640933117,-37.38905001829,
    20.669417420054));
#6386 = CARTESIAN_POINT('',(-13.72117296377,-36.71381365088,
    19.838357161561));
#6387 = CARTESIAN_POINT('',(-12.89186058862,-35.88450127574,
    19.173804188531));
#6388 = CARTESIAN_POINT('',(-11.93622158863,-34.92886227574,
    18.702649927874));
#6389 = CARTESIAN_POINT('',(-10.91264359832,-33.90528428544,
    18.454158460439));
#6390 = CARTESIAN_POINT('',(-9.869340121146,-32.86198080826,
    18.429744676642));
#6391 = CARTESIAN_POINT('',(-8.861529062202,-31.85416974932,
    18.631666961587));
#6392 = CARTESIAN_POINT('',(-7.936291501015,-30.92893218813,
    19.030107234003));
#6393 = PLANE('',#6394);
#6394 = AXIS2_PLACEMENT_3D('',#6395,#6396,#6397);
#6395 = CARTESIAN_POINT('',(-15.12867965644,-38.12132034356,0.));
#6396 = DIRECTION('',(-0.707106781187,0.707106781187,0.));
#6397 = DIRECTION('',(0.707106781187,0.707106781187,0.));
#6398 = ADVANCED_FACE('',(#6399),#6417,.F.);
#6399 = FACE_BOUND('',#6400,.F.);
#6400 = EDGE_LOOP('',(#6401,#6409,#6415,#6416));
#6401 = ORIENTED_EDGE('',*,*,#6402,.F.);
#6402 = EDGE_CURVE('',#6403,#3747,#6405,.T.);
#6403 = VERTEX_POINT('',#6404);
#6404 = CARTESIAN_POINT('',(-17.25,-39.,14.4));
#6405 = LINE('',#6406,#6407);
#6406 = CARTESIAN_POINT('',(-17.25,-39.,0.));
#6407 = VECTOR('',#6408,1.);
#6408 = DIRECTION('',(0.,0.,1.));
#6409 = ORIENTED_EDGE('',*,*,#6410,.F.);
#6410 = EDGE_CURVE('',#6287,#6403,#6411,.T.);
#6411 = LINE('',#6412,#6413);
#6412 = CARTESIAN_POINT('',(-25.,-39.,14.4));
#6413 = VECTOR('',#6414,1.);
#6414 = DIRECTION('',(1.,0.,0.));
#6415 = ORIENTED_EDGE('',*,*,#6286,.T.);
#6416 = ORIENTED_EDGE('',*,*,#3754,.T.);
#6417 = PLANE('',#6418);
#6418 = AXIS2_PLACEMENT_3D('',#6419,#6420,#6421);
#6419 = CARTESIAN_POINT('',(-25.,-39.,0.));
#6420 = DIRECTION('',(0.,1.,0.));
#6421 = DIRECTION('',(1.,0.,0.));
#6422 = ADVANCED_FACE('',(#6423),#6438,.T.);
#6423 = FACE_BOUND('',#6424,.F.);
#6424 = EDGE_LOOP('',(#6425,#6426,#6436,#6437));
#6425 = ORIENTED_EDGE('',*,*,#6334,.F.);
#6426 = ORIENTED_EDGE('',*,*,#6427,.F.);
#6427 = EDGE_CURVE('',#6403,#6327,#6428,.T.);
#6428 = B_SPLINE_CURVE_WITH_KNOTS('',6,(#6429,#6430,#6431,#6432,#6433,
    #6434,#6435),.UNSPECIFIED.,.F.,.F.,(7,7),(21.706250306317,
    23.965535783123),.PIECEWISE_BEZIER_KNOTS.);
#6429 = CARTESIAN_POINT('',(-17.25,-39.,14.4));
#6430 = CARTESIAN_POINT('',(-16.85670941877,-39.,14.4));
#6431 = CARTESIAN_POINT('',(-16.45490196267,-38.93831563671,
    14.364063819666));
#6432 = CARTESIAN_POINT('',(-16.06326086599,-38.80866151217,
    14.290155506654));
#6433 = CARTESIAN_POINT('',(-15.71009803491,-38.62026025566,
    14.172067294486));
#6434 = CARTESIAN_POINT('',(-15.39847486268,-38.39110874896,
    14.019946344608));
#6435 = CARTESIAN_POINT('',(-15.12870639475,-38.12134708153,
    13.831104915919));
#6436 = ORIENTED_EDGE('',*,*,#6402,.T.);
#6437 = ORIENTED_EDGE('',*,*,#3771,.T.);
#6438 = CYLINDRICAL_SURFACE('',#6439,3.);
#6439 = AXIS2_PLACEMENT_3D('',#6440,#6441,#6442);
#6440 = CARTESIAN_POINT('',(-17.25,-36.,0.));
#6441 = DIRECTION('',(-0.,-0.,-1.));
#6442 = DIRECTION('',(1.,0.,0.));
#6443 = ADVANCED_FACE('',(#6444),#6449,.T.);
#6444 = FACE_BOUND('',#6445,.T.);
#6445 = EDGE_LOOP('',(#6446,#6447,#6448));
#6446 = ORIENTED_EDGE('',*,*,#3794,.T.);
#6447 = ORIENTED_EDGE('',*,*,#3818,.T.);
#6448 = ORIENTED_EDGE('',*,*,#3842,.T.);
#6449 = PLANE('',#6450);
#6450 = AXIS2_PLACEMENT_3D('',#6451,#6452,#6453);
#6451 = CARTESIAN_POINT('',(-17.69999999999,-28.89999999999,29.4));
#6452 = DIRECTION('',(0.,0.,1.));
#6453 = DIRECTION('',(1.,0.,0.));
#6454 = ADVANCED_FACE('',(#6455),#6481,.F.);
#6455 = FACE_BOUND('',#6456,.F.);
#6456 = EDGE_LOOP('',(#6457,#6465,#6466,#6473));
#6457 = ORIENTED_EDGE('',*,*,#6458,.T.);
#6458 = EDGE_CURVE('',#6459,#3934,#6461,.T.);
#6459 = VERTEX_POINT('',#6460);
#6460 = CARTESIAN_POINT('',(-25.6,-38.,13.299792461845));
#6461 = LINE('',#6462,#6463);
#6462 = CARTESIAN_POINT('',(-25.8,-37.88528471273,13.463622870707));
#6463 = VECTOR('',#6464,1.);
#6464 = DIRECTION('',(-0.707106781187,0.405579787651,0.579227965354));
#6465 = ORIENTED_EDGE('',*,*,#3941,.T.);
#6466 = ORIENTED_EDGE('',*,*,#6467,.F.);
#6467 = EDGE_CURVE('',#6468,#3859,#6470,.T.);
#6468 = VERTEX_POINT('',#6469);
#6469 = CARTESIAN_POINT('',(-25.5813334629,-38.16407846647,
    13.414681440922));
#6470 = B_SPLINE_CURVE_WITH_KNOTS('',1,(#6471,#6472),.UNSPECIFIED.,.F.,
  .F.,(2,2),(0.,0.252584197283),.PIECEWISE_BEZIER_KNOTS.);
#6471 = CARTESIAN_POINT('',(-25.5813334629,-38.16407846647,
    13.414681440922));
#6472 = CARTESIAN_POINT('',(-26.,-38.,13.787062569828));
#6473 = ORIENTED_EDGE('',*,*,#6474,.F.);
#6474 = EDGE_CURVE('',#6459,#6468,#6475,.T.);
#6475 = B_SPLINE_CURVE_WITH_KNOTS('',4,(#6476,#6477,#6478,#6479,#6480),
  .UNSPECIFIED.,.F.,.F.,(5,5),(12.207745887301,12.460330084584),
  .PIECEWISE_BEZIER_KNOTS.);
#6476 = CARTESIAN_POINT('',(-25.6,-38.,13.299792461845));
#6477 = CARTESIAN_POINT('',(-25.6,-38.04150196352,13.328852449555));
#6478 = CARTESIAN_POINT('',(-25.59686080923,-38.08300500342,
    13.357913190949));
#6479 = CARTESIAN_POINT('',(-25.59058286321,-38.12401856806,
    13.386631198075));
#6480 = CARTESIAN_POINT('',(-25.5813334629,-38.16407846647,
    13.414681440922));
#6481 = B_SPLINE_SURFACE_WITH_KNOTS('',1,4,(
    (#6482,#6483,#6484,#6485,#6486)
    ,(#6487,#6488,#6489,#6490,#6491
    )),.UNSPECIFIED.,.F.,.F.,.F.,(2,2),(5,5),(0.,0.252584197283),(
    12.207745887301,12.460330084584),.PIECEWISE_BEZIER_KNOTS.);
#6482 = CARTESIAN_POINT('',(-25.6,-38.,13.299792461845));
#6483 = CARTESIAN_POINT('',(-25.6,-38.04150196352,13.328852449555));
#6484 = CARTESIAN_POINT('',(-25.59686080923,-38.08300500342,
    13.357913190949));
#6485 = CARTESIAN_POINT('',(-25.59058286321,-38.12401856806,
    13.386631198075));
#6486 = CARTESIAN_POINT('',(-25.5813334629,-38.16407846647,
    13.414681440922));
#6487 = CARTESIAN_POINT('',(-26.,-37.77056942547,13.627453279569));
#6488 = CARTESIAN_POINT('',(-26.,-37.82729740806,13.667174640606));
#6489 = CARTESIAN_POINT('',(-26.,-37.88403386697,13.706895217091));
#6490 = CARTESIAN_POINT('',(-26.,-37.94122519681,13.746962983487));
#6491 = CARTESIAN_POINT('',(-26.,-38.,13.787062569828));
#6492 = ADVANCED_FACE('',(#6493),#6504,.T.);
#6493 = FACE_BOUND('',#6494,.T.);
#6494 = EDGE_LOOP('',(#6495,#6496,#6502,#6503));
#6495 = ORIENTED_EDGE('',*,*,#6147,.F.);
#6496 = ORIENTED_EDGE('',*,*,#6497,.T.);
#6497 = EDGE_CURVE('',#6138,#6459,#6498,.T.);
#6498 = LINE('',#6499,#6500);
#6499 = CARTESIAN_POINT('',(-25.6,-28.,6.297717080295));
#6500 = VECTOR('',#6501,1.);
#6501 = DIRECTION('',(0.,-0.81915204431,0.573576436321));
#6502 = ORIENTED_EDGE('',*,*,#6458,.T.);
#6503 = ORIENTED_EDGE('',*,*,#3933,.F.);
#6504 = PLANE('',#6505);
#6505 = AXIS2_PLACEMENT_3D('',#6506,#6507,#6508);
#6506 = CARTESIAN_POINT('',(-25.8,-27.88528471273,6.461547489157));
#6507 = DIRECTION('',(-0.707106781187,-0.405579787651,-0.579227965354));
#6508 = DIRECTION('',(5.551115123126E-17,-0.81915204431,0.573576436321)
  );
#6509 = ADVANCED_FACE('',(#6510),#6537,.F.);
#6510 = FACE_BOUND('',#6511,.F.);
#6511 = EDGE_LOOP('',(#6512,#6520,#6528,#6534,#6535,#6536));
#6512 = ORIENTED_EDGE('',*,*,#6513,.T.);
#6513 = EDGE_CURVE('',#3878,#6514,#6516,.T.);
#6514 = VERTEX_POINT('',#6515);
#6515 = CARTESIAN_POINT('',(-26.1,-20.,27.05));
#6516 = LINE('',#6517,#6518);
#6517 = CARTESIAN_POINT('',(-26.,-20.,27.05));
#6518 = VECTOR('',#6519,1.);
#6519 = DIRECTION('',(-1.,0.,0.));
#6520 = ORIENTED_EDGE('',*,*,#6521,.T.);
#6521 = EDGE_CURVE('',#6514,#6522,#6524,.T.);
#6522 = VERTEX_POINT('',#6523);
#6523 = CARTESIAN_POINT('',(-26.1,12.,27.05));
#6524 = LINE('',#6525,#6526);
#6525 = CARTESIAN_POINT('',(-26.1,-20.,27.05));
#6526 = VECTOR('',#6527,1.);
#6527 = DIRECTION('',(0.,1.,0.));
#6528 = ORIENTED_EDGE('',*,*,#6529,.F.);
#6529 = EDGE_CURVE('',#4019,#6522,#6530,.T.);
#6530 = LINE('',#6531,#6532);
#6531 = CARTESIAN_POINT('',(-26.,12.,27.05));
#6532 = VECTOR('',#6533,1.);
#6533 = DIRECTION('',(-1.,0.,0.));
#6534 = ORIENTED_EDGE('',*,*,#4026,.T.);
#6535 = ORIENTED_EDGE('',*,*,#3968,.F.);
#6536 = ORIENTED_EDGE('',*,*,#3877,.F.);
#6537 = PLANE('',#6538);
#6538 = AXIS2_PLACEMENT_3D('',#6539,#6540,#6541);
#6539 = CARTESIAN_POINT('',(-26.,-20.,27.05));
#6540 = DIRECTION('',(0.,0.,-1.));
#6541 = DIRECTION('',(0.,1.,0.));
#6542 = ADVANCED_FACE('',(#6543),#6555,.T.);
#6543 = FACE_BOUND('',#6544,.F.);
#6544 = EDGE_LOOP('',(#6545,#6546,#6547,#6548));
#6545 = ORIENTED_EDGE('',*,*,#3901,.F.);
#6546 = ORIENTED_EDGE('',*,*,#5322,.F.);
#6547 = ORIENTED_EDGE('',*,*,#4002,.T.);
#6548 = ORIENTED_EDGE('',*,*,#6549,.F.);
#6549 = EDGE_CURVE('',#3894,#4003,#6550,.T.);
#6550 = CIRCLE('',#6551,1.);
#6551 = AXIS2_PLACEMENT_3D('',#6552,#6553,#6554);
#6552 = CARTESIAN_POINT('',(-25.,11.585786437627,20.95));
#6553 = DIRECTION('',(-0.,-0.,-1.));
#6554 = DIRECTION('',(0.,-1.,0.));
#6555 = CYLINDRICAL_SURFACE('',#6556,1.);
#6556 = AXIS2_PLACEMENT_3D('',#6557,#6558,#6559);
#6557 = CARTESIAN_POINT('',(-25.,11.585786437627,0.));
#6558 = DIRECTION('',(0.,0.,1.));
#6559 = DIRECTION('',(-1.,0.,0.));
#6560 = ADVANCED_FACE('',(#6561),#6579,.F.);
#6561 = FACE_BOUND('',#6562,.F.);
#6562 = EDGE_LOOP('',(#6563,#6571,#6577,#6578));
#6563 = ORIENTED_EDGE('',*,*,#6564,.T.);
#6564 = EDGE_CURVE('',#3886,#6565,#6567,.T.);
#6565 = VERTEX_POINT('',#6566);
#6566 = CARTESIAN_POINT('',(-26.1,-20.,20.95));
#6567 = LINE('',#6568,#6569);
#6568 = CARTESIAN_POINT('',(-26.,-20.,20.95));
#6569 = VECTOR('',#6570,1.);
#6570 = DIRECTION('',(-1.,0.,0.));
#6571 = ORIENTED_EDGE('',*,*,#6572,.T.);
#6572 = EDGE_CURVE('',#6565,#6514,#6573,.T.);
#6573 = LINE('',#6574,#6575);
#6574 = CARTESIAN_POINT('',(-26.1,-20.,20.95));
#6575 = VECTOR('',#6576,1.);
#6576 = DIRECTION('',(0.,0.,1.));
#6577 = ORIENTED_EDGE('',*,*,#6513,.F.);
#6578 = ORIENTED_EDGE('',*,*,#3885,.F.);
#6579 = PLANE('',#6580);
#6580 = AXIS2_PLACEMENT_3D('',#6581,#6582,#6583);
#6581 = CARTESIAN_POINT('',(-26.,-20.,20.95));
#6582 = DIRECTION('',(0.,1.,0.));
#6583 = DIRECTION('',(0.,0.,1.));
#6584 = ADVANCED_FACE('',(#6585),#6605,.F.);
#6585 = FACE_BOUND('',#6586,.F.);
#6586 = EDGE_LOOP('',(#6587,#6588,#6589,#6590,#6591,#6599));
#6587 = ORIENTED_EDGE('',*,*,#6564,.F.);
#6588 = ORIENTED_EDGE('',*,*,#3893,.F.);
#6589 = ORIENTED_EDGE('',*,*,#6549,.T.);
#6590 = ORIENTED_EDGE('',*,*,#4010,.F.);
#6591 = ORIENTED_EDGE('',*,*,#6592,.T.);
#6592 = EDGE_CURVE('',#4011,#6593,#6595,.T.);
#6593 = VERTEX_POINT('',#6594);
#6594 = CARTESIAN_POINT('',(-26.1,12.,20.95));
#6595 = LINE('',#6596,#6597);
#6596 = CARTESIAN_POINT('',(-26.,12.,20.95));
#6597 = VECTOR('',#6598,1.);
#6598 = DIRECTION('',(-1.,0.,0.));
#6599 = ORIENTED_EDGE('',*,*,#6600,.T.);
#6600 = EDGE_CURVE('',#6593,#6565,#6601,.T.);
#6601 = LINE('',#6602,#6603);
#6602 = CARTESIAN_POINT('',(-26.1,12.,20.95));
#6603 = VECTOR('',#6604,1.);
#6604 = DIRECTION('',(0.,-1.,0.));
#6605 = PLANE('',#6606);
#6606 = AXIS2_PLACEMENT_3D('',#6607,#6608,#6609);
#6607 = CARTESIAN_POINT('',(-26.,12.,20.95));
#6608 = DIRECTION('',(0.,0.,1.));
#6609 = DIRECTION('',(0.,-1.,0.));
#6610 = ADVANCED_FACE('',(#6611),#6630,.F.);
#6611 = FACE_BOUND('',#6612,.F.);
#6612 = EDGE_LOOP('',(#6613,#6621,#6622,#6623));
#6613 = ORIENTED_EDGE('',*,*,#6614,.F.);
#6614 = EDGE_CURVE('',#3952,#6615,#6617,.T.);
#6615 = VERTEX_POINT('',#6616);
#6616 = CARTESIAN_POINT('',(-15.,-35.7,24.));
#6617 = LINE('',#6618,#6619);
#6618 = CARTESIAN_POINT('',(-26.,-35.7,24.));
#6619 = VECTOR('',#6620,1.);
#6620 = DIRECTION('',(1.,0.,0.));
#6621 = ORIENTED_EDGE('',*,*,#3951,.F.);
#6622 = ORIENTED_EDGE('',*,*,#6614,.T.);
#6623 = ORIENTED_EDGE('',*,*,#6624,.T.);
#6624 = EDGE_CURVE('',#6615,#6615,#6625,.T.);
#6625 = CIRCLE('',#6626,2.7);
#6626 = AXIS2_PLACEMENT_3D('',#6627,#6628,#6629);
#6627 = CARTESIAN_POINT('',(-15.,-33.,24.));
#6628 = DIRECTION('',(-1.,0.,0.));
#6629 = DIRECTION('',(0.,-1.,0.));
#6630 = CYLINDRICAL_SURFACE('',#6631,2.7);
#6631 = AXIS2_PLACEMENT_3D('',#6632,#6633,#6634);
#6632 = CARTESIAN_POINT('',(-26.,-33.,24.));
#6633 = DIRECTION('',(-1.,0.,0.));
#6634 = DIRECTION('',(0.,-1.,0.));
#6635 = ADVANCED_FACE('',(#6636),#6647,.F.);
#6636 = FACE_BOUND('',#6637,.F.);
#6637 = EDGE_LOOP('',(#6638,#6639,#6645,#6646));
#6638 = ORIENTED_EDGE('',*,*,#6529,.T.);
#6639 = ORIENTED_EDGE('',*,*,#6640,.T.);
#6640 = EDGE_CURVE('',#6522,#6593,#6641,.T.);
#6641 = LINE('',#6642,#6643);
#6642 = CARTESIAN_POINT('',(-26.1,12.,27.05));
#6643 = VECTOR('',#6644,1.);
#6644 = DIRECTION('',(0.,0.,-1.));
#6645 = ORIENTED_EDGE('',*,*,#6592,.F.);
#6646 = ORIENTED_EDGE('',*,*,#4018,.T.);
#6647 = PLANE('',#6648);
#6648 = AXIS2_PLACEMENT_3D('',#6649,#6650,#6651);
#6649 = CARTESIAN_POINT('',(-26.,12.,27.05));
#6650 = DIRECTION('',(-0.,-1.,-0.));
#6651 = DIRECTION('',(0.,0.,-1.));
#6652 = ADVANCED_FACE('',(#6653),#6672,.F.);
#6653 = FACE_BOUND('',#6654,.F.);
#6654 = EDGE_LOOP('',(#6655,#6663,#6670,#6671));
#6655 = ORIENTED_EDGE('',*,*,#6656,.T.);
#6656 = EDGE_CURVE('',#4052,#6657,#6659,.T.);
#6657 = VERTEX_POINT('',#6658);
#6658 = CARTESIAN_POINT('',(-10.46,9.78,33.));
#6659 = LINE('',#6660,#6661);
#6660 = CARTESIAN_POINT('',(-10.46,9.78,34.));
#6661 = VECTOR('',#6662,1.);
#6662 = DIRECTION('',(-0.,-0.,-1.));
#6663 = ORIENTED_EDGE('',*,*,#6664,.T.);
#6664 = EDGE_CURVE('',#6657,#6657,#6665,.T.);
#6665 = CIRCLE('',#6666,1.1);
#6666 = AXIS2_PLACEMENT_3D('',#6667,#6668,#6669);
#6667 = CARTESIAN_POINT('',(-11.56,9.78,33.));
#6668 = DIRECTION('',(0.,0.,1.));
#6669 = DIRECTION('',(1.,0.,0.));
#6670 = ORIENTED_EDGE('',*,*,#6656,.F.);
#6671 = ORIENTED_EDGE('',*,*,#4061,.F.);
#6672 = CYLINDRICAL_SURFACE('',#6673,1.1);
#6673 = AXIS2_PLACEMENT_3D('',#6674,#6675,#6676);
#6674 = CARTESIAN_POINT('',(-11.56,9.78,34.));
#6675 = DIRECTION('',(0.,0.,1.));
#6676 = DIRECTION('',(1.,0.,0.));
#6677 = ADVANCED_FACE('',(#6678),#6697,.F.);
#6678 = FACE_BOUND('',#6679,.F.);
#6679 = EDGE_LOOP('',(#6680,#6688,#6695,#6696));
#6680 = ORIENTED_EDGE('',*,*,#6681,.T.);
#6681 = EDGE_CURVE('',#4077,#6682,#6684,.T.);
#6682 = VERTEX_POINT('',#6683);
#6683 = CARTESIAN_POINT('',(13.,-10.65,29.));
#6684 = LINE('',#6685,#6686);
#6685 = CARTESIAN_POINT('',(13.,-10.65,34.));
#6686 = VECTOR('',#6687,1.);
#6687 = DIRECTION('',(-0.,-0.,-1.));
#6688 = ORIENTED_EDGE('',*,*,#6689,.T.);
#6689 = EDGE_CURVE('',#6682,#6682,#6690,.T.);
#6690 = CIRCLE('',#6691,2.35);
#6691 = AXIS2_PLACEMENT_3D('',#6692,#6693,#6694);
#6692 = CARTESIAN_POINT('',(10.65,-10.65,29.));
#6693 = DIRECTION('',(0.,0.,1.));
#6694 = DIRECTION('',(1.,0.,0.));
#6695 = ORIENTED_EDGE('',*,*,#6681,.F.);
#6696 = ORIENTED_EDGE('',*,*,#4086,.F.);
#6697 = CYLINDRICAL_SURFACE('',#6698,2.35);
#6698 = AXIS2_PLACEMENT_3D('',#6699,#6700,#6701);
#6699 = CARTESIAN_POINT('',(10.65,-10.65,34.));
#6700 = DIRECTION('',(0.,0.,1.));
#6701 = DIRECTION('',(1.,0.,0.));
#6702 = ADVANCED_FACE('',(#6703,#6706),#6717,.T.);
#6703 = FACE_BOUND('',#6704,.T.);
#6704 = EDGE_LOOP('',(#6705));
#6705 = ORIENTED_EDGE('',*,*,#4109,.T.);
#6706 = FACE_BOUND('',#6707,.T.);
#6707 = EDGE_LOOP('',(#6708));
#6708 = ORIENTED_EDGE('',*,*,#6709,.F.);
#6709 = EDGE_CURVE('',#6710,#6710,#6712,.T.);
#6710 = VERTEX_POINT('',#6711);
#6711 = CARTESIAN_POINT('',(-13.8,-15.5,13.));
#6712 = CIRCLE('',#6713,1.7);
#6713 = AXIS2_PLACEMENT_3D('',#6714,#6715,#6716);
#6714 = CARTESIAN_POINT('',(-15.5,-15.5,13.));
#6715 = DIRECTION('',(0.,0.,1.));
#6716 = DIRECTION('',(1.,0.,0.));
#6717 = PLANE('',#6718);
#6718 = AXIS2_PLACEMENT_3D('',#6719,#6720,#6721);
#6719 = CARTESIAN_POINT('',(9.1E-16,0.,13.));
#6720 = DIRECTION('',(0.,0.,1.));
#6721 = DIRECTION('',(1.,0.,0.));
#6722 = ADVANCED_FACE('',(#6723),#6742,.T.);
#6723 = FACE_BOUND('',#6724,.T.);
#6724 = EDGE_LOOP('',(#6725,#6733,#6734,#6735));
#6725 = ORIENTED_EDGE('',*,*,#6726,.F.);
#6726 = EDGE_CURVE('',#4127,#6727,#6729,.T.);
#6727 = VERTEX_POINT('',#6728);
#6728 = CARTESIAN_POINT('',(-8.410586206959,-9.510586206959,35.4));
#6729 = LINE('',#6730,#6731);
#6730 = CARTESIAN_POINT('',(-8.010586206959,-9.510586206959,35.));
#6731 = VECTOR('',#6732,1.);
#6732 = DIRECTION('',(-0.707106781187,0.,0.707106781187));
#6733 = ORIENTED_EDGE('',*,*,#4134,.T.);
#6734 = ORIENTED_EDGE('',*,*,#6726,.T.);
#6735 = ORIENTED_EDGE('',*,*,#6736,.F.);
#6736 = EDGE_CURVE('',#6727,#6727,#6737,.T.);
#6737 = CIRCLE('',#6738,1.1);
#6738 = AXIS2_PLACEMENT_3D('',#6739,#6740,#6741);
#6739 = CARTESIAN_POINT('',(-9.510586206959,-9.510586206959,35.4));
#6740 = DIRECTION('',(0.,0.,1.));
#6741 = DIRECTION('',(1.,0.,0.));
#6742 = CONICAL_SURFACE('',#6743,1.5,0.785398163397);
#6743 = AXIS2_PLACEMENT_3D('',#6744,#6745,#6746);
#6744 = CARTESIAN_POINT('',(-9.510586206959,-9.510586206959,35.));
#6745 = DIRECTION('',(-0.,-0.,-1.));
#6746 = DIRECTION('',(1.,0.,0.));
#6747 = ADVANCED_FACE('',(#6748,#6751),#6762,.T.);
#6748 = FACE_BOUND('',#6749,.T.);
#6749 = EDGE_LOOP('',(#6750));
#6750 = ORIENTED_EDGE('',*,*,#4657,.T.);
#6751 = FACE_BOUND('',#6752,.T.);
#6752 = EDGE_LOOP('',(#6753));
#6753 = ORIENTED_EDGE('',*,*,#6754,.F.);
#6754 = EDGE_CURVE('',#6755,#6755,#6757,.T.);
#6755 = VERTEX_POINT('',#6756);
#6756 = CARTESIAN_POINT('',(-13.8,15.5,13.));
#6757 = CIRCLE('',#6758,1.7);
#6758 = AXIS2_PLACEMENT_3D('',#6759,#6760,#6761);
#6759 = CARTESIAN_POINT('',(-15.5,15.5,13.));
#6760 = DIRECTION('',(0.,0.,1.));
#6761 = DIRECTION('',(1.,0.,0.));
#6762 = PLANE('',#6763);
#6763 = AXIS2_PLACEMENT_3D('',#6764,#6765,#6766);
#6764 = CARTESIAN_POINT('',(9.1E-16,0.,13.));
#6765 = DIRECTION('',(0.,0.,1.));
#6766 = DIRECTION('',(1.,0.,0.));
#6767 = ADVANCED_FACE('',(#6768),#6787,.T.);
#6768 = FACE_BOUND('',#6769,.T.);
#6769 = EDGE_LOOP('',(#6770,#6778,#6779,#6780));
#6770 = ORIENTED_EDGE('',*,*,#6771,.F.);
#6771 = EDGE_CURVE('',#5098,#6772,#6774,.T.);
#6772 = VERTEX_POINT('',#6773);
#6773 = CARTESIAN_POINT('',(10.610586206959,9.510586206959,35.4));
#6774 = LINE('',#6775,#6776);
#6775 = CARTESIAN_POINT('',(11.010586206959,9.510586206959,35.));
#6776 = VECTOR('',#6777,1.);
#6777 = DIRECTION('',(-0.707106781187,0.,0.707106781187));
#6778 = ORIENTED_EDGE('',*,*,#5105,.T.);
#6779 = ORIENTED_EDGE('',*,*,#6771,.T.);
#6780 = ORIENTED_EDGE('',*,*,#6781,.F.);
#6781 = EDGE_CURVE('',#6772,#6772,#6782,.T.);
#6782 = CIRCLE('',#6783,1.1);
#6783 = AXIS2_PLACEMENT_3D('',#6784,#6785,#6786);
#6784 = CARTESIAN_POINT('',(9.510586206959,9.510586206959,35.4));
#6785 = DIRECTION('',(0.,0.,1.));
#6786 = DIRECTION('',(1.,0.,0.));
#6787 = CONICAL_SURFACE('',#6788,1.5,0.785398163397);
#6788 = AXIS2_PLACEMENT_3D('',#6789,#6790,#6791);
#6789 = CARTESIAN_POINT('',(9.510586206959,9.510586206959,35.));
#6790 = DIRECTION('',(-0.,-0.,-1.));
#6791 = DIRECTION('',(1.,0.,0.));
#6792 = ADVANCED_FACE('',(#6793),#6804,.F.);
#6793 = FACE_BOUND('',#6794,.T.);
#6794 = EDGE_LOOP('',(#6795,#6796,#6797,#6798));
#6795 = ORIENTED_EDGE('',*,*,#5213,.F.);
#6796 = ORIENTED_EDGE('',*,*,#5171,.T.);
#6797 = ORIENTED_EDGE('',*,*,#5139,.T.);
#6798 = ORIENTED_EDGE('',*,*,#6799,.F.);
#6799 = EDGE_CURVE('',#5214,#5140,#6800,.T.);
#6800 = LINE('',#6801,#6802);
#6801 = CARTESIAN_POINT('',(-15.1,23.,20.95));
#6802 = VECTOR('',#6803,1.);
#6803 = DIRECTION('',(0.,2.2E-16,1.));
#6804 = PLANE('',#6805);
#6805 = AXIS2_PLACEMENT_3D('',#6806,#6807,#6808);
#6806 = CARTESIAN_POINT('',(-15.55,22.55,20.95));
#6807 = DIRECTION('',(0.707106781187,-0.707106781187,2.5E-16));
#6808 = DIRECTION('',(6.677669529664E-17,-2.867766952966E-16,-1.));
#6809 = ADVANCED_FACE('',(#6810),#6816,.T.);
#6810 = FACE_BOUND('',#6811,.T.);
#6811 = EDGE_LOOP('',(#6812,#6813,#6814,#6815));
#6812 = ORIENTED_EDGE('',*,*,#6799,.T.);
#6813 = ORIENTED_EDGE('',*,*,#5156,.T.);
#6814 = ORIENTED_EDGE('',*,*,#5197,.T.);
#6815 = ORIENTED_EDGE('',*,*,#5221,.T.);
#6816 = PLANE('',#6817);
#6817 = AXIS2_PLACEMENT_3D('',#6818,#6819,#6820);
#6818 = CARTESIAN_POINT('',(0.,23.,24.));
#6819 = DIRECTION('',(0.,1.,-5.8E-16));
#6820 = DIRECTION('',(0.,5.8E-16,1.));
#6821 = ADVANCED_FACE('',(#6822),#6833,.F.);
#6822 = FACE_BOUND('',#6823,.F.);
#6823 = EDGE_LOOP('',(#6824,#6830,#6831,#6832));
#6824 = ORIENTED_EDGE('',*,*,#6825,.F.);
#6825 = EDGE_CURVE('',#6710,#5352,#6826,.T.);
#6826 = LINE('',#6827,#6828);
#6827 = CARTESIAN_POINT('',(-13.8,-15.5,34.));
#6828 = VECTOR('',#6829,1.);
#6829 = DIRECTION('',(-0.,-0.,-1.));
#6830 = ORIENTED_EDGE('',*,*,#6709,.F.);
#6831 = ORIENTED_EDGE('',*,*,#6825,.T.);
#6832 = ORIENTED_EDGE('',*,*,#5361,.T.);
#6833 = CYLINDRICAL_SURFACE('',#6834,1.7);
#6834 = AXIS2_PLACEMENT_3D('',#6835,#6836,#6837);
#6835 = CARTESIAN_POINT('',(-15.5,-15.5,34.));
#6836 = DIRECTION('',(0.,0.,1.));
#6837 = DIRECTION('',(1.,0.,0.));
#6838 = ADVANCED_FACE('',(#6839),#6850,.F.);
#6839 = FACE_BOUND('',#6840,.F.);
#6840 = EDGE_LOOP('',(#6841,#6847,#6848,#6849));
#6841 = ORIENTED_EDGE('',*,*,#6842,.F.);
#6842 = EDGE_CURVE('',#6121,#5717,#6843,.T.);
#6843 = LINE('',#6844,#6845);
#6844 = CARTESIAN_POINT('',(17.2,-15.5,34.));
#6845 = VECTOR('',#6846,1.);
#6846 = DIRECTION('',(-0.,-0.,-1.));
#6847 = ORIENTED_EDGE('',*,*,#6120,.F.);
#6848 = ORIENTED_EDGE('',*,*,#6842,.T.);
#6849 = ORIENTED_EDGE('',*,*,#5726,.T.);
#6850 = CYLINDRICAL_SURFACE('',#6851,1.7);
#6851 = AXIS2_PLACEMENT_3D('',#6852,#6853,#6854);
#6852 = CARTESIAN_POINT('',(15.5,-15.5,34.));
#6853 = DIRECTION('',(0.,0.,1.));
#6854 = DIRECTION('',(1.,0.,0.));
#6855 = ADVANCED_FACE('',(#6856),#6867,.F.);
#6856 = FACE_BOUND('',#6857,.F.);
#6857 = EDGE_LOOP('',(#6858,#6864,#6865,#6866));
#6858 = ORIENTED_EDGE('',*,*,#6859,.F.);
#6859 = EDGE_CURVE('',#6755,#5742,#6860,.T.);
#6860 = LINE('',#6861,#6862);
#6861 = CARTESIAN_POINT('',(-13.8,15.5,34.));
#6862 = VECTOR('',#6863,1.);
#6863 = DIRECTION('',(-0.,-0.,-1.));
#6864 = ORIENTED_EDGE('',*,*,#6754,.F.);
#6865 = ORIENTED_EDGE('',*,*,#6859,.T.);
#6866 = ORIENTED_EDGE('',*,*,#5751,.T.);
#6867 = CYLINDRICAL_SURFACE('',#6868,1.7);
#6868 = AXIS2_PLACEMENT_3D('',#6869,#6870,#6871);
#6869 = CARTESIAN_POINT('',(-15.5,15.5,34.));
#6870 = DIRECTION('',(0.,0.,1.));
#6871 = DIRECTION('',(1.,0.,0.));
#6872 = ADVANCED_FACE('',(#6873),#6884,.F.);
#6873 = FACE_BOUND('',#6874,.F.);
#6874 = EDGE_LOOP('',(#6875,#6881,#6882,#6883));
#6875 = ORIENTED_EDGE('',*,*,#6876,.F.);
#6876 = EDGE_CURVE('',#6101,#6056,#6877,.T.);
#6877 = LINE('',#6878,#6879);
#6878 = CARTESIAN_POINT('',(17.2,15.5,34.));
#6879 = VECTOR('',#6880,1.);
#6880 = DIRECTION('',(-0.,-0.,-1.));
#6881 = ORIENTED_EDGE('',*,*,#6100,.F.);
#6882 = ORIENTED_EDGE('',*,*,#6876,.T.);
#6883 = ORIENTED_EDGE('',*,*,#6065,.T.);
#6884 = CYLINDRICAL_SURFACE('',#6885,1.7);
#6885 = AXIS2_PLACEMENT_3D('',#6886,#6887,#6888);
#6886 = CARTESIAN_POINT('',(15.5,15.5,34.));
#6887 = DIRECTION('',(0.,0.,1.));
#6888 = DIRECTION('',(1.,0.,0.));
#6889 = ADVANCED_FACE('',(#6890),#6954,.T.);
#6890 = FACE_BOUND('',#6891,.T.);
#6891 = EDGE_LOOP('',(#6892,#6893,#6912,#6920,#6932,#6940,#6952,#6953));
#6892 = ORIENTED_EDGE('',*,*,#6137,.T.);
#6893 = ORIENTED_EDGE('',*,*,#6894,.F.);
#6894 = EDGE_CURVE('',#6895,#6140,#6897,.T.);
#6895 = VERTEX_POINT('',#6896);
#6896 = CARTESIAN_POINT('',(-8.371228106761,-30.84679857478,
    8.291066901971));
#6897 = B_SPLINE_CURVE_WITH_KNOTS('',7,(#6898,#6899,#6900,#6901,#6902,
    #6903,#6904,#6905,#6906,#6907,#6908,#6909,#6910,#6911),
  .UNSPECIFIED.,.F.,.F.,(8,6,8),(35.315709324607,35.501107402656,
    43.705255205092),.UNSPECIFIED.);
#6898 = CARTESIAN_POINT('',(-8.371228106761,-30.84679857478,
    8.291066901971));
#6899 = CARTESIAN_POINT('',(-8.353299410031,-30.82886987805,
    8.278513093371));
#6900 = CARTESIAN_POINT('',(-8.335337491778,-30.81091389962,
    8.265940181913));
#6901 = CARTESIAN_POINT('',(-8.317515605578,-30.79307406985,
    8.253448598635));
#6902 = CARTESIAN_POINT('',(-8.299474188121,-30.77504796896,
    8.240826586909));
#6903 = CARTESIAN_POINT('',(-8.281498675663,-30.75708728316,
    8.228250379316));
#6904 = CARTESIAN_POINT('',(-8.264022807636,-30.73955333358,
    8.215972975652));
#6905 = CARTESIAN_POINT('',(-7.423910576358,-29.90126178072,
    7.628994911167));
#6906 = CARTESIAN_POINT('',(-6.494118370679,-29.18345013985,
    7.126377789249));
#6907 = CARTESIAN_POINT('',(-5.468495540708,-28.59119759062,
    6.711678089786));
#6908 = CARTESIAN_POINT('',(-4.369923013937,-28.13431710521,
    6.391766929867));
#6909 = CARTESIAN_POINT('',(-3.218750114821,-27.82641337782,
    6.176170418924));
#6910 = CARTESIAN_POINT('',(-2.042012394007,-27.67233884781,
    6.068286271577));
#6911 = CARTESIAN_POINT('',(-0.865223470763,-27.67233918227,
    6.068286505766));
#6912 = ORIENTED_EDGE('',*,*,#6913,.F.);
#6913 = EDGE_CURVE('',#6914,#6895,#6916,.T.);
#6914 = VERTEX_POINT('',#6915);
#6915 = CARTESIAN_POINT('',(-15.56355032776,-38.03912081319,
    13.32718515014));
#6916 = LINE('',#6917,#6918);
#6917 = CARTESIAN_POINT('',(-15.43811538507,-37.9136858531,
    13.239354645538));
#6918 = VECTOR('',#6919,1.);
#6919 = DIRECTION('',(0.633687274234,0.633687274234,-0.443712606252));
#6920 = ORIENTED_EDGE('',*,*,#6921,.F.);
#6921 = EDGE_CURVE('',#6922,#6914,#6924,.T.);
#6922 = VERTEX_POINT('',#6923);
#6923 = CARTESIAN_POINT('',(-17.25,-38.67233918227,13.770569425472));
#6924 = B_SPLINE_CURVE_WITH_KNOTS('',6,(#6925,#6926,#6927,#6928,#6929,
    #6930,#6931),.UNSPECIFIED.,.F.,.F.,(7,7),(21.706250306317,
    23.965535783123),.PIECEWISE_BEZIER_KNOTS.);
#6925 = CARTESIAN_POINT('',(-17.25,-38.67233918227,13.770569425472));
#6926 = CARTESIAN_POINT('',(-16.94001257914,-38.67233918227,
    13.770569425472));
#6927 = CARTESIAN_POINT('',(-16.6229841839,-38.63204463852,
    13.742354882192));
#6928 = CARTESIAN_POINT('',(-16.31419507422,-38.54792059893,
    13.683450595533));
#6929 = CARTESIAN_POINT('',(-16.02907745791,-38.42056146653,
    13.594272770968));
#6930 = CARTESIAN_POINT('',(-15.77589155127,-38.25134941572,
    13.475789217448));
#6931 = CARTESIAN_POINT('',(-15.56355032776,-38.03912081319,
    13.32718515014));
#6932 = ORIENTED_EDGE('',*,*,#6933,.F.);
#6933 = EDGE_CURVE('',#6934,#6922,#6936,.T.);
#6934 = VERTEX_POINT('',#6935);
#6935 = CARTESIAN_POINT('',(-25.,-38.67233918227,13.770569425472));
#6936 = LINE('',#6937,#6938);
#6937 = CARTESIAN_POINT('',(-25.,-38.67233918227,13.770569425472));
#6938 = VECTOR('',#6939,1.);
#6939 = DIRECTION('',(1.,0.,0.));
#6940 = ORIENTED_EDGE('',*,*,#6941,.F.);
#6941 = EDGE_CURVE('',#6468,#6934,#6942,.T.);
#6942 = B_SPLINE_CURVE_WITH_KNOTS('',8,(#6943,#6944,#6945,#6946,#6947,
    #6948,#6949,#6950,#6951),.UNSPECIFIED.,.F.,.F.,(9,9),(
    12.460330084584,13.956250306317),.PIECEWISE_BEZIER_KNOTS.);
#6943 = CARTESIAN_POINT('',(-25.5813334629,-38.16407846647,
    13.414681440922));
#6944 = CARTESIAN_POINT('',(-25.55394385359,-38.2827050725,
    13.497744684686));
#6945 = CARTESIAN_POINT('',(-25.504218891,-38.39420919241,
    13.575820709981));
#6946 = CARTESIAN_POINT('',(-25.43461124269,-38.49148690274,
    13.643935296053));
#6947 = CARTESIAN_POINT('',(-25.35061549983,-38.56973217233,
    13.698723223643));
#6948 = CARTESIAN_POINT('',(-25.25913132707,-38.6230294089,
    13.736042350452));
#6949 = CARTESIAN_POINT('',(-25.17195037901,-38.65579405809,
    13.758984404803));
#6950 = CARTESIAN_POINT('',(-25.08595609354,-38.67233918227,
    13.770569425472));
#6951 = CARTESIAN_POINT('',(-25.,-38.67233918227,13.770569425472));
#6952 = ORIENTED_EDGE('',*,*,#6474,.F.);
#6953 = ORIENTED_EDGE('',*,*,#6497,.F.);
#6954 = PLANE('',#6955);
#6955 = AXIS2_PLACEMENT_3D('',#6956,#6957,#6958);
#6956 = CARTESIAN_POINT('',(-26.,-28.,6.297717080295));
#6957 = DIRECTION('',(0.,-0.573576436321,-0.81915204431));
#6958 = DIRECTION('',(0.,-0.81915204431,0.573576436321));
#6959 = ADVANCED_FACE('',(#6960),#6987,.F.);
#6960 = FACE_BOUND('',#6961,.F.);
#6961 = EDGE_LOOP('',(#6962,#6968,#6985,#6986));
#6962 = ORIENTED_EDGE('',*,*,#6963,.T.);
#6963 = EDGE_CURVE('',#6895,#6317,#6964,.T.);
#6964 = LINE('',#6965,#6966);
#6965 = CARTESIAN_POINT('',(-8.153759803888,-30.88786538146,
    8.542994347175));
#6966 = VECTOR('',#6967,1.);
#6967 = DIRECTION('',(0.648519770104,-0.122466748811,0.751281573859));
#6968 = ORIENTED_EDGE('',*,*,#6969,.T.);
#6969 = EDGE_CURVE('',#6317,#6167,#6970,.T.);
#6970 = B_SPLINE_CURVE_WITH_KNOTS('',7,(#6971,#6972,#6973,#6974,#6975,
    #6976,#6977,#6978,#6979,#6980,#6981,#6982,#6983,#6984),
  .UNSPECIFIED.,.F.,.F.,(8,6,8),(35.315709324607,35.501107402656,
    43.705255205092),.UNSPECIFIED.);
#6971 = CARTESIAN_POINT('',(-7.936291501015,-30.92893218813,
    8.79492179238));
#6972 = CARTESIAN_POINT('',(-7.918362804285,-30.9110034914,8.78236798378
    ));
#6973 = CARTESIAN_POINT('',(-7.900393991866,-30.89313996849,
    8.769824837416));
#6974 = CARTESIAN_POINT('',(-7.882317571839,-30.87527808034,
    8.757236916753));
#6975 = CARTESIAN_POINT('',(-7.864274120178,-30.85755068654,
    8.744718418159));
#6976 = CARTESIAN_POINT('',(-7.846150922179,-30.83985000704,
    8.732180602438));
#6977 = CARTESIAN_POINT('',(-7.827779223912,-30.82201661477,
    8.719484598718));
#6978 = CARTESIAN_POINT('',(-7.013743637804,-30.03635258358,
    8.159948670293));
#6979 = CARTESIAN_POINT('',(-6.121087047676,-29.37330339938,
    7.684805585946));
#6980 = CARTESIAN_POINT('',(-5.149469318693,-28.82993830276,
    7.29529815054));
#6981 = CARTESIAN_POINT('',(-4.117197826911,-28.41613760363,
    6.997470788768));
#6982 = CARTESIAN_POINT('',(-3.046405156108,-28.13879449446,
    6.797705228705));
#6983 = CARTESIAN_POINT('',(-1.95579931524,-28.,6.697716863262));
#6984 = CARTESIAN_POINT('',(-0.86522368915,-28.,6.697717080295));
#6985 = ORIENTED_EDGE('',*,*,#6174,.F.);
#6986 = ORIENTED_EDGE('',*,*,#6894,.F.);
#6987 = B_SPLINE_SURFACE_WITH_KNOTS('',1,7,(
    (#6988,#6989,#6990,#6991,#6992,#6993,#6994,#6995,#6996,#6997,#6998
      ,#6999,#7000,#7001)
    ,(#7002,#7003,#7004,#7005,#7006,#7007,#7008,#7009,#7010,#7011,#7012
      ,#7013,#7014,#7015
    )),.UNSPECIFIED.,.F.,.F.,.F.,(2,2),(8,6,8),(0.,8.389545880486),(
    35.315709324607,35.501107402656,43.705255205092),.UNSPECIFIED.);
#6988 = CARTESIAN_POINT('',(-8.371228106761,-30.84679857478,
    8.291066901971));
#6989 = CARTESIAN_POINT('',(-8.353299410031,-30.82886987805,
    8.278513093371));
#6990 = CARTESIAN_POINT('',(-8.335337491778,-30.81091389962,
    8.265940181913));
#6991 = CARTESIAN_POINT('',(-8.317515605578,-30.79307406985,
    8.253448598635));
#6992 = CARTESIAN_POINT('',(-8.299474188121,-30.77504796896,
    8.240826586909));
#6993 = CARTESIAN_POINT('',(-8.281498675663,-30.75708728316,
    8.228250379316));
#6994 = CARTESIAN_POINT('',(-8.264022807636,-30.73955333358,
    8.215972975652));
#6995 = CARTESIAN_POINT('',(-7.423910576358,-29.90126178072,
    7.628994911167));
#6996 = CARTESIAN_POINT('',(-6.494118370679,-29.18345013985,
    7.126377789249));
#6997 = CARTESIAN_POINT('',(-5.468495540708,-28.59119759062,
    6.711678089786));
#6998 = CARTESIAN_POINT('',(-4.369923013937,-28.13431710521,
    6.391766929867));
#6999 = CARTESIAN_POINT('',(-3.218750114821,-27.82641337782,
    6.176170418924));
#7000 = CARTESIAN_POINT('',(-2.042012394007,-27.67233884781,
    6.068286271577));
#7001 = CARTESIAN_POINT('',(-0.865223470763,-27.67233918227,
    6.068286505766));
#7002 = CARTESIAN_POINT('',(-7.936291501015,-30.92893218813,
    8.79492179238));
#7003 = CARTESIAN_POINT('',(-7.918362804285,-30.9110034914,8.78236798378
    ));
#7004 = CARTESIAN_POINT('',(-7.900393991866,-30.89313996849,
    8.769824837416));
#7005 = CARTESIAN_POINT('',(-7.882317571839,-30.87527808034,
    8.757236916753));
#7006 = CARTESIAN_POINT('',(-7.864274120178,-30.85755068654,
    8.744718418159));
#7007 = CARTESIAN_POINT('',(-7.846150922179,-30.83985000704,
    8.732180602438));
#7008 = CARTESIAN_POINT('',(-7.827779223912,-30.82201661477,
    8.719484598718));
#7009 = CARTESIAN_POINT('',(-7.013743637804,-30.03635258358,
    8.159948670293));
#7010 = CARTESIAN_POINT('',(-6.121087047676,-29.37330339938,
    7.684805585946));
#7011 = CARTESIAN_POINT('',(-5.149469318693,-28.82993830276,
    7.29529815054));
#7012 = CARTESIAN_POINT('',(-4.117197826911,-28.41613760363,
    6.997470788768));
#7013 = CARTESIAN_POINT('',(-3.046405156108,-28.13879449446,
    6.797705228705));
#7014 = CARTESIAN_POINT('',(-1.95579931524,-28.,6.697716863262));
#7015 = CARTESIAN_POINT('',(-0.86522368915,-28.,6.697717080295));
#7016 = ADVANCED_FACE('',(#7017),#7054,.F.);
#7017 = FACE_BOUND('',#7018,.T.);
#7018 = EDGE_LOOP('',(#7019,#7020,#7021,#7022,#7031));
#7019 = ORIENTED_EDGE('',*,*,#6316,.F.);
#7020 = ORIENTED_EDGE('',*,*,#6969,.T.);
#7021 = ORIENTED_EDGE('',*,*,#6166,.T.);
#7022 = ORIENTED_EDGE('',*,*,#7023,.F.);
#7023 = EDGE_CURVE('',#7024,#6159,#7026,.T.);
#7024 = VERTEX_POINT('',#7025);
#7025 = CARTESIAN_POINT('',(-1.096333280944,-28.00267261393,
    23.346869069101));
#7026 = B_SPLINE_CURVE_WITH_KNOTS('',3,(#7027,#7028,#7029,#7030),
  .UNSPECIFIED.,.F.,.F.,(4,4),(0.,0.653539769097),
  .PIECEWISE_BEZIER_KNOTS.);
#7027 = CARTESIAN_POINT('',(-1.096334435852,-28.00267096556,
    23.346869069101));
#7028 = CARTESIAN_POINT('',(-1.019311238914,-28.00089040112,
    23.564579379401));
#7029 = CARTESIAN_POINT('',(-0.942267464215,-28.,23.7822896897));
#7030 = CARTESIAN_POINT('',(-0.86522368915,-28.,24.));
#7031 = ORIENTED_EDGE('',*,*,#7032,.F.);
#7032 = EDGE_CURVE('',#6319,#7024,#7033,.T.);
#7033 = B_SPLINE_CURVE_WITH_KNOTS('',7,(#7034,#7035,#7036,#7037,#7038,
    #7039,#7040,#7041,#7042,#7043,#7044,#7045,#7046,#7047,#7048,#7049,
    #7050,#7051,#7052,#7053),.UNSPECIFIED.,.F.,.F.,(8,6,6,8),(
    12.079255610055,12.192317835854,13.899430727245,21.072654966872),
  .UNSPECIFIED.);
#7034 = CARTESIAN_POINT('',(-7.936291501015,-30.92893218813,
    19.030107234003));
#7035 = CARTESIAN_POINT('',(-7.923953916991,-30.91659460411,
    19.035420237437));
#7036 = CARTESIAN_POINT('',(-7.911606598318,-30.90429751738,
    19.040769496044));
#7037 = CARTESIAN_POINT('',(-7.899249802115,-30.89204095576,
    19.046154914566));
#7038 = CARTESIAN_POINT('',(-7.886883785496,-30.87982494704,
    19.051576397746));
#7039 = CARTESIAN_POINT('',(-7.874508805578,-30.86764951903,
    19.057033850324));
#7040 = CARTESIAN_POINT('',(-7.862125119478,-30.85551469953,
    19.062527177044));
#7041 = CARTESIAN_POINT('',(-7.662625632187,-30.66081190519,
    19.151539580309));
#7042 = CARTESIAN_POINT('',(-7.477913576944,-30.49163956277,
    19.241097320086));
#7043 = CARTESIAN_POINT('',(-7.288357345952,-30.32747843954,
    19.334602047738));
#7044 = CARTESIAN_POINT('',(-7.100545725393,-30.17472125107,
    19.433450043858));
#7045 = CARTESIAN_POINT('',(-6.91049770784,-30.02833079577,
    19.535491315413));
#7046 = CARTESIAN_POINT('',(-6.720780555182,-29.89037745476,
    19.64088766143));
#7047 = CARTESIAN_POINT('',(-5.729024679968,-29.20861293849,
    20.205537084856));
#7048 = CARTESIAN_POINT('',(-4.911545210976,-28.78035793461,
    20.718724743725));
#7049 = CARTESIAN_POINT('',(-4.092325360568,-28.45745613463,
    21.260254726889));
#7050 = CARTESIAN_POINT('',(-3.279801789513,-28.22630633559,
    21.814447533836));
#7051 = CARTESIAN_POINT('',(-2.474770946346,-28.07601435454,
    22.374746377229));
#7052 = CARTESIAN_POINT('',(-1.672047379627,-28.,22.939879472648));
#7053 = CARTESIAN_POINT('',(-0.86522368915,-28.,23.510123779037));
#7054 = CYLINDRICAL_SURFACE('',#7055,10.);
#7055 = AXIS2_PLACEMENT_3D('',#7056,#7057,#7058);
#7056 = CARTESIAN_POINT('',(-0.86522368915,-38.,0.));
#7057 = DIRECTION('',(-0.,-0.,-1.));
#7058 = DIRECTION('',(1.,0.,0.));
#7059 = ADVANCED_FACE('',(#7060),#7100,.F.);
#7060 = FACE_BOUND('',#7061,.F.);
#7061 = EDGE_LOOP('',(#7062,#7069,#7094,#7099));
#7062 = ORIENTED_EDGE('',*,*,#7063,.T.);
#7063 = EDGE_CURVE('',#6245,#7064,#7066,.T.);
#7064 = VERTEX_POINT('',#7065);
#7065 = CARTESIAN_POINT('',(-1.557921190331,-27.99999506862,
    24.000001041115));
#7066 = B_SPLINE_CURVE_WITH_KNOTS('',1,(#7067,#7068),.UNSPECIFIED.,.F.,
  .F.,(2,2),(0.,8.996918234729),.PIECEWISE_BEZIER_KNOTS.);
#7067 = CARTESIAN_POINT('',(-1.096333733362,-28.00266617365,
    24.653133453619));
#7068 = CARTESIAN_POINT('',(-1.557921190331,-27.99999506862,
    24.000001041115));
#7069 = ORIENTED_EDGE('',*,*,#7070,.T.);
#7070 = EDGE_CURVE('',#7064,#7071,#7073,.T.);
#7071 = VERTEX_POINT('',#7072);
#7072 = CARTESIAN_POINT('',(-8.312238322979,-30.76394206888,
    28.472140978176));
#7073 = B_SPLINE_CURVE_WITH_KNOTS('',7,(#7074,#7075,#7076,#7077,#7078,
    #7079,#7080,#7081,#7082,#7083,#7084,#7085,#7086,#7087,#7088,#7089,
    #7090,#7091,#7092,#7093),.UNSPECIFIED.,.F.,.F.,(8,6,6,8),(
    0.293405388234,7.470841421155,9.177297171408,9.290323622963),
  .UNSPECIFIED.);
#7074 = CARTESIAN_POINT('',(-1.326996015394,-28.00267022779,
    23.836613501558));
#7075 = CARTESIAN_POINT('',(-2.13332550499,-27.98403269931,
    24.406659844942));
#7076 = CARTESIAN_POINT('',(-2.933869853817,-28.04110753529,
    24.976683294258));
#7077 = CARTESIAN_POINT('',(-3.735868573308,-28.1743018795,
    25.546938612652));
#7078 = CARTESIAN_POINT('',(-4.537668391832,-28.38464842061,
    26.112805764509));
#7079 = CARTESIAN_POINT('',(-5.349479998701,-28.69111839582,
    26.674348454649));
#7080 = CARTESIAN_POINT('',(-6.152122279436,-29.09944261231,
    27.210380634794));
#7081 = CARTESIAN_POINT('',(-7.126821455984,-29.75985578985,
    27.81194302661));
#7082 = CARTESIAN_POINT('',(-7.313292050613,-29.89425460414,
    27.924823320792));
#7083 = CARTESIAN_POINT('',(-7.498411326181,-30.03352585412,
    28.033655809158));
#7084 = CARTESIAN_POINT('',(-7.684727139202,-30.18845267027,
    28.142008610029));
#7085 = CARTESIAN_POINT('',(-7.866526373153,-30.33860413819,
    28.241028042677));
#7086 = CARTESIAN_POINT('',(-8.053179962873,-30.51535844017,
    28.343172914155));
#7087 = CARTESIAN_POINT('',(-8.241700005621,-30.69614513912,
    28.437613471409));
#7088 = CARTESIAN_POINT('',(-8.253423953428,-30.7073955828,
    28.443448287491));
#7089 = CARTESIAN_POINT('',(-8.265160925109,-30.71866583549,
    28.449251153807));
#7090 = CARTESIAN_POINT('',(-8.276910884281,-30.72995575381,
    28.455021963192));
#7091 = CARTESIAN_POINT('',(-8.28867379457,-30.74126519439,
    28.460760608491));
#7092 = CARTESIAN_POINT('',(-8.300449619595,-30.75259401387,
    28.466466982539));
#7093 = CARTESIAN_POINT('',(-8.312238322979,-30.76394206888,
    28.472140978176));
#7094 = ORIENTED_EDGE('',*,*,#7095,.F.);
#7095 = EDGE_CURVE('',#6237,#7071,#7096,.T.);
#7096 = B_SPLINE_CURVE_WITH_KNOTS('',1,(#7097,#7098),.UNSPECIFIED.,.F.,
  .F.,(2,2),(0.,8.996918234729),.PIECEWISE_BEZIER_KNOTS.);
#7097 = CARTESIAN_POINT('',(-7.936291501015,-30.92893218813,
    28.969892782431));
#7098 = CARTESIAN_POINT('',(-8.312238322979,-30.76394206888,
    28.472140978176));
#7099 = ORIENTED_EDGE('',*,*,#6244,.F.);
#7100 = B_SPLINE_SURFACE_WITH_KNOTS('',1,7,(
    (#7101,#7102,#7103,#7104,#7105,#7106,#7107,#7108,#7109,#7110,#7111
      ,#7112,#7113,#7114,#7115,#7116,#7117,#7118,#7119,#7120)
    ,(#7121,#7122,#7123,#7124,#7125,#7126,#7127,#7128,#7129,#7130,#7131
      ,#7132,#7133,#7134,#7135,#7136,#7137,#7138,#7139,#7140
  )),.UNSPECIFIED.,.F.,.F.,.F.,(2,2),(8,6,6,8),(0.,8.996918234729),(
    0.293405388234,7.470841421155,9.177297171408,9.290323622963),
  .UNSPECIFIED.);
#7101 = CARTESIAN_POINT('',(-0.86522368915,-28.,24.489876166163));
#7102 = CARTESIAN_POINT('',(-1.671911508793,-28.,25.06002440484));
#7103 = CARTESIAN_POINT('',(-2.475151726603,-28.07569374539,
    25.625624529054));
#7104 = CARTESIAN_POINT('',(-3.282120899437,-28.22751080401,
    26.186863095433));
#7105 = CARTESIAN_POINT('',(-4.091247334818,-28.45647257177,
    26.739420385885));
#7106 = CARTESIAN_POINT('',(-4.91306246777,-28.78154534014,
    27.281890572321));
#7107 = CARTESIAN_POINT('',(-5.728156527811,-29.20800461941,
    27.793973786308));
#7108 = CARTESIAN_POINT('',(-6.720901262978,-29.89046317364,
    28.359176891807));
#7109 = CARTESIAN_POINT('',(-6.910803143321,-30.02855594035,
    28.464668701882));
#7110 = CARTESIAN_POINT('',(-7.100384364062,-30.17462046345,
    28.566466414783));
#7111 = CARTESIAN_POINT('',(-7.288501633628,-30.32757869193,
    28.665472174085));
#7112 = CARTESIAN_POINT('',(-7.477912309981,-30.49164637827,
    28.758901009288));
#7113 = CARTESIAN_POINT('',(-7.662638333641,-30.66082430311,
    28.848466048824));
#7114 = CARTESIAN_POINT('',(-7.862125089019,-30.85551466968,
    28.937472811882));
#7115 = CARTESIAN_POINT('',(-7.874508780765,-30.86764949461,
    28.942966143573));
#7116 = CARTESIAN_POINT('',(-7.886883766093,-30.87982492787,
    28.948423600962));
#7117 = CARTESIAN_POINT('',(-7.899249787891,-30.89204094165,
    28.953845088791));
#7118 = CARTESIAN_POINT('',(-7.911606589052,-30.90429750815,
    28.959230511816));
#7119 = CARTESIAN_POINT('',(-7.923953912463,-30.91659459958,
    28.964579774778));
#7120 = CARTESIAN_POINT('',(-7.936291501015,-30.92893218813,
    28.969892782431));
#7121 = CARTESIAN_POINT('',(-1.326996015394,-28.00267022779,
    23.836613501558));
#7122 = CARTESIAN_POINT('',(-2.13332550499,-27.98403269931,
    24.406659844942));
#7123 = CARTESIAN_POINT('',(-2.933869853817,-28.04110753529,
    24.976683294258));
#7124 = CARTESIAN_POINT('',(-3.735868573308,-28.1743018795,
    25.546938612652));
#7125 = CARTESIAN_POINT('',(-4.537668391832,-28.38464842061,
    26.112805764509));
#7126 = CARTESIAN_POINT('',(-5.349479998701,-28.69111839582,
    26.674348454649));
#7127 = CARTESIAN_POINT('',(-6.152122279436,-29.09944261231,
    27.210380634794));
#7128 = CARTESIAN_POINT('',(-7.126821455984,-29.75985578985,
    27.81194302661));
#7129 = CARTESIAN_POINT('',(-7.313292050613,-29.89425460414,
    27.924823320792));
#7130 = CARTESIAN_POINT('',(-7.498411326181,-30.03352585412,
    28.033655809158));
#7131 = CARTESIAN_POINT('',(-7.684727139202,-30.18845267027,
    28.142008610029));
#7132 = CARTESIAN_POINT('',(-7.866526373153,-30.33860413819,
    28.241028042677));
#7133 = CARTESIAN_POINT('',(-8.053179962873,-30.51535844017,
    28.343172914155));
#7134 = CARTESIAN_POINT('',(-8.241700005621,-30.69614513912,
    28.437613471409));
#7135 = CARTESIAN_POINT('',(-8.253423953428,-30.7073955828,
    28.443448287491));
#7136 = CARTESIAN_POINT('',(-8.265160925109,-30.71866583549,
    28.449251153807));
#7137 = CARTESIAN_POINT('',(-8.276910884281,-30.72995575381,
    28.455021963192));
#7138 = CARTESIAN_POINT('',(-8.28867379457,-30.74126519439,
    28.460760608491));
#7139 = CARTESIAN_POINT('',(-8.300449619595,-30.75259401387,
    28.466466982539));
#7140 = CARTESIAN_POINT('',(-8.312238322979,-30.76394206888,
    28.472140978176));
#7141 = ADVANCED_FACE('',(#7142),#7152,.F.);
#7142 = FACE_BOUND('',#7143,.F.);
#7143 = EDGE_LOOP('',(#7144,#7145,#7146,#7147));
#7144 = ORIENTED_EDGE('',*,*,#7063,.F.);
#7145 = ORIENTED_EDGE('',*,*,#6269,.F.);
#7146 = ORIENTED_EDGE('',*,*,#7023,.F.);
#7147 = ORIENTED_EDGE('',*,*,#7148,.F.);
#7148 = EDGE_CURVE('',#7064,#7024,#7149,.T.);
#7149 = B_SPLINE_CURVE_WITH_KNOTS('',1,(#7150,#7151),.UNSPECIFIED.,.F.,
  .F.,(2,2),(0.,8.993399356817),.PIECEWISE_BEZIER_KNOTS.);
#7150 = CARTESIAN_POINT('',(-1.557921190331,-28.00000161649,
    24.000001360068));
#7151 = CARTESIAN_POINT('',(-1.096333280944,-28.00267261393,
    23.346869069101));
#7152 = B_SPLINE_SURFACE_WITH_KNOTS('',8,8,(
    (#7153,#7154,#7155,#7156,#7157,#7158,#7159,#7160,#7161,#7162,#7163
      ,#7164,#7165,#7166,#7167,#7168,#7169,#7170,#7171,#7172,#7173,#7174
      ,#7175)
    ,(#7176,#7177,#7178,#7179,#7180,#7181,#7182,#7183,#7184,#7185,#7186
      ,#7187,#7188,#7189,#7190,#7191,#7192,#7193,#7194,#7195,#7196,#7197
      ,#7198)
    ,(#7199,#7200,#7201,#7202,#7203,#7204,#7205,#7206,#7207,#7208,#7209
      ,#7210,#7211,#7212,#7213,#7214,#7215,#7216,#7217,#7218,#7219,#7220
      ,#7221)
    ,(#7222,#7223,#7224,#7225,#7226,#7227,#7228,#7229,#7230,#7231,#7232
      ,#7233,#7234,#7235,#7236,#7237,#7238,#7239,#7240,#7241,#7242,#7243
      ,#7244)
    ,(#7245,#7246,#7247,#7248,#7249,#7250,#7251,#7252,#7253,#7254,#7255
      ,#7256,#7257,#7258,#7259,#7260,#7261,#7262,#7263,#7264,#7265,#7266
      ,#7267)
    ,(#7268,#7269,#7270,#7271,#7272,#7273,#7274,#7275,#7276,#7277,#7278
      ,#7279,#7280,#7281,#7282,#7283,#7284,#7285,#7286,#7287,#7288,#7289
      ,#7290)
    ,(#7291,#7292,#7293,#7294,#7295,#7296,#7297,#7298,#7299,#7300,#7301
      ,#7302,#7303,#7304,#7305,#7306,#7307,#7308,#7309,#7310,#7311,#7312
      ,#7313)
    ,(#7314,#7315,#7316,#7317,#7318,#7319,#7320,#7321,#7322,#7323,#7324
      ,#7325,#7326,#7327,#7328,#7329,#7330,#7331,#7332,#7333,#7334,#7335
      ,#7336)
    ,(#7337,#7338,#7339,#7340,#7341,#7342,#7343,#7344,#7345,#7346,#7347
      ,#7348,#7349,#7350,#7351,#7352,#7353,#7354,#7355,#7356,#7357,#7358
      ,#7359)
    ,(#7360,#7361,#7362,#7363,#7364,#7365,#7366,#7367,#7368,#7369,#7370
      ,#7371,#7372,#7373,#7374,#7375,#7376,#7377,#7378,#7379,#7380,#7381
      ,#7382)
    ,(#7383,#7384,#7385,#7386,#7387,#7388,#7389,#7390,#7391,#7392,#7393
      ,#7394,#7395,#7396,#7397,#7398,#7399,#7400,#7401,#7402,#7403,#7404
      ,#7405)
    ,(#7406,#7407,#7408,#7409,#7410,#7411,#7412,#7413,#7414,#7415,#7416
      ,#7417,#7418,#7419,#7420,#7421,#7422,#7423,#7424,#7425,#7426,#7427
      ,#7428)
    ,(#7429,#7430,#7431,#7432,#7433,#7434,#7435,#7436,#7437,#7438,#7439
      ,#7440,#7441,#7442,#7443,#7444,#7445,#7446,#7447,#7448,#7449,#7450
      ,#7451)
    ,(#7452,#7453,#7454,#7455,#7456,#7457,#7458,#7459,#7460,#7461,#7462
      ,#7463,#7464,#7465,#7466,#7467,#7468,#7469,#7470,#7471,#7472,#7473
      ,#7474)
    ,(#7475,#7476,#7477,#7478,#7479,#7480,#7481,#7482,#7483,#7484,#7485
      ,#7486,#7487,#7488,#7489,#7490,#7491,#7492,#7493,#7494,#7495,#7496
      ,#7497)
    ,(#7498,#7499,#7500,#7501,#7502,#7503,#7504,#7505,#7506,#7507,#7508
      ,#7509,#7510,#7511,#7512,#7513,#7514,#7515,#7516,#7517,#7518,#7519
      ,#7520)
    ,(#7521,#7522,#7523,#7524,#7525,#7526,#7527,#7528,#7529,#7530,#7531
      ,#7532,#7533,#7534,#7535,#7536,#7537,#7538,#7539,#7540,#7541,#7542
      ,#7543)
    ,(#7544,#7545,#7546,#7547,#7548,#7549,#7550,#7551,#7552,#7553,#7554
      ,#7555,#7556,#7557,#7558,#7559,#7560,#7561,#7562,#7563,#7564,#7565
      ,#7566)
    ,(#7567,#7568,#7569,#7570,#7571,#7572,#7573,#7574,#7575,#7576,#7577
      ,#7578,#7579,#7580,#7581,#7582,#7583,#7584,#7585,#7586,#7587,#7588
      ,#7589)
    ,(#7590,#7591,#7592,#7593,#7594,#7595,#7596,#7597,#7598,#7599,#7600
      ,#7601,#7602,#7603,#7604,#7605,#7606,#7607,#7608,#7609,#7610,#7611
      ,#7612)
    ,(#7613,#7614,#7615,#7616,#7617,#7618,#7619,#7620,#7621,#7622,#7623
      ,#7624,#7625,#7626,#7627,#7628,#7629,#7630,#7631,#7632,#7633,#7634
      ,#7635)
    ,(#7636,#7637,#7638,#7639,#7640,#7641,#7642,#7643,#7644,#7645,#7646
      ,#7647,#7648,#7649,#7650,#7651,#7652,#7653,#7654,#7655,#7656,#7657
      ,#7658)
    ,(#7659,#7660,#7661,#7662,#7663,#7664,#7665,#7666,#7667,#7668,#7669
      ,#7670,#7671,#7672,#7673,#7674,#7675,#7676,#7677,#7678,#7679,#7680
      ,#7681
    )),.UNSPECIFIED.,.F.,.F.,.F.,(9,7,7,9),(9,7,7,9),(-0.718446431268,
    -0.239481892678,0.239482645912,0.718447184502),(-0.444362539472,
    -0.19037293728,6.361666491148E-02,0.317606267103),.UNSPECIFIED.);
#7153 = CARTESIAN_POINT('',(-1.598322246504,-28.01906379399,
    23.28202354065));
#7154 = CARTESIAN_POINT('',(-1.566595492712,-28.01850399209,
    23.28200900242));
#7155 = CARTESIAN_POINT('',(-1.534865392826,-28.01784248422,
    23.281995577272));
#7156 = CARTESIAN_POINT('',(-1.503131746645,-28.01709235248,
    23.281982268488));
#7157 = CARTESIAN_POINT('',(-1.471394353967,-28.016266679,
    23.281968079353));
#7158 = CARTESIAN_POINT('',(-1.439653014589,-28.01537854586,
    23.281952013144));
#7159 = CARTESIAN_POINT('',(-1.407907528311,-28.01444103519,
    23.281933073147));
#7160 = CARTESIAN_POINT('',(-1.37615769493,-28.01346722909,
    23.281910262642));
#7161 = CARTESIAN_POINT('',(-1.312648933561,-28.01147319027,
    23.281854907183));
#7162 = CARTESIAN_POINT('',(-1.280891412441,-28.01046030164,
    23.281823980819));
#7163 = CARTESIAN_POINT('',(-1.249126467275,-28.00938259513,
    23.281781163632));
#7164 = CARTESIAN_POINT('',(-1.217361961083,-28.00832453832,
    23.281738434559));
#7165 = CARTESIAN_POINT('',(-1.185598605522,-28.00730324306,
    23.281696025129));
#7166 = CARTESIAN_POINT('',(-1.153829676723,-28.00619652013,
    23.28164028206));
#7167 = CARTESIAN_POINT('',(-1.122059744987,-28.00479976066,
    23.281571760949));
#7168 = CARTESIAN_POINT('',(-1.05862509163,-28.00122352807,
    23.281555341244));
#7169 = CARTESIAN_POINT('',(-1.026957638878,-27.99882010699,
    23.281595945708));
#7170 = CARTESIAN_POINT('',(-0.995283910366,-27.99664481355,
    23.281632561403));
#7171 = CARTESIAN_POINT('',(-0.963600376727,-27.99460925244,
    23.281660894101));
#7172 = CARTESIAN_POINT('',(-0.931914564343,-27.99249168484,
    23.281687729025));
#7173 = CARTESIAN_POINT('',(-0.900225081317,-27.99030238484,
    23.281712544966));
#7174 = CARTESIAN_POINT('',(-0.86852323401,-27.98821586821,
    23.281728171957));
#7175 = CARTESIAN_POINT('',(-0.836816234121,-27.98606999328,
    23.281740492458));
#7176 = CARTESIAN_POINT('',(-1.598351087396,-28.01576631549,
    23.341830406666));
#7177 = CARTESIAN_POINT('',(-1.566623698483,-28.01525379513,
    23.341816750622));
#7178 = CARTESIAN_POINT('',(-1.534893031435,-28.01463384169,
    23.341804463683));
#7179 = CARTESIAN_POINT('',(-1.503158864263,-28.01392232984,
    23.341792549244));
#7180 = CARTESIAN_POINT('',(-1.471420984859,-28.01313533118,
    23.34178001982));
#7181 = CARTESIAN_POINT('',(-1.43967919102,-28.01228911415,
    23.341765897116));
#7182 = CARTESIAN_POINT('',(-1.407933290417,-28.0114001442,
    23.341749211933));
#7183 = CARTESIAN_POINT('',(-1.376183100625,-28.01048508355,
    23.341729004265));
#7184 = CARTESIAN_POINT('',(-1.312673797578,-28.00863649931,
    23.341679642177));
#7185 = CARTESIAN_POINT('',(-1.280916444321,-28.0076414968,
    23.341650373915));
#7186 = CARTESIAN_POINT('',(-1.249148570007,-28.00700584446,
    23.341618555267));
#7187 = CARTESIAN_POINT('',(-1.217394130306,-28.00534174026,
    23.341570342054));
#7188 = CARTESIAN_POINT('',(-1.185607378152,-28.00540291114,
    23.341530584195));
#7189 = CARTESIAN_POINT('',(-1.153873260234,-28.00390177915,
    23.341510446585));
#7190 = CARTESIAN_POINT('',(-1.122069843741,-28.00345281086,
    23.341424095678));
#7191 = CARTESIAN_POINT('',(-1.058622394311,-28.0012951318,
    23.341432610073));
#7192 = CARTESIAN_POINT('',(-1.026972345372,-27.99906533569,
    23.341501808714));
#7193 = CARTESIAN_POINT('',(-0.995258192971,-27.99777269871,
    23.341504918157));
#7194 = CARTESIAN_POINT('',(-0.963599338416,-27.99564106693,
    23.341565007034));
#7195 = CARTESIAN_POINT('',(-0.931892472201,-27.99393707194,
    23.341571875965));
#7196 = CARTESIAN_POINT('',(-0.900204545336,-27.99190965682,
    23.341602978005));
#7197 = CARTESIAN_POINT('',(-0.868497514466,-27.99002371481,
    23.34161615657));
#7198 = CARTESIAN_POINT('',(-0.836786585128,-27.98805993827,
    23.34162742429));
#7199 = CARTESIAN_POINT('',(-1.598369748347,-28.0127640512,
    23.401635861702));
#7200 = CARTESIAN_POINT('',(-1.566641230567,-28.0123035324,
    23.401622523853));
#7201 = CARTESIAN_POINT('',(-1.534909550384,-28.01172731663,
    23.401610730617));
#7202 = CARTESIAN_POINT('',(-1.503174396094,-28.01105971507,
    23.401599656166));
#7203 = CARTESIAN_POINT('',(-1.471435572711,-28.01031089664,
    23.401587984586));
#7204 = CARTESIAN_POINT('',(-1.439692779758,-28.00949961152,
    23.401575342881));
#7205 = CARTESIAN_POINT('',(-1.407945824949,-28.00866655561,
    23.401559895586));
#7206 = CARTESIAN_POINT('',(-1.376194619013,-28.00780937562,
    23.401541355442));
#7207 = CARTESIAN_POINT('',(-1.312683577097,-28.00609557902,
    23.401495486466));
#7208 = CARTESIAN_POINT('',(-1.280974830479,-28.00334849789,
    23.401479649204));
#7209 = CARTESIAN_POINT('',(-1.248957685185,-28.01153936705,
    23.401378411827));
#7210 = CARTESIAN_POINT('',(-1.217776760383,-27.99130677946,
    23.401547308616));
#7211 = CARTESIAN_POINT('',(-1.185209153185,-28.01409868199,
    23.401126979594));
#7212 = CARTESIAN_POINT('',(-1.154126819773,-27.99717575357,
    23.401542546316));
#7213 = CARTESIAN_POINT('',(-1.12206090229,-28.00168556333,
    23.401237248913));
#7214 = CARTESIAN_POINT('',(-1.058616366738,-28.00262323988,
    23.401348199298));
#7215 = CARTESIAN_POINT('',(-1.027117748773,-27.99352149107,
    23.401413074106));
#7216 = CARTESIAN_POINT('',(-0.994940820523,-28.0097903844,
    23.401305599104));
#7217 = CARTESIAN_POINT('',(-0.963840411516,-27.98740880807,
    23.401525034144));
#7218 = CARTESIAN_POINT('',(-0.931716758776,-28.0007196489,
    23.401406589537));
#7219 = CARTESIAN_POINT('',(-0.900203020834,-27.99254470017,
    23.401491455206));
#7220 = CARTESIAN_POINT('',(-0.868457667439,-27.99205434655,
    23.401492770933));
#7221 = CARTESIAN_POINT('',(-0.83674362113,-27.99023998281,
    23.401503212161));
#7222 = CARTESIAN_POINT('',(-1.598379120419,-28.01009776096,
    23.461442858388));
#7223 = CARTESIAN_POINT('',(-1.566649009677,-28.00969765715,
    23.461429544594));
#7224 = CARTESIAN_POINT('',(-1.534915776976,-28.00917276848,
    23.461417858922));
#7225 = CARTESIAN_POINT('',(-1.503178969928,-28.00857468517,
    23.461407159449));
#7226 = CARTESIAN_POINT('',(-1.471438467917,-28.00787009245,
    23.461395780116));
#7227 = CARTESIAN_POINT('',(-1.439693707054,-28.00711568462,
    23.461383948783));
#7228 = CARTESIAN_POINT('',(-1.407944454977,-28.00637752005,
    23.461368686984));
#7229 = CARTESIAN_POINT('',(-1.376190832994,-28.00560363824,
    23.461350529537));
#7230 = CARTESIAN_POINT('',(-1.312674674414,-28.00410347433,
    23.461305594041));
#7231 = CARTESIAN_POINT('',(-1.280855049093,-28.00536924573,
    23.461261905176));
#7232 = CARTESIAN_POINT('',(-1.249370536189,-27.99569937184,
    23.461340951691));
#7233 = CARTESIAN_POINT('',(-1.216971655734,-28.01162551354,
    23.460945202981));
#7234 = CARTESIAN_POINT('',(-1.18601779565,-27.99557096159,
    23.461573099324));
#7235 = CARTESIAN_POINT('',(-1.153599856017,-27.9973974794,
    23.460676128027));
#7236 = CARTESIAN_POINT('',(-1.122106804665,-28.00175928659,
    23.461193672728));
#7237 = CARTESIAN_POINT('',(-1.058519184951,-28.00522124495,
    23.461170923943));
#7238 = CARTESIAN_POINT('',(-1.026580223071,-28.01354432495,
    23.461147995972));
#7239 = CARTESIAN_POINT('',(-0.995697852401,-27.98121453049,
    23.461376741353));
#7240 = CARTESIAN_POINT('',(-0.963050239864,-28.01673652816,
    23.461188181749));
#7241 = CARTESIAN_POINT('',(-0.932054651835,-27.98813084213,
    23.461370822017));
#7242 = CARTESIAN_POINT('',(-0.900057930413,-27.99795417193,
    23.461326738105));
#7243 = CARTESIAN_POINT('',(-0.868405410326,-27.99407628526,
    23.461353627157));
#7244 = CARTESIAN_POINT('',(-0.836689470223,-27.99239571926,
    23.461364486002));
#7245 = CARTESIAN_POINT('',(-1.598380459906,-28.00779035748,
    23.521253905563));
#7246 = CARTESIAN_POINT('',(-1.56664836759,-28.00746108037,
    23.521240558662));
#7247 = CARTESIAN_POINT('',(-1.534913094797,-28.00700238613,
    23.521228755871));
#7248 = CARTESIAN_POINT('',(-1.503174074377,-28.00648276598,
    23.521218193342));
#7249 = CARTESIAN_POINT('',(-1.471431172413,-28.00584970781,
    23.521206740533));
#7250 = CARTESIAN_POINT('',(-1.439683775065,-28.00516483765,
    23.521195466247));
#7251 = CARTESIAN_POINT('',(-1.407931279985,-28.00455598903,
    23.52117998496));
#7252 = CARTESIAN_POINT('',(-1.376174093434,-28.00390206743,
    23.521161675521));
#7253 = CARTESIAN_POINT('',(-1.312650381364,-28.00271939526,
    23.52111715032));
#7254 = CARTESIAN_POINT('',(-1.280922828209,-28.0013824229,
    23.52112230942));
#7255 = CARTESIAN_POINT('',(-1.248971212604,-28.00373234561,
    23.520920680441));
#7256 = CARTESIAN_POINT('',(-1.217576114693,-28.00067743661,
    23.521352882713));
#7257 = CARTESIAN_POINT('',(-1.185349096318,-27.99732733249,
    23.520546845507));
#7258 = CARTESIAN_POINT('',(-1.153823207078,-28.01124186734,
    23.521336918459));
#7259 = CARTESIAN_POINT('',(-1.121950072094,-28.00250971045,
    23.520880677972));
#7260 = CARTESIAN_POINT('',(-1.058598838707,-27.99772089129,
    23.520941125809));
#7261 = CARTESIAN_POINT('',(-1.02698993654,-27.99485148401,
    23.521055447048));
#7262 = CARTESIAN_POINT('',(-0.994766287995,-28.01822276122,
    23.521058659427));
#7263 = CARTESIAN_POINT('',(-0.96382676069,-27.98365605631,
    23.521163627558));
#7264 = CARTESIAN_POINT('',(-0.931559685145,-28.00760282366,
    23.521141983034));
#7265 = CARTESIAN_POINT('',(-0.900109048807,-27.99514574942,
    23.521189084265));
#7266 = CARTESIAN_POINT('',(-0.868346762691,-27.99586685098,
    23.521200504858));
#7267 = CARTESIAN_POINT('',(-0.836628977762,-27.99435242478,
    23.521212849494));
#7268 = CARTESIAN_POINT('',(-1.598375388337,-28.0058469064,
    23.581071068265));
#7269 = CARTESIAN_POINT('',(-1.566641047176,-28.00559917065,
    23.581057835228));
#7270 = CARTESIAN_POINT('',(-1.534903432556,-28.00521937377,
    23.581045985921));
#7271 = CARTESIAN_POINT('',(-1.503161898052,-28.00478139027,
    23.581035699981));
#7272 = CARTESIAN_POINT('',(-1.471416238814,-28.00423799253,
    23.581024270296));
#7273 = CARTESIAN_POINT('',(-1.439665961341,-28.00363547503,
    23.581013907902));
#7274 = CARTESIAN_POINT('',(-1.407910069142,-28.00317202167,
    23.580998632828));
#7275 = CARTESIAN_POINT('',(-1.376149033225,-28.00266699885,
    23.580980688527));
#7276 = CARTESIAN_POINT('',(-1.312617720974,-28.00185366534,
    23.580938033612));
#7277 = CARTESIAN_POINT('',(-1.280835220224,-28.00162679077,
    23.580898809964));
#7278 = CARTESIAN_POINT('',(-1.249110794466,-28.00154757255,
    23.580949994247));
#7279 = CARTESIAN_POINT('',(-1.217241029757,-27.9993100832,
    23.580708193748));
#7280 = CARTESIAN_POINT('',(-1.185548529713,-28.00615319067,
    23.58103512863));
#7281 = CARTESIAN_POINT('',(-1.153770160084,-27.99460179628,
    23.580621568676));
#7282 = CARTESIAN_POINT('',(-1.122027860032,-28.00089483338,
    23.580835695916));
#7283 = CARTESIAN_POINT('',(-1.058498514121,-28.00409174591,
    23.580881792774));
#7284 = CARTESIAN_POINT('',(-1.026769903196,-28.00357351425,
    23.58087921396));
#7285 = CARTESIAN_POINT('',(-0.995265354324,-27.99400644442,
    23.580935992976));
#7286 = CARTESIAN_POINT('',(-0.963251409347,-28.00828817985,
    23.580963332318));
#7287 = CARTESIAN_POINT('',(-0.931800922947,-27.995270625,
    23.580996372368));
#7288 = CARTESIAN_POINT('',(-0.899982347792,-27.999575751,
    23.581021257757));
#7289 = CARTESIAN_POINT('',(-0.868288791096,-27.99728360812,
    23.581038946275));
#7290 = CARTESIAN_POINT('',(-0.836568153778,-27.99598789792,
    23.581052968629));
#7291 = CARTESIAN_POINT('',(-1.598365892476,-28.0042546262,
    23.640895967738));
#7292 = CARTESIAN_POINT('',(-1.566629202363,-28.00409775438,
    23.640883166801));
#7293 = CARTESIAN_POINT('',(-1.534889210355,-28.00379964294,
    23.640871747616));
#7294 = CARTESIAN_POINT('',(-1.503145162497,-28.00345605142,
    23.640862283998));
#7295 = CARTESIAN_POINT('',(-1.471396931051,-28.0029846352,23.6408516673
    ));
#7296 = CARTESIAN_POINT('',(-1.439643826389,-28.00249686036,
    23.640842905931));
#7297 = CARTESIAN_POINT('',(-1.407885188599,-28.00217580446,
    23.640828873058));
#7298 = CARTESIAN_POINT('',(-1.376121014635,-28.00182524669,
    23.640812522773));
#7299 = CARTESIAN_POINT('',(-1.312584355796,-28.00133380753,
    23.640773974887));
#7300 = CARTESIAN_POINT('',(-1.280813654457,-28.00119490588,
    23.640756404751));
#7301 = CARTESIAN_POINT('',(-1.24903035912,-28.00075324904,
    23.640708033875));
#7302 = CARTESIAN_POINT('',(-1.217268324365,-28.00186406264,
    23.640743671104));
#7303 = CARTESIAN_POINT('',(-1.185491756039,-27.99928542552,
    23.640624771526));
#7304 = CARTESIAN_POINT('',(-1.153711927424,-28.00296532638,
    23.640706837221));
#7305 = CARTESIAN_POINT('',(-1.121965749355,-28.0013565996,
    23.640658980414));
#7306 = CARTESIAN_POINT('',(-1.058513274161,-28.00064216484,
    23.640689411129));
#7307 = CARTESIAN_POINT('',(-1.026791631231,-28.00108013177,
    23.640731371601));
#7308 = CARTESIAN_POINT('',(-0.995051854231,-28.00256553565,
    23.640770410726));
#7309 = CARTESIAN_POINT('',(-0.963407905369,-27.99910161026,
    23.640800635265));
#7310 = CARTESIAN_POINT('',(-0.931651763787,-28.00100951074,
    23.640835591422));
#7311 = CARTESIAN_POINT('',(-0.899963076386,-27.99898754018,
    23.640857247222));
#7312 = CARTESIAN_POINT('',(-0.868237265092,-27.99829460262,
    23.640875800086));
#7313 = CARTESIAN_POINT('',(-0.836512620411,-27.99724529507,
    23.640890660268));
#7314 = CARTESIAN_POINT('',(-1.59835432432,-28.00298288828,
    23.700729781428));
#7315 = CARTESIAN_POINT('',(-1.566615398167,-28.00292311557,
    23.700717869248));
#7316 = CARTESIAN_POINT('',(-1.534873243013,-28.00270651267,
    23.70070759632));
#7317 = CARTESIAN_POINT('',(-1.503126949527,-28.00245604888,
    23.700699678708));
#7318 = CARTESIAN_POINT('',(-1.471376645778,-28.00202933661,
    23.700691225248));
#7319 = CARTESIAN_POINT('',(-1.43962102989,-28.00169998614,
    23.700684321852));
#7320 = CARTESIAN_POINT('',(-1.407860562522,-28.00150228731,
    23.700672647227));
#7321 = CARTESIAN_POINT('',(-1.376094510007,-28.00128330348,
    23.700659007527));
#7322 = CARTESIAN_POINT('',(-1.312555562919,-28.00099176935,
    23.70062621372));
#7323 = CARTESIAN_POINT('',(-1.280781954992,-28.00089247297,
    23.700606966809));
#7324 = CARTESIAN_POINT('',(-1.249007017529,-28.00083646924,
    23.700585773458));
#7325 = CARTESIAN_POINT('',(-1.217233902133,-28.00082374969,
    23.700565026529));
#7326 = CARTESIAN_POINT('',(-1.185465944888,-28.00085195805,
    23.700548019163));
#7327 = CARTESIAN_POINT('',(-1.153706504088,-28.00091087213,
    23.700538356841));
#7328 = CARTESIAN_POINT('',(-1.121958797962,-28.0009768866,
    23.70053936822));
#7329 = CARTESIAN_POINT('',(-1.058492686852,-28.00103810333,
    23.700567665828));
#7330 = CARTESIAN_POINT('',(-1.026772662011,-28.00103647211,
    23.700593215471));
#7331 = CARTESIAN_POINT('',(-0.995060909541,-28.0009264489,
    23.700623216771));
#7332 = CARTESIAN_POINT('',(-0.963351937208,-28.00066504445,
    23.700652853115));
#7333 = CARTESIAN_POINT('',(-0.931640235852,-28.00024135249,
    23.700679024243));
#7334 = CARTESIAN_POINT('',(-0.899921624609,-27.99966832339,
    23.700700224296));
#7335 = CARTESIAN_POINT('',(-0.868195224344,-27.99896739334,
    23.700716712913));
#7336 = CARTESIAN_POINT('',(-0.836466059336,-27.99814596711,
    23.700730980703));
#7337 = CARTESIAN_POINT('',(-1.598332477877,-28.00098354557,
    23.820416704542));
#7338 = CARTESIAN_POINT('',(-1.566589823178,-28.00112087635,
    23.820407694277));
#7339 = CARTESIAN_POINT('',(-1.534843958534,-28.00113031793,
    23.820400229866));
#7340 = CARTESIAN_POINT('',(-1.503094095174,-28.00082361077,
    23.820395967491));
#7341 = CARTESIAN_POINT('',(-1.471339544722,-28.00066860747,
    23.820394007531));
#7342 = CARTESIAN_POINT('',(-1.439580880148,-28.00061873463,
    23.820387891383));
#7343 = CARTESIAN_POINT('',(-1.407816773777,-28.00059257742,
    23.820381836866));
#7344 = CARTESIAN_POINT('',(-1.376048321511,-28.00055950115,
    23.820373323374));
#7345 = CARTESIAN_POINT('',(-1.312506988387,-28.00055280179,
    23.820353091373));
#7346 = CARTESIAN_POINT('',(-1.280732789836,-28.00055839569,
    23.820340035788));
#7347 = CARTESIAN_POINT('',(-1.248959751585,-28.0005755091,
    23.820327188999));
#7348 = CARTESIAN_POINT('',(-1.21719140981,-28.00059772875,
    23.820316331016));
#7349 = CARTESIAN_POINT('',(-1.185430306838,-28.00061516929,
    23.820308462256));
#7350 = CARTESIAN_POINT('',(-1.153678153433,-28.00061999166,
    23.820304391781));
#7351 = CARTESIAN_POINT('',(-1.121935991053,-28.00061192008,
    23.82030532618));
#7352 = CARTESIAN_POINT('',(-1.058472717219,-28.00059560043,
    23.820321589581));
#7353 = CARTESIAN_POINT('',(-1.026750227204,-28.00059030865,
    23.820335474992));
#7354 = CARTESIAN_POINT('',(-0.995034103113,-28.00054645615,
    23.820352708281));
#7355 = CARTESIAN_POINT('',(-0.963318419525,-28.0004568494,
    23.820370438971));
#7356 = CARTESIAN_POINT('',(-0.931597273058,-28.00032287462,
    23.82038637409));
#7357 = CARTESIAN_POINT('',(-0.899867320635,-28.00013598887,
    23.820399485791));
#7358 = CARTESIAN_POINT('',(-0.868129689505,-27.99986635523,
    23.820410426214));
#7359 = CARTESIAN_POINT('',(-0.83639125904,-27.99945862468,
    23.820421647728));
#7360 = CARTESIAN_POINT('',(-1.598321674029,-28.00014537551,
    23.880269933097));
#7361 = CARTESIAN_POINT('',(-1.566577258192,-28.00027737684,
    23.880263493118));
#7362 = CARTESIAN_POINT('',(-1.534829597742,-28.00022064072,
    23.880260402858));
#7363 = CARTESIAN_POINT('',(-1.503078332442,-28.0002513464,
    23.88025973254));
#7364 = CARTESIAN_POINT('',(-1.471324051589,-28.0005689587,
    23.880245410195));
#7365 = CARTESIAN_POINT('',(-1.439562559019,-28.00008401899,
    23.880259016077));
#7366 = CARTESIAN_POINT('',(-1.407798058009,-28.00044416336,
    23.880246478146));
#7367 = CARTESIAN_POINT('',(-1.376028921028,-28.00039073194,
    23.880243031715));
#7368 = CARTESIAN_POINT('',(-1.312487732546,-28.00046420224,
    23.880229719592));
#7369 = CARTESIAN_POINT('',(-1.280714041645,-28.00049243165,
    23.880220774243));
#7370 = CARTESIAN_POINT('',(-1.248942443231,-28.00051653037,
    23.880212297386));
#7371 = CARTESIAN_POINT('',(-1.217176430159,-28.00053148051,
    23.880205526775));
#7372 = CARTESIAN_POINT('',(-1.185418141219,-28.00052946222,
    23.880200842742));
#7373 = CARTESIAN_POINT('',(-1.15366870323,-28.00050644073,
    23.880198431466));
#7374 = CARTESIAN_POINT('',(-1.121928573283,-28.00046875808,
    23.880198947374));
#7375 = CARTESIAN_POINT('',(-1.058467188437,-28.00041068314,
    23.880209405342));
#7376 = CARTESIAN_POINT('',(-1.026745538743,-28.0003657667,
    23.880219415784));
#7377 = CARTESIAN_POINT('',(-0.995026563097,-28.00037070874,
    23.88022891452));
#7378 = CARTESIAN_POINT('',(-0.963308944904,-28.00031785584,
    23.880239485171));
#7379 = CARTESIAN_POINT('',(-0.931587714885,-28.00018169731,
    23.88025166615));
#7380 = CARTESIAN_POINT('',(-0.899854412917,-28.00006818559,
    23.880262571131));
#7381 = CARTESIAN_POINT('',(-0.868106116564,-28.00005785444,
    23.880269046036));
#7382 = CARTESIAN_POINT('',(-0.836363336222,-27.99984272292,
    23.880276368716));
#7383 = CARTESIAN_POINT('',(-1.598314962133,-28.00033543989,
    23.940128463068));
#7384 = CARTESIAN_POINT('',(-1.566570739315,-28.00117259922,
    23.94012180778));
#7385 = CARTESIAN_POINT('',(-1.534823790053,-28.00233759672,
    23.940109887865));
#7386 = CARTESIAN_POINT('',(-1.503072160889,-27.99967690579,
    23.940110895258));
#7387 = CARTESIAN_POINT('',(-1.471305816867,-27.99853110598,
    23.940166924562));
#7388 = CARTESIAN_POINT('',(-1.439554406349,-28.00164563119,
    23.940100261478));
#7389 = CARTESIAN_POINT('',(-1.407784153742,-27.99985506049,
    23.940130695862));
#7390 = CARTESIAN_POINT('',(-1.376016010733,-28.0003392553,
    23.940121193568));
#7391 = CARTESIAN_POINT('',(-1.312475439333,-28.00042443837,
    23.940114821672));
#7392 = CARTESIAN_POINT('',(-1.280702413013,-28.00045607693,
    23.940110396684));
#7393 = CARTESIAN_POINT('',(-1.248931990122,-28.00047853056,
    23.940106260791));
#7394 = CARTESIAN_POINT('',(-1.217167566697,-28.00048603922,
    23.940103024926));
#7395 = CARTESIAN_POINT('',(-1.185411032945,-28.00047148355,
    23.940100790694));
#7396 = CARTESIAN_POINT('',(-1.153663215682,-28.00043256114,
    23.940099557858));
#7397 = CARTESIAN_POINT('',(-1.121924320489,-28.00037795399,
    23.940099632535));
#7398 = CARTESIAN_POINT('',(-1.058464427711,-28.00028905359,
    23.94010443664));
#7399 = CARTESIAN_POINT('',(-1.026736983539,-28.00038621981,
    23.940106106651));
#7400 = CARTESIAN_POINT('',(-0.995028554478,-28.00013371886,
    23.940119061529));
#7401 = CARTESIAN_POINT('',(-0.963309037838,-27.99999928079,
    23.940129471342));
#7402 = CARTESIAN_POINT('',(-0.931565491982,-28.0002228404,
    23.940128409278));
#7403 = CARTESIAN_POINT('',(-0.899819060032,-28.00044896051,
    23.940122988008));
#7404 = CARTESIAN_POINT('',(-0.868095040402,-28.00017846574,
    23.940127892964));
#7405 = CARTESIAN_POINT('',(-0.83634610439,-28.00003931042,
    23.940137301605));
#7406 = CARTESIAN_POINT('',(-1.598307182683,-27.99815335868,
    24.000003275657));
#7407 = CARTESIAN_POINT('',(-1.566559270616,-27.9976153992,
    24.000004377414));
#7408 = CARTESIAN_POINT('',(-1.534809736427,-27.9975722124,
    24.000008921262));
#7409 = CARTESIAN_POINT('',(-1.503052427314,-27.99811951395,
    23.999994775181));
#7410 = CARTESIAN_POINT('',(-1.471317142494,-28.0047722461,
    24.000006016296));
#7411 = CARTESIAN_POINT('',(-1.439540374236,-27.9971532819,
    24.000002226965));
#7412 = CARTESIAN_POINT('',(-1.407781836832,-28.00118343278,
    24.000003129371));
#7413 = CARTESIAN_POINT('',(-1.376011427598,-28.0003316372,
    24.000003464691));
#7414 = CARTESIAN_POINT('',(-1.31247113115,-28.00041207529,
    24.000003997082));
#7415 = CARTESIAN_POINT('',(-1.280698371936,-28.0004429043,
    24.000004237345));
#7416 = CARTESIAN_POINT('',(-1.248928372676,-28.00046416354,
    24.000004388956));
#7417 = CARTESIAN_POINT('',(-1.217164488007,-28.0004692382,
    24.000004420904));
#7418 = CARTESIAN_POINT('',(-1.185408529132,-28.0004509183,
    24.000004326395));
#7419 = CARTESIAN_POINT('',(-1.15366123638,-28.00040722976,
    24.00000411584));
#7420 = CARTESIAN_POINT('',(-1.121922752117,-28.00034727596,
    24.00000380893));
#7421 = CARTESIAN_POINT('',(-1.058463434602,-28.0002468639,
    24.000003046619));
#7422 = CARTESIAN_POINT('',(-1.026753467933,-27.9999098405,
    24.000002521159));
#7423 = CARTESIAN_POINT('',(-0.995014057715,-28.00035550747,
    24.000002201387));
#7424 = CARTESIAN_POINT('',(-0.963299078743,-28.00041946093,
    24.000001758121));
#7425 = CARTESIAN_POINT('',(-0.931617253724,-27.99964641742,
    24.000001156271));
#7426 = CARTESIAN_POINT('',(-0.899900814802,-27.99908703485,
    24.000000858841));
#7427 = CARTESIAN_POINT('',(-0.868090989363,-27.99994854879,
    24.000001248973));
#7428 = CARTESIAN_POINT('',(-0.836340309893,-28.00009919525,
    24.000001283288));
#7429 = CARTESIAN_POINT('',(-1.598314684121,-28.00031594756,
    24.059873085812));
#7430 = CARTESIAN_POINT('',(-1.566570365403,-28.00111983405,
    24.059878439355));
#7431 = CARTESIAN_POINT('',(-1.534822967887,-28.00217648691,
    24.059884529805));
#7432 = CARTESIAN_POINT('',(-1.503072449388,-27.99966973236,
    24.059900278185));
#7433 = CARTESIAN_POINT('',(-1.471305903396,-27.99865420313,
    24.059835692956));
#7434 = CARTESIAN_POINT('',(-1.439554129908,-28.00157530442,
    24.059904483854));
#7435 = CARTESIAN_POINT('',(-1.407784077973,-27.99987279159,
    24.059875570816));
#7436 = CARTESIAN_POINT('',(-1.376015826945,-28.00033849812,
    24.059885433818));
#7437 = CARTESIAN_POINT('',(-1.312475143779,-28.0004246427,
    24.059892979747));
#7438 = CARTESIAN_POINT('',(-1.280702042678,-28.00045692713,
    24.059897920556));
#7439 = CARTESIAN_POINT('',(-1.248931546793,-28.00047987815,
    24.059902384175));
#7440 = CARTESIAN_POINT('',(-1.217167061441,-28.00048763472,
    24.059905702455));
#7441 = CARTESIAN_POINT('',(-1.185410479958,-28.00047310577,
    24.059907763018));
#7442 = CARTESIAN_POINT('',(-1.153662631364,-28.00043406268,
    24.059908587191));
#7443 = CARTESIAN_POINT('',(-1.121923727766,-28.00037922338,
    24.059907909338));
#7444 = CARTESIAN_POINT('',(-1.058463896205,-28.00028946453,
    24.059901600142));
#7445 = CARTESIAN_POINT('',(-1.026736443107,-28.00038621356,
    24.059899112202));
#7446 = CARTESIAN_POINT('',(-0.995028305637,-28.00013353516,
    24.059885116964));
#7447 = CARTESIAN_POINT('',(-0.963309021169,-27.99999897147,
    24.059873895558));
#7448 = CARTESIAN_POINT('',(-0.931565411574,-28.00022241137,
    24.059874582144));
#7449 = CARTESIAN_POINT('',(-0.899818808756,-28.00044861874,
    24.059879794597));
#7450 = CARTESIAN_POINT('',(-0.868094905496,-28.00017852011,
    24.059874508462));
#7451 = CARTESIAN_POINT('',(-0.83634623177,-28.00003927378,
    24.059865163118));
#7452 = CARTESIAN_POINT('',(-1.598321524371,-28.00018992476,
    24.119731526183));
#7453 = CARTESIAN_POINT('',(-1.566577166795,-28.00032046486,
    24.119738070314));
#7454 = CARTESIAN_POINT('',(-1.534829754763,-28.00032835733,
    24.119742389874));
#7455 = CARTESIAN_POINT('',(-1.503078112539,-28.000126347,
    24.119740750735));
#7456 = CARTESIAN_POINT('',(-1.471323925897,-28.00056687311,
    24.119758777947));
#7457 = CARTESIAN_POINT('',(-1.439562445924,-28.00008846785,
    24.119744825662));
#7458 = CARTESIAN_POINT('',(-1.407797805966,-28.00043625713,
    24.11975845982));
#7459 = CARTESIAN_POINT('',(-1.376028607782,-28.00038857267,
    24.119762763039));
#7460 = CARTESIAN_POINT('',(-1.312487201079,-28.00046457517,
    24.119777497996));
#7461 = CARTESIAN_POINT('',(-1.280713364864,-28.00049416516,
    24.119787049212));
#7462 = CARTESIAN_POINT('',(-1.248941621281,-28.00051924301,
    24.11979592603));
#7463 = CARTESIAN_POINT('',(-1.217175481762,-28.00053464329,
    24.119802841653));
#7464 = CARTESIAN_POINT('',(-1.185417093994,-28.00053260692,
    24.119807406543));
#7465 = CARTESIAN_POINT('',(-1.153667592143,-28.00050924836,
    24.119809455245));
#7466 = CARTESIAN_POINT('',(-1.12192744719,-28.00047102723,
    24.119808372053));
#7467 = CARTESIAN_POINT('',(-1.05846618715,-28.00041140453,
    24.119796463502));
#7468 = CARTESIAN_POINT('',(-1.026744691736,-28.00036590618,
    24.119785571534));
#7469 = CARTESIAN_POINT('',(-0.995025842851,-28.00037028985,
    24.119775176819));
#7470 = CARTESIAN_POINT('',(-0.963308392483,-28.00031737072,
    24.119763769576));
#7471 = CARTESIAN_POINT('',(-0.931587405373,-28.00018167847,
    24.119750918566));
#7472 = CARTESIAN_POINT('',(-0.899854352867,-28.00006855649,
    24.119739643523));
#7473 = CARTESIAN_POINT('',(-0.868106228001,-28.00005790108,
    24.119733131546));
#7474 = CARTESIAN_POINT('',(-0.836363681756,-27.99984253063,
    24.119725802914));
#7475 = CARTESIAN_POINT('',(-1.598332323837,-28.00103814119,
    24.179582854359));
#7476 = CARTESIAN_POINT('',(-1.56658971645,-28.00115638319,
    24.179591794241));
#7477 = CARTESIAN_POINT('',(-1.53484390117,-28.00114492678,
    24.17959943577));
#7478 = CARTESIAN_POINT('',(-1.503094073735,-28.00080606883,
    24.179604565979));
#7479 = CARTESIAN_POINT('',(-1.471339500432,-28.00065362237,
    24.179607793072));
#7480 = CARTESIAN_POINT('',(-1.439580754287,-28.00060834385,
    24.179614677433));
#7481 = CARTESIAN_POINT('',(-1.407816558809,-28.00058773205,
    24.179621799929));
#7482 = CARTESIAN_POINT('',(-1.376047985593,-28.00055518151,
    24.179631286843));
#7483 = CARTESIAN_POINT('',(-1.312506342157,-28.00055274027,
    24.179653175193));
#7484 = CARTESIAN_POINT('',(-1.280731938502,-28.00056038068,
    24.179666945941));
#7485 = CARTESIAN_POINT('',(-1.248958686463,-28.00057896242,
    24.179680304472));
#7486 = CARTESIAN_POINT('',(-1.217190149208,-28.00060188744,
    24.179691420584));
#7487 = CARTESIAN_POINT('',(-1.185428888479,-28.00061931171,
    24.179699277458));
#7488 = CARTESIAN_POINT('',(-1.153676633571,-28.00062357834,
    24.17970307624));
#7489 = CARTESIAN_POINT('',(-1.121934450295,-28.00061464969,
    24.179701640892));
#7490 = CARTESIAN_POINT('',(-1.058471369606,-28.00059643131,
    24.179684004697));
#7491 = CARTESIAN_POINT('',(-1.02674907441,-28.00059025977,
    24.179669265929));
#7492 = CARTESIAN_POINT('',(-0.995033218979,-28.00054597318,
    24.179651112905));
#7493 = CARTESIAN_POINT('',(-0.963317840251,-28.00045656165,
    24.179632533498));
#7494 = CARTESIAN_POINT('',(-0.931597004666,-28.000323107,
    24.179615942837));
#7495 = CARTESIAN_POINT('',(-0.89986735998,-28.00013641538,
    24.179602434336));
#7496 = CARTESIAN_POINT('',(-0.86813005172,-27.99986623183,
    24.17959133684));
#7497 = CARTESIAN_POINT('',(-0.836392004279,-27.99945803873,
    24.179580076959));
#7498 = CARTESIAN_POINT('',(-1.598354299092,-28.00308500047,
    24.299266156923));
#7499 = CARTESIAN_POINT('',(-1.566615480991,-28.00299626776,
    24.299278106726));
#7500 = CARTESIAN_POINT('',(-1.534873421461,-28.00274645268,
    24.299288744133));
#7501 = CARTESIAN_POINT('',(-1.503127171837,-28.00247888048,
    24.299297461861));
#7502 = CARTESIAN_POINT('',(-1.471376875066,-28.00202389838,
    24.299306873887));
#7503 = CARTESIAN_POINT('',(-1.439621225414,-28.0016902493,
    24.29931523188));
#7504 = CARTESIAN_POINT('',(-1.407860646282,-28.00149614356,
    24.29932796988));
#7505 = CARTESIAN_POINT('',(-1.376094439753,-28.00127504621,
    24.299342855614));
#7506 = CARTESIAN_POINT('',(-1.312555059975,-28.00098637184,
    24.299377766522));
#7507 = CARTESIAN_POINT('',(-1.280781170851,-28.00088957568,
    24.299397947966));
#7508 = CARTESIAN_POINT('',(-1.249005902544,-28.00083623389,
    24.299419896089));
#7509 = CARTESIAN_POINT('',(-1.217232443498,-28.00082561194,
    24.299441166428));
#7510 = CARTESIAN_POINT('',(-1.185464181589,-28.0008548951,
    24.299458424613));
#7511 = CARTESIAN_POINT('',(-1.153704535147,-28.00091375538,
    24.29946804171));
#7512 = CARTESIAN_POINT('',(-1.121956783994,-28.00097891929,
    24.299466689464));
#7513 = CARTESIAN_POINT('',(-1.058491016945,-28.00103855033,
    24.299437181772));
#7514 = CARTESIAN_POINT('',(-1.026771361034,-28.00103609525,
    24.299410784621));
#7515 = CARTESIAN_POINT('',(-0.995060105095,-28.00092615856,
    24.299379853004));
#7516 = CARTESIAN_POINT('',(-0.963351700571,-28.00066526421,
    24.299349338902));
#7517 = CARTESIAN_POINT('',(-0.931640591652,-28.00024172264,
    24.299322452049));
#7518 = CARTESIAN_POINT('',(-0.899922564298,-27.99966809959,
    24.299300768856));
#7519 = CARTESIAN_POINT('',(-0.868196730623,-27.99896610179,
    24.299284035796));
#7520 = CARTESIAN_POINT('',(-0.83646814864,-27.99814387975,
    24.299269667035));
#7521 = CARTESIAN_POINT('',(-1.598365971975,-28.00438299323,
    24.359098039784));
#7522 = CARTESIAN_POINT('',(-1.56662937689,-28.00419454495,
    24.359110995896));
#7523 = CARTESIAN_POINT('',(-1.534889488108,-28.00386202133,
    24.359122848535));
#7524 = CARTESIAN_POINT('',(-1.503145506716,-28.00349666336,
    24.359133131735));
#7525 = CARTESIAN_POINT('',(-1.471397324596,-28.00299843791,
    24.359144656183));
#7526 = CARTESIAN_POINT('',(-1.439644233606,-28.00249335679,
    24.359154928891));
#7527 = CARTESIAN_POINT('',(-1.40788551013,-28.00217278078,
    24.359170075162));
#7528 = CARTESIAN_POINT('',(-1.376121194192,-28.00181654642,
    24.359187748272));
#7529 = CARTESIAN_POINT('',(-1.3125840709,-28.00132531702,
    24.359228641485));
#7530 = CARTESIAN_POINT('',(-1.280813301478,-28.00117476862,
    24.359247397306));
#7531 = CARTESIAN_POINT('',(-1.249028513798,-28.00080023023,
    24.359296050649));
#7532 = CARTESIAN_POINT('',(-1.217268435769,-28.00178366095,
    24.359262235397));
#7533 = CARTESIAN_POINT('',(-1.185488760303,-27.99934301589,
    24.359380502926));
#7534 = CARTESIAN_POINT('',(-1.153710198669,-28.002965226,
    24.359298740734));
#7535 = CARTESIAN_POINT('',(-1.121963733031,-28.00134372063,
    24.359346864268));
#7536 = CARTESIAN_POINT('',(-1.058511664418,-28.00063769562,
    24.359314967773));
#7537 = CARTESIAN_POINT('',(-1.026790584093,-28.00106631454,
    24.359272239812));
#7538 = CARTESIAN_POINT('',(-0.995050628968,-28.00259954619,
    24.35923215909));
#7539 = CARTESIAN_POINT('',(-0.963408701841,-27.99906901088,
    24.359201048882));
#7540 = CARTESIAN_POINT('',(-0.931652259094,-28.00102839705,
    24.359165360292));
#7541 = CARTESIAN_POINT('',(-0.899964754673,-27.99898207103,
    24.359143164917));
#7542 = CARTESIAN_POINT('',(-0.868239522155,-27.99829262166,
    24.359124337227));
#7543 = CARTESIAN_POINT('',(-0.836515548299,-27.99724243734,
    24.359109350774));
#7544 = CARTESIAN_POINT('',(-1.598375579764,-28.00600535823,
    24.418920970847));
#7545 = CARTESIAN_POINT('',(-1.566641378163,-28.00572255997,
    24.418934410566));
#7546 = CARTESIAN_POINT('',(-1.534903909057,-28.00530623579,
    24.418946746134));
#7547 = CARTESIAN_POINT('',(-1.503162486786,-28.00484217246,
    24.418957874168));
#7548 = CARTESIAN_POINT('',(-1.471416920226,-28.00427016952,
    24.418970248512));
#7549 = CARTESIAN_POINT('',(-1.439666695784,-28.00364502659,
    24.418982090057));
#7550 = CARTESIAN_POINT('',(-1.407910753325,-28.00317616224,
    24.418998554226));
#7551 = CARTESIAN_POINT('',(-1.376149602146,-28.00266183277,
    24.41901787639));
#7552 = CARTESIAN_POINT('',(-1.312617851105,-28.00184288098,
    24.419063056042));
#7553 = CARTESIAN_POINT('',(-1.280834054137,-28.00167499139,
    24.419102892966));
#7554 = CARTESIAN_POINT('',(-1.249113989384,-28.00132444135,
    24.419055338513));
#7555 = CARTESIAN_POINT('',(-1.217233596141,-27.99965406719,
    24.419292909268));
#7556 = CARTESIAN_POINT('',(-1.185552678093,-28.00589744855,
    24.418971136811));
#7557 = CARTESIAN_POINT('',(-1.153766542808,-27.99462138084,
    24.419384493177));
#7558 = CARTESIAN_POINT('',(-1.122025573561,-28.00095427137,
    24.419167696557));
#7559 = CARTESIAN_POINT('',(-1.058496718698,-28.00410968799,
    24.419122084405));
#7560 = CARTESIAN_POINT('',(-1.026767845052,-28.00364290112,
    24.419123618365));
#7561 = CARTESIAN_POINT('',(-0.995268464945,-27.99385644402,
    24.419065674118));
#7562 = CARTESIAN_POINT('',(-0.963249037658,-28.00843293221,
    24.419038010522));
#7563 = CARTESIAN_POINT('',(-0.931804221167,-27.99519276033,
    24.419003770083));
#7564 = CARTESIAN_POINT('',(-0.899984359185,-27.99959240136,
    24.418978544256));
#7565 = CARTESIAN_POINT('',(-0.868291973667,-27.99728016083,
    24.418960516091));
#7566 = CARTESIAN_POINT('',(-0.836572076876,-27.99598352489,
    24.418946354369));
#7567 = CARTESIAN_POINT('',(-1.598380736493,-28.00798388231,
    24.478736193913));
#7568 = CARTESIAN_POINT('',(-1.566648883392,-28.00761487954,
    24.478749734459));
#7569 = CARTESIAN_POINT('',(-1.534913827475,-28.00711658171,
    24.47876205674));
#7570 = CARTESIAN_POINT('',(-1.503174976044,-28.00656743736,
    24.478773481892));
#7571 = CARTESIAN_POINT('',(-1.471432204831,-28.00590186229,
    24.478785953914));
#7572 = CARTESIAN_POINT('',(-1.439684888206,-28.00519339721,
    24.478798671838));
#7573 = CARTESIAN_POINT('',(-1.407932379709,-28.00457247646,
    24.47881543351));
#7574 = CARTESIAN_POINT('',(-1.376175115532,-28.0039058592,
    24.478835169482));
#7575 = CARTESIAN_POINT('',(-1.312651058168,-28.00270964899,
    24.478882358933));
#7576 = CARTESIAN_POINT('',(-1.280925322951,-28.00125627314,
    24.478879318637));
#7577 = CARTESIAN_POINT('',(-1.248963315009,-28.00413248361,
    24.479078282458));
#7578 = CARTESIAN_POINT('',(-1.217589304758,-28.0000149409,
    24.478653501024));
#7579 = CARTESIAN_POINT('',(-1.18533559528,-27.9978096195,
    24.479456204861));
#7580 = CARTESIAN_POINT('',(-1.153826139846,-28.0111915365,
    24.478663944005));
#7581 = CARTESIAN_POINT('',(-1.12194887714,-28.00238715967,
    24.479126507673));
#7582 = CARTESIAN_POINT('',(-1.058598416798,-27.99768561904,
    24.479061946843));
#7583 = CARTESIAN_POINT('',(-1.026992808653,-27.99468242992,
    24.478946746912));
#7584 = CARTESIAN_POINT('',(-0.994759535122,-28.01854084698,
    24.478943566068));
#7585 = CARTESIAN_POINT('',(-0.963835208006,-27.98336195075,
    24.478835731497));
#7586 = CARTESIAN_POINT('',(-0.931558448937,-28.00775461943,
    24.478858259493));
#7587 = CARTESIAN_POINT('',(-0.900113359568,-27.99510353208,
    24.47880986697));
#7588 = CARTESIAN_POINT('',(-0.868350970126,-27.99586143268,
    24.47879829759));
#7589 = CARTESIAN_POINT('',(-0.836633971082,-27.99434647394,
    24.47878580853));
#7590 = CARTESIAN_POINT('',(-1.598379420581,-28.01033233,24.538545379953
    ));
#7591 = CARTESIAN_POINT('',(-1.566649649438,-28.00988784751,
    24.538558876276));
#7592 = CARTESIAN_POINT('',(-1.534916704306,-28.00932066764,
    24.538571110134));
#7593 = CARTESIAN_POINT('',(-1.503180120651,-28.00868861086,
    24.538582696001));
#7594 = CARTESIAN_POINT('',(-1.471439787139,-28.00794974832,
    24.538595167425));
#7595 = CARTESIAN_POINT('',(-1.439695134712,-28.00716921827,
    24.538608413481));
#7596 = CARTESIAN_POINT('',(-1.407945911167,-28.00641303133,
    24.538625047792));
#7597 = CARTESIAN_POINT('',(-1.376192257687,-28.00562298837,
    24.538644673572));
#7598 = CARTESIAN_POINT('',(-1.312675885777,-28.00410085467,
    24.53869239964));
#7599 = CARTESIAN_POINT('',(-1.280853862093,-28.00547620394,
    24.538736574096));
#7600 = CARTESIAN_POINT('',(-1.24937993043,-27.99525156601,
    24.538662504608));
#7601 = CARTESIAN_POINT('',(-1.216956539119,-28.01231624195,
    24.539053346036));
#7602 = CARTESIAN_POINT('',(-1.186032758193,-27.99499688862,
    24.538429359106));
#7603 = CARTESIAN_POINT('',(-1.153591742792,-27.9975016281,
    24.539332618135));
#7604 = CARTESIAN_POINT('',(-1.122105014964,-28.00188706139,
    24.538806676914));
#7605 = CARTESIAN_POINT('',(-1.058517364833,-28.00525082615,
    24.538832231878));
#7606 = CARTESIAN_POINT('',(-1.026574554497,-28.01377509801,
    24.538855049265));
#7607 = CARTESIAN_POINT('',(-0.995708665686,-27.98086794752,
    24.538621665569));
#7608 = CARTESIAN_POINT('',(-0.963044224391,-28.0170373912,
    24.538813671774));
#7609 = CARTESIAN_POINT('',(-0.932062402652,-27.98797016841,
    24.538627228399));
#7610 = CARTESIAN_POINT('',(-0.900061259176,-27.99798462974,
    24.538672064088));
#7611 = CARTESIAN_POINT('',(-0.868410615584,-27.99406998094,
    24.538644619925));
#7612 = CARTESIAN_POINT('',(-0.836695490757,-27.99238976726,
    24.538633609836));
#7613 = CARTESIAN_POINT('',(-1.598369974834,-28.01304644353,
    24.598350627122));
#7614 = CARTESIAN_POINT('',(-1.566641842899,-28.01253819788,
    24.598364204957));
#7615 = CARTESIAN_POINT('',(-1.534910493269,-28.01191775377,
    24.598376598461));
#7616 = CARTESIAN_POINT('',(-1.503175607831,-28.01121108989,
    24.598388593015));
#7617 = CARTESIAN_POINT('',(-1.471436995896,-28.01042756306,
    24.598401407172));
#7618 = CARTESIAN_POINT('',(-1.439694351658,-28.00958556636,
    24.598415431275));
#7619 = CARTESIAN_POINT('',(-1.407947476147,-28.00872916446,
    24.598432316225));
#7620 = CARTESIAN_POINT('',(-1.376196286729,-28.00785211422,
    24.59845235682));
#7621 = CARTESIAN_POINT('',(-1.312685141834,-28.00610848296,
    24.598501150047));
#7622 = CARTESIAN_POINT('',(-1.280977458699,-28.00329546406,
    24.598518461186));
#7623 = CARTESIAN_POINT('',(-1.248954263006,-28.01172895063,
    24.598621276177));
#7624 = CARTESIAN_POINT('',(-1.21778603147,-27.99098532917,
    24.598451639517));
#7625 = CARTESIAN_POINT('',(-1.18520108462,-28.01433478477,
    24.598878440436));
#7626 = CARTESIAN_POINT('',(-1.15413189373,-27.99708592774,
    24.598455391523));
#7627 = CARTESIAN_POINT('',(-1.122060195363,-28.00162424667,
    24.598766885776));
#7628 = CARTESIAN_POINT('',(-1.058616857596,-28.00261088041,
    24.598653604023));
#7629 = CARTESIAN_POINT('',(-1.027122723016,-27.993365165,24.59858744698
    ));
#7630 = CARTESIAN_POINT('',(-0.994936783531,-28.01000686917,
    24.598696076874));
#7631 = CARTESIAN_POINT('',(-0.963849444286,-27.98719226191,
    24.598473066816));
#7632 = CARTESIAN_POINT('',(-0.931717870258,-28.00082312674,
    24.598592884928));
#7633 = CARTESIAN_POINT('',(-0.90020895534,-27.99251229608,
    24.598506549522));
#7634 = CARTESIAN_POINT('',(-0.868463701545,-27.99205093175,
    24.59850509753));
#7635 = CARTESIAN_POINT('',(-0.836750506718,-27.99023775138,
    24.598494487044));
#7636 = CARTESIAN_POINT('',(-1.598351106441,-28.01610394286,
    24.658154460743));
#7637 = CARTESIAN_POINT('',(-1.566624091548,-28.01554166822,
    24.658168483246));
#7638 = CARTESIAN_POINT('',(-1.53489376857,-28.01487532931,
    24.658181458305));
#7639 = CARTESIAN_POINT('',(-1.503159905824,-28.01412131859,
    24.65819433282));
#7640 = CARTESIAN_POINT('',(-1.471422281721,-28.01329613778,
    24.658208043628));
#7641 = CARTESIAN_POINT('',(-1.439680684743,-28.01241639814,
    24.658223516817));
#7642 = CARTESIAN_POINT('',(-1.407934913468,-28.0114988202,
    24.658241668639));
#7643 = CARTESIAN_POINT('',(-1.37618477655,-28.01056023398,24.6582634046
    ));
#7644 = CARTESIAN_POINT('',(-1.31267540891,-28.00867492366,
    24.658315835671));
#7645 = CARTESIAN_POINT('',(-1.28091801463,-28.00765900647,
    24.658346692448));
#7646 = CARTESIAN_POINT('',(-1.249149641895,-28.00703801304,
    24.65837968081));
#7647 = CARTESIAN_POINT('',(-1.217395452389,-28.00531860513,
    24.658429791268));
#7648 = CARTESIAN_POINT('',(-1.185607538701,-28.00543169386,
    24.658470128512));
#7649 = CARTESIAN_POINT('',(-1.153873983435,-28.00387243065,
    24.658491155217));
#7650 = CARTESIAN_POINT('',(-1.122069142261,-28.00344208147,
    24.658578772398));
#7651 = CARTESIAN_POINT('',(-1.058622374369,-28.00129625163,
    24.658569620273));
#7652 = CARTESIAN_POINT('',(-1.026974300822,-27.99904390809,
    24.65849908969));
#7653 = CARTESIAN_POINT('',(-0.995260237803,-27.99778141828,
    24.658495497684));
#7654 = CARTESIAN_POINT('',(-0.963603246231,-27.9956331153,
    24.658434147314));
#7655 = CARTESIAN_POINT('',(-0.931896883893,-27.99394494117,
    24.658426850404));
#7656 = CARTESIAN_POINT('',(-0.900210256685,-27.99191230622,
    24.658395036601));
#7657 = CARTESIAN_POINT('',(-0.868504101692,-27.99002994626,
    24.658381536256));
#7658 = CARTESIAN_POINT('',(-0.836794088614,-27.98806734916,
    24.658370067402));
#7659 = CARTESIAN_POINT('',(-1.598321886976,-28.01946452562,
    24.717959833322));
#7660 = CARTESIAN_POINT('',(-1.566595535795,-28.01885161271,
    24.717974802781));
#7661 = CARTESIAN_POINT('',(-1.534865805179,-28.01814074173,
    24.717988971598));
#7662 = CARTESIAN_POINT('',(-1.503132485268,-28.0173452685,
    24.718003288347));
#7663 = CARTESIAN_POINT('',(-1.471395366205,-28.01647854885,
    24.718018701605));
#7664 = CARTESIAN_POINT('',(-1.439654238131,-28.01555393861,
    24.718036159941));
#7665 = CARTESIAN_POINT('',(-1.407908891188,-28.0145847936,
    24.718056611934));
#7666 = CARTESIAN_POINT('',(-1.376159115517,-28.01358446966,
    24.718081006156));
#7667 = CARTESIAN_POINT('',(-1.312650287003,-28.01154817553,
    24.718139576208));
#7668 = CARTESIAN_POINT('',(-1.280892682763,-28.01051592884,
    24.718172110311));
#7669 = CARTESIAN_POINT('',(-1.249127421963,-28.00942976111,
    24.718216512782));
#7670 = CARTESIAN_POINT('',(-1.217362608022,-28.00836290149,
    24.718260648655));
#7671 = CARTESIAN_POINT('',(-1.18559896825,-28.00732783367,
    24.718304277165));
#7672 = CARTESIAN_POINT('',(-1.153829514569,-28.00621172353,
    24.718361163451));
#7673 = CARTESIAN_POINT('',(-1.122058811053,-28.00482107035,
    24.718430653445));
#7674 = CARTESIAN_POINT('',(-1.058624885548,-28.00125009314,
    24.718446770546));
#7675 = CARTESIAN_POINT('',(-1.026958884696,-27.99883651428,
    24.718405181211));
#7676 = CARTESIAN_POINT('',(-0.995286387523,-27.99666166883,
    24.718367627714));
#7677 = CARTESIAN_POINT('',(-0.963603904791,-27.99463143127,
    24.71833849986));
#7678 = CARTESIAN_POINT('',(-0.931919229983,-27.99251558616,
    24.718310935206));
#7679 = CARTESIAN_POINT('',(-0.900230941452,-27.99032489548,
    24.71828549843));
#7680 = CARTESIAN_POINT('',(-0.868530092985,-27.98824037393,
    24.718269498401));
#7681 = CARTESIAN_POINT('',(-0.836824092781,-27.98609477233,
    24.718256942958));
#7682 = ADVANCED_FACE('',(#7683),#7693,.F.);
#7683 = FACE_BOUND('',#7684,.F.);
#7684 = EDGE_LOOP('',(#7685,#7686,#7687,#7692));
#7685 = ORIENTED_EDGE('',*,*,#6467,.T.);
#7686 = ORIENTED_EDGE('',*,*,#6294,.T.);
#7687 = ORIENTED_EDGE('',*,*,#7688,.F.);
#7688 = EDGE_CURVE('',#6934,#6287,#7689,.T.);
#7689 = B_SPLINE_CURVE_WITH_KNOTS('',1,(#7690,#7691),.UNSPECIFIED.,.F.,
  .F.,(2,2),(0.,1.495920221733),.PIECEWISE_BEZIER_KNOTS.);
#7690 = CARTESIAN_POINT('',(-25.,-38.67233918227,13.770569425472));
#7691 = CARTESIAN_POINT('',(-25.,-39.,14.4));
#7692 = ORIENTED_EDGE('',*,*,#6941,.F.);
#7693 = B_SPLINE_SURFACE_WITH_KNOTS('',1,8,(
    (#7694,#7695,#7696,#7697,#7698,#7699,#7700,#7701,#7702)
    ,(#7703,#7704,#7705,#7706,#7707,#7708,#7709,#7710,#7711
  )),.UNSPECIFIED.,.F.,.F.,.F.,(2,2),(9,9),(0.,1.495920221733),(
    12.460330084584,13.956250306317),.PIECEWISE_BEZIER_KNOTS.);
#7694 = CARTESIAN_POINT('',(-25.5813334629,-38.16407846647,
    13.414681440922));
#7695 = CARTESIAN_POINT('',(-25.55394385359,-38.2827050725,
    13.497744684686));
#7696 = CARTESIAN_POINT('',(-25.504218891,-38.39420919241,
    13.575820709981));
#7697 = CARTESIAN_POINT('',(-25.43461124269,-38.49148690274,
    13.643935296053));
#7698 = CARTESIAN_POINT('',(-25.35061549983,-38.56973217233,
    13.698723223643));
#7699 = CARTESIAN_POINT('',(-25.25913132707,-38.6230294089,
    13.736042350452));
#7700 = CARTESIAN_POINT('',(-25.17195037901,-38.65579405809,
    13.758984404803));
#7701 = CARTESIAN_POINT('',(-25.08595609354,-38.67233918227,
    13.770569425472));
#7702 = CARTESIAN_POINT('',(-25.,-38.67233918227,13.770569425472));
#7703 = CARTESIAN_POINT('',(-26.,-38.,13.787062569828));
#7704 = CARTESIAN_POINT('',(-26.,-38.17404575891,13.905806700964));
#7705 = CARTESIAN_POINT('',(-25.96538363737,-38.35331429022,
    14.022874476258));
#7706 = CARTESIAN_POINT('',(-25.89247403381,-38.53079247238,
    14.133301138198));
#7707 = CARTESIAN_POINT('',(-25.77891770608,-38.69548763169,
    14.231243140806));
#7708 = CARTESIAN_POINT('',(-25.62547285576,-38.84111740288,
    14.313169712212));
#7709 = CARTESIAN_POINT('',(-25.43001235718,-38.94723046505,
    14.371117976221));
#7710 = CARTESIAN_POINT('',(-25.21503429817,-39.,14.4));
#7711 = CARTESIAN_POINT('',(-25.,-39.,14.4));
#7712 = ADVANCED_FACE('',(#7713),#7748,.F.);
#7713 = FACE_BOUND('',#7714,.F.);
#7714 = EDGE_LOOP('',(#7715,#7727,#7742,#7747));
#7715 = ORIENTED_EDGE('',*,*,#7716,.T.);
#7716 = EDGE_CURVE('',#6374,#7717,#7719,.T.);
#7717 = VERTEX_POINT('',#7718);
#7718 = CARTESIAN_POINT('',(-15.,-37.5624431238,21.954489613313));
#7719 = B_SPLINE_CURVE_WITH_KNOTS('',6,(#7720,#7721,#7722,#7723,#7724,
    #7725,#7726),.UNSPECIFIED.,.F.,.F.,(7,7),(0.,1.),
  .PIECEWISE_BEZIER_KNOTS.);
#7720 = CARTESIAN_POINT('',(-15.,-37.99264068711,22.228564039062));
#7721 = CARTESIAN_POINT('',(-15.,-37.92242501261,22.17604750776));
#7722 = CARTESIAN_POINT('',(-15.,-37.85161845915,22.126665943124));
#7723 = CARTESIAN_POINT('',(-15.,-37.78021925715,22.080043081203));
#7724 = CARTESIAN_POINT('',(-15.,-37.70822535726,22.035929219429));
#7725 = CARTESIAN_POINT('',(-15.,-37.63563461644,21.994128061267));
#7726 = CARTESIAN_POINT('',(-15.,-37.5624448051,21.954486687294));
#7727 = ORIENTED_EDGE('',*,*,#7728,.T.);
#7728 = EDGE_CURVE('',#7717,#7729,#7731,.T.);
#7729 = VERTEX_POINT('',#7730);
#7730 = CARTESIAN_POINT('',(-8.312238221434,-30.7639419038,
    19.527859104363));
#7731 = B_SPLINE_CURVE_WITH_KNOTS('',9,(#7732,#7733,#7734,#7735,#7736,
    #7737,#7738,#7739,#7740,#7741),.UNSPECIFIED.,.F.,.F.,(10,10),(
    1.177783899581,12.079255610055),.PIECEWISE_BEZIER_KNOTS.);
#7732 = CARTESIAN_POINT('',(-15.25062571205,-37.83109513611,
    22.711388427113));
#7733 = CARTESIAN_POINT('',(-15.00270931799,-37.56449441263,
    21.711883622416));
#7734 = CARTESIAN_POINT('',(-14.53988081563,-37.06881617491,
    20.78736300357));
#7735 = CARTESIAN_POINT('',(-13.88415767317,-36.37280027295,
    20.007511383648));
#7736 = CARTESIAN_POINT('',(-13.07821477613,-35.53390639084,
    19.404168259171));
#7737 = CARTESIAN_POINT('',(-12.14970058602,-34.57857506943,
    18.997807261489));
#7738 = CARTESIAN_POINT('',(-11.15865518071,-33.5761717447,
    18.817782996406));
#7739 = CARTESIAN_POINT('',(-10.15018219548,-32.57035526283,
    18.852275344915));
#7740 = CARTESIAN_POINT('',(-9.196313595197,-31.61497087699,
    19.102346968225));
#7741 = CARTESIAN_POINT('',(-8.312238221434,-30.7639419038,
    19.527859104363));
#7742 = ORIENTED_EDGE('',*,*,#7743,.F.);
#7743 = EDGE_CURVE('',#6319,#7729,#7744,.T.);
#7744 = B_SPLINE_CURVE_WITH_KNOTS('',1,(#7745,#7746),.UNSPECIFIED.,.F.,
  .F.,(2,2),(0.,10.901471710474),.PIECEWISE_BEZIER_KNOTS.);
#7745 = CARTESIAN_POINT('',(-7.936291501015,-30.92893218813,
    19.030107234003));
#7746 = CARTESIAN_POINT('',(-8.312238221434,-30.7639419038,
    19.527859104363));
#7747 = ORIENTED_EDGE('',*,*,#6381,.F.);
#7748 = B_SPLINE_SURFACE_WITH_KNOTS('',1,9,(
    (#7749,#7750,#7751,#7752,#7753,#7754,#7755,#7756,#7757,#7758)
    ,(#7759,#7760,#7761,#7762,#7763,#7764,#7765,#7766,#7767,#7768
  )),.UNSPECIFIED.,.F.,.F.,.F.,(2,2),(10,10),(0.,10.901471710474),(
    1.177783899581,12.079255610055),.PIECEWISE_BEZIER_KNOTS.);
#7749 = CARTESIAN_POINT('',(-15.12867965644,-38.12132034356,
    22.66984800083));
#7750 = CARTESIAN_POINT('',(-14.87321854495,-37.86585923206,
    21.634981894897));
#7751 = CARTESIAN_POINT('',(-14.39640933117,-37.38905001829,
    20.669417420054));
#7752 = CARTESIAN_POINT('',(-13.72117296377,-36.71381365088,
    19.838357161561));
#7753 = CARTESIAN_POINT('',(-12.89186058862,-35.88450127574,
    19.173804188531));
#7754 = CARTESIAN_POINT('',(-11.93622158863,-34.92886227574,
    18.702649927874));
#7755 = CARTESIAN_POINT('',(-10.91264359832,-33.90528428544,
    18.454158460439));
#7756 = CARTESIAN_POINT('',(-9.869340121146,-32.86198080826,
    18.429744676642));
#7757 = CARTESIAN_POINT('',(-8.861529062202,-31.85416974932,
    18.631666961587));
#7758 = CARTESIAN_POINT('',(-7.936291501015,-30.92893218813,
    19.030107234003));
#7759 = CARTESIAN_POINT('',(-15.25062571205,-37.83109513611,
    22.711388427113));
#7760 = CARTESIAN_POINT('',(-15.00270931799,-37.56449441263,
    21.711883622416));
#7761 = CARTESIAN_POINT('',(-14.53988081563,-37.06881617491,
    20.78736300357));
#7762 = CARTESIAN_POINT('',(-13.88415767317,-36.37280027295,
    20.007511383648));
#7763 = CARTESIAN_POINT('',(-13.07821477613,-35.53390639084,
    19.404168259171));
#7764 = CARTESIAN_POINT('',(-12.14970058602,-34.57857506943,
    18.997807261489));
#7765 = CARTESIAN_POINT('',(-11.15865518071,-33.5761717447,
    18.817782996406));
#7766 = CARTESIAN_POINT('',(-10.15018219548,-32.57035526283,
    18.852275344915));
#7767 = CARTESIAN_POINT('',(-9.196313595197,-31.61497087699,
    19.102346968225));
#7768 = CARTESIAN_POINT('',(-8.312238221434,-30.7639419038,
    19.527859104363));
#7769 = ADVANCED_FACE('',(#7770),#7780,.F.);
#7770 = FACE_BOUND('',#7771,.T.);
#7771 = EDGE_LOOP('',(#7772,#7777,#7778,#7779));
#7772 = ORIENTED_EDGE('',*,*,#7773,.F.);
#7773 = EDGE_CURVE('',#6914,#6327,#7774,.T.);
#7774 = B_SPLINE_CURVE_WITH_KNOTS('',1,(#7775,#7776),.UNSPECIFIED.,.F.,
  .F.,(2,2),(0.,2.259285476806),.PIECEWISE_BEZIER_KNOTS.);
#7775 = CARTESIAN_POINT('',(-15.56355032776,-38.03912081319,
    13.32718515014));
#7776 = CARTESIAN_POINT('',(-15.12870639475,-38.12134708153,
    13.831104915919));
#7777 = ORIENTED_EDGE('',*,*,#6913,.T.);
#7778 = ORIENTED_EDGE('',*,*,#6963,.T.);
#7779 = ORIENTED_EDGE('',*,*,#6326,.F.);
#7780 = PLANE('',#7781);
#7781 = AXIS2_PLACEMENT_3D('',#7782,#7783,#7784);
#7782 = CARTESIAN_POINT('',(-15.2206470822,-37.95475265977,
    13.491282090743));
#7783 = DIRECTION('',(-0.421737532427,0.76383397012,0.488564345643));
#7784 = DIRECTION('',(-0.633687274234,-0.633687274234,0.443712606252));
#7785 = ADVANCED_FACE('',(#7786,#7820),#7823,.T.);
#7786 = FACE_BOUND('',#7787,.T.);
#7787 = EDGE_LOOP('',(#7788,#7797,#7806,#7816,#7817,#7818,#7819));
#7788 = ORIENTED_EDGE('',*,*,#7789,.T.);
#7789 = EDGE_CURVE('',#7717,#7790,#7792,.T.);
#7790 = VERTEX_POINT('',#7791);
#7791 = CARTESIAN_POINT('',(-15.,-28.,24.));
#7792 = CIRCLE('',#7793,5.);
#7793 = AXIS2_PLACEMENT_3D('',#7794,#7795,#7796);
#7794 = CARTESIAN_POINT('',(-15.,-33.,24.));
#7795 = DIRECTION('',(1.,0.,0.));
#7796 = DIRECTION('',(0.,1.,0.));
#7797 = ORIENTED_EDGE('',*,*,#7798,.T.);
#7798 = EDGE_CURVE('',#7790,#7799,#7801,.T.);
#7799 = VERTEX_POINT('',#7800);
#7800 = CARTESIAN_POINT('',(-15.,-37.5624431238,26.045510386686));
#7801 = CIRCLE('',#7802,5.);
#7802 = AXIS2_PLACEMENT_3D('',#7803,#7804,#7805);
#7803 = CARTESIAN_POINT('',(-15.,-33.,24.));
#7804 = DIRECTION('',(1.,0.,0.));
#7805 = DIRECTION('',(0.,1.,0.));
#7806 = ORIENTED_EDGE('',*,*,#7807,.F.);
#7807 = EDGE_CURVE('',#6343,#7799,#7808,.T.);
#7808 = B_SPLINE_CURVE_WITH_KNOTS('',6,(#7809,#7810,#7811,#7812,#7813,
    #7814,#7815),.UNSPECIFIED.,.F.,.F.,(7,7),(0.,1.),
  .PIECEWISE_BEZIER_KNOTS.);
#7809 = CARTESIAN_POINT('',(-15.,-37.99264068711,25.771435960748));
#7810 = CARTESIAN_POINT('',(-15.,-37.92242501555,25.823952489845));
#7811 = CARTESIAN_POINT('',(-15.,-37.85161846342,25.873334053793));
#7812 = CARTESIAN_POINT('',(-15.,-37.78021926152,25.9199569159));
#7813 = CARTESIAN_POINT('',(-15.,-37.70822536077,25.964070778403));
#7814 = CARTESIAN_POINT('',(-15.,-37.63563461834,26.005871937611));
#7815 = CARTESIAN_POINT('',(-15.,-37.56244480477,26.045513312809));
#7816 = ORIENTED_EDGE('',*,*,#6357,.F.);
#7817 = ORIENTED_EDGE('',*,*,#6365,.T.);
#7818 = ORIENTED_EDGE('',*,*,#6373,.T.);
#7819 = ORIENTED_EDGE('',*,*,#7716,.T.);
#7820 = FACE_BOUND('',#7821,.T.);
#7821 = EDGE_LOOP('',(#7822));
#7822 = ORIENTED_EDGE('',*,*,#6624,.T.);
#7823 = PLANE('',#7824);
#7824 = AXIS2_PLACEMENT_3D('',#7825,#7826,#7827);
#7825 = CARTESIAN_POINT('',(-15.,-33.,24.));
#7826 = DIRECTION('',(1.,0.,0.));
#7827 = DIRECTION('',(0.,0.,1.));
#7828 = ADVANCED_FACE('',(#7829),#7847,.F.);
#7829 = FACE_BOUND('',#7830,.F.);
#7830 = EDGE_LOOP('',(#7831,#7832,#7845,#7846));
#7831 = ORIENTED_EDGE('',*,*,#7095,.T.);
#7832 = ORIENTED_EDGE('',*,*,#7833,.T.);
#7833 = EDGE_CURVE('',#7071,#7799,#7834,.T.);
#7834 = B_SPLINE_CURVE_WITH_KNOTS('',9,(#7835,#7836,#7837,#7838,#7839,
    #7840,#7841,#7842,#7843,#7844),.UNSPECIFIED.,.F.,.F.,(10,10),(
    9.290323622963,20.188347374936),.PIECEWISE_BEZIER_KNOTS.);
#7835 = CARTESIAN_POINT('',(-8.312238322979,-30.76394206888,
    28.472140978176));
#7836 = CARTESIAN_POINT('',(-9.196313563778,-31.61497157875,
    28.897653343382));
#7837 = CARTESIAN_POINT('',(-10.15018214771,-32.57035517368,
    29.147724254947));
#7838 = CARTESIAN_POINT('',(-11.15865521151,-33.57617159041,
    29.182217265243));
#7839 = CARTESIAN_POINT('',(-12.14970055356,-34.57857524071,
    29.002192603704));
#7840 = CARTESIAN_POINT('',(-13.07821478565,-35.53390626845,
    28.595831800868));
#7841 = CARTESIAN_POINT('',(-13.88415766572,-36.3728003178,
    27.992488603048));
#7842 = CARTESIAN_POINT('',(-14.5398808153,-37.06881616416,
    27.212637001378));
#7843 = CARTESIAN_POINT('',(-15.00270931766,-37.56449441228,
    26.288116378899));
#7844 = CARTESIAN_POINT('',(-15.25062571205,-37.83109513611,
    25.288611572888));
#7845 = ORIENTED_EDGE('',*,*,#7807,.F.);
#7846 = ORIENTED_EDGE('',*,*,#6342,.F.);
#7847 = B_SPLINE_SURFACE_WITH_KNOTS('',1,9,(
    (#7848,#7849,#7850,#7851,#7852,#7853,#7854,#7855,#7856,#7857)
    ,(#7858,#7859,#7860,#7861,#7862,#7863,#7864,#7865,#7866,#7867
  )),.UNSPECIFIED.,.F.,.F.,.F.,(2,2),(10,10),(0.,10.898023751974),(
    9.290323622963,20.188347374936),.PIECEWISE_BEZIER_KNOTS.);
#7848 = CARTESIAN_POINT('',(-7.936291501015,-30.92893218813,
    28.969892782431));
#7849 = CARTESIAN_POINT('',(-8.861529520443,-31.85417020756,
    29.368333422285));
#7850 = CARTESIAN_POINT('',(-9.869340061955,-32.86198074907,
    29.570255254977));
#7851 = CARTESIAN_POINT('',(-10.91264360593,-33.90528429305,
    29.545841524212));
#7852 = CARTESIAN_POINT('',(-11.93622158721,-34.92886227432,
    29.297350117613));
#7853 = CARTESIAN_POINT('',(-12.89186057703,-35.88450126415,
    28.826195779541));
#7854 = CARTESIAN_POINT('',(-13.72117296482,-36.71381365193,
    28.161642857958));
#7855 = CARTESIAN_POINT('',(-14.39640932908,-37.3890500162,
    27.330582578989));
#7856 = CARTESIAN_POINT('',(-14.87321854461,-37.86585923173,
    26.365018106465));
#7857 = CARTESIAN_POINT('',(-15.12867965644,-38.12132034356,
    25.33015199917));
#7858 = CARTESIAN_POINT('',(-8.312238322979,-30.76394206888,
    28.472140978176));
#7859 = CARTESIAN_POINT('',(-9.196313563778,-31.61497157875,
    28.897653343382));
#7860 = CARTESIAN_POINT('',(-10.15018214771,-32.57035517368,
    29.147724254947));
#7861 = CARTESIAN_POINT('',(-11.15865521151,-33.57617159041,
    29.182217265243));
#7862 = CARTESIAN_POINT('',(-12.14970055356,-34.57857524071,
    29.002192603704));
#7863 = CARTESIAN_POINT('',(-13.07821478565,-35.53390626845,
    28.595831800868));
#7864 = CARTESIAN_POINT('',(-13.88415766572,-36.3728003178,
    27.992488603048));
#7865 = CARTESIAN_POINT('',(-14.5398808153,-37.06881616416,
    27.212637001378));
#7866 = CARTESIAN_POINT('',(-15.00270931766,-37.56449441228,
    26.288116378899));
#7867 = CARTESIAN_POINT('',(-15.25062571205,-37.83109513611,
    25.288611572888));
#7868 = ADVANCED_FACE('',(#7869),#7880,.F.);
#7869 = FACE_BOUND('',#7870,.T.);
#7870 = EDGE_LOOP('',(#7871,#7872,#7873,#7879));
#7871 = ORIENTED_EDGE('',*,*,#7688,.F.);
#7872 = ORIENTED_EDGE('',*,*,#6933,.T.);
#7873 = ORIENTED_EDGE('',*,*,#7874,.T.);
#7874 = EDGE_CURVE('',#6922,#6403,#7875,.T.);
#7875 = LINE('',#7876,#7877);
#7876 = CARTESIAN_POINT('',(-17.25,-38.83616959113,14.085284712736));
#7877 = VECTOR('',#7878,1.);
#7878 = DIRECTION('',(0.,-0.461748613251,0.88701083317));
#7879 = ORIENTED_EDGE('',*,*,#6410,.F.);
#7880 = PLANE('',#7881);
#7881 = AXIS2_PLACEMENT_3D('',#7882,#7883,#7884);
#7882 = CARTESIAN_POINT('',(-25.,-38.83616959113,14.085284712736));
#7883 = DIRECTION('',(0.,0.88701083317,0.461748613251));
#7884 = DIRECTION('',(-1.,0.,0.));
#7885 = ADVANCED_FACE('',(#7886),#7892,.F.);
#7886 = FACE_BOUND('',#7887,.F.);
#7887 = EDGE_LOOP('',(#7888,#7889,#7890,#7891));
#7888 = ORIENTED_EDGE('',*,*,#7874,.T.);
#7889 = ORIENTED_EDGE('',*,*,#6427,.T.);
#7890 = ORIENTED_EDGE('',*,*,#7773,.F.);
#7891 = ORIENTED_EDGE('',*,*,#6921,.F.);
#7892 = B_SPLINE_SURFACE_WITH_KNOTS('',1,6,(
    (#7893,#7894,#7895,#7896,#7897,#7898,#7899)
    ,(#7900,#7901,#7902,#7903,#7904,#7905,#7906
  )),.UNSPECIFIED.,.F.,.F.,.F.,(2,2),(7,7),(0.,2.259285476806),(
    21.706250306317,23.965535783123),.PIECEWISE_BEZIER_KNOTS.);
#7893 = CARTESIAN_POINT('',(-17.25,-38.67233918227,13.770569425472));
#7894 = CARTESIAN_POINT('',(-16.94001257914,-38.67233918227,
    13.770569425472));
#7895 = CARTESIAN_POINT('',(-16.6229841839,-38.63204463852,
    13.742354882192));
#7896 = CARTESIAN_POINT('',(-16.31419507422,-38.54792059893,
    13.683450595533));
#7897 = CARTESIAN_POINT('',(-16.02907745791,-38.42056146653,
    13.594272770968));
#7898 = CARTESIAN_POINT('',(-15.77589155127,-38.25134941572,
    13.475789217448));
#7899 = CARTESIAN_POINT('',(-15.56355032776,-38.03912081319,
    13.32718515014));
#7900 = CARTESIAN_POINT('',(-17.25,-39.,14.4));
#7901 = CARTESIAN_POINT('',(-16.85670941877,-39.,14.4));
#7902 = CARTESIAN_POINT('',(-16.45490196267,-38.93831563671,
    14.364063819666));
#7903 = CARTESIAN_POINT('',(-16.06326086599,-38.80866151217,
    14.290155506654));
#7904 = CARTESIAN_POINT('',(-15.71009803491,-38.62026025566,
    14.172067294486));
#7905 = CARTESIAN_POINT('',(-15.39847486268,-38.39110874896,
    14.019946344608));
#7906 = CARTESIAN_POINT('',(-15.12870639475,-38.12134708153,
    13.831104915919));
#7907 = ADVANCED_FACE('',(#7908),#7933,.T.);
#7908 = FACE_BOUND('',#7909,.T.);
#7909 = EDGE_LOOP('',(#7910,#7918,#7919,#7927));
#7910 = ORIENTED_EDGE('',*,*,#7911,.F.);
#7911 = EDGE_CURVE('',#6514,#7912,#7914,.T.);
#7912 = VERTEX_POINT('',#7913);
#7913 = CARTESIAN_POINT('',(-27.,-19.1,26.15));
#7914 = LINE('',#7915,#7916);
#7915 = CARTESIAN_POINT('',(-27.41666666666,-18.68333333333,
    25.733333333333));
#7916 = VECTOR('',#7917,1.);
#7917 = DIRECTION('',(-0.57735026919,0.57735026919,-0.57735026919));
#7918 = ORIENTED_EDGE('',*,*,#6521,.T.);
#7919 = ORIENTED_EDGE('',*,*,#7920,.T.);
#7920 = EDGE_CURVE('',#6522,#7921,#7923,.T.);
#7921 = VERTEX_POINT('',#7922);
#7922 = CARTESIAN_POINT('',(-27.,11.1,26.15));
#7923 = LINE('',#7924,#7925);
#7924 = CARTESIAN_POINT('',(-31.73333333333,6.366666666667,
    21.416666666667));
#7925 = VECTOR('',#7926,1.);
#7926 = DIRECTION('',(-0.57735026919,-0.57735026919,-0.57735026919));
#7927 = ORIENTED_EDGE('',*,*,#7928,.F.);
#7928 = EDGE_CURVE('',#7912,#7921,#7929,.T.);
#7929 = LINE('',#7930,#7931);
#7930 = CARTESIAN_POINT('',(-27.,-20.,26.15));
#7931 = VECTOR('',#7932,1.);
#7932 = DIRECTION('',(0.,1.,0.));
#7933 = PLANE('',#7934);
#7934 = AXIS2_PLACEMENT_3D('',#7935,#7936,#7937);
#7935 = CARTESIAN_POINT('',(-26.55,-20.,26.6));
#7936 = DIRECTION('',(-0.707106781187,0.,0.707106781187));
#7937 = DIRECTION('',(0.,1.,0.));
#7938 = ADVANCED_FACE('',(#7939),#7957,.T.);
#7939 = FACE_BOUND('',#7940,.T.);
#7940 = EDGE_LOOP('',(#7941,#7949,#7950,#7951));
#7941 = ORIENTED_EDGE('',*,*,#7942,.F.);
#7942 = EDGE_CURVE('',#6565,#7943,#7945,.T.);
#7943 = VERTEX_POINT('',#7944);
#7944 = CARTESIAN_POINT('',(-27.,-19.1,21.85));
#7945 = LINE('',#7946,#7947);
#7946 = CARTESIAN_POINT('',(-31.73333333333,-14.36666666666,
    26.583333333333));
#7947 = VECTOR('',#7948,1.);
#7948 = DIRECTION('',(-0.57735026919,0.57735026919,0.57735026919));
#7949 = ORIENTED_EDGE('',*,*,#6572,.T.);
#7950 = ORIENTED_EDGE('',*,*,#7911,.T.);
#7951 = ORIENTED_EDGE('',*,*,#7952,.F.);
#7952 = EDGE_CURVE('',#7943,#7912,#7953,.T.);
#7953 = LINE('',#7954,#7955);
#7954 = CARTESIAN_POINT('',(-27.,-19.1,20.95));
#7955 = VECTOR('',#7956,1.);
#7956 = DIRECTION('',(0.,0.,1.));
#7957 = PLANE('',#7958);
#7958 = AXIS2_PLACEMENT_3D('',#7959,#7960,#7961);
#7959 = CARTESIAN_POINT('',(-26.55,-19.55,20.95));
#7960 = DIRECTION('',(-0.707106781187,-0.707106781187,0.));
#7961 = DIRECTION('',(0.,0.,1.));
#7962 = ADVANCED_FACE('',(#7963),#7981,.T.);
#7963 = FACE_BOUND('',#7964,.T.);
#7964 = EDGE_LOOP('',(#7965,#7973,#7974,#7975));
#7965 = ORIENTED_EDGE('',*,*,#7966,.F.);
#7966 = EDGE_CURVE('',#6593,#7967,#7969,.T.);
#7967 = VERTEX_POINT('',#7968);
#7968 = CARTESIAN_POINT('',(-27.,11.1,21.85));
#7969 = LINE('',#7970,#7971);
#7970 = CARTESIAN_POINT('',(-27.41666666666,10.683333333333,
    22.266666666667));
#7971 = VECTOR('',#7972,1.);
#7972 = DIRECTION('',(-0.57735026919,-0.57735026919,0.57735026919));
#7973 = ORIENTED_EDGE('',*,*,#6600,.T.);
#7974 = ORIENTED_EDGE('',*,*,#7942,.T.);
#7975 = ORIENTED_EDGE('',*,*,#7976,.F.);
#7976 = EDGE_CURVE('',#7967,#7943,#7977,.T.);
#7977 = LINE('',#7978,#7979);
#7978 = CARTESIAN_POINT('',(-27.,12.,21.85));
#7979 = VECTOR('',#7980,1.);
#7980 = DIRECTION('',(0.,-1.,0.));
#7981 = PLANE('',#7982);
#7982 = AXIS2_PLACEMENT_3D('',#7983,#7984,#7985);
#7983 = CARTESIAN_POINT('',(-26.55,12.,21.4));
#7984 = DIRECTION('',(-0.707106781187,0.,-0.707106781187));
#7985 = DIRECTION('',(0.,-1.,0.));
#7986 = ADVANCED_FACE('',(#7987),#7998,.T.);
#7987 = FACE_BOUND('',#7988,.T.);
#7988 = EDGE_LOOP('',(#7989,#7990,#7991,#7992));
#7989 = ORIENTED_EDGE('',*,*,#7920,.F.);
#7990 = ORIENTED_EDGE('',*,*,#6640,.T.);
#7991 = ORIENTED_EDGE('',*,*,#7966,.T.);
#7992 = ORIENTED_EDGE('',*,*,#7993,.F.);
#7993 = EDGE_CURVE('',#7921,#7967,#7994,.T.);
#7994 = LINE('',#7995,#7996);
#7995 = CARTESIAN_POINT('',(-27.,11.1,27.05));
#7996 = VECTOR('',#7997,1.);
#7997 = DIRECTION('',(0.,0.,-1.));
#7998 = PLANE('',#7999);
#7999 = AXIS2_PLACEMENT_3D('',#8000,#8001,#8002);
#8000 = CARTESIAN_POINT('',(-26.55,11.55,27.05));
#8001 = DIRECTION('',(-0.707106781187,0.707106781187,0.));
#8002 = DIRECTION('',(0.,0.,-1.));
#8003 = ADVANCED_FACE('',(#8004,#8015),#8018,.T.);
#8004 = FACE_BOUND('',#8005,.T.);
#8005 = EDGE_LOOP('',(#8006));
#8006 = ORIENTED_EDGE('',*,*,#8007,.F.);
#8007 = EDGE_CURVE('',#8008,#8008,#8010,.T.);
#8008 = VERTEX_POINT('',#8009);
#8009 = CARTESIAN_POINT('',(-10.47,9.78,33.));
#8010 = CIRCLE('',#8011,1.09);
#8011 = AXIS2_PLACEMENT_3D('',#8012,#8013,#8014);
#8012 = CARTESIAN_POINT('',(-11.56,9.78,33.));
#8013 = DIRECTION('',(0.,0.,1.));
#8014 = DIRECTION('',(1.,0.,0.));
#8015 = FACE_BOUND('',#8016,.T.);
#8016 = EDGE_LOOP('',(#8017));
#8017 = ORIENTED_EDGE('',*,*,#6664,.T.);
#8018 = PLANE('',#8019);
#8019 = AXIS2_PLACEMENT_3D('',#8020,#8021,#8022);
#8020 = CARTESIAN_POINT('',(-11.56,9.78,33.));
#8021 = DIRECTION('',(0.,0.,1.));
#8022 = DIRECTION('',(1.,0.,0.));
#8023 = ADVANCED_FACE('',(#8024,#8027),#8038,.T.);
#8024 = FACE_BOUND('',#8025,.T.);
#8025 = EDGE_LOOP('',(#8026));
#8026 = ORIENTED_EDGE('',*,*,#6689,.T.);
#8027 = FACE_BOUND('',#8028,.T.);
#8028 = EDGE_LOOP('',(#8029));
#8029 = ORIENTED_EDGE('',*,*,#8030,.F.);
#8030 = EDGE_CURVE('',#8031,#8031,#8033,.T.);
#8031 = VERTEX_POINT('',#8032);
#8032 = CARTESIAN_POINT('',(12.35,-10.65,29.));
#8033 = CIRCLE('',#8034,1.7);
#8034 = AXIS2_PLACEMENT_3D('',#8035,#8036,#8037);
#8035 = CARTESIAN_POINT('',(10.65,-10.65,29.));
#8036 = DIRECTION('',(0.,0.,1.));
#8037 = DIRECTION('',(1.,0.,0.));
#8038 = PLANE('',#8039);
#8039 = AXIS2_PLACEMENT_3D('',#8040,#8041,#8042);
#8040 = CARTESIAN_POINT('',(10.65,-10.65,29.));
#8041 = DIRECTION('',(0.,0.,1.));
#8042 = DIRECTION('',(1.,0.,0.));
#8043 = ADVANCED_FACE('',(#8044),#8047,.T.);
#8044 = FACE_BOUND('',#8045,.T.);
#8045 = EDGE_LOOP('',(#8046));
#8046 = ORIENTED_EDGE('',*,*,#6736,.T.);
#8047 = PLANE('',#8048);
#8048 = AXIS2_PLACEMENT_3D('',#8049,#8050,#8051);
#8049 = CARTESIAN_POINT('',(0.,0.,35.4));
#8050 = DIRECTION('',(0.,0.,1.));
#8051 = DIRECTION('',(1.,0.,0.));
#8052 = ADVANCED_FACE('',(#8053),#8056,.T.);
#8053 = FACE_BOUND('',#8054,.T.);
#8054 = EDGE_LOOP('',(#8055));
#8055 = ORIENTED_EDGE('',*,*,#6781,.T.);
#8056 = PLANE('',#8057);
#8057 = AXIS2_PLACEMENT_3D('',#8058,#8059,#8060);
#8058 = CARTESIAN_POINT('',(0.,0.,35.4));
#8059 = DIRECTION('',(0.,0.,1.));
#8060 = DIRECTION('',(1.,0.,0.));
#8061 = ADVANCED_FACE('',(#8062),#8090,.F.);
#8062 = FACE_BOUND('',#8063,.F.);
#8063 = EDGE_LOOP('',(#8064,#8065,#8088,#8089));
#8064 = ORIENTED_EDGE('',*,*,#7743,.T.);
#8065 = ORIENTED_EDGE('',*,*,#8066,.T.);
#8066 = EDGE_CURVE('',#7729,#7064,#8067,.T.);
#8067 = B_SPLINE_CURVE_WITH_KNOTS('',7,(#8068,#8069,#8070,#8071,#8072,
    #8073,#8074,#8075,#8076,#8077,#8078,#8079,#8080,#8081,#8082,#8083,
    #8084,#8085,#8086,#8087),.UNSPECIFIED.,.F.,.F.,(8,6,6,8),(
    12.079255610055,12.192317835854,13.899430727245,21.072654966872),
  .UNSPECIFIED.);
#8068 = CARTESIAN_POINT('',(-8.312238221434,-30.7639419038,
    19.527859104363));
#8069 = CARTESIAN_POINT('',(-8.300449514765,-30.75259385449,
    19.533533097674));
#8070 = CARTESIAN_POINT('',(-8.288673686437,-30.74126504096,
    19.539239469231));
#8071 = CARTESIAN_POINT('',(-8.276910772826,-30.72995560658,
    19.544978111868));
#8072 = CARTESIAN_POINT('',(-8.265160810313,-30.71866569472,
    19.550748918417));
#8073 = CARTESIAN_POINT('',(-8.253423835275,-30.70739544875,
    19.55655178171));
#8074 = CARTESIAN_POINT('',(-8.24169988409,-30.69614501205,
    19.562386594582));
#8075 = CARTESIAN_POINT('',(-8.053167665096,-30.51534680569,
    19.656833169375));
#8076 = CARTESIAN_POINT('',(-7.866526940595,-30.3385974088,
    19.758967968908));
#8077 = CARTESIAN_POINT('',(-7.684587752698,-30.18835338746,
    19.858081078928));
#8078 = CARTESIAN_POINT('',(-7.498567778846,-30.03362858693,
    19.966237363394));
#8079 = CARTESIAN_POINT('',(-7.312990537855,-29.89402986367,
    20.075362615004));
#8080 = CARTESIAN_POINT('',(-7.126707725768,-29.7597740452,
    20.188128073139));
#8081 = CARTESIAN_POINT('',(-6.152964694881,-29.10002596201,
    20.789102123228));
#8082 = CARTESIAN_POINT('',(-5.34807979472,-28.6899622595,
    21.326490597779));
#8083 = CARTESIAN_POINT('',(-4.538728552378,-28.38562776717,
    21.886702344628));
#8084 = CARTESIAN_POINT('',(-3.733528703963,-28.17313515847,
    22.454462567538));
#8085 = CARTESIAN_POINT('',(-2.933508520193,-28.04144135596,
    23.023675026802));
#8086 = CARTESIAN_POINT('',(-2.133460962238,-27.98402957321,
    23.593244299014));
#8087 = CARTESIAN_POINT('',(-1.326996035565,-28.00267022554,
    24.163386429353));
#8088 = ORIENTED_EDGE('',*,*,#7148,.T.);
#8089 = ORIENTED_EDGE('',*,*,#7032,.F.);
#8090 = B_SPLINE_SURFACE_WITH_KNOTS('',1,7,(
    (#8091,#8092,#8093,#8094,#8095,#8096,#8097,#8098,#8099,#8100,#8101
      ,#8102,#8103,#8104,#8105,#8106,#8107,#8108,#8109,#8110)
    ,(#8111,#8112,#8113,#8114,#8115,#8116,#8117,#8118,#8119,#8120,#8121
      ,#8122,#8123,#8124,#8125,#8126,#8127,#8128,#8129,#8130
  )),.UNSPECIFIED.,.F.,.F.,.F.,(2,2),(8,6,6,8),(0.,8.993399356817),(
    12.079255610055,12.192317835854,13.899430727245,21.072654966872),
  .UNSPECIFIED.);
#8091 = CARTESIAN_POINT('',(-7.936291501015,-30.92893218813,
    19.030107234003));
#8092 = CARTESIAN_POINT('',(-7.923953916991,-30.91659460411,
    19.035420237437));
#8093 = CARTESIAN_POINT('',(-7.911606598318,-30.90429751738,
    19.040769496044));
#8094 = CARTESIAN_POINT('',(-7.899249802115,-30.89204095576,
    19.046154914566));
#8095 = CARTESIAN_POINT('',(-7.886883785496,-30.87982494704,
    19.051576397746));
#8096 = CARTESIAN_POINT('',(-7.874508805578,-30.86764951903,
    19.057033850324));
#8097 = CARTESIAN_POINT('',(-7.862125119478,-30.85551469953,
    19.062527177044));
#8098 = CARTESIAN_POINT('',(-7.662625632187,-30.66081190519,
    19.151539580309));
#8099 = CARTESIAN_POINT('',(-7.477913576944,-30.49163956277,
    19.241097320086));
#8100 = CARTESIAN_POINT('',(-7.288357345952,-30.32747843954,
    19.334602047738));
#8101 = CARTESIAN_POINT('',(-7.100545725393,-30.17472125107,
    19.433450043858));
#8102 = CARTESIAN_POINT('',(-6.91049770784,-30.02833079577,
    19.535491315413));
#8103 = CARTESIAN_POINT('',(-6.720780555182,-29.89037745476,
    19.64088766143));
#8104 = CARTESIAN_POINT('',(-5.729024679968,-29.20861293849,
    20.205537084856));
#8105 = CARTESIAN_POINT('',(-4.911545210976,-28.78035793461,
    20.718724743725));
#8106 = CARTESIAN_POINT('',(-4.092325360568,-28.45745613463,
    21.260254726889));
#8107 = CARTESIAN_POINT('',(-3.279801789513,-28.22630633559,
    21.814447533836));
#8108 = CARTESIAN_POINT('',(-2.474770946346,-28.07601435454,
    22.374746377229));
#8109 = CARTESIAN_POINT('',(-1.672047379627,-28.,22.939879472648));
#8110 = CARTESIAN_POINT('',(-0.86522368915,-28.,23.510123779037));
#8111 = CARTESIAN_POINT('',(-8.312238221434,-30.7639419038,
    19.527859104363));
#8112 = CARTESIAN_POINT('',(-8.300449514765,-30.75259385449,
    19.533533097674));
#8113 = CARTESIAN_POINT('',(-8.288673686437,-30.74126504096,
    19.539239469231));
#8114 = CARTESIAN_POINT('',(-8.276910772826,-30.72995560658,
    19.544978111868));
#8115 = CARTESIAN_POINT('',(-8.265160810313,-30.71866569472,
    19.550748918417));
#8116 = CARTESIAN_POINT('',(-8.253423835275,-30.70739544875,
    19.55655178171));
#8117 = CARTESIAN_POINT('',(-8.24169988409,-30.69614501205,
    19.562386594582));
#8118 = CARTESIAN_POINT('',(-8.053167665096,-30.51534680569,
    19.656833169375));
#8119 = CARTESIAN_POINT('',(-7.866526940595,-30.3385974088,
    19.758967968908));
#8120 = CARTESIAN_POINT('',(-7.684587752698,-30.18835338746,
    19.858081078928));
#8121 = CARTESIAN_POINT('',(-7.498567778846,-30.03362858693,
    19.966237363394));
#8122 = CARTESIAN_POINT('',(-7.312990537855,-29.89402986367,
    20.075362615004));
#8123 = CARTESIAN_POINT('',(-7.126707725768,-29.7597740452,
    20.188128073139));
#8124 = CARTESIAN_POINT('',(-6.152964694881,-29.10002596201,
    20.789102123228));
#8125 = CARTESIAN_POINT('',(-5.34807979472,-28.6899622595,
    21.326490597779));
#8126 = CARTESIAN_POINT('',(-4.538728552378,-28.38562776717,
    21.886702344628));
#8127 = CARTESIAN_POINT('',(-3.733528703963,-28.17313515847,
    22.454462567538));
#8128 = CARTESIAN_POINT('',(-2.933508520193,-28.04144135596,
    23.023675026802));
#8129 = CARTESIAN_POINT('',(-2.133460962238,-27.98402957321,
    23.593244299014));
#8130 = CARTESIAN_POINT('',(-1.326996035565,-28.00267022554,
    24.163386429353));
#8131 = ADVANCED_FACE('',(#8132),#8140,.F.);
#8132 = FACE_BOUND('',#8133,.F.);
#8133 = EDGE_LOOP('',(#8134,#8135,#8136,#8137,#8138,#8139));
#8134 = ORIENTED_EDGE('',*,*,#7789,.T.);
#8135 = ORIENTED_EDGE('',*,*,#7798,.T.);
#8136 = ORIENTED_EDGE('',*,*,#7833,.F.);
#8137 = ORIENTED_EDGE('',*,*,#7070,.F.);
#8138 = ORIENTED_EDGE('',*,*,#8066,.F.);
#8139 = ORIENTED_EDGE('',*,*,#7728,.F.);
#8140 = CYLINDRICAL_SURFACE('',#8141,5.);
#8141 = AXIS2_PLACEMENT_3D('',#8142,#8143,#8144);
#8142 = CARTESIAN_POINT('',(24.,-33.,24.));
#8143 = DIRECTION('',(1.,0.,0.));
#8144 = DIRECTION('',(0.,1.,0.));
#8145 = ADVANCED_FACE('',(#8146),#8152,.F.);
#8146 = FACE_BOUND('',#8147,.F.);
#8147 = EDGE_LOOP('',(#8148,#8149,#8150,#8151));
#8148 = ORIENTED_EDGE('',*,*,#7993,.F.);
#8149 = ORIENTED_EDGE('',*,*,#7928,.F.);
#8150 = ORIENTED_EDGE('',*,*,#7952,.F.);
#8151 = ORIENTED_EDGE('',*,*,#7976,.F.);
#8152 = PLANE('',#8153);
#8153 = AXIS2_PLACEMENT_3D('',#8154,#8155,#8156);
#8154 = CARTESIAN_POINT('',(-27.,-4.,24.));
#8155 = DIRECTION('',(1.,0.,0.));
#8156 = DIRECTION('',(0.,0.,1.));
#8157 = ADVANCED_FACE('',(#8158),#8177,.F.);
#8158 = FACE_BOUND('',#8159,.T.);
#8159 = EDGE_LOOP('',(#8160,#8168,#8169,#8170));
#8160 = ORIENTED_EDGE('',*,*,#8161,.F.);
#8161 = EDGE_CURVE('',#8008,#8162,#8164,.T.);
#8162 = VERTEX_POINT('',#8163);
#8163 = CARTESIAN_POINT('',(-10.66,9.78,32.81));
#8164 = LINE('',#8165,#8166);
#8165 = CARTESIAN_POINT('',(-10.66,9.78,32.81));
#8166 = VECTOR('',#8167,1.);
#8167 = DIRECTION('',(-0.707106781187,-0.,-0.707106781187));
#8168 = ORIENTED_EDGE('',*,*,#8007,.T.);
#8169 = ORIENTED_EDGE('',*,*,#8161,.T.);
#8170 = ORIENTED_EDGE('',*,*,#8171,.F.);
#8171 = EDGE_CURVE('',#8162,#8162,#8172,.T.);
#8172 = CIRCLE('',#8173,0.9);
#8173 = AXIS2_PLACEMENT_3D('',#8174,#8175,#8176);
#8174 = CARTESIAN_POINT('',(-11.56,9.78,32.81));
#8175 = DIRECTION('',(0.,0.,1.));
#8176 = DIRECTION('',(1.,0.,0.));
#8177 = CONICAL_SURFACE('',#8178,0.9,0.785398163397);
#8178 = AXIS2_PLACEMENT_3D('',#8179,#8180,#8181);
#8179 = CARTESIAN_POINT('',(-11.56,9.78,32.81));
#8180 = DIRECTION('',(0.,0.,1.));
#8181 = DIRECTION('',(1.,0.,0.));
#8182 = ADVANCED_FACE('',(#8183),#8202,.F.);
#8183 = FACE_BOUND('',#8184,.F.);
#8184 = EDGE_LOOP('',(#8185,#8186,#8194,#8201));
#8185 = ORIENTED_EDGE('',*,*,#8030,.F.);
#8186 = ORIENTED_EDGE('',*,*,#8187,.T.);
#8187 = EDGE_CURVE('',#8031,#8188,#8190,.T.);
#8188 = VERTEX_POINT('',#8189);
#8189 = CARTESIAN_POINT('',(12.35,-10.65,26.));
#8190 = LINE('',#8191,#8192);
#8191 = CARTESIAN_POINT('',(12.35,-10.65,34.));
#8192 = VECTOR('',#8193,1.);
#8193 = DIRECTION('',(-0.,-0.,-1.));
#8194 = ORIENTED_EDGE('',*,*,#8195,.T.);
#8195 = EDGE_CURVE('',#8188,#8188,#8196,.T.);
#8196 = CIRCLE('',#8197,1.7);
#8197 = AXIS2_PLACEMENT_3D('',#8198,#8199,#8200);
#8198 = CARTESIAN_POINT('',(10.65,-10.65,26.));
#8199 = DIRECTION('',(0.,0.,1.));
#8200 = DIRECTION('',(1.,0.,0.));
#8201 = ORIENTED_EDGE('',*,*,#8187,.F.);
#8202 = CYLINDRICAL_SURFACE('',#8203,1.7);
#8203 = AXIS2_PLACEMENT_3D('',#8204,#8205,#8206);
#8204 = CARTESIAN_POINT('',(10.65,-10.65,34.));
#8205 = DIRECTION('',(0.,0.,1.));
#8206 = DIRECTION('',(1.,0.,0.));
#8207 = ADVANCED_FACE('',(#8208),#8227,.F.);
#8208 = FACE_BOUND('',#8209,.F.);
#8209 = EDGE_LOOP('',(#8210,#8218,#8219,#8220));
#8210 = ORIENTED_EDGE('',*,*,#8211,.F.);
#8211 = EDGE_CURVE('',#8162,#8212,#8214,.T.);
#8212 = VERTEX_POINT('',#8213);
#8213 = CARTESIAN_POINT('',(-10.66,9.78,24.));
#8214 = LINE('',#8215,#8216);
#8215 = CARTESIAN_POINT('',(-10.66,9.78,34.));
#8216 = VECTOR('',#8217,1.);
#8217 = DIRECTION('',(-0.,-0.,-1.));
#8218 = ORIENTED_EDGE('',*,*,#8171,.F.);
#8219 = ORIENTED_EDGE('',*,*,#8211,.T.);
#8220 = ORIENTED_EDGE('',*,*,#8221,.T.);
#8221 = EDGE_CURVE('',#8212,#8212,#8222,.T.);
#8222 = CIRCLE('',#8223,0.9);
#8223 = AXIS2_PLACEMENT_3D('',#8224,#8225,#8226);
#8224 = CARTESIAN_POINT('',(-11.56,9.78,24.));
#8225 = DIRECTION('',(0.,0.,1.));
#8226 = DIRECTION('',(1.,0.,0.));
#8227 = CYLINDRICAL_SURFACE('',#8228,0.9);
#8228 = AXIS2_PLACEMENT_3D('',#8229,#8230,#8231);
#8229 = CARTESIAN_POINT('',(-11.56,9.78,34.));
#8230 = DIRECTION('',(0.,0.,1.));
#8231 = DIRECTION('',(1.,0.,0.));
#8232 = ADVANCED_FACE('',(#8233),#8236,.T.);
#8233 = FACE_BOUND('',#8234,.T.);
#8234 = EDGE_LOOP('',(#8235));
#8235 = ORIENTED_EDGE('',*,*,#8195,.T.);
#8236 = PLANE('',#8237);
#8237 = AXIS2_PLACEMENT_3D('',#8238,#8239,#8240);
#8238 = CARTESIAN_POINT('',(10.65,-10.65,26.));
#8239 = DIRECTION('',(0.,0.,1.));
#8240 = DIRECTION('',(1.,0.,0.));
#8241 = ADVANCED_FACE('',(#8242),#8245,.T.);
#8242 = FACE_BOUND('',#8243,.T.);
#8243 = EDGE_LOOP('',(#8244));
#8244 = ORIENTED_EDGE('',*,*,#8221,.T.);
#8245 = PLANE('',#8246);
#8246 = AXIS2_PLACEMENT_3D('',#8247,#8248,#8249);
#8247 = CARTESIAN_POINT('',(-11.56,9.78,24.));
#8248 = DIRECTION('',(0.,0.,1.));
#8249 = DIRECTION('',(1.,0.,0.));
#8250 = ( GEOMETRIC_REPRESENTATION_CONTEXT(3) 
GLOBAL_UNCERTAINTY_ASSIGNED_CONTEXT((#8254)) 
GLOBAL_UNIT_ASSIGNED_CONTEXT((#8251,#8252,#8253)) REPRESENTATION_CONTEXT
('Context #1','3D Context with UNIT and UNCERTAINTY') );
#8251 = ( LENGTH_UNIT() NAMED_UNIT(*) SI_UNIT(.MILLI.,.METRE.) );
#8252 = ( NAMED_UNIT(*) PLANE_ANGLE_UNIT() SI_UNIT($,.RADIAN.) );
#8253 = ( NAMED_UNIT(*) SI_UNIT($,.STERADIAN.) SOLID_ANGLE_UNIT() );
#8254 = UNCERTAINTY_MEASURE_WITH_UNIT(LENGTH_MEASURE(2.E-05),#8251,
  'distance_accuracy_value','confusion accuracy');
#8255 = PRODUCT_RELATED_PRODUCT_CATEGORY('part',$,(#7));
#8256 = MECHANICAL_DESIGN_GEOMETRIC_PRESENTATION_REPRESENTATION('',(
    #8257),#8250);
#8257 = STYLED_ITEM('color',(#8258),#15);
#8258 = PRESENTATION_STYLE_ASSIGNMENT((#8259,#8265));
#8259 = SURFACE_STYLE_USAGE(.BOTH.,#8260);
#8260 = SURFACE_SIDE_STYLE('',(#8261));
#8261 = SURFACE_STYLE_FILL_AREA(#8262);
#8262 = FILL_AREA_STYLE('',(#8263));
#8263 = FILL_AREA_STYLE_COLOUR('',#8264);
#8264 = COLOUR_RGB('',0.678431390124,0.709803936702,0.741176476869);
#8265 = CURVE_STYLE('',#8266,POSITIVE_LENGTH_MEASURE(0.1),#8267);
#8266 = DRAUGHTING_PRE_DEFINED_CURVE_FONT('continuous');
#8267 = COLOUR_RGB('',9.803921802644E-02,9.803921802644E-02,
  9.803921802644E-02);
ENDSEC;
END-ISO-10303-21;
