ISO-10303-21;
HEADER;
FILE_DESCRIPTION(('FreeCAD Model'),'2;1');
FILE_NAME('Open CASCADE Shape Model','2026-07-13T14:31:07',(''),(''),
  'Open CASCADE STEP processor 7.8','FreeCAD','Unknown');
FILE_SCHEMA(('AUTOMOTIVE_DESIGN { 1 0 10303 214 1 1 1 1 }'));
ENDSEC;
DATA;
#1 = APPLICATION_PROTOCOL_DEFINITION('international standard',
  'automotive_design',2000,#2);
#2 = APPLICATION_CONTEXT(
  'core data for automotive mechanical design processes');
#3 = SHAPE_DEFINITION_REPRESENTATION(#4,#10);
#4 = PRODUCT_DEFINITION_SHAPE('','',#5);
#5 = PRODUCT_DEFINITION('design','',#6,#9);
#6 = PRODUCT_DEFINITION_FORMATION('','',#7);
#7 = PRODUCT('z_stepper_rear_coupler','z_stepper_rear_coupler','',(#8));
#8 = PRODUCT_CONTEXT('',#2,'mechanical');
#9 = PRODUCT_DEFINITION_CONTEXT('part definition',#2,'design');
#10 = ADVANCED_BREP_SHAPE_REPRESENTATION('',(#11,#15),#9670);
#11 = AXIS2_PLACEMENT_3D('',#12,#13,#14);
#12 = CARTESIAN_POINT('',(0.,0.,0.));
#13 = DIRECTION('',(0.,0.,1.));
#14 = DIRECTION('',(1.,0.,-0.));
#15 = MANIFOLD_SOLID_BREP('',#16);
#16 = CLOSED_SHELL('',(#17,#783,#808,#839,#864,#906,#930,#1145,#1170,
    #1194,#1218,#1267,#1292,#1317,#1341,#1366,#1391,#1416,#1440,#1465,
    #1490,#1515,#1539,#1564,#1589,#1606,#1630,#1658,#1675,#1699,#1723,
    #1765,#1790,#1814,#1839,#1864,#1889,#1914,#1932,#1957,#1988,#2013,
    #2038,#2063,#2088,#2113,#2138,#2156,#2181,#2213,#2238,#2262,#2287,
    #2312,#2337,#2362,#2380,#2405,#2437,#2461,#2486,#2511,#2536,#2562,
    #2587,#2605,#2631,#2656,#2681,#2706,#2739,#2764,#2789,#2814,#2838,
    #2863,#2888,#2906,#2931,#2956,#3155,#3172,#3285,#3316,#3429,#3452,
    #3491,#3515,#3532,#3571,#3583,#3595,#3620,#3651,#3675,#3699,#3716,
    #3741,#3773,#3798,#3823,#3848,#3873,#3898,#3923,#3940,#3972,#3997,
    #4021,#4046,#4071,#4096,#4121,#4139,#4159,#4190,#4215,#4240,#4265,
    #4290,#4315,#4340,#4358,#4383,#4415,#4440,#4464,#4489,#4514,#4539,
    #4564,#4582,#4602,#4634,#4658,#4683,#4708,#4733,#4758,#4783,#4801,
    #4826,#4846,#4871,#4896,#4928,#4953,#4978,#5003,#5027,#5052,#5077,
    #5095,#5115,#5135,#5152,#5176,#5201,#5225,#5248,#5265,#5290,#5314,
    #5339,#5363,#5388,#5412,#5435,#5452,#5477,#5494,#5518,#5542,#5560,
    #5585,#5609,#5665,#5733,#5791,#5843,#5867,#6111,#6136,#6186,#6254,
    #6313,#6365,#6398,#6422,#6454,#6478,#6539,#6570,#6594,#6618,#6635,
    #6687,#6712,#6732,#6757,#6766,#6791,#6800,#6825,#6850,#6878,#6923,
    #6947,#6972,#7046,#7071,#7088,#7140,#7161,#7178,#7278,#7819,#7895,
    #7912,#7928,#7950,#7967,#7984,#8001,#8018,#8035,#8052,#8077,#8094,
    #8118,#8143,#8168,#8192,#8216,#8234,#8251,#8268,#8285,#8302,#8384,
    #8925,#9001,#9017,#9034,#9056,#9094,#9122,#9150,#9162,#9199,#9227,
    #9255,#9280,#9305,#9330,#9356,#9381,#9406,#9424,#9448,#9473,#9497,
    #9521,#9539,#9548,#9557,#9582,#9606,#9624,#9641,#9659));
#17 = ADVANCED_FACE('',(#18,#29,#375,#386,#459,#470,#543,#554,#636,#654,
    #665,#676,#687,#767),#778,.T.);
#18 = FACE_BOUND('',#19,.T.);
#19 = EDGE_LOOP('',(#20));
#20 = ORIENTED_EDGE('',*,*,#21,.F.);
#21 = EDGE_CURVE('',#22,#22,#24,.T.);
#22 = VERTEX_POINT('',#23);
#23 = CARTESIAN_POINT('',(1.29,16.1,34.));
#24 = CIRCLE('',#25,1.29);
#25 = AXIS2_PLACEMENT_3D('',#26,#27,#28);
#26 = CARTESIAN_POINT('',(0.,16.1,34.));
#27 = DIRECTION('',(0.,0.,1.));
#28 = DIRECTION('',(1.,0.,-0.));
#29 = FACE_BOUND('',#30,.T.);
#30 = EDGE_LOOP('',(#31,#41,#50,#58,#67,#75,#84,#92,#101,#109,#118,#126,
    #135,#143,#152,#160,#168,#177,#186,#195,#204,#213,#222,#231,#239,
    #248,#256,#264,#272,#281,#289,#298,#307,#316,#325,#334,#343,#352,
    #360,#368));
#31 = ORIENTED_EDGE('',*,*,#32,.F.);
#32 = EDGE_CURVE('',#33,#35,#37,.T.);
#33 = VERTEX_POINT('',#34);
#34 = CARTESIAN_POINT('',(-20.41421356237,19.575735931288,34.));
#35 = VERTEX_POINT('',#36);
#36 = CARTESIAN_POINT('',(-18.57573593128,21.414213562373,34.));
#37 = LINE('',#38,#39);
#38 = CARTESIAN_POINT('',(-20.41421356237,19.575735931288,34.));
#39 = VECTOR('',#40,1.);
#40 = DIRECTION('',(0.707106781187,0.707106781187,0.));
#41 = ORIENTED_EDGE('',*,*,#42,.T.);
#42 = EDGE_CURVE('',#33,#43,#45,.T.);
#43 = VERTEX_POINT('',#44);
#44 = CARTESIAN_POINT('',(-21.,18.161522368915,34.));
#45 = CIRCLE('',#46,2.);
#46 = AXIS2_PLACEMENT_3D('',#47,#48,#49);
#47 = CARTESIAN_POINT('',(-19.,18.161522368915,34.));
#48 = DIRECTION('',(0.,0.,1.));
#49 = DIRECTION('',(1.,0.,0.));
#50 = ORIENTED_EDGE('',*,*,#51,.F.);
#51 = EDGE_CURVE('',#52,#43,#54,.T.);
#52 = VERTEX_POINT('',#53);
#53 = CARTESIAN_POINT('',(-21.,-17.16152236891,34.));
#54 = LINE('',#55,#56);
#55 = CARTESIAN_POINT('',(-21.,-17.16152236891,34.));
#56 = VECTOR('',#57,1.);
#57 = DIRECTION('',(0.,1.,0.));
#58 = ORIENTED_EDGE('',*,*,#59,.T.);
#59 = EDGE_CURVE('',#52,#60,#62,.T.);
#60 = VERTEX_POINT('',#61);
#61 = CARTESIAN_POINT('',(-20.41421356237,-18.57573593128,34.));
#62 = CIRCLE('',#63,2.);
#63 = AXIS2_PLACEMENT_3D('',#64,#65,#66);
#64 = CARTESIAN_POINT('',(-19.,-17.16152236891,34.));
#65 = DIRECTION('',(0.,0.,1.));
#66 = DIRECTION('',(1.,0.,0.));
#67 = ORIENTED_EDGE('',*,*,#68,.F.);
#68 = EDGE_CURVE('',#69,#60,#71,.T.);
#69 = VERTEX_POINT('',#70);
#70 = CARTESIAN_POINT('',(-18.57573593128,-20.41421356237,34.));
#71 = LINE('',#72,#73);
#72 = CARTESIAN_POINT('',(-18.57573593128,-20.41421356237,34.));
#73 = VECTOR('',#74,1.);
#74 = DIRECTION('',(-0.707106781187,0.707106781187,0.));
#75 = ORIENTED_EDGE('',*,*,#76,.T.);
#76 = EDGE_CURVE('',#69,#77,#79,.T.);
#77 = VERTEX_POINT('',#78);
#78 = CARTESIAN_POINT('',(-17.16152236891,-21.,34.));
#79 = CIRCLE('',#80,2.);
#80 = AXIS2_PLACEMENT_3D('',#81,#82,#83);
#81 = CARTESIAN_POINT('',(-17.16152236891,-19.,34.));
#82 = DIRECTION('',(0.,0.,1.));
#83 = DIRECTION('',(1.,0.,0.));
#84 = ORIENTED_EDGE('',*,*,#85,.F.);
#85 = EDGE_CURVE('',#86,#77,#88,.T.);
#86 = VERTEX_POINT('',#87);
#87 = CARTESIAN_POINT('',(17.161522368915,-21.,34.));
#88 = LINE('',#89,#90);
#89 = CARTESIAN_POINT('',(17.161522368915,-21.,34.));
#90 = VECTOR('',#91,1.);
#91 = DIRECTION('',(-1.,0.,0.));
#92 = ORIENTED_EDGE('',*,*,#93,.T.);
#93 = EDGE_CURVE('',#86,#94,#96,.T.);
#94 = VERTEX_POINT('',#95);
#95 = CARTESIAN_POINT('',(18.575735931288,-20.41421356237,34.));
#96 = CIRCLE('',#97,2.);
#97 = AXIS2_PLACEMENT_3D('',#98,#99,#100);
#98 = CARTESIAN_POINT('',(17.161522368915,-19.,34.));
#99 = DIRECTION('',(0.,0.,1.));
#100 = DIRECTION('',(1.,0.,0.));
#101 = ORIENTED_EDGE('',*,*,#102,.F.);
#102 = EDGE_CURVE('',#103,#94,#105,.T.);
#103 = VERTEX_POINT('',#104);
#104 = CARTESIAN_POINT('',(20.414213562373,-18.57573593128,34.));
#105 = LINE('',#106,#107);
#106 = CARTESIAN_POINT('',(20.414213562373,-18.57573593128,34.));
#107 = VECTOR('',#108,1.);
#108 = DIRECTION('',(-0.707106781187,-0.707106781187,0.));
#109 = ORIENTED_EDGE('',*,*,#110,.T.);
#110 = EDGE_CURVE('',#103,#111,#113,.T.);
#111 = VERTEX_POINT('',#112);
#112 = CARTESIAN_POINT('',(21.,-17.16152236891,34.));
#113 = CIRCLE('',#114,2.);
#114 = AXIS2_PLACEMENT_3D('',#115,#116,#117);
#115 = CARTESIAN_POINT('',(19.,-17.16152236891,34.));
#116 = DIRECTION('',(0.,0.,1.));
#117 = DIRECTION('',(1.,0.,0.));
#118 = ORIENTED_EDGE('',*,*,#119,.F.);
#119 = EDGE_CURVE('',#120,#111,#122,.T.);
#120 = VERTEX_POINT('',#121);
#121 = CARTESIAN_POINT('',(21.,18.161522368915,34.));
#122 = LINE('',#123,#124);
#123 = CARTESIAN_POINT('',(21.,18.161522368915,34.));
#124 = VECTOR('',#125,1.);
#125 = DIRECTION('',(0.,-1.,0.));
#126 = ORIENTED_EDGE('',*,*,#127,.T.);
#127 = EDGE_CURVE('',#120,#128,#130,.T.);
#128 = VERTEX_POINT('',#129);
#129 = CARTESIAN_POINT('',(20.414213562373,19.575735931288,34.));
#130 = CIRCLE('',#131,2.);
#131 = AXIS2_PLACEMENT_3D('',#132,#133,#134);
#132 = CARTESIAN_POINT('',(19.,18.161522368915,34.));
#133 = DIRECTION('',(0.,0.,1.));
#134 = DIRECTION('',(1.,0.,0.));
#135 = ORIENTED_EDGE('',*,*,#136,.F.);
#136 = EDGE_CURVE('',#137,#128,#139,.T.);
#137 = VERTEX_POINT('',#138);
#138 = CARTESIAN_POINT('',(18.575735931288,21.414213562373,34.));
#139 = LINE('',#140,#141);
#140 = CARTESIAN_POINT('',(18.575735931288,21.414213562373,34.));
#141 = VECTOR('',#142,1.);
#142 = DIRECTION('',(0.707106781187,-0.707106781187,0.));
#143 = ORIENTED_EDGE('',*,*,#144,.T.);
#144 = EDGE_CURVE('',#137,#145,#147,.T.);
#145 = VERTEX_POINT('',#146);
#146 = CARTESIAN_POINT('',(17.161522368915,22.,34.));
#147 = CIRCLE('',#148,2.);
#148 = AXIS2_PLACEMENT_3D('',#149,#150,#151);
#149 = CARTESIAN_POINT('',(17.161522368915,20.,34.));
#150 = DIRECTION('',(0.,0.,1.));
#151 = DIRECTION('',(1.,0.,0.));
#152 = ORIENTED_EDGE('',*,*,#153,.F.);
#153 = EDGE_CURVE('',#154,#145,#156,.T.);
#154 = VERTEX_POINT('',#155);
#155 = CARTESIAN_POINT('',(10.2,22.,34.));
#156 = LINE('',#157,#158);
#157 = CARTESIAN_POINT('',(-17.16152236891,22.,34.));
#158 = VECTOR('',#159,1.);
#159 = DIRECTION('',(1.,0.,0.));
#160 = ORIENTED_EDGE('',*,*,#161,.F.);
#161 = EDGE_CURVE('',#162,#154,#164,.T.);
#162 = VERTEX_POINT('',#163);
#163 = CARTESIAN_POINT('',(10.2,17.875332979148,34.));
#164 = LINE('',#165,#166);
#165 = CARTESIAN_POINT('',(10.2,17.8,34.));
#166 = VECTOR('',#167,1.);
#167 = DIRECTION('',(0.,1.,0.));
#168 = ORIENTED_EDGE('',*,*,#169,.F.);
#169 = EDGE_CURVE('',#170,#162,#172,.T.);
#170 = VERTEX_POINT('',#171);
#171 = CARTESIAN_POINT('',(10.68445316499,16.748948650078,34.));
#172 = CIRCLE('',#173,1.);
#173 = AXIS2_PLACEMENT_3D('',#174,#175,#176);
#174 = CARTESIAN_POINT('',(9.716479394838,17.,34.));
#175 = DIRECTION('',(0.,0.,1.));
#176 = DIRECTION('',(1.,0.,0.));
#177 = ORIENTED_EDGE('',*,*,#178,.T.);
#178 = EDGE_CURVE('',#170,#179,#181,.T.);
#179 = VERTEX_POINT('',#180);
#180 = CARTESIAN_POINT('',(10.600317537724,14.638329634045,34.));
#181 = CIRCLE('',#182,4.974873269813);
#182 = AXIS2_PLACEMENT_3D('',#183,#184,#185);
#183 = CARTESIAN_POINT('',(15.5,15.5,34.));
#184 = DIRECTION('',(0.,0.,1.));
#185 = DIRECTION('',(1.,0.,0.));
#186 = ORIENTED_EDGE('',*,*,#187,.F.);
#187 = EDGE_CURVE('',#188,#179,#190,.T.);
#188 = VERTEX_POINT('',#189);
#189 = CARTESIAN_POINT('',(7.173220365879,12.254995291004,34.));
#190 = CIRCLE('',#191,2.3);
#191 = AXIS2_PLACEMENT_3D('',#192,#193,#194);
#192 = CARTESIAN_POINT('',(8.335080002606,14.239959317012,34.));
#193 = DIRECTION('',(0.,0.,1.));
#194 = DIRECTION('',(1.,0.,0.));
#195 = ORIENTED_EDGE('',*,*,#196,.T.);
#196 = EDGE_CURVE('',#188,#197,#199,.T.);
#197 = VERTEX_POINT('',#198);
#198 = CARTESIAN_POINT('',(2.680612239771,13.944687806473,34.));
#199 = CIRCLE('',#200,14.2);
#200 = AXIS2_PLACEMENT_3D('',#201,#202,#203);
#201 = CARTESIAN_POINT('',(0.,0.,34.));
#202 = DIRECTION('',(0.,0.,1.));
#203 = DIRECTION('',(1.,0.,0.));
#204 = ORIENTED_EDGE('',*,*,#205,.F.);
#205 = EDGE_CURVE('',#206,#197,#208,.T.);
#206 = VERTEX_POINT('',#207);
#207 = CARTESIAN_POINT('',(1.943778798126,15.305189340813,34.));
#208 = CIRCLE('',#209,1.);
#209 = AXIS2_PLACEMENT_3D('',#210,#211,#212);
#210 = CARTESIAN_POINT('',(2.869387749614,14.926708074534,34.));
#211 = DIRECTION('',(0.,0.,1.));
#212 = DIRECTION('',(1.,0.,0.));
#213 = ORIENTED_EDGE('',*,*,#214,.T.);
#214 = EDGE_CURVE('',#206,#215,#217,.T.);
#215 = VERTEX_POINT('',#216);
#216 = CARTESIAN_POINT('',(2.009550557794,16.709677419355,34.));
#217 = CIRCLE('',#218,2.1);
#218 = AXIS2_PLACEMENT_3D('',#219,#220,#221);
#219 = CARTESIAN_POINT('',(0.,16.1,34.));
#220 = DIRECTION('',(0.,0.,1.));
#221 = DIRECTION('',(1.,0.,0.));
#222 = ORIENTED_EDGE('',*,*,#223,.F.);
#223 = EDGE_CURVE('',#224,#215,#226,.T.);
#224 = VERTEX_POINT('',#225);
#225 = CARTESIAN_POINT('',(2.966479394838,18.,34.));
#226 = CIRCLE('',#227,1.);
#227 = AXIS2_PLACEMENT_3D('',#228,#229,#230);
#228 = CARTESIAN_POINT('',(2.966479394838,17.,34.));
#229 = DIRECTION('',(0.,0.,1.));
#230 = DIRECTION('',(1.,0.,0.));
#231 = ORIENTED_EDGE('',*,*,#232,.T.);
#232 = EDGE_CURVE('',#224,#233,#235,.T.);
#233 = VERTEX_POINT('',#234);
#234 = CARTESIAN_POINT('',(9.716479394838,18.,34.));
#235 = LINE('',#236,#237);
#236 = CARTESIAN_POINT('',(2.966479394838,18.,34.));
#237 = VECTOR('',#238,1.);
#238 = DIRECTION('',(1.,0.,0.));
#239 = ORIENTED_EDGE('',*,*,#240,.F.);
#240 = EDGE_CURVE('',#241,#233,#243,.T.);
#241 = VERTEX_POINT('',#242);
#242 = CARTESIAN_POINT('',(9.8,17.996506050415,34.));
#243 = CIRCLE('',#244,1.);
#244 = AXIS2_PLACEMENT_3D('',#245,#246,#247);
#245 = CARTESIAN_POINT('',(9.716479394838,17.,34.));
#246 = DIRECTION('',(0.,0.,1.));
#247 = DIRECTION('',(1.,0.,0.));
#248 = ORIENTED_EDGE('',*,*,#249,.F.);
#249 = EDGE_CURVE('',#250,#241,#252,.T.);
#250 = VERTEX_POINT('',#251);
#251 = CARTESIAN_POINT('',(9.8,22.,34.));
#252 = LINE('',#253,#254);
#253 = CARTESIAN_POINT('',(9.8,22.,34.));
#254 = VECTOR('',#255,1.);
#255 = DIRECTION('',(0.,-1.,0.));
#256 = ORIENTED_EDGE('',*,*,#257,.F.);
#257 = EDGE_CURVE('',#258,#250,#260,.T.);
#258 = VERTEX_POINT('',#259);
#259 = CARTESIAN_POINT('',(-9.8,22.,34.));
#260 = LINE('',#261,#262);
#261 = CARTESIAN_POINT('',(-17.16152236891,22.,34.));
#262 = VECTOR('',#263,1.);
#263 = DIRECTION('',(1.,0.,0.));
#264 = ORIENTED_EDGE('',*,*,#265,.F.);
#265 = EDGE_CURVE('',#266,#258,#268,.T.);
#266 = VERTEX_POINT('',#267);
#267 = CARTESIAN_POINT('',(-9.8,17.993989547303,34.));
#268 = LINE('',#269,#270);
#269 = CARTESIAN_POINT('',(-9.8,17.8,34.));
#270 = VECTOR('',#271,1.);
#271 = DIRECTION('',(0.,1.,0.));
#272 = ORIENTED_EDGE('',*,*,#273,.F.);
#273 = EDGE_CURVE('',#274,#266,#276,.T.);
#274 = VERTEX_POINT('',#275);
#275 = CARTESIAN_POINT('',(-9.690524980689,18.,34.));
#276 = CIRCLE('',#277,1.);
#277 = AXIS2_PLACEMENT_3D('',#278,#279,#280);
#278 = CARTESIAN_POINT('',(-9.690524980689,17.,34.));
#279 = DIRECTION('',(0.,0.,1.));
#280 = DIRECTION('',(1.,0.,0.));
#281 = ORIENTED_EDGE('',*,*,#282,.T.);
#282 = EDGE_CURVE('',#274,#283,#285,.T.);
#283 = VERTEX_POINT('',#284);
#284 = CARTESIAN_POINT('',(-2.966479394838,18.,34.));
#285 = LINE('',#286,#287);
#286 = CARTESIAN_POINT('',(-9.690524980689,18.,34.));
#287 = VECTOR('',#288,1.);
#288 = DIRECTION('',(1.,0.,0.));
#289 = ORIENTED_EDGE('',*,*,#290,.F.);
#290 = EDGE_CURVE('',#291,#283,#293,.T.);
#291 = VERTEX_POINT('',#292);
#292 = CARTESIAN_POINT('',(-2.009550557794,16.709677419355,34.));
#293 = CIRCLE('',#294,1.);
#294 = AXIS2_PLACEMENT_3D('',#295,#296,#297);
#295 = CARTESIAN_POINT('',(-2.966479394838,17.,34.));
#296 = DIRECTION('',(0.,0.,1.));
#297 = DIRECTION('',(1.,0.,0.));
#298 = ORIENTED_EDGE('',*,*,#299,.T.);
#299 = EDGE_CURVE('',#291,#300,#302,.T.);
#300 = VERTEX_POINT('',#301);
#301 = CARTESIAN_POINT('',(-1.943778798126,15.305189340813,34.));
#302 = CIRCLE('',#303,2.1);
#303 = AXIS2_PLACEMENT_3D('',#304,#305,#306);
#304 = CARTESIAN_POINT('',(0.,16.1,34.));
#305 = DIRECTION('',(0.,0.,1.));
#306 = DIRECTION('',(1.,0.,0.));
#307 = ORIENTED_EDGE('',*,*,#308,.F.);
#308 = EDGE_CURVE('',#309,#300,#311,.T.);
#309 = VERTEX_POINT('',#310);
#310 = CARTESIAN_POINT('',(-2.680612239771,13.944687806473,34.));
#311 = CIRCLE('',#312,1.);
#312 = AXIS2_PLACEMENT_3D('',#313,#314,#315);
#313 = CARTESIAN_POINT('',(-2.869387749614,14.926708074534,34.));
#314 = DIRECTION('',(0.,0.,1.));
#315 = DIRECTION('',(1.,0.,0.));
#316 = ORIENTED_EDGE('',*,*,#317,.T.);
#317 = EDGE_CURVE('',#309,#318,#320,.T.);
#318 = VERTEX_POINT('',#319);
#319 = CARTESIAN_POINT('',(-7.148781390144,12.269267485711,34.));
#320 = CIRCLE('',#321,14.2);
#321 = AXIS2_PLACEMENT_3D('',#322,#323,#324);
#322 = CARTESIAN_POINT('',(0.,0.,34.));
#323 = DIRECTION('',(0.,0.,1.));
#324 = DIRECTION('',(1.,0.,0.));
#325 = ORIENTED_EDGE('',*,*,#326,.F.);
#326 = EDGE_CURVE('',#327,#318,#329,.T.);
#327 = VERTEX_POINT('',#328);
#328 = CARTESIAN_POINT('',(-10.57307027481,14.648317263855,34.));
#329 = CIRCLE('',#330,2.3);
#330 = AXIS2_PLACEMENT_3D('',#331,#332,#333);
#331 = CARTESIAN_POINT('',(-8.306682601224,14.256543205228,34.));
#332 = DIRECTION('',(0.,0.,1.));
#333 = DIRECTION('',(1.,0.,0.));
#334 = ORIENTED_EDGE('',*,*,#335,.T.);
#335 = EDGE_CURVE('',#327,#336,#338,.T.);
#336 = VERTEX_POINT('',#337);
#337 = CARTESIAN_POINT('',(-10.65877081724,16.75,34.));
#338 = CIRCLE('',#339,5.);
#339 = AXIS2_PLACEMENT_3D('',#340,#341,#342);
#340 = CARTESIAN_POINT('',(-15.5,15.5,34.));
#341 = DIRECTION('',(0.,0.,1.));
#342 = DIRECTION('',(1.,0.,0.));
#343 = ORIENTED_EDGE('',*,*,#344,.F.);
#344 = EDGE_CURVE('',#345,#336,#347,.T.);
#345 = VERTEX_POINT('',#346);
#346 = CARTESIAN_POINT('',(-10.2,17.860485447116,34.));
#347 = CIRCLE('',#348,1.);
#348 = AXIS2_PLACEMENT_3D('',#349,#350,#351);
#349 = CARTESIAN_POINT('',(-9.690524980689,17.,34.));
#350 = DIRECTION('',(0.,0.,1.));
#351 = DIRECTION('',(1.,0.,0.));
#352 = ORIENTED_EDGE('',*,*,#353,.F.);
#353 = EDGE_CURVE('',#354,#345,#356,.T.);
#354 = VERTEX_POINT('',#355);
#355 = CARTESIAN_POINT('',(-10.2,22.,34.));
#356 = LINE('',#357,#358);
#357 = CARTESIAN_POINT('',(-10.2,22.,34.));
#358 = VECTOR('',#359,1.);
#359 = DIRECTION('',(0.,-1.,0.));
#360 = ORIENTED_EDGE('',*,*,#361,.F.);
#361 = EDGE_CURVE('',#362,#354,#364,.T.);
#362 = VERTEX_POINT('',#363);
#363 = CARTESIAN_POINT('',(-17.16152236891,22.,34.));
#364 = LINE('',#365,#366);
#365 = CARTESIAN_POINT('',(-17.16152236891,22.,34.));
#366 = VECTOR('',#367,1.);
#367 = DIRECTION('',(1.,0.,0.));
#368 = ORIENTED_EDGE('',*,*,#369,.T.);
#369 = EDGE_CURVE('',#362,#35,#370,.T.);
#370 = CIRCLE('',#371,2.);
#371 = AXIS2_PLACEMENT_3D('',#372,#373,#374);
#372 = CARTESIAN_POINT('',(-17.16152236891,20.,34.));
#373 = DIRECTION('',(0.,0.,1.));
#374 = DIRECTION('',(1.,0.,0.));
#375 = FACE_BOUND('',#376,.T.);
#376 = EDGE_LOOP('',(#377));
#377 = ORIENTED_EDGE('',*,*,#378,.F.);
#378 = EDGE_CURVE('',#379,#379,#381,.T.);
#379 = VERTEX_POINT('',#380);
#380 = CARTESIAN_POINT('',(-12.5,-15.5,34.));
#381 = CIRCLE('',#382,3.);
#382 = AXIS2_PLACEMENT_3D('',#383,#384,#385);
#383 = CARTESIAN_POINT('',(-15.5,-15.5,34.));
#384 = DIRECTION('',(0.,0.,1.));
#385 = DIRECTION('',(1.,0.,0.));
#386 = FACE_BOUND('',#387,.T.);
#387 = EDGE_LOOP('',(#388,#398,#407,#416,#425,#434,#443,#452));
#388 = ORIENTED_EDGE('',*,*,#389,.F.);
#389 = EDGE_CURVE('',#390,#392,#394,.T.);
#390 = VERTEX_POINT('',#391);
#391 = CARTESIAN_POINT('',(-9.690524980689,-18.,34.));
#392 = VERTEX_POINT('',#393);
#393 = CARTESIAN_POINT('',(-5.22302594288,-18.,34.));
#394 = LINE('',#395,#396);
#395 = CARTESIAN_POINT('',(-9.690524980689,-18.,34.));
#396 = VECTOR('',#397,1.);
#397 = DIRECTION('',(1.,0.,0.));
#398 = ORIENTED_EDGE('',*,*,#399,.F.);
#399 = EDGE_CURVE('',#400,#390,#402,.T.);
#400 = VERTEX_POINT('',#401);
#401 = CARTESIAN_POINT('',(-10.65877081724,-16.75,34.));
#402 = CIRCLE('',#403,1.);
#403 = AXIS2_PLACEMENT_3D('',#404,#405,#406);
#404 = CARTESIAN_POINT('',(-9.690524980689,-17.,34.));
#405 = DIRECTION('',(0.,0.,1.));
#406 = DIRECTION('',(1.,0.,0.));
#407 = ORIENTED_EDGE('',*,*,#408,.T.);
#408 = EDGE_CURVE('',#400,#409,#411,.T.);
#409 = VERTEX_POINT('',#410);
#410 = CARTESIAN_POINT('',(-10.57307027481,-14.64831726385,34.));
#411 = CIRCLE('',#412,5.);
#412 = AXIS2_PLACEMENT_3D('',#413,#414,#415);
#413 = CARTESIAN_POINT('',(-15.5,-15.5,34.));
#414 = DIRECTION('',(0.,0.,1.));
#415 = DIRECTION('',(1.,0.,0.));
#416 = ORIENTED_EDGE('',*,*,#417,.F.);
#417 = EDGE_CURVE('',#418,#409,#420,.T.);
#418 = VERTEX_POINT('',#419);
#419 = CARTESIAN_POINT('',(-7.148781390144,-12.26926748571,34.));
#420 = CIRCLE('',#421,2.3);
#421 = AXIS2_PLACEMENT_3D('',#422,#423,#424);
#422 = CARTESIAN_POINT('',(-8.306682601224,-14.25654320522,34.));
#423 = DIRECTION('',(0.,0.,1.));
#424 = DIRECTION('',(1.,0.,0.));
#425 = ORIENTED_EDGE('',*,*,#426,.T.);
#426 = EDGE_CURVE('',#418,#427,#429,.T.);
#427 = VERTEX_POINT('',#428);
#428 = CARTESIAN_POINT('',(-4.674533585269,-13.40853220006,34.));
#429 = CIRCLE('',#430,14.2);
#430 = AXIS2_PLACEMENT_3D('',#431,#432,#433);
#431 = CARTESIAN_POINT('',(0.,0.,34.));
#432 = DIRECTION('',(0.,0.,1.));
#433 = DIRECTION('',(1.,0.,0.));
#434 = ORIENTED_EDGE('',*,*,#435,.F.);
#435 = EDGE_CURVE('',#436,#427,#438,.T.);
#436 = VERTEX_POINT('',#437);
#437 = CARTESIAN_POINT('',(-4.05962682877,-14.68245634595,34.));
#438 = CIRCLE('',#439,1.);
#439 = AXIS2_PLACEMENT_3D('',#440,#441,#442);
#440 = CARTESIAN_POINT('',(-5.003726091274,-14.35279503105,34.));
#441 = DIRECTION('',(0.,0.,1.));
#442 = DIRECTION('',(1.,0.,0.));
#443 = ORIENTED_EDGE('',*,*,#444,.T.);
#444 = EDGE_CURVE('',#436,#445,#447,.T.);
#445 = VERTEX_POINT('',#446);
#446 = CARTESIAN_POINT('',(-4.237549349884,-16.83018867924,34.));
#447 = CIRCLE('',#448,4.3);
#448 = AXIS2_PLACEMENT_3D('',#449,#450,#451);
#449 = CARTESIAN_POINT('',(0.,-16.1,34.));
#450 = DIRECTION('',(0.,0.,1.));
#451 = DIRECTION('',(1.,0.,0.));
#452 = ORIENTED_EDGE('',*,*,#453,.F.);
#453 = EDGE_CURVE('',#392,#445,#454,.T.);
#454 = CIRCLE('',#455,1.);
#455 = AXIS2_PLACEMENT_3D('',#456,#457,#458);
#456 = CARTESIAN_POINT('',(-5.22302594288,-17.,34.));
#457 = DIRECTION('',(0.,0.,1.));
#458 = DIRECTION('',(1.,0.,0.));
#459 = FACE_BOUND('',#460,.T.);
#460 = EDGE_LOOP('',(#461));
#461 = ORIENTED_EDGE('',*,*,#462,.F.);
#462 = EDGE_CURVE('',#463,#463,#465,.T.);
#463 = VERTEX_POINT('',#464);
#464 = CARTESIAN_POINT('',(2.75,-16.1,34.));
#465 = CIRCLE('',#466,2.75);
#466 = AXIS2_PLACEMENT_3D('',#467,#468,#469);
#467 = CARTESIAN_POINT('',(0.,-16.1,34.));
#468 = DIRECTION('',(0.,0.,1.));
#469 = DIRECTION('',(1.,0.,0.));
#470 = FACE_BOUND('',#471,.T.);
#471 = EDGE_LOOP('',(#472,#483,#492,#501,#510,#519,#528,#537));
#472 = ORIENTED_EDGE('',*,*,#473,.F.);
#473 = EDGE_CURVE('',#474,#476,#478,.T.);
#474 = VERTEX_POINT('',#475);
#475 = CARTESIAN_POINT('',(4.237549349884,-16.83018867924,34.));
#476 = VERTEX_POINT('',#477);
#477 = CARTESIAN_POINT('',(5.22302594288,-18.,34.));
#478 = CIRCLE('',#479,1.);
#479 = AXIS2_PLACEMENT_3D('',#480,#481,#482);
#480 = CARTESIAN_POINT('',(5.22302594288,-17.,34.));
#481 = DIRECTION('',(0.,0.,1.));
#482 = DIRECTION('',(1.,0.,0.));
#483 = ORIENTED_EDGE('',*,*,#484,.T.);
#484 = EDGE_CURVE('',#474,#485,#487,.T.);
#485 = VERTEX_POINT('',#486);
#486 = CARTESIAN_POINT('',(4.05962682877,-14.68245634595,34.));
#487 = CIRCLE('',#488,4.3);
#488 = AXIS2_PLACEMENT_3D('',#489,#490,#491);
#489 = CARTESIAN_POINT('',(0.,-16.1,34.));
#490 = DIRECTION('',(0.,0.,1.));
#491 = DIRECTION('',(1.,0.,0.));
#492 = ORIENTED_EDGE('',*,*,#493,.F.);
#493 = EDGE_CURVE('',#494,#485,#496,.T.);
#494 = VERTEX_POINT('',#495);
#495 = CARTESIAN_POINT('',(4.674533585269,-13.40853220006,34.));
#496 = CIRCLE('',#497,1.);
#497 = AXIS2_PLACEMENT_3D('',#498,#499,#500);
#498 = CARTESIAN_POINT('',(5.003726091274,-14.35279503105,34.));
#499 = DIRECTION('',(0.,0.,1.));
#500 = DIRECTION('',(1.,0.,0.));
#501 = ORIENTED_EDGE('',*,*,#502,.T.);
#502 = EDGE_CURVE('',#494,#503,#505,.T.);
#503 = VERTEX_POINT('',#504);
#504 = CARTESIAN_POINT('',(7.148781390144,-12.26926748571,34.));
#505 = CIRCLE('',#506,14.2);
#506 = AXIS2_PLACEMENT_3D('',#507,#508,#509);
#507 = CARTESIAN_POINT('',(0.,0.,34.));
#508 = DIRECTION('',(0.,0.,1.));
#509 = DIRECTION('',(1.,0.,0.));
#510 = ORIENTED_EDGE('',*,*,#511,.F.);
#511 = EDGE_CURVE('',#512,#503,#514,.T.);
#512 = VERTEX_POINT('',#513);
#513 = CARTESIAN_POINT('',(10.573070274811,-14.64831726385,34.));
#514 = CIRCLE('',#515,2.3);
#515 = AXIS2_PLACEMENT_3D('',#516,#517,#518);
#516 = CARTESIAN_POINT('',(8.306682601224,-14.25654320522,34.));
#517 = DIRECTION('',(0.,0.,1.));
#518 = DIRECTION('',(1.,0.,0.));
#519 = ORIENTED_EDGE('',*,*,#520,.T.);
#520 = EDGE_CURVE('',#512,#521,#523,.T.);
#521 = VERTEX_POINT('',#522);
#522 = CARTESIAN_POINT('',(10.658770817241,-16.75,34.));
#523 = CIRCLE('',#524,5.);
#524 = AXIS2_PLACEMENT_3D('',#525,#526,#527);
#525 = CARTESIAN_POINT('',(15.5,-15.5,34.));
#526 = DIRECTION('',(0.,0.,1.));
#527 = DIRECTION('',(1.,0.,0.));
#528 = ORIENTED_EDGE('',*,*,#529,.F.);
#529 = EDGE_CURVE('',#530,#521,#532,.T.);
#530 = VERTEX_POINT('',#531);
#531 = CARTESIAN_POINT('',(9.690524980689,-18.,34.));
#532 = CIRCLE('',#533,1.);
#533 = AXIS2_PLACEMENT_3D('',#534,#535,#536);
#534 = CARTESIAN_POINT('',(9.690524980689,-17.,34.));
#535 = DIRECTION('',(0.,0.,1.));
#536 = DIRECTION('',(1.,0.,0.));
#537 = ORIENTED_EDGE('',*,*,#538,.F.);
#538 = EDGE_CURVE('',#476,#530,#539,.T.);
#539 = LINE('',#540,#541);
#540 = CARTESIAN_POINT('',(5.22302594288,-18.,34.));
#541 = VECTOR('',#542,1.);
#542 = DIRECTION('',(1.,0.,0.));
#543 = FACE_BOUND('',#544,.T.);
#544 = EDGE_LOOP('',(#545));
#545 = ORIENTED_EDGE('',*,*,#546,.F.);
#546 = EDGE_CURVE('',#547,#547,#549,.T.);
#547 = VERTEX_POINT('',#548);
#548 = CARTESIAN_POINT('',(18.5,-15.5,34.));
#549 = CIRCLE('',#550,3.);
#550 = AXIS2_PLACEMENT_3D('',#551,#552,#553);
#551 = CARTESIAN_POINT('',(15.5,-15.5,34.));
#552 = DIRECTION('',(0.,0.,1.));
#553 = DIRECTION('',(1.,0.,0.));
#554 = FACE_BOUND('',#555,.T.);
#555 = EDGE_LOOP('',(#556,#567,#576,#585,#594,#603,#612,#621,#630));
#556 = ORIENTED_EDGE('',*,*,#557,.F.);
#557 = EDGE_CURVE('',#558,#560,#562,.T.);
#558 = VERTEX_POINT('',#559);
#559 = CARTESIAN_POINT('',(-16.75,10.658770817241,34.));
#560 = VERTEX_POINT('',#561);
#561 = CARTESIAN_POINT('',(-18.,9.690524980689,34.));
#562 = CIRCLE('',#563,1.);
#563 = AXIS2_PLACEMENT_3D('',#564,#565,#566);
#564 = CARTESIAN_POINT('',(-17.,9.690524980689,34.));
#565 = DIRECTION('',(0.,0.,1.));
#566 = DIRECTION('',(1.,0.,0.));
#567 = ORIENTED_EDGE('',*,*,#568,.T.);
#568 = EDGE_CURVE('',#558,#569,#571,.T.);
#569 = VERTEX_POINT('',#570);
#570 = CARTESIAN_POINT('',(-14.64831726385,10.573070274811,34.));
#571 = CIRCLE('',#572,5.);
#572 = AXIS2_PLACEMENT_3D('',#573,#574,#575);
#573 = CARTESIAN_POINT('',(-15.5,15.5,34.));
#574 = DIRECTION('',(0.,0.,1.));
#575 = DIRECTION('',(1.,0.,0.));
#576 = ORIENTED_EDGE('',*,*,#577,.F.);
#577 = EDGE_CURVE('',#578,#569,#580,.T.);
#578 = VERTEX_POINT('',#579);
#579 = CARTESIAN_POINT('',(-12.26926748571,7.148781390144,34.));
#580 = CIRCLE('',#581,2.3);
#581 = AXIS2_PLACEMENT_3D('',#582,#583,#584);
#582 = CARTESIAN_POINT('',(-14.25654320522,8.306682601224,34.));
#583 = DIRECTION('',(0.,0.,1.));
#584 = DIRECTION('',(1.,0.,0.));
#585 = ORIENTED_EDGE('',*,*,#586,.T.);
#586 = EDGE_CURVE('',#578,#587,#589,.T.);
#587 = VERTEX_POINT('',#588);
#588 = CARTESIAN_POINT('',(-14.2,5.308568E-09,34.));
#589 = CIRCLE('',#590,14.2);
#590 = AXIS2_PLACEMENT_3D('',#591,#592,#593);
#591 = CARTESIAN_POINT('',(0.,0.,34.));
#592 = DIRECTION('',(0.,0.,1.));
#593 = DIRECTION('',(1.,0.,0.));
#594 = ORIENTED_EDGE('',*,*,#595,.T.);
#595 = EDGE_CURVE('',#587,#596,#598,.T.);
#596 = VERTEX_POINT('',#597);
#597 = CARTESIAN_POINT('',(-12.26926748571,-7.148781390144,34.));
#598 = CIRCLE('',#599,14.2);
#599 = AXIS2_PLACEMENT_3D('',#600,#601,#602);
#600 = CARTESIAN_POINT('',(0.,0.,34.));
#601 = DIRECTION('',(0.,0.,1.));
#602 = DIRECTION('',(1.,0.,0.));
#603 = ORIENTED_EDGE('',*,*,#604,.F.);
#604 = EDGE_CURVE('',#605,#596,#607,.T.);
#605 = VERTEX_POINT('',#606);
#606 = CARTESIAN_POINT('',(-14.64831726385,-10.57307027481,34.));
#607 = CIRCLE('',#608,2.3);
#608 = AXIS2_PLACEMENT_3D('',#609,#610,#611);
#609 = CARTESIAN_POINT('',(-14.25654320522,-8.306682601224,34.));
#610 = DIRECTION('',(0.,0.,1.));
#611 = DIRECTION('',(1.,0.,0.));
#612 = ORIENTED_EDGE('',*,*,#613,.T.);
#613 = EDGE_CURVE('',#605,#614,#616,.T.);
#614 = VERTEX_POINT('',#615);
#615 = CARTESIAN_POINT('',(-16.75,-10.65877081724,34.));
#616 = CIRCLE('',#617,5.);
#617 = AXIS2_PLACEMENT_3D('',#618,#619,#620);
#618 = CARTESIAN_POINT('',(-15.5,-15.5,34.));
#619 = DIRECTION('',(0.,0.,1.));
#620 = DIRECTION('',(1.,0.,0.));
#621 = ORIENTED_EDGE('',*,*,#622,.F.);
#622 = EDGE_CURVE('',#623,#614,#625,.T.);
#623 = VERTEX_POINT('',#624);
#624 = CARTESIAN_POINT('',(-18.,-9.690524980689,34.));
#625 = CIRCLE('',#626,1.);
#626 = AXIS2_PLACEMENT_3D('',#627,#628,#629);
#627 = CARTESIAN_POINT('',(-17.,-9.690524980689,34.));
#628 = DIRECTION('',(0.,0.,1.));
#629 = DIRECTION('',(1.,0.,0.));
#630 = ORIENTED_EDGE('',*,*,#631,.F.);
#631 = EDGE_CURVE('',#560,#623,#632,.T.);
#632 = LINE('',#633,#634);
#633 = CARTESIAN_POINT('',(-18.,9.690524980689,34.));
#634 = VECTOR('',#635,1.);
#635 = DIRECTION('',(0.,-1.,0.));
#636 = FACE_BOUND('',#637,.T.);
#637 = EDGE_LOOP('',(#638,#647));
#638 = ORIENTED_EDGE('',*,*,#639,.F.);
#639 = EDGE_CURVE('',#587,#640,#642,.T.);
#640 = VERTEX_POINT('',#641);
#641 = CARTESIAN_POINT('',(-11.2,0.,34.));
#642 = CIRCLE('',#643,1.5);
#643 = AXIS2_PLACEMENT_3D('',#644,#645,#646);
#644 = CARTESIAN_POINT('',(-12.7,0.,34.));
#645 = DIRECTION('',(0.,0.,1.));
#646 = DIRECTION('',(1.,0.,0.));
#647 = ORIENTED_EDGE('',*,*,#648,.F.);
#648 = EDGE_CURVE('',#640,#587,#649,.T.);
#649 = CIRCLE('',#650,1.5);
#650 = AXIS2_PLACEMENT_3D('',#651,#652,#653);
#651 = CARTESIAN_POINT('',(-12.7,0.,34.));
#652 = DIRECTION('',(0.,0.,1.));
#653 = DIRECTION('',(1.,0.,0.));
#654 = FACE_BOUND('',#655,.T.);
#655 = EDGE_LOOP('',(#656));
#656 = ORIENTED_EDGE('',*,*,#657,.F.);
#657 = EDGE_CURVE('',#658,#658,#660,.T.);
#658 = VERTEX_POINT('',#659);
#659 = CARTESIAN_POINT('',(-12.5,15.5,34.));
#660 = CIRCLE('',#661,3.);
#661 = AXIS2_PLACEMENT_3D('',#662,#663,#664);
#662 = CARTESIAN_POINT('',(-15.5,15.5,34.));
#663 = DIRECTION('',(0.,0.,1.));
#664 = DIRECTION('',(1.,0.,0.));
#665 = FACE_BOUND('',#666,.T.);
#666 = EDGE_LOOP('',(#667));
#667 = ORIENTED_EDGE('',*,*,#668,.F.);
#668 = EDGE_CURVE('',#669,#669,#671,.T.);
#669 = VERTEX_POINT('',#670);
#670 = CARTESIAN_POINT('',(11.15,0.,34.));
#671 = CIRCLE('',#672,11.15);
#672 = AXIS2_PLACEMENT_3D('',#673,#674,#675);
#673 = CARTESIAN_POINT('',(0.,0.,34.));
#674 = DIRECTION('',(0.,0.,1.));
#675 = DIRECTION('',(1.,0.,0.));
#676 = FACE_BOUND('',#677,.T.);
#677 = EDGE_LOOP('',(#678));
#678 = ORIENTED_EDGE('',*,*,#679,.F.);
#679 = EDGE_CURVE('',#680,#680,#682,.T.);
#680 = VERTEX_POINT('',#681);
#681 = CARTESIAN_POINT('',(14.2,0.,34.));
#682 = CIRCLE('',#683,1.5);
#683 = AXIS2_PLACEMENT_3D('',#684,#685,#686);
#684 = CARTESIAN_POINT('',(12.7,0.,34.));
#685 = DIRECTION('',(0.,0.,1.));
#686 = DIRECTION('',(1.,0.,0.));
#687 = FACE_BOUND('',#688,.T.);
#688 = EDGE_LOOP('',(#689,#698,#707,#716,#725,#734,#742,#751,#760));
#689 = ORIENTED_EDGE('',*,*,#690,.T.);
#690 = EDGE_CURVE('',#691,#680,#693,.T.);
#691 = VERTEX_POINT('',#692);
#692 = CARTESIAN_POINT('',(12.269267485711,-7.148781390144,34.));
#693 = CIRCLE('',#694,14.2);
#694 = AXIS2_PLACEMENT_3D('',#695,#696,#697);
#695 = CARTESIAN_POINT('',(0.,0.,34.));
#696 = DIRECTION('',(0.,0.,1.));
#697 = DIRECTION('',(1.,0.,0.));
#698 = ORIENTED_EDGE('',*,*,#699,.T.);
#699 = EDGE_CURVE('',#680,#700,#702,.T.);
#700 = VERTEX_POINT('',#701);
#701 = CARTESIAN_POINT('',(12.269267485711,7.148781390144,34.));
#702 = CIRCLE('',#703,14.2);
#703 = AXIS2_PLACEMENT_3D('',#704,#705,#706);
#704 = CARTESIAN_POINT('',(0.,0.,34.));
#705 = DIRECTION('',(0.,0.,1.));
#706 = DIRECTION('',(1.,0.,0.));
#707 = ORIENTED_EDGE('',*,*,#708,.F.);
#708 = EDGE_CURVE('',#709,#700,#711,.T.);
#709 = VERTEX_POINT('',#710);
#710 = CARTESIAN_POINT('',(14.648317263855,10.573070274811,34.));
#711 = CIRCLE('',#712,2.3);
#712 = AXIS2_PLACEMENT_3D('',#713,#714,#715);
#713 = CARTESIAN_POINT('',(14.256543205228,8.306682601224,34.));
#714 = DIRECTION('',(0.,0.,1.));
#715 = DIRECTION('',(1.,0.,0.));
#716 = ORIENTED_EDGE('',*,*,#717,.T.);
#717 = EDGE_CURVE('',#709,#718,#720,.T.);
#718 = VERTEX_POINT('',#719);
#719 = CARTESIAN_POINT('',(16.75,10.658770817241,34.));
#720 = CIRCLE('',#721,5.);
#721 = AXIS2_PLACEMENT_3D('',#722,#723,#724);
#722 = CARTESIAN_POINT('',(15.5,15.5,34.));
#723 = DIRECTION('',(0.,0.,1.));
#724 = DIRECTION('',(1.,0.,0.));
#725 = ORIENTED_EDGE('',*,*,#726,.F.);
#726 = EDGE_CURVE('',#727,#718,#729,.T.);
#727 = VERTEX_POINT('',#728);
#728 = CARTESIAN_POINT('',(18.,9.690524980689,34.));
#729 = CIRCLE('',#730,1.);
#730 = AXIS2_PLACEMENT_3D('',#731,#732,#733);
#731 = CARTESIAN_POINT('',(17.,9.690524980689,34.));
#732 = DIRECTION('',(0.,0.,1.));
#733 = DIRECTION('',(1.,0.,0.));
#734 = ORIENTED_EDGE('',*,*,#735,.T.);
#735 = EDGE_CURVE('',#727,#736,#738,.T.);
#736 = VERTEX_POINT('',#737);
#737 = CARTESIAN_POINT('',(18.,-9.690524980689,34.));
#738 = LINE('',#739,#740);
#739 = CARTESIAN_POINT('',(18.,9.690524980689,34.));
#740 = VECTOR('',#741,1.);
#741 = DIRECTION('',(0.,-1.,0.));
#742 = ORIENTED_EDGE('',*,*,#743,.F.);
#743 = EDGE_CURVE('',#744,#736,#746,.T.);
#744 = VERTEX_POINT('',#745);
#745 = CARTESIAN_POINT('',(16.75,-10.65877081724,34.));
#746 = CIRCLE('',#747,1.);
#747 = AXIS2_PLACEMENT_3D('',#748,#749,#750);
#748 = CARTESIAN_POINT('',(17.,-9.690524980689,34.));
#749 = DIRECTION('',(0.,0.,1.));
#750 = DIRECTION('',(1.,0.,0.));
#751 = ORIENTED_EDGE('',*,*,#752,.T.);
#752 = EDGE_CURVE('',#744,#753,#755,.T.);
#753 = VERTEX_POINT('',#754);
#754 = CARTESIAN_POINT('',(14.648317263855,-10.57307027481,34.));
#755 = CIRCLE('',#756,5.);
#756 = AXIS2_PLACEMENT_3D('',#757,#758,#759);
#757 = CARTESIAN_POINT('',(15.5,-15.5,34.));
#758 = DIRECTION('',(0.,0.,1.));
#759 = DIRECTION('',(1.,0.,0.));
#760 = ORIENTED_EDGE('',*,*,#761,.F.);
#761 = EDGE_CURVE('',#691,#753,#762,.T.);
#762 = CIRCLE('',#763,2.3);
#763 = AXIS2_PLACEMENT_3D('',#764,#765,#766);
#764 = CARTESIAN_POINT('',(14.256543205228,-8.306682601224,34.));
#765 = DIRECTION('',(0.,0.,1.));
#766 = DIRECTION('',(1.,0.,0.));
#767 = FACE_BOUND('',#768,.T.);
#768 = EDGE_LOOP('',(#769));
#769 = ORIENTED_EDGE('',*,*,#770,.F.);
#770 = EDGE_CURVE('',#771,#771,#773,.T.);
#771 = VERTEX_POINT('',#772);
#772 = CARTESIAN_POINT('',(18.5,15.5,34.));
#773 = CIRCLE('',#774,3.);
#774 = AXIS2_PLACEMENT_3D('',#775,#776,#777);
#775 = CARTESIAN_POINT('',(15.5,15.5,34.));
#776 = DIRECTION('',(0.,0.,1.));
#777 = DIRECTION('',(1.,0.,0.));
#778 = PLANE('',#779);
#779 = AXIS2_PLACEMENT_3D('',#780,#781,#782);
#780 = CARTESIAN_POINT('',(4.7E-16,0.5,34.));
#781 = DIRECTION('',(0.,0.,1.));
#782 = DIRECTION('',(1.,0.,0.));
#783 = ADVANCED_FACE('',(#784),#803,.F.);
#784 = FACE_BOUND('',#785,.T.);
#785 = EDGE_LOOP('',(#786,#794,#795,#796));
#786 = ORIENTED_EDGE('',*,*,#787,.F.);
#787 = EDGE_CURVE('',#22,#788,#790,.T.);
#788 = VERTEX_POINT('',#789);
#789 = CARTESIAN_POINT('',(1.1,16.1,33.81));
#790 = LINE('',#791,#792);
#791 = CARTESIAN_POINT('',(1.1,16.1,33.81));
#792 = VECTOR('',#793,1.);
#793 = DIRECTION('',(-0.707106781187,-0.,-0.707106781187));
#794 = ORIENTED_EDGE('',*,*,#21,.T.);
#795 = ORIENTED_EDGE('',*,*,#787,.T.);
#796 = ORIENTED_EDGE('',*,*,#797,.F.);
#797 = EDGE_CURVE('',#788,#788,#798,.T.);
#798 = CIRCLE('',#799,1.1);
#799 = AXIS2_PLACEMENT_3D('',#800,#801,#802);
#800 = CARTESIAN_POINT('',(0.,16.1,33.81));
#801 = DIRECTION('',(0.,0.,1.));
#802 = DIRECTION('',(1.,0.,-0.));
#803 = CONICAL_SURFACE('',#804,1.1,0.785398163397);
#804 = AXIS2_PLACEMENT_3D('',#805,#806,#807);
#805 = CARTESIAN_POINT('',(0.,16.1,33.81));
#806 = DIRECTION('',(0.,0.,1.));
#807 = DIRECTION('',(1.,0.,0.));
#808 = ADVANCED_FACE('',(#809),#834,.T.);
#809 = FACE_BOUND('',#810,.T.);
#810 = EDGE_LOOP('',(#811,#819,#820,#828));
#811 = ORIENTED_EDGE('',*,*,#812,.T.);
#812 = EDGE_CURVE('',#813,#33,#815,.T.);
#813 = VERTEX_POINT('',#814);
#814 = CARTESIAN_POINT('',(-20.41421356237,19.575735931288,30.));
#815 = LINE('',#816,#817);
#816 = CARTESIAN_POINT('',(-20.41421356237,19.575735931288,30.));
#817 = VECTOR('',#818,1.);
#818 = DIRECTION('',(0.,0.,1.));
#819 = ORIENTED_EDGE('',*,*,#32,.T.);
#820 = ORIENTED_EDGE('',*,*,#821,.F.);
#821 = EDGE_CURVE('',#822,#35,#824,.T.);
#822 = VERTEX_POINT('',#823);
#823 = CARTESIAN_POINT('',(-18.57573593128,21.414213562373,30.));
#824 = LINE('',#825,#826);
#825 = CARTESIAN_POINT('',(-18.57573593128,21.414213562373,30.));
#826 = VECTOR('',#827,1.);
#827 = DIRECTION('',(0.,0.,1.));
#828 = ORIENTED_EDGE('',*,*,#829,.F.);
#829 = EDGE_CURVE('',#813,#822,#830,.T.);
#830 = LINE('',#831,#832);
#831 = CARTESIAN_POINT('',(-20.41421356237,19.575735931288,30.));
#832 = VECTOR('',#833,1.);
#833 = DIRECTION('',(0.707106781187,0.707106781187,0.));
#834 = PLANE('',#835);
#835 = AXIS2_PLACEMENT_3D('',#836,#837,#838);
#836 = CARTESIAN_POINT('',(-20.41421356237,19.575735931288,30.));
#837 = DIRECTION('',(-0.707106781187,0.707106781187,0.));
#838 = DIRECTION('',(0.707106781187,0.707106781187,0.));
#839 = ADVANCED_FACE('',(#840),#859,.T.);
#840 = FACE_BOUND('',#841,.F.);
#841 = EDGE_LOOP('',(#842,#843,#844,#852));
#842 = ORIENTED_EDGE('',*,*,#812,.T.);
#843 = ORIENTED_EDGE('',*,*,#42,.T.);
#844 = ORIENTED_EDGE('',*,*,#845,.F.);
#845 = EDGE_CURVE('',#846,#43,#848,.T.);
#846 = VERTEX_POINT('',#847);
#847 = CARTESIAN_POINT('',(-21.,18.161522368915,30.));
#848 = LINE('',#849,#850);
#849 = CARTESIAN_POINT('',(-21.,18.161522368915,30.));
#850 = VECTOR('',#851,1.);
#851 = DIRECTION('',(0.,0.,1.));
#852 = ORIENTED_EDGE('',*,*,#853,.F.);
#853 = EDGE_CURVE('',#813,#846,#854,.T.);
#854 = CIRCLE('',#855,2.);
#855 = AXIS2_PLACEMENT_3D('',#856,#857,#858);
#856 = CARTESIAN_POINT('',(-19.,18.161522368915,30.));
#857 = DIRECTION('',(0.,0.,1.));
#858 = DIRECTION('',(1.,0.,0.));
#859 = CYLINDRICAL_SURFACE('',#860,2.);
#860 = AXIS2_PLACEMENT_3D('',#861,#862,#863);
#861 = CARTESIAN_POINT('',(-19.,18.161522368915,30.));
#862 = DIRECTION('',(-0.,-0.,-1.));
#863 = DIRECTION('',(1.,0.,0.));
#864 = ADVANCED_FACE('',(#865),#901,.T.);
#865 = FACE_BOUND('',#866,.F.);
#866 = EDGE_LOOP('',(#867,#876,#885,#893,#899,#900));
#867 = ORIENTED_EDGE('',*,*,#868,.F.);
#868 = EDGE_CURVE('',#869,#822,#871,.T.);
#869 = VERTEX_POINT('',#870);
#870 = CARTESIAN_POINT('',(-18.36152236891,21.6,30.));
#871 = CIRCLE('',#872,2.);
#872 = AXIS2_PLACEMENT_3D('',#873,#874,#875);
#873 = CARTESIAN_POINT('',(-17.16152236891,20.,30.));
#874 = DIRECTION('',(0.,0.,1.));
#875 = DIRECTION('',(1.,0.,0.));
#876 = ORIENTED_EDGE('',*,*,#877,.F.);
#877 = EDGE_CURVE('',#878,#869,#880,.T.);
#878 = VERTEX_POINT('',#879);
#879 = CARTESIAN_POINT('',(-17.16152236891,22.,29.6));
#880 = ELLIPSE('',#881,2.828427124746,2.);
#881 = AXIS2_PLACEMENT_3D('',#882,#883,#884);
#882 = CARTESIAN_POINT('',(-17.16152236891,20.,31.6));
#883 = DIRECTION('',(0.,0.707106781187,0.707106781187));
#884 = DIRECTION('',(0.,0.707106781187,-0.707106781187));
#885 = ORIENTED_EDGE('',*,*,#886,.F.);
#886 = EDGE_CURVE('',#887,#878,#889,.T.);
#887 = VERTEX_POINT('',#888);
#888 = CARTESIAN_POINT('',(-17.16152236891,22.,30.));
#889 = LINE('',#890,#891);
#890 = CARTESIAN_POINT('',(-17.16152236891,22.,30.));
#891 = VECTOR('',#892,1.);
#892 = DIRECTION('',(-0.,-0.,-1.));
#893 = ORIENTED_EDGE('',*,*,#894,.T.);
#894 = EDGE_CURVE('',#887,#362,#895,.T.);
#895 = LINE('',#896,#897);
#896 = CARTESIAN_POINT('',(-17.16152236891,22.,30.));
#897 = VECTOR('',#898,1.);
#898 = DIRECTION('',(0.,0.,1.));
#899 = ORIENTED_EDGE('',*,*,#369,.T.);
#900 = ORIENTED_EDGE('',*,*,#821,.F.);
#901 = CYLINDRICAL_SURFACE('',#902,2.);
#902 = AXIS2_PLACEMENT_3D('',#903,#904,#905);
#903 = CARTESIAN_POINT('',(-17.16152236891,20.,30.));
#904 = DIRECTION('',(-0.,-0.,-1.));
#905 = DIRECTION('',(1.,0.,0.));
#906 = ADVANCED_FACE('',(#907),#925,.T.);
#907 = FACE_BOUND('',#908,.T.);
#908 = EDGE_LOOP('',(#909,#917,#918,#919));
#909 = ORIENTED_EDGE('',*,*,#910,.T.);
#910 = EDGE_CURVE('',#911,#52,#913,.T.);
#911 = VERTEX_POINT('',#912);
#912 = CARTESIAN_POINT('',(-21.,-17.16152236891,30.));
#913 = LINE('',#914,#915);
#914 = CARTESIAN_POINT('',(-21.,-17.16152236891,30.));
#915 = VECTOR('',#916,1.);
#916 = DIRECTION('',(0.,0.,1.));
#917 = ORIENTED_EDGE('',*,*,#51,.T.);
#918 = ORIENTED_EDGE('',*,*,#845,.F.);
#919 = ORIENTED_EDGE('',*,*,#920,.F.);
#920 = EDGE_CURVE('',#911,#846,#921,.T.);
#921 = LINE('',#922,#923);
#922 = CARTESIAN_POINT('',(-21.,-17.16152236891,30.));
#923 = VECTOR('',#924,1.);
#924 = DIRECTION('',(0.,1.,0.));
#925 = PLANE('',#926);
#926 = AXIS2_PLACEMENT_3D('',#927,#928,#929);
#927 = CARTESIAN_POINT('',(-21.,-17.16152236891,30.));
#928 = DIRECTION('',(-1.,0.,0.));
#929 = DIRECTION('',(0.,1.,0.));
#930 = ADVANCED_FACE('',(#931,#1084,#1095,#1129),#1140,.T.);
#931 = FACE_BOUND('',#932,.T.);
#932 = EDGE_LOOP('',(#933,#943,#951,#959,#967,#975,#983,#989,#990,#991,
    #992,#1000,#1008,#1014,#1015,#1023,#1031,#1037,#1038,#1046,#1054,
    #1062,#1070,#1078));
#933 = ORIENTED_EDGE('',*,*,#934,.T.);
#934 = EDGE_CURVE('',#935,#937,#939,.T.);
#935 = VERTEX_POINT('',#936);
#936 = CARTESIAN_POINT('',(28.,22.,6.297717079693));
#937 = VERTEX_POINT('',#938);
#938 = CARTESIAN_POINT('',(28.,22.,0.4));
#939 = LINE('',#940,#941);
#940 = CARTESIAN_POINT('',(28.,22.,6.297717079693));
#941 = VECTOR('',#942,1.);
#942 = DIRECTION('',(0.,0.,-1.));
#943 = ORIENTED_EDGE('',*,*,#944,.F.);
#944 = EDGE_CURVE('',#945,#937,#947,.T.);
#945 = VERTEX_POINT('',#946);
#946 = CARTESIAN_POINT('',(-28.,22.,0.4));
#947 = LINE('',#948,#949);
#948 = CARTESIAN_POINT('',(-28.,22.,0.4));
#949 = VECTOR('',#950,1.);
#950 = DIRECTION('',(1.,0.,0.));
#951 = ORIENTED_EDGE('',*,*,#952,.T.);
#952 = EDGE_CURVE('',#945,#953,#955,.T.);
#953 = VERTEX_POINT('',#954);
#954 = CARTESIAN_POINT('',(-28.,22.,6.297717079693));
#955 = LINE('',#956,#957);
#956 = CARTESIAN_POINT('',(-28.,22.,0.));
#957 = VECTOR('',#958,1.);
#958 = DIRECTION('',(0.,0.,1.));
#959 = ORIENTED_EDGE('',*,*,#960,.T.);
#960 = EDGE_CURVE('',#953,#961,#963,.T.);
#961 = VERTEX_POINT('',#962);
#962 = CARTESIAN_POINT('',(-28.,22.,6.786026915198));
#963 = LINE('',#964,#965);
#964 = CARTESIAN_POINT('',(-28.,22.,13.755825635101));
#965 = VECTOR('',#966,1.);
#966 = DIRECTION('',(0.,0.,1.));
#967 = ORIENTED_EDGE('',*,*,#968,.T.);
#968 = EDGE_CURVE('',#961,#969,#971,.T.);
#969 = VERTEX_POINT('',#970);
#970 = CARTESIAN_POINT('',(-37.8,22.,13.648060789653));
#971 = LINE('',#972,#973);
#972 = CARTESIAN_POINT('',(-27.77056942546,22.,6.625377897409));
#973 = VECTOR('',#974,1.);
#974 = DIRECTION('',(-0.819152044289,1.3E-16,0.573576436351));
#975 = ORIENTED_EDGE('',*,*,#976,.T.);
#976 = EDGE_CURVE('',#969,#977,#979,.T.);
#977 = VERTEX_POINT('',#978);
#978 = CARTESIAN_POINT('',(-37.8,22.,29.6));
#979 = LINE('',#980,#981);
#980 = CARTESIAN_POINT('',(-37.8,22.,0.));
#981 = VECTOR('',#982,1.);
#982 = DIRECTION('',(0.,0.,1.));
#983 = ORIENTED_EDGE('',*,*,#984,.F.);
#984 = EDGE_CURVE('',#878,#977,#985,.T.);
#985 = LINE('',#986,#987);
#986 = CARTESIAN_POINT('',(-17.16152236891,22.,29.6));
#987 = VECTOR('',#988,1.);
#988 = DIRECTION('',(-1.,-0.,-0.));
#989 = ORIENTED_EDGE('',*,*,#886,.F.);
#990 = ORIENTED_EDGE('',*,*,#894,.T.);
#991 = ORIENTED_EDGE('',*,*,#361,.T.);
#992 = ORIENTED_EDGE('',*,*,#993,.T.);
#993 = EDGE_CURVE('',#354,#994,#996,.T.);
#994 = VERTEX_POINT('',#995);
#995 = CARTESIAN_POINT('',(-10.2,22.,33.6));
#996 = LINE('',#997,#998);
#997 = CARTESIAN_POINT('',(-10.2,22.,34.));
#998 = VECTOR('',#999,1.);
#999 = DIRECTION('',(-0.,-0.,-1.));
#1000 = ORIENTED_EDGE('',*,*,#1001,.F.);
#1001 = EDGE_CURVE('',#1002,#994,#1004,.T.);
#1002 = VERTEX_POINT('',#1003);
#1003 = CARTESIAN_POINT('',(-9.8,22.,33.6));
#1004 = LINE('',#1005,#1006);
#1005 = CARTESIAN_POINT('',(-9.8,22.,33.6));
#1006 = VECTOR('',#1007,1.);
#1007 = DIRECTION('',(-1.,0.,0.));
#1008 = ORIENTED_EDGE('',*,*,#1009,.F.);
#1009 = EDGE_CURVE('',#258,#1002,#1010,.T.);
#1010 = LINE('',#1011,#1012);
#1011 = CARTESIAN_POINT('',(-9.8,22.,34.));
#1012 = VECTOR('',#1013,1.);
#1013 = DIRECTION('',(-0.,-0.,-1.));
#1014 = ORIENTED_EDGE('',*,*,#257,.T.);
#1015 = ORIENTED_EDGE('',*,*,#1016,.T.);
#1016 = EDGE_CURVE('',#250,#1017,#1019,.T.);
#1017 = VERTEX_POINT('',#1018);
#1018 = CARTESIAN_POINT('',(9.8,22.,33.6));
#1019 = LINE('',#1020,#1021);
#1020 = CARTESIAN_POINT('',(9.8,22.,34.));
#1021 = VECTOR('',#1022,1.);
#1022 = DIRECTION('',(-0.,-0.,-1.));
#1023 = ORIENTED_EDGE('',*,*,#1024,.F.);
#1024 = EDGE_CURVE('',#1025,#1017,#1027,.T.);
#1025 = VERTEX_POINT('',#1026);
#1026 = CARTESIAN_POINT('',(10.2,22.,33.6));
#1027 = LINE('',#1028,#1029);
#1028 = CARTESIAN_POINT('',(10.2,22.,33.6));
#1029 = VECTOR('',#1030,1.);
#1030 = DIRECTION('',(-1.,0.,0.));
#1031 = ORIENTED_EDGE('',*,*,#1032,.F.);
#1032 = EDGE_CURVE('',#154,#1025,#1033,.T.);
#1033 = LINE('',#1034,#1035);
#1034 = CARTESIAN_POINT('',(10.2,22.,34.));
#1035 = VECTOR('',#1036,1.);
#1036 = DIRECTION('',(-0.,-0.,-1.));
#1037 = ORIENTED_EDGE('',*,*,#153,.T.);
#1038 = ORIENTED_EDGE('',*,*,#1039,.F.);
#1039 = EDGE_CURVE('',#1040,#145,#1042,.T.);
#1040 = VERTEX_POINT('',#1041);
#1041 = CARTESIAN_POINT('',(17.161522368915,22.,30.));
#1042 = LINE('',#1043,#1044);
#1043 = CARTESIAN_POINT('',(17.161522368915,22.,30.));
#1044 = VECTOR('',#1045,1.);
#1045 = DIRECTION('',(0.,0.,1.));
#1046 = ORIENTED_EDGE('',*,*,#1047,.T.);
#1047 = EDGE_CURVE('',#1040,#1048,#1050,.T.);
#1048 = VERTEX_POINT('',#1049);
#1049 = CARTESIAN_POINT('',(17.161522368915,22.,29.6));
#1050 = LINE('',#1051,#1052);
#1051 = CARTESIAN_POINT('',(17.161522368915,22.,30.));
#1052 = VECTOR('',#1053,1.);
#1053 = DIRECTION('',(-0.,-0.,-1.));
#1054 = ORIENTED_EDGE('',*,*,#1055,.F.);
#1055 = EDGE_CURVE('',#1056,#1048,#1058,.T.);
#1056 = VERTEX_POINT('',#1057);
#1057 = CARTESIAN_POINT('',(37.8,22.,29.6));
#1058 = LINE('',#1059,#1060);
#1059 = CARTESIAN_POINT('',(37.8,22.,29.6));
#1060 = VECTOR('',#1061,1.);
#1061 = DIRECTION('',(-1.,-0.,-0.));
#1062 = ORIENTED_EDGE('',*,*,#1063,.F.);
#1063 = EDGE_CURVE('',#1064,#1056,#1066,.T.);
#1064 = VERTEX_POINT('',#1065);
#1065 = CARTESIAN_POINT('',(37.8,22.,13.648060789653));
#1066 = LINE('',#1067,#1068);
#1067 = CARTESIAN_POINT('',(37.8,22.,0.));
#1068 = VECTOR('',#1069,1.);
#1069 = DIRECTION('',(0.,0.,1.));
#1070 = ORIENTED_EDGE('',*,*,#1071,.T.);
#1071 = EDGE_CURVE('',#1064,#1072,#1074,.T.);
#1072 = VERTEX_POINT('',#1073);
#1073 = CARTESIAN_POINT('',(28.,22.,6.786026915198));
#1074 = LINE('',#1075,#1076);
#1075 = CARTESIAN_POINT('',(37.57056942546,22.,13.487411771864));
#1076 = VECTOR('',#1077,1.);
#1077 = DIRECTION('',(-0.819152044289,-1.3E-16,-0.573576436351));
#1078 = ORIENTED_EDGE('',*,*,#1079,.F.);
#1079 = EDGE_CURVE('',#935,#1072,#1080,.T.);
#1080 = LINE('',#1081,#1082);
#1081 = CARTESIAN_POINT('',(28.,22.,13.755825635101));
#1082 = VECTOR('',#1083,1.);
#1083 = DIRECTION('',(0.,0.,1.));
#1084 = FACE_BOUND('',#1085,.T.);
#1085 = EDGE_LOOP('',(#1086));
#1086 = ORIENTED_EDGE('',*,*,#1087,.F.);
#1087 = EDGE_CURVE('',#1088,#1088,#1090,.T.);
#1088 = VERTEX_POINT('',#1089);
#1089 = CARTESIAN_POINT('',(-35.7,22.,24.));
#1090 = CIRCLE('',#1091,2.7);
#1091 = AXIS2_PLACEMENT_3D('',#1092,#1093,#1094);
#1092 = CARTESIAN_POINT('',(-33.,22.,24.));
#1093 = DIRECTION('',(0.,1.,-0.));
#1094 = DIRECTION('',(-1.,0.,0.));
#1095 = FACE_BOUND('',#1096,.T.);
#1096 = EDGE_LOOP('',(#1097,#1107,#1115,#1123));
#1097 = ORIENTED_EDGE('',*,*,#1098,.F.);
#1098 = EDGE_CURVE('',#1099,#1101,#1103,.T.);
#1099 = VERTEX_POINT('',#1100);
#1100 = CARTESIAN_POINT('',(16.,22.,27.05));
#1101 = VERTEX_POINT('',#1102);
#1102 = CARTESIAN_POINT('',(16.,22.,20.95));
#1103 = LINE('',#1104,#1105);
#1104 = CARTESIAN_POINT('',(16.,22.,27.05));
#1105 = VECTOR('',#1106,1.);
#1106 = DIRECTION('',(0.,0.,-1.));
#1107 = ORIENTED_EDGE('',*,*,#1108,.F.);
#1108 = EDGE_CURVE('',#1109,#1099,#1111,.T.);
#1109 = VERTEX_POINT('',#1110);
#1110 = CARTESIAN_POINT('',(-16.,22.,27.05));
#1111 = LINE('',#1112,#1113);
#1112 = CARTESIAN_POINT('',(-16.,22.,27.05));
#1113 = VECTOR('',#1114,1.);
#1114 = DIRECTION('',(1.,0.,0.));
#1115 = ORIENTED_EDGE('',*,*,#1116,.F.);
#1116 = EDGE_CURVE('',#1117,#1109,#1119,.T.);
#1117 = VERTEX_POINT('',#1118);
#1118 = CARTESIAN_POINT('',(-16.,22.,20.95));
#1119 = LINE('',#1120,#1121);
#1120 = CARTESIAN_POINT('',(-16.,22.,20.95));
#1121 = VECTOR('',#1122,1.);
#1122 = DIRECTION('',(0.,0.,1.));
#1123 = ORIENTED_EDGE('',*,*,#1124,.F.);
#1124 = EDGE_CURVE('',#1101,#1117,#1125,.T.);
#1125 = LINE('',#1126,#1127);
#1126 = CARTESIAN_POINT('',(16.,22.,20.95));
#1127 = VECTOR('',#1128,1.);
#1128 = DIRECTION('',(-1.,0.,0.));
#1129 = FACE_BOUND('',#1130,.T.);
#1130 = EDGE_LOOP('',(#1131));
#1131 = ORIENTED_EDGE('',*,*,#1132,.F.);
#1132 = EDGE_CURVE('',#1133,#1133,#1135,.T.);
#1133 = VERTEX_POINT('',#1134);
#1134 = CARTESIAN_POINT('',(30.3,22.,24.));
#1135 = CIRCLE('',#1136,2.7);
#1136 = AXIS2_PLACEMENT_3D('',#1137,#1138,#1139);
#1137 = CARTESIAN_POINT('',(33.,22.,24.));
#1138 = DIRECTION('',(0.,1.,-0.));
#1139 = DIRECTION('',(-1.,0.,0.));
#1140 = PLANE('',#1141);
#1141 = AXIS2_PLACEMENT_3D('',#1142,#1143,#1144);
#1142 = CARTESIAN_POINT('',(0.,22.,16.246770889376));
#1143 = DIRECTION('',(0.,1.,0.));
#1144 = DIRECTION('',(0.,0.,1.));
#1145 = ADVANCED_FACE('',(#1146),#1165,.T.);
#1146 = FACE_BOUND('',#1147,.F.);
#1147 = EDGE_LOOP('',(#1148,#1149,#1150,#1158));
#1148 = ORIENTED_EDGE('',*,*,#910,.T.);
#1149 = ORIENTED_EDGE('',*,*,#59,.T.);
#1150 = ORIENTED_EDGE('',*,*,#1151,.F.);
#1151 = EDGE_CURVE('',#1152,#60,#1154,.T.);
#1152 = VERTEX_POINT('',#1153);
#1153 = CARTESIAN_POINT('',(-20.41421356237,-18.57573593128,30.));
#1154 = LINE('',#1155,#1156);
#1155 = CARTESIAN_POINT('',(-20.41421356237,-18.57573593128,30.));
#1156 = VECTOR('',#1157,1.);
#1157 = DIRECTION('',(0.,0.,1.));
#1158 = ORIENTED_EDGE('',*,*,#1159,.F.);
#1159 = EDGE_CURVE('',#911,#1152,#1160,.T.);
#1160 = CIRCLE('',#1161,2.);
#1161 = AXIS2_PLACEMENT_3D('',#1162,#1163,#1164);
#1162 = CARTESIAN_POINT('',(-19.,-17.16152236891,30.));
#1163 = DIRECTION('',(0.,0.,1.));
#1164 = DIRECTION('',(1.,0.,0.));
#1165 = CYLINDRICAL_SURFACE('',#1166,2.);
#1166 = AXIS2_PLACEMENT_3D('',#1167,#1168,#1169);
#1167 = CARTESIAN_POINT('',(-19.,-17.16152236891,30.));
#1168 = DIRECTION('',(-0.,-0.,-1.));
#1169 = DIRECTION('',(1.,0.,0.));
#1170 = ADVANCED_FACE('',(#1171),#1189,.F.);
#1171 = FACE_BOUND('',#1172,.F.);
#1172 = EDGE_LOOP('',(#1173,#1174,#1175,#1183));
#1173 = ORIENTED_EDGE('',*,*,#353,.F.);
#1174 = ORIENTED_EDGE('',*,*,#993,.T.);
#1175 = ORIENTED_EDGE('',*,*,#1176,.T.);
#1176 = EDGE_CURVE('',#994,#1177,#1179,.T.);
#1177 = VERTEX_POINT('',#1178);
#1178 = CARTESIAN_POINT('',(-10.2,17.860485447116,33.6));
#1179 = LINE('',#1180,#1181);
#1180 = CARTESIAN_POINT('',(-10.2,22.,33.6));
#1181 = VECTOR('',#1182,1.);
#1182 = DIRECTION('',(0.,-1.,0.));
#1183 = ORIENTED_EDGE('',*,*,#1184,.T.);
#1184 = EDGE_CURVE('',#1177,#345,#1185,.T.);
#1185 = LINE('',#1186,#1187);
#1186 = CARTESIAN_POINT('',(-10.2,17.860485447116,34.));
#1187 = VECTOR('',#1188,1.);
#1188 = DIRECTION('',(0.,0.,1.));
#1189 = PLANE('',#1190);
#1190 = AXIS2_PLACEMENT_3D('',#1191,#1192,#1193);
#1191 = CARTESIAN_POINT('',(-10.2,22.,34.));
#1192 = DIRECTION('',(-1.,0.,0.));
#1193 = DIRECTION('',(0.,-1.,0.));
#1194 = ADVANCED_FACE('',(#1195),#1213,.T.);
#1195 = FACE_BOUND('',#1196,.T.);
#1196 = EDGE_LOOP('',(#1197,#1205,#1206,#1207));
#1197 = ORIENTED_EDGE('',*,*,#1198,.T.);
#1198 = EDGE_CURVE('',#1199,#69,#1201,.T.);
#1199 = VERTEX_POINT('',#1200);
#1200 = CARTESIAN_POINT('',(-18.57573593128,-20.41421356237,30.));
#1201 = LINE('',#1202,#1203);
#1202 = CARTESIAN_POINT('',(-18.57573593128,-20.41421356237,30.));
#1203 = VECTOR('',#1204,1.);
#1204 = DIRECTION('',(0.,0.,1.));
#1205 = ORIENTED_EDGE('',*,*,#68,.T.);
#1206 = ORIENTED_EDGE('',*,*,#1151,.F.);
#1207 = ORIENTED_EDGE('',*,*,#1208,.F.);
#1208 = EDGE_CURVE('',#1199,#1152,#1209,.T.);
#1209 = LINE('',#1210,#1211);
#1210 = CARTESIAN_POINT('',(-18.57573593128,-20.41421356237,30.));
#1211 = VECTOR('',#1212,1.);
#1212 = DIRECTION('',(-0.707106781187,0.707106781187,0.));
#1213 = PLANE('',#1214);
#1214 = AXIS2_PLACEMENT_3D('',#1215,#1216,#1217);
#1215 = CARTESIAN_POINT('',(-18.57573593128,-20.41421356237,30.));
#1216 = DIRECTION('',(-0.707106781187,-0.707106781187,0.));
#1217 = DIRECTION('',(-0.707106781187,0.707106781187,0.));
#1218 = ADVANCED_FACE('',(#1219),#1262,.F.);
#1219 = FACE_BOUND('',#1220,.F.);
#1220 = EDGE_LOOP('',(#1221,#1229,#1230,#1231,#1240,#1246,#1247,#1255));
#1221 = ORIENTED_EDGE('',*,*,#1222,.F.);
#1222 = EDGE_CURVE('',#336,#1223,#1225,.T.);
#1223 = VERTEX_POINT('',#1224);
#1224 = CARTESIAN_POINT('',(-10.65877081724,16.75,0.4));
#1225 = LINE('',#1226,#1227);
#1226 = CARTESIAN_POINT('',(-10.65877081724,16.75,34.));
#1227 = VECTOR('',#1228,1.);
#1228 = DIRECTION('',(-0.,-0.,-1.));
#1229 = ORIENTED_EDGE('',*,*,#344,.F.);
#1230 = ORIENTED_EDGE('',*,*,#1184,.F.);
#1231 = ORIENTED_EDGE('',*,*,#1232,.F.);
#1232 = EDGE_CURVE('',#1233,#1177,#1235,.T.);
#1233 = VERTEX_POINT('',#1234);
#1234 = CARTESIAN_POINT('',(-9.8,17.993989547303,33.6));
#1235 = CIRCLE('',#1236,1.);
#1236 = AXIS2_PLACEMENT_3D('',#1237,#1238,#1239);
#1237 = CARTESIAN_POINT('',(-9.690524980689,17.,33.6));
#1238 = DIRECTION('',(0.,0.,1.));
#1239 = DIRECTION('',(1.,0.,0.));
#1240 = ORIENTED_EDGE('',*,*,#1241,.T.);
#1241 = EDGE_CURVE('',#1233,#266,#1242,.T.);
#1242 = LINE('',#1243,#1244);
#1243 = CARTESIAN_POINT('',(-9.8,17.993989547303,34.));
#1244 = VECTOR('',#1245,1.);
#1245 = DIRECTION('',(0.,0.,1.));
#1246 = ORIENTED_EDGE('',*,*,#273,.F.);
#1247 = ORIENTED_EDGE('',*,*,#1248,.T.);
#1248 = EDGE_CURVE('',#274,#1249,#1251,.T.);
#1249 = VERTEX_POINT('',#1250);
#1250 = CARTESIAN_POINT('',(-9.690524980689,18.,0.4));
#1251 = LINE('',#1252,#1253);
#1252 = CARTESIAN_POINT('',(-9.690524980689,18.,34.));
#1253 = VECTOR('',#1254,1.);
#1254 = DIRECTION('',(-0.,-0.,-1.));
#1255 = ORIENTED_EDGE('',*,*,#1256,.F.);
#1256 = EDGE_CURVE('',#1223,#1249,#1257,.T.);
#1257 = CIRCLE('',#1258,1.);
#1258 = AXIS2_PLACEMENT_3D('',#1259,#1260,#1261);
#1259 = CARTESIAN_POINT('',(-9.690524980689,17.,0.4));
#1260 = DIRECTION('',(-0.,0.,-1.));
#1261 = DIRECTION('',(-0.968245836552,-0.25,0.));
#1262 = CYLINDRICAL_SURFACE('',#1263,1.);
#1263 = AXIS2_PLACEMENT_3D('',#1264,#1265,#1266);
#1264 = CARTESIAN_POINT('',(-9.690524980689,17.,34.));
#1265 = DIRECTION('',(0.,0.,1.));
#1266 = DIRECTION('',(1.,0.,0.));
#1267 = ADVANCED_FACE('',(#1268),#1287,.T.);
#1268 = FACE_BOUND('',#1269,.F.);
#1269 = EDGE_LOOP('',(#1270,#1271,#1272,#1280));
#1270 = ORIENTED_EDGE('',*,*,#1198,.T.);
#1271 = ORIENTED_EDGE('',*,*,#76,.T.);
#1272 = ORIENTED_EDGE('',*,*,#1273,.F.);
#1273 = EDGE_CURVE('',#1274,#77,#1276,.T.);
#1274 = VERTEX_POINT('',#1275);
#1275 = CARTESIAN_POINT('',(-17.16152236891,-21.,30.));
#1276 = LINE('',#1277,#1278);
#1277 = CARTESIAN_POINT('',(-17.16152236891,-21.,30.));
#1278 = VECTOR('',#1279,1.);
#1279 = DIRECTION('',(0.,0.,1.));
#1280 = ORIENTED_EDGE('',*,*,#1281,.F.);
#1281 = EDGE_CURVE('',#1199,#1274,#1282,.T.);
#1282 = CIRCLE('',#1283,2.);
#1283 = AXIS2_PLACEMENT_3D('',#1284,#1285,#1286);
#1284 = CARTESIAN_POINT('',(-17.16152236891,-19.,30.));
#1285 = DIRECTION('',(0.,0.,1.));
#1286 = DIRECTION('',(1.,0.,0.));
#1287 = CYLINDRICAL_SURFACE('',#1288,2.);
#1288 = AXIS2_PLACEMENT_3D('',#1289,#1290,#1291);
#1289 = CARTESIAN_POINT('',(-17.16152236891,-19.,30.));
#1290 = DIRECTION('',(-0.,-0.,-1.));
#1291 = DIRECTION('',(1.,0.,0.));
#1292 = ADVANCED_FACE('',(#1293),#1312,.T.);
#1293 = FACE_BOUND('',#1294,.T.);
#1294 = EDGE_LOOP('',(#1295,#1296,#1297,#1305));
#1295 = ORIENTED_EDGE('',*,*,#1222,.F.);
#1296 = ORIENTED_EDGE('',*,*,#335,.F.);
#1297 = ORIENTED_EDGE('',*,*,#1298,.T.);
#1298 = EDGE_CURVE('',#327,#1299,#1301,.T.);
#1299 = VERTEX_POINT('',#1300);
#1300 = CARTESIAN_POINT('',(-10.57307027481,14.648317263855,0.4));
#1301 = LINE('',#1302,#1303);
#1302 = CARTESIAN_POINT('',(-10.57307027481,14.648317263855,34.));
#1303 = VECTOR('',#1304,1.);
#1304 = DIRECTION('',(-0.,-0.,-1.));
#1305 = ORIENTED_EDGE('',*,*,#1306,.T.);
#1306 = EDGE_CURVE('',#1299,#1223,#1307,.T.);
#1307 = CIRCLE('',#1308,5.);
#1308 = AXIS2_PLACEMENT_3D('',#1309,#1310,#1311);
#1309 = CARTESIAN_POINT('',(-15.5,15.5,0.4));
#1310 = DIRECTION('',(-0.,0.,1.));
#1311 = DIRECTION('',(0.985385945038,-0.170336547229,0.));
#1312 = CYLINDRICAL_SURFACE('',#1313,5.);
#1313 = AXIS2_PLACEMENT_3D('',#1314,#1315,#1316);
#1314 = CARTESIAN_POINT('',(-15.5,15.5,34.));
#1315 = DIRECTION('',(0.,0.,1.));
#1316 = DIRECTION('',(1.,0.,0.));
#1317 = ADVANCED_FACE('',(#1318),#1336,.T.);
#1318 = FACE_BOUND('',#1319,.T.);
#1319 = EDGE_LOOP('',(#1320,#1328,#1329,#1330));
#1320 = ORIENTED_EDGE('',*,*,#1321,.T.);
#1321 = EDGE_CURVE('',#1322,#86,#1324,.T.);
#1322 = VERTEX_POINT('',#1323);
#1323 = CARTESIAN_POINT('',(17.161522368915,-21.,30.));
#1324 = LINE('',#1325,#1326);
#1325 = CARTESIAN_POINT('',(17.161522368915,-21.,30.));
#1326 = VECTOR('',#1327,1.);
#1327 = DIRECTION('',(0.,0.,1.));
#1328 = ORIENTED_EDGE('',*,*,#85,.T.);
#1329 = ORIENTED_EDGE('',*,*,#1273,.F.);
#1330 = ORIENTED_EDGE('',*,*,#1331,.F.);
#1331 = EDGE_CURVE('',#1322,#1274,#1332,.T.);
#1332 = LINE('',#1333,#1334);
#1333 = CARTESIAN_POINT('',(17.161522368915,-21.,30.));
#1334 = VECTOR('',#1335,1.);
#1335 = DIRECTION('',(-1.,0.,0.));
#1336 = PLANE('',#1337);
#1337 = AXIS2_PLACEMENT_3D('',#1338,#1339,#1340);
#1338 = CARTESIAN_POINT('',(17.161522368915,-21.,30.));
#1339 = DIRECTION('',(0.,-1.,0.));
#1340 = DIRECTION('',(-1.,0.,0.));
#1341 = ADVANCED_FACE('',(#1342),#1361,.F.);
#1342 = FACE_BOUND('',#1343,.F.);
#1343 = EDGE_LOOP('',(#1344,#1352,#1353,#1354));
#1344 = ORIENTED_EDGE('',*,*,#1345,.F.);
#1345 = EDGE_CURVE('',#318,#1346,#1348,.T.);
#1346 = VERTEX_POINT('',#1347);
#1347 = CARTESIAN_POINT('',(-7.148781390144,12.269267485711,0.4));
#1348 = LINE('',#1349,#1350);
#1349 = CARTESIAN_POINT('',(-7.148781390144,12.269267485711,34.));
#1350 = VECTOR('',#1351,1.);
#1351 = DIRECTION('',(-0.,-0.,-1.));
#1352 = ORIENTED_EDGE('',*,*,#326,.F.);
#1353 = ORIENTED_EDGE('',*,*,#1298,.T.);
#1354 = ORIENTED_EDGE('',*,*,#1355,.F.);
#1355 = EDGE_CURVE('',#1346,#1299,#1356,.T.);
#1356 = CIRCLE('',#1357,2.3);
#1357 = AXIS2_PLACEMENT_3D('',#1358,#1359,#1360);
#1358 = CARTESIAN_POINT('',(-8.306682601224,14.256543205228,0.4));
#1359 = DIRECTION('',(0.,-0.,-1.));
#1360 = DIRECTION('',(0.503435309165,-0.864032921529,0.));
#1361 = CYLINDRICAL_SURFACE('',#1362,2.3);
#1362 = AXIS2_PLACEMENT_3D('',#1363,#1364,#1365);
#1363 = CARTESIAN_POINT('',(-8.306682601224,14.256543205228,34.));
#1364 = DIRECTION('',(0.,0.,1.));
#1365 = DIRECTION('',(1.,0.,0.));
#1366 = ADVANCED_FACE('',(#1367),#1386,.T.);
#1367 = FACE_BOUND('',#1368,.F.);
#1368 = EDGE_LOOP('',(#1369,#1370,#1371,#1379));
#1369 = ORIENTED_EDGE('',*,*,#1321,.T.);
#1370 = ORIENTED_EDGE('',*,*,#93,.T.);
#1371 = ORIENTED_EDGE('',*,*,#1372,.F.);
#1372 = EDGE_CURVE('',#1373,#94,#1375,.T.);
#1373 = VERTEX_POINT('',#1374);
#1374 = CARTESIAN_POINT('',(18.575735931288,-20.41421356237,30.));
#1375 = LINE('',#1376,#1377);
#1376 = CARTESIAN_POINT('',(18.575735931288,-20.41421356237,30.));
#1377 = VECTOR('',#1378,1.);
#1378 = DIRECTION('',(0.,0.,1.));
#1379 = ORIENTED_EDGE('',*,*,#1380,.F.);
#1380 = EDGE_CURVE('',#1322,#1373,#1381,.T.);
#1381 = CIRCLE('',#1382,2.);
#1382 = AXIS2_PLACEMENT_3D('',#1383,#1384,#1385);
#1383 = CARTESIAN_POINT('',(17.161522368915,-19.,30.));
#1384 = DIRECTION('',(0.,0.,1.));
#1385 = DIRECTION('',(1.,0.,0.));
#1386 = CYLINDRICAL_SURFACE('',#1387,2.);
#1387 = AXIS2_PLACEMENT_3D('',#1388,#1389,#1390);
#1388 = CARTESIAN_POINT('',(17.161522368915,-19.,30.));
#1389 = DIRECTION('',(-0.,-0.,-1.));
#1390 = DIRECTION('',(1.,0.,0.));
#1391 = ADVANCED_FACE('',(#1392),#1411,.T.);
#1392 = FACE_BOUND('',#1393,.T.);
#1393 = EDGE_LOOP('',(#1394,#1395,#1396,#1404));
#1394 = ORIENTED_EDGE('',*,*,#1345,.F.);
#1395 = ORIENTED_EDGE('',*,*,#317,.F.);
#1396 = ORIENTED_EDGE('',*,*,#1397,.T.);
#1397 = EDGE_CURVE('',#309,#1398,#1400,.T.);
#1398 = VERTEX_POINT('',#1399);
#1399 = CARTESIAN_POINT('',(-2.680612239771,13.944687806473,0.4));
#1400 = LINE('',#1401,#1402);
#1401 = CARTESIAN_POINT('',(-2.680612239771,13.944687806473,34.));
#1402 = VECTOR('',#1403,1.);
#1403 = DIRECTION('',(-0.,-0.,-1.));
#1404 = ORIENTED_EDGE('',*,*,#1405,.T.);
#1405 = EDGE_CURVE('',#1398,#1346,#1406,.T.);
#1406 = CIRCLE('',#1407,14.2);
#1407 = AXIS2_PLACEMENT_3D('',#1408,#1409,#1410);
#1408 = CARTESIAN_POINT('',(0.,0.,0.4));
#1409 = DIRECTION('',(0.,0.,1.));
#1410 = DIRECTION('',(-0.188775509843,0.982020268061,0.));
#1411 = CYLINDRICAL_SURFACE('',#1412,14.2);
#1412 = AXIS2_PLACEMENT_3D('',#1413,#1414,#1415);
#1413 = CARTESIAN_POINT('',(0.,0.,34.));
#1414 = DIRECTION('',(0.,0.,1.));
#1415 = DIRECTION('',(1.,0.,0.));
#1416 = ADVANCED_FACE('',(#1417),#1435,.T.);
#1417 = FACE_BOUND('',#1418,.T.);
#1418 = EDGE_LOOP('',(#1419,#1427,#1428,#1429));
#1419 = ORIENTED_EDGE('',*,*,#1420,.T.);
#1420 = EDGE_CURVE('',#1421,#103,#1423,.T.);
#1421 = VERTEX_POINT('',#1422);
#1422 = CARTESIAN_POINT('',(20.414213562373,-18.57573593128,30.));
#1423 = LINE('',#1424,#1425);
#1424 = CARTESIAN_POINT('',(20.414213562373,-18.57573593128,30.));
#1425 = VECTOR('',#1426,1.);
#1426 = DIRECTION('',(0.,0.,1.));
#1427 = ORIENTED_EDGE('',*,*,#102,.T.);
#1428 = ORIENTED_EDGE('',*,*,#1372,.F.);
#1429 = ORIENTED_EDGE('',*,*,#1430,.F.);
#1430 = EDGE_CURVE('',#1421,#1373,#1431,.T.);
#1431 = LINE('',#1432,#1433);
#1432 = CARTESIAN_POINT('',(20.414213562373,-18.57573593128,30.));
#1433 = VECTOR('',#1434,1.);
#1434 = DIRECTION('',(-0.707106781187,-0.707106781187,0.));
#1435 = PLANE('',#1436);
#1436 = AXIS2_PLACEMENT_3D('',#1437,#1438,#1439);
#1437 = CARTESIAN_POINT('',(20.414213562373,-18.57573593128,30.));
#1438 = DIRECTION('',(0.707106781187,-0.707106781187,0.));
#1439 = DIRECTION('',(-0.707106781187,-0.707106781187,0.));
#1440 = ADVANCED_FACE('',(#1441),#1460,.F.);
#1441 = FACE_BOUND('',#1442,.F.);
#1442 = EDGE_LOOP('',(#1443,#1451,#1452,#1453));
#1443 = ORIENTED_EDGE('',*,*,#1444,.F.);
#1444 = EDGE_CURVE('',#300,#1445,#1447,.T.);
#1445 = VERTEX_POINT('',#1446);
#1446 = CARTESIAN_POINT('',(-1.943778798126,15.305189340813,0.4));
#1447 = LINE('',#1448,#1449);
#1448 = CARTESIAN_POINT('',(-1.943778798126,15.305189340813,34.));
#1449 = VECTOR('',#1450,1.);
#1450 = DIRECTION('',(-0.,-0.,-1.));
#1451 = ORIENTED_EDGE('',*,*,#308,.F.);
#1452 = ORIENTED_EDGE('',*,*,#1397,.T.);
#1453 = ORIENTED_EDGE('',*,*,#1454,.F.);
#1454 = EDGE_CURVE('',#1445,#1398,#1455,.T.);
#1455 = CIRCLE('',#1456,1.);
#1456 = AXIS2_PLACEMENT_3D('',#1457,#1458,#1459);
#1457 = CARTESIAN_POINT('',(-2.869387749614,14.926708074534,0.4));
#1458 = DIRECTION('',(0.,0.,-1.));
#1459 = DIRECTION('',(0.925608951488,0.378481266279,0.));
#1460 = CYLINDRICAL_SURFACE('',#1461,1.);
#1461 = AXIS2_PLACEMENT_3D('',#1462,#1463,#1464);
#1462 = CARTESIAN_POINT('',(-2.869387749614,14.926708074534,34.));
#1463 = DIRECTION('',(0.,0.,1.));
#1464 = DIRECTION('',(1.,0.,0.));
#1465 = ADVANCED_FACE('',(#1466),#1485,.T.);
#1466 = FACE_BOUND('',#1467,.F.);
#1467 = EDGE_LOOP('',(#1468,#1469,#1470,#1478));
#1468 = ORIENTED_EDGE('',*,*,#1420,.T.);
#1469 = ORIENTED_EDGE('',*,*,#110,.T.);
#1470 = ORIENTED_EDGE('',*,*,#1471,.F.);
#1471 = EDGE_CURVE('',#1472,#111,#1474,.T.);
#1472 = VERTEX_POINT('',#1473);
#1473 = CARTESIAN_POINT('',(21.,-17.16152236891,30.));
#1474 = LINE('',#1475,#1476);
#1475 = CARTESIAN_POINT('',(21.,-17.16152236891,30.));
#1476 = VECTOR('',#1477,1.);
#1477 = DIRECTION('',(0.,0.,1.));
#1478 = ORIENTED_EDGE('',*,*,#1479,.F.);
#1479 = EDGE_CURVE('',#1421,#1472,#1480,.T.);
#1480 = CIRCLE('',#1481,2.);
#1481 = AXIS2_PLACEMENT_3D('',#1482,#1483,#1484);
#1482 = CARTESIAN_POINT('',(19.,-17.16152236891,30.));
#1483 = DIRECTION('',(0.,0.,1.));
#1484 = DIRECTION('',(1.,0.,0.));
#1485 = CYLINDRICAL_SURFACE('',#1486,2.);
#1486 = AXIS2_PLACEMENT_3D('',#1487,#1488,#1489);
#1487 = CARTESIAN_POINT('',(19.,-17.16152236891,30.));
#1488 = DIRECTION('',(-0.,-0.,-1.));
#1489 = DIRECTION('',(1.,0.,0.));
#1490 = ADVANCED_FACE('',(#1491),#1510,.T.);
#1491 = FACE_BOUND('',#1492,.T.);
#1492 = EDGE_LOOP('',(#1493,#1494,#1495,#1503));
#1493 = ORIENTED_EDGE('',*,*,#1444,.F.);
#1494 = ORIENTED_EDGE('',*,*,#299,.F.);
#1495 = ORIENTED_EDGE('',*,*,#1496,.T.);
#1496 = EDGE_CURVE('',#291,#1497,#1499,.T.);
#1497 = VERTEX_POINT('',#1498);
#1498 = CARTESIAN_POINT('',(-2.009550557794,16.709677419355,0.4));
#1499 = LINE('',#1500,#1501);
#1500 = CARTESIAN_POINT('',(-2.009550557794,16.709677419355,34.));
#1501 = VECTOR('',#1502,1.);
#1502 = DIRECTION('',(-0.,-0.,-1.));
#1503 = ORIENTED_EDGE('',*,*,#1504,.T.);
#1504 = EDGE_CURVE('',#1497,#1445,#1505,.T.);
#1505 = CIRCLE('',#1506,2.1);
#1506 = AXIS2_PLACEMENT_3D('',#1507,#1508,#1509);
#1507 = CARTESIAN_POINT('',(0.,16.1,0.4));
#1508 = DIRECTION('',(0.,0.,1.));
#1509 = DIRECTION('',(-0.956928837045,0.290322580645,0.));
#1510 = CYLINDRICAL_SURFACE('',#1511,2.1);
#1511 = AXIS2_PLACEMENT_3D('',#1512,#1513,#1514);
#1512 = CARTESIAN_POINT('',(0.,16.1,34.));
#1513 = DIRECTION('',(0.,0.,1.));
#1514 = DIRECTION('',(1.,0.,0.));
#1515 = ADVANCED_FACE('',(#1516),#1534,.T.);
#1516 = FACE_BOUND('',#1517,.T.);
#1517 = EDGE_LOOP('',(#1518,#1526,#1527,#1528));
#1518 = ORIENTED_EDGE('',*,*,#1519,.T.);
#1519 = EDGE_CURVE('',#1520,#120,#1522,.T.);
#1520 = VERTEX_POINT('',#1521);
#1521 = CARTESIAN_POINT('',(21.,18.161522368915,30.));
#1522 = LINE('',#1523,#1524);
#1523 = CARTESIAN_POINT('',(21.,18.161522368915,30.));
#1524 = VECTOR('',#1525,1.);
#1525 = DIRECTION('',(0.,0.,1.));
#1526 = ORIENTED_EDGE('',*,*,#119,.T.);
#1527 = ORIENTED_EDGE('',*,*,#1471,.F.);
#1528 = ORIENTED_EDGE('',*,*,#1529,.F.);
#1529 = EDGE_CURVE('',#1520,#1472,#1530,.T.);
#1530 = LINE('',#1531,#1532);
#1531 = CARTESIAN_POINT('',(21.,18.161522368915,30.));
#1532 = VECTOR('',#1533,1.);
#1533 = DIRECTION('',(0.,-1.,0.));
#1534 = PLANE('',#1535);
#1535 = AXIS2_PLACEMENT_3D('',#1536,#1537,#1538);
#1536 = CARTESIAN_POINT('',(21.,18.161522368915,30.));
#1537 = DIRECTION('',(1.,0.,0.));
#1538 = DIRECTION('',(0.,-1.,0.));
#1539 = ADVANCED_FACE('',(#1540),#1559,.F.);
#1540 = FACE_BOUND('',#1541,.F.);
#1541 = EDGE_LOOP('',(#1542,#1550,#1551,#1552));
#1542 = ORIENTED_EDGE('',*,*,#1543,.F.);
#1543 = EDGE_CURVE('',#283,#1544,#1546,.T.);
#1544 = VERTEX_POINT('',#1545);
#1545 = CARTESIAN_POINT('',(-2.966479394838,18.,0.4));
#1546 = LINE('',#1547,#1548);
#1547 = CARTESIAN_POINT('',(-2.966479394838,18.,34.));
#1548 = VECTOR('',#1549,1.);
#1549 = DIRECTION('',(-0.,-0.,-1.));
#1550 = ORIENTED_EDGE('',*,*,#290,.F.);
#1551 = ORIENTED_EDGE('',*,*,#1496,.T.);
#1552 = ORIENTED_EDGE('',*,*,#1553,.F.);
#1553 = EDGE_CURVE('',#1544,#1497,#1554,.T.);
#1554 = CIRCLE('',#1555,1.);
#1555 = AXIS2_PLACEMENT_3D('',#1556,#1557,#1558);
#1556 = CARTESIAN_POINT('',(-2.966479394838,17.,0.4));
#1557 = DIRECTION('',(0.,0.,-1.));
#1558 = DIRECTION('',(4.4E-16,1.,0.));
#1559 = CYLINDRICAL_SURFACE('',#1560,1.);
#1560 = AXIS2_PLACEMENT_3D('',#1561,#1562,#1563);
#1561 = CARTESIAN_POINT('',(-2.966479394838,17.,34.));
#1562 = DIRECTION('',(0.,0.,1.));
#1563 = DIRECTION('',(1.,0.,0.));
#1564 = ADVANCED_FACE('',(#1565),#1584,.T.);
#1565 = FACE_BOUND('',#1566,.F.);
#1566 = EDGE_LOOP('',(#1567,#1568,#1569,#1577));
#1567 = ORIENTED_EDGE('',*,*,#1519,.T.);
#1568 = ORIENTED_EDGE('',*,*,#127,.T.);
#1569 = ORIENTED_EDGE('',*,*,#1570,.F.);
#1570 = EDGE_CURVE('',#1571,#128,#1573,.T.);
#1571 = VERTEX_POINT('',#1572);
#1572 = CARTESIAN_POINT('',(20.414213562373,19.575735931288,30.));
#1573 = LINE('',#1574,#1575);
#1574 = CARTESIAN_POINT('',(20.414213562373,19.575735931288,30.));
#1575 = VECTOR('',#1576,1.);
#1576 = DIRECTION('',(0.,0.,1.));
#1577 = ORIENTED_EDGE('',*,*,#1578,.F.);
#1578 = EDGE_CURVE('',#1520,#1571,#1579,.T.);
#1579 = CIRCLE('',#1580,2.);
#1580 = AXIS2_PLACEMENT_3D('',#1581,#1582,#1583);
#1581 = CARTESIAN_POINT('',(19.,18.161522368915,30.));
#1582 = DIRECTION('',(0.,0.,1.));
#1583 = DIRECTION('',(1.,0.,0.));
#1584 = CYLINDRICAL_SURFACE('',#1585,2.);
#1585 = AXIS2_PLACEMENT_3D('',#1586,#1587,#1588);
#1586 = CARTESIAN_POINT('',(19.,18.161522368915,30.));
#1587 = DIRECTION('',(-0.,-0.,-1.));
#1588 = DIRECTION('',(1.,0.,0.));
#1589 = ADVANCED_FACE('',(#1590),#1601,.T.);
#1590 = FACE_BOUND('',#1591,.T.);
#1591 = EDGE_LOOP('',(#1592,#1593,#1594,#1595));
#1592 = ORIENTED_EDGE('',*,*,#1543,.F.);
#1593 = ORIENTED_EDGE('',*,*,#282,.F.);
#1594 = ORIENTED_EDGE('',*,*,#1248,.T.);
#1595 = ORIENTED_EDGE('',*,*,#1596,.T.);
#1596 = EDGE_CURVE('',#1249,#1544,#1597,.T.);
#1597 = LINE('',#1598,#1599);
#1598 = CARTESIAN_POINT('',(-9.690524980689,18.,0.4));
#1599 = VECTOR('',#1600,1.);
#1600 = DIRECTION('',(1.,0.,0.));
#1601 = PLANE('',#1602);
#1602 = AXIS2_PLACEMENT_3D('',#1603,#1604,#1605);
#1603 = CARTESIAN_POINT('',(-9.690524980689,18.,34.));
#1604 = DIRECTION('',(0.,-1.,0.));
#1605 = DIRECTION('',(1.,0.,0.));
#1606 = ADVANCED_FACE('',(#1607),#1625,.T.);
#1607 = FACE_BOUND('',#1608,.T.);
#1608 = EDGE_LOOP('',(#1609,#1617,#1618,#1619));
#1609 = ORIENTED_EDGE('',*,*,#1610,.T.);
#1610 = EDGE_CURVE('',#1611,#137,#1613,.T.);
#1611 = VERTEX_POINT('',#1612);
#1612 = CARTESIAN_POINT('',(18.575735931288,21.414213562373,30.));
#1613 = LINE('',#1614,#1615);
#1614 = CARTESIAN_POINT('',(18.575735931288,21.414213562373,30.));
#1615 = VECTOR('',#1616,1.);
#1616 = DIRECTION('',(0.,0.,1.));
#1617 = ORIENTED_EDGE('',*,*,#136,.T.);
#1618 = ORIENTED_EDGE('',*,*,#1570,.F.);
#1619 = ORIENTED_EDGE('',*,*,#1620,.F.);
#1620 = EDGE_CURVE('',#1611,#1571,#1621,.T.);
#1621 = LINE('',#1622,#1623);
#1622 = CARTESIAN_POINT('',(18.575735931288,21.414213562373,30.));
#1623 = VECTOR('',#1624,1.);
#1624 = DIRECTION('',(0.707106781187,-0.707106781187,0.));
#1625 = PLANE('',#1626);
#1626 = AXIS2_PLACEMENT_3D('',#1627,#1628,#1629);
#1627 = CARTESIAN_POINT('',(18.575735931288,21.414213562373,30.));
#1628 = DIRECTION('',(0.707106781187,0.707106781187,0.));
#1629 = DIRECTION('',(0.707106781187,-0.707106781187,0.));
#1630 = ADVANCED_FACE('',(#1631),#1653,.T.);
#1631 = FACE_BOUND('',#1632,.F.);
#1632 = EDGE_LOOP('',(#1633,#1642,#1643,#1644,#1645,#1646));
#1633 = ORIENTED_EDGE('',*,*,#1634,.F.);
#1634 = EDGE_CURVE('',#1611,#1635,#1637,.T.);
#1635 = VERTEX_POINT('',#1636);
#1636 = CARTESIAN_POINT('',(18.361522368915,21.6,30.));
#1637 = CIRCLE('',#1638,2.);
#1638 = AXIS2_PLACEMENT_3D('',#1639,#1640,#1641);
#1639 = CARTESIAN_POINT('',(17.161522368915,20.,30.));
#1640 = DIRECTION('',(0.,0.,1.));
#1641 = DIRECTION('',(1.,0.,0.));
#1642 = ORIENTED_EDGE('',*,*,#1610,.T.);
#1643 = ORIENTED_EDGE('',*,*,#144,.T.);
#1644 = ORIENTED_EDGE('',*,*,#1039,.F.);
#1645 = ORIENTED_EDGE('',*,*,#1047,.T.);
#1646 = ORIENTED_EDGE('',*,*,#1647,.T.);
#1647 = EDGE_CURVE('',#1048,#1635,#1648,.T.);
#1648 = ELLIPSE('',#1649,2.828427124746,2.);
#1649 = AXIS2_PLACEMENT_3D('',#1650,#1651,#1652);
#1650 = CARTESIAN_POINT('',(17.161522368915,20.,31.6));
#1651 = DIRECTION('',(0.,-0.707106781187,-0.707106781187));
#1652 = DIRECTION('',(0.,0.707106781187,-0.707106781187));
#1653 = CYLINDRICAL_SURFACE('',#1654,2.);
#1654 = AXIS2_PLACEMENT_3D('',#1655,#1656,#1657);
#1655 = CARTESIAN_POINT('',(17.161522368915,20.,30.));
#1656 = DIRECTION('',(-0.,-0.,-1.));
#1657 = DIRECTION('',(1.,0.,0.));
#1658 = ADVANCED_FACE('',(#1659),#1670,.F.);
#1659 = FACE_BOUND('',#1660,.F.);
#1660 = EDGE_LOOP('',(#1661,#1662,#1663,#1669));
#1661 = ORIENTED_EDGE('',*,*,#265,.F.);
#1662 = ORIENTED_EDGE('',*,*,#1241,.F.);
#1663 = ORIENTED_EDGE('',*,*,#1664,.T.);
#1664 = EDGE_CURVE('',#1233,#1002,#1665,.T.);
#1665 = LINE('',#1666,#1667);
#1666 = CARTESIAN_POINT('',(-9.8,17.8,33.6));
#1667 = VECTOR('',#1668,1.);
#1668 = DIRECTION('',(0.,1.,0.));
#1669 = ORIENTED_EDGE('',*,*,#1009,.F.);
#1670 = PLANE('',#1671);
#1671 = AXIS2_PLACEMENT_3D('',#1672,#1673,#1674);
#1672 = CARTESIAN_POINT('',(-9.8,17.8,34.));
#1673 = DIRECTION('',(1.,0.,0.));
#1674 = DIRECTION('',(0.,1.,0.));
#1675 = ADVANCED_FACE('',(#1676),#1694,.F.);
#1676 = FACE_BOUND('',#1677,.F.);
#1677 = EDGE_LOOP('',(#1678,#1679,#1687,#1693));
#1678 = ORIENTED_EDGE('',*,*,#161,.F.);
#1679 = ORIENTED_EDGE('',*,*,#1680,.F.);
#1680 = EDGE_CURVE('',#1681,#162,#1683,.T.);
#1681 = VERTEX_POINT('',#1682);
#1682 = CARTESIAN_POINT('',(10.2,17.875332979148,33.6));
#1683 = LINE('',#1684,#1685);
#1684 = CARTESIAN_POINT('',(10.2,17.875332979148,34.));
#1685 = VECTOR('',#1686,1.);
#1686 = DIRECTION('',(0.,0.,1.));
#1687 = ORIENTED_EDGE('',*,*,#1688,.T.);
#1688 = EDGE_CURVE('',#1681,#1025,#1689,.T.);
#1689 = LINE('',#1690,#1691);
#1690 = CARTESIAN_POINT('',(10.2,17.8,33.6));
#1691 = VECTOR('',#1692,1.);
#1692 = DIRECTION('',(0.,1.,0.));
#1693 = ORIENTED_EDGE('',*,*,#1032,.F.);
#1694 = PLANE('',#1695);
#1695 = AXIS2_PLACEMENT_3D('',#1696,#1697,#1698);
#1696 = CARTESIAN_POINT('',(10.2,17.8,34.));
#1697 = DIRECTION('',(1.,0.,0.));
#1698 = DIRECTION('',(0.,1.,0.));
#1699 = ADVANCED_FACE('',(#1700),#1718,.F.);
#1700 = FACE_BOUND('',#1701,.F.);
#1701 = EDGE_LOOP('',(#1702,#1703,#1704,#1712));
#1702 = ORIENTED_EDGE('',*,*,#249,.F.);
#1703 = ORIENTED_EDGE('',*,*,#1016,.T.);
#1704 = ORIENTED_EDGE('',*,*,#1705,.T.);
#1705 = EDGE_CURVE('',#1017,#1706,#1708,.T.);
#1706 = VERTEX_POINT('',#1707);
#1707 = CARTESIAN_POINT('',(9.8,17.996506050415,33.6));
#1708 = LINE('',#1709,#1710);
#1709 = CARTESIAN_POINT('',(9.8,22.,33.6));
#1710 = VECTOR('',#1711,1.);
#1711 = DIRECTION('',(0.,-1.,0.));
#1712 = ORIENTED_EDGE('',*,*,#1713,.T.);
#1713 = EDGE_CURVE('',#1706,#241,#1714,.T.);
#1714 = LINE('',#1715,#1716);
#1715 = CARTESIAN_POINT('',(9.8,17.996506050415,34.));
#1716 = VECTOR('',#1717,1.);
#1717 = DIRECTION('',(0.,0.,1.));
#1718 = PLANE('',#1719);
#1719 = AXIS2_PLACEMENT_3D('',#1720,#1721,#1722);
#1720 = CARTESIAN_POINT('',(9.8,22.,34.));
#1721 = DIRECTION('',(-1.,0.,0.));
#1722 = DIRECTION('',(0.,-1.,0.));
#1723 = ADVANCED_FACE('',(#1724),#1760,.F.);
#1724 = FACE_BOUND('',#1725,.F.);
#1725 = EDGE_LOOP('',(#1726,#1734,#1735,#1736,#1743,#1744,#1745,#1753));
#1726 = ORIENTED_EDGE('',*,*,#1727,.F.);
#1727 = EDGE_CURVE('',#233,#1728,#1730,.T.);
#1728 = VERTEX_POINT('',#1729);
#1729 = CARTESIAN_POINT('',(9.716479394838,18.,0.4));
#1730 = LINE('',#1731,#1732);
#1731 = CARTESIAN_POINT('',(9.716479394838,18.,34.));
#1732 = VECTOR('',#1733,1.);
#1733 = DIRECTION('',(-0.,-0.,-1.));
#1734 = ORIENTED_EDGE('',*,*,#240,.F.);
#1735 = ORIENTED_EDGE('',*,*,#1713,.F.);
#1736 = ORIENTED_EDGE('',*,*,#1737,.F.);
#1737 = EDGE_CURVE('',#1681,#1706,#1738,.T.);
#1738 = CIRCLE('',#1739,1.);
#1739 = AXIS2_PLACEMENT_3D('',#1740,#1741,#1742);
#1740 = CARTESIAN_POINT('',(9.716479394838,17.,33.6));
#1741 = DIRECTION('',(0.,0.,1.));
#1742 = DIRECTION('',(1.,0.,0.));
#1743 = ORIENTED_EDGE('',*,*,#1680,.T.);
#1744 = ORIENTED_EDGE('',*,*,#169,.F.);
#1745 = ORIENTED_EDGE('',*,*,#1746,.T.);
#1746 = EDGE_CURVE('',#170,#1747,#1749,.T.);
#1747 = VERTEX_POINT('',#1748);
#1748 = CARTESIAN_POINT('',(10.68445316499,16.748948650078,0.4));
#1749 = LINE('',#1750,#1751);
#1750 = CARTESIAN_POINT('',(10.68445316499,16.748948650078,34.));
#1751 = VECTOR('',#1752,1.);
#1752 = DIRECTION('',(-0.,-0.,-1.));
#1753 = ORIENTED_EDGE('',*,*,#1754,.F.);
#1754 = EDGE_CURVE('',#1728,#1747,#1755,.T.);
#1755 = CIRCLE('',#1756,1.);
#1756 = AXIS2_PLACEMENT_3D('',#1757,#1758,#1759);
#1757 = CARTESIAN_POINT('',(9.716479394838,17.,0.4));
#1758 = DIRECTION('',(0.,0.,-1.));
#1759 = DIRECTION('',(0.,1.,0.));
#1760 = CYLINDRICAL_SURFACE('',#1761,1.);
#1761 = AXIS2_PLACEMENT_3D('',#1762,#1763,#1764);
#1762 = CARTESIAN_POINT('',(9.716479394838,17.,34.));
#1763 = DIRECTION('',(0.,0.,1.));
#1764 = DIRECTION('',(1.,0.,0.));
#1765 = ADVANCED_FACE('',(#1766),#1785,.T.);
#1766 = FACE_BOUND('',#1767,.T.);
#1767 = EDGE_LOOP('',(#1768,#1776,#1777,#1778));
#1768 = ORIENTED_EDGE('',*,*,#1769,.F.);
#1769 = EDGE_CURVE('',#179,#1770,#1772,.T.);
#1770 = VERTEX_POINT('',#1771);
#1771 = CARTESIAN_POINT('',(10.600317537724,14.638329634045,0.4));
#1772 = LINE('',#1773,#1774);
#1773 = CARTESIAN_POINT('',(10.600317537724,14.638329634045,34.));
#1774 = VECTOR('',#1775,1.);
#1775 = DIRECTION('',(-0.,-0.,-1.));
#1776 = ORIENTED_EDGE('',*,*,#178,.F.);
#1777 = ORIENTED_EDGE('',*,*,#1746,.T.);
#1778 = ORIENTED_EDGE('',*,*,#1779,.T.);
#1779 = EDGE_CURVE('',#1747,#1770,#1780,.T.);
#1780 = CIRCLE('',#1781,4.974873269813);
#1781 = AXIS2_PLACEMENT_3D('',#1782,#1783,#1784);
#1782 = CARTESIAN_POINT('',(15.5,15.5,0.4));
#1783 = DIRECTION('',(0.,0.,1.));
#1784 = DIRECTION('',(-0.967973770152,0.251051349922,0.));
#1785 = CYLINDRICAL_SURFACE('',#1786,4.974873269813);
#1786 = AXIS2_PLACEMENT_3D('',#1787,#1788,#1789);
#1787 = CARTESIAN_POINT('',(15.5,15.5,34.));
#1788 = DIRECTION('',(0.,0.,1.));
#1789 = DIRECTION('',(1.,0.,0.));
#1790 = ADVANCED_FACE('',(#1791),#1809,.T.);
#1791 = FACE_BOUND('',#1792,.T.);
#1792 = EDGE_LOOP('',(#1793,#1794,#1795,#1803));
#1793 = ORIENTED_EDGE('',*,*,#1727,.F.);
#1794 = ORIENTED_EDGE('',*,*,#232,.F.);
#1795 = ORIENTED_EDGE('',*,*,#1796,.T.);
#1796 = EDGE_CURVE('',#224,#1797,#1799,.T.);
#1797 = VERTEX_POINT('',#1798);
#1798 = CARTESIAN_POINT('',(2.966479394838,18.,0.4));
#1799 = LINE('',#1800,#1801);
#1800 = CARTESIAN_POINT('',(2.966479394838,18.,34.));
#1801 = VECTOR('',#1802,1.);
#1802 = DIRECTION('',(-0.,-0.,-1.));
#1803 = ORIENTED_EDGE('',*,*,#1804,.T.);
#1804 = EDGE_CURVE('',#1797,#1728,#1805,.T.);
#1805 = LINE('',#1806,#1807);
#1806 = CARTESIAN_POINT('',(2.966479394838,18.,0.4));
#1807 = VECTOR('',#1808,1.);
#1808 = DIRECTION('',(1.,0.,0.));
#1809 = PLANE('',#1810);
#1810 = AXIS2_PLACEMENT_3D('',#1811,#1812,#1813);
#1811 = CARTESIAN_POINT('',(2.966479394838,18.,34.));
#1812 = DIRECTION('',(0.,-1.,0.));
#1813 = DIRECTION('',(1.,0.,0.));
#1814 = ADVANCED_FACE('',(#1815),#1834,.F.);
#1815 = FACE_BOUND('',#1816,.F.);
#1816 = EDGE_LOOP('',(#1817,#1818,#1819,#1827));
#1817 = ORIENTED_EDGE('',*,*,#1769,.F.);
#1818 = ORIENTED_EDGE('',*,*,#187,.F.);
#1819 = ORIENTED_EDGE('',*,*,#1820,.T.);
#1820 = EDGE_CURVE('',#188,#1821,#1823,.T.);
#1821 = VERTEX_POINT('',#1822);
#1822 = CARTESIAN_POINT('',(7.173220365879,12.254995291004,0.4));
#1823 = LINE('',#1824,#1825);
#1824 = CARTESIAN_POINT('',(7.173220365879,12.254995291004,34.));
#1825 = VECTOR('',#1826,1.);
#1826 = DIRECTION('',(-0.,-0.,-1.));
#1827 = ORIENTED_EDGE('',*,*,#1828,.F.);
#1828 = EDGE_CURVE('',#1770,#1821,#1829,.T.);
#1829 = CIRCLE('',#1830,2.3);
#1830 = AXIS2_PLACEMENT_3D('',#1831,#1832,#1833);
#1831 = CARTESIAN_POINT('',(8.335080002606,14.239959317012,0.4));
#1832 = DIRECTION('',(0.,0.,-1.));
#1833 = DIRECTION('',(0.984885884834,0.173204485667,0.));
#1834 = CYLINDRICAL_SURFACE('',#1835,2.3);
#1835 = AXIS2_PLACEMENT_3D('',#1836,#1837,#1838);
#1836 = CARTESIAN_POINT('',(8.335080002606,14.239959317012,34.));
#1837 = DIRECTION('',(0.,0.,1.));
#1838 = DIRECTION('',(1.,0.,0.));
#1839 = ADVANCED_FACE('',(#1840),#1859,.F.);
#1840 = FACE_BOUND('',#1841,.F.);
#1841 = EDGE_LOOP('',(#1842,#1850,#1851,#1852));
#1842 = ORIENTED_EDGE('',*,*,#1843,.F.);
#1843 = EDGE_CURVE('',#215,#1844,#1846,.T.);
#1844 = VERTEX_POINT('',#1845);
#1845 = CARTESIAN_POINT('',(2.009550557794,16.709677419355,0.4));
#1846 = LINE('',#1847,#1848);
#1847 = CARTESIAN_POINT('',(2.009550557794,16.709677419355,34.));
#1848 = VECTOR('',#1849,1.);
#1849 = DIRECTION('',(-0.,-0.,-1.));
#1850 = ORIENTED_EDGE('',*,*,#223,.F.);
#1851 = ORIENTED_EDGE('',*,*,#1796,.T.);
#1852 = ORIENTED_EDGE('',*,*,#1853,.F.);
#1853 = EDGE_CURVE('',#1844,#1797,#1854,.T.);
#1854 = CIRCLE('',#1855,1.);
#1855 = AXIS2_PLACEMENT_3D('',#1856,#1857,#1858);
#1856 = CARTESIAN_POINT('',(2.966479394838,17.,0.4));
#1857 = DIRECTION('',(-0.,0.,-1.));
#1858 = DIRECTION('',(-0.956928837045,-0.290322580645,0.));
#1859 = CYLINDRICAL_SURFACE('',#1860,1.);
#1860 = AXIS2_PLACEMENT_3D('',#1861,#1862,#1863);
#1861 = CARTESIAN_POINT('',(2.966479394838,17.,34.));
#1862 = DIRECTION('',(0.,0.,1.));
#1863 = DIRECTION('',(1.,0.,0.));
#1864 = ADVANCED_FACE('',(#1865),#1884,.T.);
#1865 = FACE_BOUND('',#1866,.T.);
#1866 = EDGE_LOOP('',(#1867,#1875,#1876,#1877));
#1867 = ORIENTED_EDGE('',*,*,#1868,.F.);
#1868 = EDGE_CURVE('',#197,#1869,#1871,.T.);
#1869 = VERTEX_POINT('',#1870);
#1870 = CARTESIAN_POINT('',(2.680612239771,13.944687806473,0.4));
#1871 = LINE('',#1872,#1873);
#1872 = CARTESIAN_POINT('',(2.680612239771,13.944687806473,34.));
#1873 = VECTOR('',#1874,1.);
#1874 = DIRECTION('',(-0.,-0.,-1.));
#1875 = ORIENTED_EDGE('',*,*,#196,.F.);
#1876 = ORIENTED_EDGE('',*,*,#1820,.T.);
#1877 = ORIENTED_EDGE('',*,*,#1878,.T.);
#1878 = EDGE_CURVE('',#1821,#1869,#1879,.T.);
#1879 = CIRCLE('',#1880,14.2);
#1880 = AXIS2_PLACEMENT_3D('',#1881,#1882,#1883);
#1881 = CARTESIAN_POINT('',(0.,0.,0.4));
#1882 = DIRECTION('',(0.,-0.,1.));
#1883 = DIRECTION('',(0.505156363794,0.863027837395,0.));
#1884 = CYLINDRICAL_SURFACE('',#1885,14.2);
#1885 = AXIS2_PLACEMENT_3D('',#1886,#1887,#1888);
#1886 = CARTESIAN_POINT('',(0.,0.,34.));
#1887 = DIRECTION('',(0.,0.,1.));
#1888 = DIRECTION('',(1.,0.,0.));
#1889 = ADVANCED_FACE('',(#1890),#1909,.T.);
#1890 = FACE_BOUND('',#1891,.T.);
#1891 = EDGE_LOOP('',(#1892,#1893,#1894,#1902));
#1892 = ORIENTED_EDGE('',*,*,#1843,.F.);
#1893 = ORIENTED_EDGE('',*,*,#214,.F.);
#1894 = ORIENTED_EDGE('',*,*,#1895,.T.);
#1895 = EDGE_CURVE('',#206,#1896,#1898,.T.);
#1896 = VERTEX_POINT('',#1897);
#1897 = CARTESIAN_POINT('',(1.943778798126,15.305189340813,0.4));
#1898 = LINE('',#1899,#1900);
#1899 = CARTESIAN_POINT('',(1.943778798126,15.305189340813,34.));
#1900 = VECTOR('',#1901,1.);
#1901 = DIRECTION('',(-0.,-0.,-1.));
#1902 = ORIENTED_EDGE('',*,*,#1903,.T.);
#1903 = EDGE_CURVE('',#1896,#1844,#1904,.T.);
#1904 = CIRCLE('',#1905,2.1);
#1905 = AXIS2_PLACEMENT_3D('',#1906,#1907,#1908);
#1906 = CARTESIAN_POINT('',(0.,16.1,0.4));
#1907 = DIRECTION('',(-0.,0.,1.));
#1908 = DIRECTION('',(0.925608951488,-0.378481266279,0.));
#1909 = CYLINDRICAL_SURFACE('',#1910,2.1);
#1910 = AXIS2_PLACEMENT_3D('',#1911,#1912,#1913);
#1911 = CARTESIAN_POINT('',(0.,16.1,34.));
#1912 = DIRECTION('',(0.,0.,1.));
#1913 = DIRECTION('',(1.,0.,0.));
#1914 = ADVANCED_FACE('',(#1915),#1927,.F.);
#1915 = FACE_BOUND('',#1916,.F.);
#1916 = EDGE_LOOP('',(#1917,#1918,#1919,#1920));
#1917 = ORIENTED_EDGE('',*,*,#1868,.F.);
#1918 = ORIENTED_EDGE('',*,*,#205,.F.);
#1919 = ORIENTED_EDGE('',*,*,#1895,.T.);
#1920 = ORIENTED_EDGE('',*,*,#1921,.F.);
#1921 = EDGE_CURVE('',#1869,#1896,#1922,.T.);
#1922 = CIRCLE('',#1923,1.);
#1923 = AXIS2_PLACEMENT_3D('',#1924,#1925,#1926);
#1924 = CARTESIAN_POINT('',(2.869387749614,14.926708074534,0.4));
#1925 = DIRECTION('',(-0.,0.,-1.));
#1926 = DIRECTION('',(-0.188775509843,-0.982020268061,0.));
#1927 = CYLINDRICAL_SURFACE('',#1928,1.);
#1928 = AXIS2_PLACEMENT_3D('',#1929,#1930,#1931);
#1929 = CARTESIAN_POINT('',(2.869387749614,14.926708074534,34.));
#1930 = DIRECTION('',(0.,0.,1.));
#1931 = DIRECTION('',(1.,0.,0.));
#1932 = ADVANCED_FACE('',(#1933),#1952,.F.);
#1933 = FACE_BOUND('',#1934,.F.);
#1934 = EDGE_LOOP('',(#1935,#1943,#1950,#1951));
#1935 = ORIENTED_EDGE('',*,*,#1936,.T.);
#1936 = EDGE_CURVE('',#379,#1937,#1939,.T.);
#1937 = VERTEX_POINT('',#1938);
#1938 = CARTESIAN_POINT('',(-12.5,-15.5,13.));
#1939 = LINE('',#1940,#1941);
#1940 = CARTESIAN_POINT('',(-12.5,-15.5,34.));
#1941 = VECTOR('',#1942,1.);
#1942 = DIRECTION('',(-0.,-0.,-1.));
#1943 = ORIENTED_EDGE('',*,*,#1944,.T.);
#1944 = EDGE_CURVE('',#1937,#1937,#1945,.T.);
#1945 = CIRCLE('',#1946,3.);
#1946 = AXIS2_PLACEMENT_3D('',#1947,#1948,#1949);
#1947 = CARTESIAN_POINT('',(-15.5,-15.5,13.));
#1948 = DIRECTION('',(0.,0.,1.));
#1949 = DIRECTION('',(1.,0.,0.));
#1950 = ORIENTED_EDGE('',*,*,#1936,.F.);
#1951 = ORIENTED_EDGE('',*,*,#378,.F.);
#1952 = CYLINDRICAL_SURFACE('',#1953,3.);
#1953 = AXIS2_PLACEMENT_3D('',#1954,#1955,#1956);
#1954 = CARTESIAN_POINT('',(-15.5,-15.5,34.));
#1955 = DIRECTION('',(0.,0.,1.));
#1956 = DIRECTION('',(1.,0.,0.));
#1957 = ADVANCED_FACE('',(#1958),#1983,.F.);
#1958 = FACE_BOUND('',#1959,.F.);
#1959 = EDGE_LOOP('',(#1960,#1968,#1969,#1977));
#1960 = ORIENTED_EDGE('',*,*,#1961,.F.);
#1961 = EDGE_CURVE('',#392,#1962,#1964,.T.);
#1962 = VERTEX_POINT('',#1963);
#1963 = CARTESIAN_POINT('',(-5.22302594288,-18.,0.4));
#1964 = LINE('',#1965,#1966);
#1965 = CARTESIAN_POINT('',(-5.22302594288,-18.,34.));
#1966 = VECTOR('',#1967,1.);
#1967 = DIRECTION('',(-0.,-0.,-1.));
#1968 = ORIENTED_EDGE('',*,*,#389,.F.);
#1969 = ORIENTED_EDGE('',*,*,#1970,.T.);
#1970 = EDGE_CURVE('',#390,#1971,#1973,.T.);
#1971 = VERTEX_POINT('',#1972);
#1972 = CARTESIAN_POINT('',(-9.690524980689,-18.,0.4));
#1973 = LINE('',#1974,#1975);
#1974 = CARTESIAN_POINT('',(-9.690524980689,-18.,34.));
#1975 = VECTOR('',#1976,1.);
#1976 = DIRECTION('',(-0.,-0.,-1.));
#1977 = ORIENTED_EDGE('',*,*,#1978,.T.);
#1978 = EDGE_CURVE('',#1971,#1962,#1979,.T.);
#1979 = LINE('',#1980,#1981);
#1980 = CARTESIAN_POINT('',(-9.690524980689,-18.,0.4));
#1981 = VECTOR('',#1982,1.);
#1982 = DIRECTION('',(1.,0.,0.));
#1983 = PLANE('',#1984);
#1984 = AXIS2_PLACEMENT_3D('',#1985,#1986,#1987);
#1985 = CARTESIAN_POINT('',(-9.690524980689,-18.,34.));
#1986 = DIRECTION('',(0.,-1.,0.));
#1987 = DIRECTION('',(1.,0.,0.));
#1988 = ADVANCED_FACE('',(#1989),#2008,.F.);
#1989 = FACE_BOUND('',#1990,.F.);
#1990 = EDGE_LOOP('',(#1991,#1992,#1993,#2001));
#1991 = ORIENTED_EDGE('',*,*,#1970,.F.);
#1992 = ORIENTED_EDGE('',*,*,#399,.F.);
#1993 = ORIENTED_EDGE('',*,*,#1994,.T.);
#1994 = EDGE_CURVE('',#400,#1995,#1997,.T.);
#1995 = VERTEX_POINT('',#1996);
#1996 = CARTESIAN_POINT('',(-10.65877081724,-16.75,0.4));
#1997 = LINE('',#1998,#1999);
#1998 = CARTESIAN_POINT('',(-10.65877081724,-16.75,34.));
#1999 = VECTOR('',#2000,1.);
#2000 = DIRECTION('',(-0.,-0.,-1.));
#2001 = ORIENTED_EDGE('',*,*,#2002,.T.);
#2002 = EDGE_CURVE('',#1995,#1971,#2003,.T.);
#2003 = CIRCLE('',#2004,1.);
#2004 = AXIS2_PLACEMENT_3D('',#2005,#2006,#2007);
#2005 = CARTESIAN_POINT('',(-9.690524980689,-17.,0.4));
#2006 = DIRECTION('',(0.,0.,1.));
#2007 = DIRECTION('',(-0.968245836552,0.25,0.));
#2008 = CYLINDRICAL_SURFACE('',#2009,1.);
#2009 = AXIS2_PLACEMENT_3D('',#2010,#2011,#2012);
#2010 = CARTESIAN_POINT('',(-9.690524980689,-17.,34.));
#2011 = DIRECTION('',(0.,0.,1.));
#2012 = DIRECTION('',(1.,0.,0.));
#2013 = ADVANCED_FACE('',(#2014),#2033,.F.);
#2014 = FACE_BOUND('',#2015,.F.);
#2015 = EDGE_LOOP('',(#2016,#2024,#2025,#2026));
#2016 = ORIENTED_EDGE('',*,*,#2017,.F.);
#2017 = EDGE_CURVE('',#445,#2018,#2020,.T.);
#2018 = VERTEX_POINT('',#2019);
#2019 = CARTESIAN_POINT('',(-4.237549349884,-16.83018867924,0.4));
#2020 = LINE('',#2021,#2022);
#2021 = CARTESIAN_POINT('',(-4.237549349884,-16.83018867924,34.));
#2022 = VECTOR('',#2023,1.);
#2023 = DIRECTION('',(-0.,-0.,-1.));
#2024 = ORIENTED_EDGE('',*,*,#453,.F.);
#2025 = ORIENTED_EDGE('',*,*,#1961,.T.);
#2026 = ORIENTED_EDGE('',*,*,#2027,.T.);
#2027 = EDGE_CURVE('',#1962,#2018,#2028,.T.);
#2028 = CIRCLE('',#2029,1.);
#2029 = AXIS2_PLACEMENT_3D('',#2030,#2031,#2032);
#2030 = CARTESIAN_POINT('',(-5.22302594288,-17.,0.4));
#2031 = DIRECTION('',(-0.,0.,1.));
#2032 = DIRECTION('',(0.,-1.,0.));
#2033 = CYLINDRICAL_SURFACE('',#2034,1.);
#2034 = AXIS2_PLACEMENT_3D('',#2035,#2036,#2037);
#2035 = CARTESIAN_POINT('',(-5.22302594288,-17.,34.));
#2036 = DIRECTION('',(0.,0.,1.));
#2037 = DIRECTION('',(1.,0.,0.));
#2038 = ADVANCED_FACE('',(#2039),#2058,.T.);
#2039 = FACE_BOUND('',#2040,.T.);
#2040 = EDGE_LOOP('',(#2041,#2049,#2050,#2051));
#2041 = ORIENTED_EDGE('',*,*,#2042,.F.);
#2042 = EDGE_CURVE('',#409,#2043,#2045,.T.);
#2043 = VERTEX_POINT('',#2044);
#2044 = CARTESIAN_POINT('',(-10.57307027481,-14.64831726385,0.4));
#2045 = LINE('',#2046,#2047);
#2046 = CARTESIAN_POINT('',(-10.57307027481,-14.64831726385,34.));
#2047 = VECTOR('',#2048,1.);
#2048 = DIRECTION('',(-0.,-0.,-1.));
#2049 = ORIENTED_EDGE('',*,*,#408,.F.);
#2050 = ORIENTED_EDGE('',*,*,#1994,.T.);
#2051 = ORIENTED_EDGE('',*,*,#2052,.F.);
#2052 = EDGE_CURVE('',#2043,#1995,#2053,.T.);
#2053 = CIRCLE('',#2054,5.);
#2054 = AXIS2_PLACEMENT_3D('',#2055,#2056,#2057);
#2055 = CARTESIAN_POINT('',(-15.5,-15.5,0.4));
#2056 = DIRECTION('',(0.,0.,-1.));
#2057 = DIRECTION('',(0.985385945038,0.170336547229,0.));
#2058 = CYLINDRICAL_SURFACE('',#2059,5.);
#2059 = AXIS2_PLACEMENT_3D('',#2060,#2061,#2062);
#2060 = CARTESIAN_POINT('',(-15.5,-15.5,34.));
#2061 = DIRECTION('',(0.,0.,1.));
#2062 = DIRECTION('',(1.,0.,0.));
#2063 = ADVANCED_FACE('',(#2064),#2083,.T.);
#2064 = FACE_BOUND('',#2065,.T.);
#2065 = EDGE_LOOP('',(#2066,#2067,#2068,#2076));
#2066 = ORIENTED_EDGE('',*,*,#2017,.F.);
#2067 = ORIENTED_EDGE('',*,*,#444,.F.);
#2068 = ORIENTED_EDGE('',*,*,#2069,.T.);
#2069 = EDGE_CURVE('',#436,#2070,#2072,.T.);
#2070 = VERTEX_POINT('',#2071);
#2071 = CARTESIAN_POINT('',(-4.05962682877,-14.68245634595,0.4));
#2072 = LINE('',#2073,#2074);
#2073 = CARTESIAN_POINT('',(-4.05962682877,-14.68245634595,34.));
#2074 = VECTOR('',#2075,1.);
#2075 = DIRECTION('',(-0.,-0.,-1.));
#2076 = ORIENTED_EDGE('',*,*,#2077,.F.);
#2077 = EDGE_CURVE('',#2018,#2070,#2078,.T.);
#2078 = CIRCLE('',#2079,4.3);
#2079 = AXIS2_PLACEMENT_3D('',#2080,#2081,#2082);
#2080 = CARTESIAN_POINT('',(0.,-16.1,0.4));
#2081 = DIRECTION('',(-0.,0.,-1.));
#2082 = DIRECTION('',(-0.985476592996,-0.169811320755,0.));
#2083 = CYLINDRICAL_SURFACE('',#2084,4.3);
#2084 = AXIS2_PLACEMENT_3D('',#2085,#2086,#2087);
#2085 = CARTESIAN_POINT('',(0.,-16.1,34.));
#2086 = DIRECTION('',(0.,0.,1.));
#2087 = DIRECTION('',(1.,0.,0.));
#2088 = ADVANCED_FACE('',(#2089),#2108,.F.);
#2089 = FACE_BOUND('',#2090,.F.);
#2090 = EDGE_LOOP('',(#2091,#2092,#2093,#2101));
#2091 = ORIENTED_EDGE('',*,*,#2042,.F.);
#2092 = ORIENTED_EDGE('',*,*,#417,.F.);
#2093 = ORIENTED_EDGE('',*,*,#2094,.T.);
#2094 = EDGE_CURVE('',#418,#2095,#2097,.T.);
#2095 = VERTEX_POINT('',#2096);
#2096 = CARTESIAN_POINT('',(-7.148781390144,-12.26926748571,0.4));
#2097 = LINE('',#2098,#2099);
#2098 = CARTESIAN_POINT('',(-7.148781390144,-12.26926748571,34.));
#2099 = VECTOR('',#2100,1.);
#2100 = DIRECTION('',(-0.,-0.,-1.));
#2101 = ORIENTED_EDGE('',*,*,#2102,.T.);
#2102 = EDGE_CURVE('',#2095,#2043,#2103,.T.);
#2103 = CIRCLE('',#2104,2.3);
#2104 = AXIS2_PLACEMENT_3D('',#2105,#2106,#2107);
#2105 = CARTESIAN_POINT('',(-8.306682601224,-14.25654320522,0.4));
#2106 = DIRECTION('',(0.,-0.,1.));
#2107 = DIRECTION('',(0.503435309165,0.864032921529,0.));
#2108 = CYLINDRICAL_SURFACE('',#2109,2.3);
#2109 = AXIS2_PLACEMENT_3D('',#2110,#2111,#2112);
#2110 = CARTESIAN_POINT('',(-8.306682601224,-14.25654320522,34.));
#2111 = DIRECTION('',(0.,0.,1.));
#2112 = DIRECTION('',(1.,0.,0.));
#2113 = ADVANCED_FACE('',(#2114),#2133,.F.);
#2114 = FACE_BOUND('',#2115,.F.);
#2115 = EDGE_LOOP('',(#2116,#2124,#2125,#2126));
#2116 = ORIENTED_EDGE('',*,*,#2117,.F.);
#2117 = EDGE_CURVE('',#427,#2118,#2120,.T.);
#2118 = VERTEX_POINT('',#2119);
#2119 = CARTESIAN_POINT('',(-4.674533585269,-13.40853220006,0.4));
#2120 = LINE('',#2121,#2122);
#2121 = CARTESIAN_POINT('',(-4.674533585269,-13.40853220006,34.));
#2122 = VECTOR('',#2123,1.);
#2123 = DIRECTION('',(-0.,-0.,-1.));
#2124 = ORIENTED_EDGE('',*,*,#435,.F.);
#2125 = ORIENTED_EDGE('',*,*,#2069,.T.);
#2126 = ORIENTED_EDGE('',*,*,#2127,.T.);
#2127 = EDGE_CURVE('',#2070,#2118,#2128,.T.);
#2128 = CIRCLE('',#2129,1.);
#2129 = AXIS2_PLACEMENT_3D('',#2130,#2131,#2132);
#2130 = CARTESIAN_POINT('',(-5.003726091274,-14.35279503105,0.4));
#2131 = DIRECTION('',(-0.,0.,1.));
#2132 = DIRECTION('',(0.944099262505,-0.329661314895,0.));
#2133 = CYLINDRICAL_SURFACE('',#2134,1.);
#2134 = AXIS2_PLACEMENT_3D('',#2135,#2136,#2137);
#2135 = CARTESIAN_POINT('',(-5.003726091274,-14.35279503105,34.));
#2136 = DIRECTION('',(0.,0.,1.));
#2137 = DIRECTION('',(1.,0.,0.));
#2138 = ADVANCED_FACE('',(#2139),#2151,.T.);
#2139 = FACE_BOUND('',#2140,.T.);
#2140 = EDGE_LOOP('',(#2141,#2142,#2143,#2144));
#2141 = ORIENTED_EDGE('',*,*,#2117,.F.);
#2142 = ORIENTED_EDGE('',*,*,#426,.F.);
#2143 = ORIENTED_EDGE('',*,*,#2094,.T.);
#2144 = ORIENTED_EDGE('',*,*,#2145,.F.);
#2145 = EDGE_CURVE('',#2118,#2095,#2146,.T.);
#2146 = CIRCLE('',#2147,14.2);
#2147 = AXIS2_PLACEMENT_3D('',#2148,#2149,#2150);
#2148 = CARTESIAN_POINT('',(0.,0.,0.4));
#2149 = DIRECTION('',(-0.,0.,-1.));
#2150 = DIRECTION('',(-0.329192506005,-0.944262830991,0.));
#2151 = CYLINDRICAL_SURFACE('',#2152,14.2);
#2152 = AXIS2_PLACEMENT_3D('',#2153,#2154,#2155);
#2153 = CARTESIAN_POINT('',(0.,0.,34.));
#2154 = DIRECTION('',(0.,0.,1.));
#2155 = DIRECTION('',(1.,0.,0.));
#2156 = ADVANCED_FACE('',(#2157),#2176,.F.);
#2157 = FACE_BOUND('',#2158,.T.);
#2158 = EDGE_LOOP('',(#2159,#2167,#2168,#2169));
#2159 = ORIENTED_EDGE('',*,*,#2160,.F.);
#2160 = EDGE_CURVE('',#463,#2161,#2163,.T.);
#2161 = VERTEX_POINT('',#2162);
#2162 = CARTESIAN_POINT('',(2.35,-16.1,33.6));
#2163 = LINE('',#2164,#2165);
#2164 = CARTESIAN_POINT('',(2.35,-16.1,33.6));
#2165 = VECTOR('',#2166,1.);
#2166 = DIRECTION('',(-0.707106781187,-0.,-0.707106781187));
#2167 = ORIENTED_EDGE('',*,*,#462,.T.);
#2168 = ORIENTED_EDGE('',*,*,#2160,.T.);
#2169 = ORIENTED_EDGE('',*,*,#2170,.F.);
#2170 = EDGE_CURVE('',#2161,#2161,#2171,.T.);
#2171 = CIRCLE('',#2172,2.35);
#2172 = AXIS2_PLACEMENT_3D('',#2173,#2174,#2175);
#2173 = CARTESIAN_POINT('',(0.,-16.1,33.6));
#2174 = DIRECTION('',(0.,0.,1.));
#2175 = DIRECTION('',(1.,0.,0.));
#2176 = CONICAL_SURFACE('',#2177,2.35,0.785398163397);
#2177 = AXIS2_PLACEMENT_3D('',#2178,#2179,#2180);
#2178 = CARTESIAN_POINT('',(0.,-16.1,33.6));
#2179 = DIRECTION('',(0.,0.,1.));
#2180 = DIRECTION('',(1.,0.,0.));
#2181 = ADVANCED_FACE('',(#2182),#2208,.F.);
#2182 = FACE_BOUND('',#2183,.F.);
#2183 = EDGE_LOOP('',(#2184,#2192,#2193,#2201));
#2184 = ORIENTED_EDGE('',*,*,#2185,.F.);
#2185 = EDGE_CURVE('',#476,#2186,#2188,.T.);
#2186 = VERTEX_POINT('',#2187);
#2187 = CARTESIAN_POINT('',(5.22302594288,-18.,0.4));
#2188 = LINE('',#2189,#2190);
#2189 = CARTESIAN_POINT('',(5.22302594288,-18.,34.));
#2190 = VECTOR('',#2191,1.);
#2191 = DIRECTION('',(-0.,-0.,-1.));
#2192 = ORIENTED_EDGE('',*,*,#473,.F.);
#2193 = ORIENTED_EDGE('',*,*,#2194,.T.);
#2194 = EDGE_CURVE('',#474,#2195,#2197,.T.);
#2195 = VERTEX_POINT('',#2196);
#2196 = CARTESIAN_POINT('',(4.237549349884,-16.83018867924,0.4));
#2197 = LINE('',#2198,#2199);
#2198 = CARTESIAN_POINT('',(4.237549349884,-16.83018867924,34.));
#2199 = VECTOR('',#2200,1.);
#2200 = DIRECTION('',(-0.,-0.,-1.));
#2201 = ORIENTED_EDGE('',*,*,#2202,.T.);
#2202 = EDGE_CURVE('',#2195,#2186,#2203,.T.);
#2203 = CIRCLE('',#2204,1.);
#2204 = AXIS2_PLACEMENT_3D('',#2205,#2206,#2207);
#2205 = CARTESIAN_POINT('',(5.22302594288,-17.,0.4));
#2206 = DIRECTION('',(0.,0.,1.));
#2207 = DIRECTION('',(-0.985476592996,0.169811320755,0.));
#2208 = CYLINDRICAL_SURFACE('',#2209,1.);
#2209 = AXIS2_PLACEMENT_3D('',#2210,#2211,#2212);
#2210 = CARTESIAN_POINT('',(5.22302594288,-17.,34.));
#2211 = DIRECTION('',(0.,0.,1.));
#2212 = DIRECTION('',(1.,0.,0.));
#2213 = ADVANCED_FACE('',(#2214),#2233,.T.);
#2214 = FACE_BOUND('',#2215,.T.);
#2215 = EDGE_LOOP('',(#2216,#2224,#2225,#2226));
#2216 = ORIENTED_EDGE('',*,*,#2217,.F.);
#2217 = EDGE_CURVE('',#485,#2218,#2220,.T.);
#2218 = VERTEX_POINT('',#2219);
#2219 = CARTESIAN_POINT('',(4.05962682877,-14.68245634595,0.4));
#2220 = LINE('',#2221,#2222);
#2221 = CARTESIAN_POINT('',(4.05962682877,-14.68245634595,34.));
#2222 = VECTOR('',#2223,1.);
#2223 = DIRECTION('',(-0.,-0.,-1.));
#2224 = ORIENTED_EDGE('',*,*,#484,.F.);
#2225 = ORIENTED_EDGE('',*,*,#2194,.T.);
#2226 = ORIENTED_EDGE('',*,*,#2227,.F.);
#2227 = EDGE_CURVE('',#2218,#2195,#2228,.T.);
#2228 = CIRCLE('',#2229,4.3);
#2229 = AXIS2_PLACEMENT_3D('',#2230,#2231,#2232);
#2230 = CARTESIAN_POINT('',(0.,-16.1,0.4));
#2231 = DIRECTION('',(0.,0.,-1.));
#2232 = DIRECTION('',(0.944099262505,0.329661314895,0.));
#2233 = CYLINDRICAL_SURFACE('',#2234,4.3);
#2234 = AXIS2_PLACEMENT_3D('',#2235,#2236,#2237);
#2235 = CARTESIAN_POINT('',(0.,-16.1,34.));
#2236 = DIRECTION('',(0.,0.,1.));
#2237 = DIRECTION('',(1.,0.,0.));
#2238 = ADVANCED_FACE('',(#2239),#2257,.F.);
#2239 = FACE_BOUND('',#2240,.F.);
#2240 = EDGE_LOOP('',(#2241,#2249,#2250,#2251));
#2241 = ORIENTED_EDGE('',*,*,#2242,.F.);
#2242 = EDGE_CURVE('',#530,#2243,#2245,.T.);
#2243 = VERTEX_POINT('',#2244);
#2244 = CARTESIAN_POINT('',(9.690524980689,-18.,0.4));
#2245 = LINE('',#2246,#2247);
#2246 = CARTESIAN_POINT('',(9.690524980689,-18.,34.));
#2247 = VECTOR('',#2248,1.);
#2248 = DIRECTION('',(-0.,-0.,-1.));
#2249 = ORIENTED_EDGE('',*,*,#538,.F.);
#2250 = ORIENTED_EDGE('',*,*,#2185,.T.);
#2251 = ORIENTED_EDGE('',*,*,#2252,.T.);
#2252 = EDGE_CURVE('',#2186,#2243,#2253,.T.);
#2253 = LINE('',#2254,#2255);
#2254 = CARTESIAN_POINT('',(5.22302594288,-18.,0.4));
#2255 = VECTOR('',#2256,1.);
#2256 = DIRECTION('',(1.,0.,0.));
#2257 = PLANE('',#2258);
#2258 = AXIS2_PLACEMENT_3D('',#2259,#2260,#2261);
#2259 = CARTESIAN_POINT('',(5.22302594288,-18.,34.));
#2260 = DIRECTION('',(0.,-1.,0.));
#2261 = DIRECTION('',(1.,0.,0.));
#2262 = ADVANCED_FACE('',(#2263),#2282,.F.);
#2263 = FACE_BOUND('',#2264,.F.);
#2264 = EDGE_LOOP('',(#2265,#2266,#2267,#2275));
#2265 = ORIENTED_EDGE('',*,*,#2217,.F.);
#2266 = ORIENTED_EDGE('',*,*,#493,.F.);
#2267 = ORIENTED_EDGE('',*,*,#2268,.T.);
#2268 = EDGE_CURVE('',#494,#2269,#2271,.T.);
#2269 = VERTEX_POINT('',#2270);
#2270 = CARTESIAN_POINT('',(4.674533585269,-13.40853220006,0.4));
#2271 = LINE('',#2272,#2273);
#2272 = CARTESIAN_POINT('',(4.674533585269,-13.40853220006,34.));
#2273 = VECTOR('',#2274,1.);
#2274 = DIRECTION('',(-0.,-0.,-1.));
#2275 = ORIENTED_EDGE('',*,*,#2276,.T.);
#2276 = EDGE_CURVE('',#2269,#2218,#2277,.T.);
#2277 = CIRCLE('',#2278,1.);
#2278 = AXIS2_PLACEMENT_3D('',#2279,#2280,#2281);
#2279 = CARTESIAN_POINT('',(5.003726091274,-14.35279503105,0.4));
#2280 = DIRECTION('',(0.,0.,1.));
#2281 = DIRECTION('',(-0.329192506005,0.944262830991,0.));
#2282 = CYLINDRICAL_SURFACE('',#2283,1.);
#2283 = AXIS2_PLACEMENT_3D('',#2284,#2285,#2286);
#2284 = CARTESIAN_POINT('',(5.003726091274,-14.35279503105,34.));
#2285 = DIRECTION('',(0.,0.,1.));
#2286 = DIRECTION('',(1.,0.,0.));
#2287 = ADVANCED_FACE('',(#2288),#2307,.F.);
#2288 = FACE_BOUND('',#2289,.F.);
#2289 = EDGE_LOOP('',(#2290,#2298,#2299,#2300));
#2290 = ORIENTED_EDGE('',*,*,#2291,.F.);
#2291 = EDGE_CURVE('',#521,#2292,#2294,.T.);
#2292 = VERTEX_POINT('',#2293);
#2293 = CARTESIAN_POINT('',(10.658770817241,-16.75,0.4));
#2294 = LINE('',#2295,#2296);
#2295 = CARTESIAN_POINT('',(10.658770817241,-16.75,34.));
#2296 = VECTOR('',#2297,1.);
#2297 = DIRECTION('',(-0.,-0.,-1.));
#2298 = ORIENTED_EDGE('',*,*,#529,.F.);
#2299 = ORIENTED_EDGE('',*,*,#2242,.T.);
#2300 = ORIENTED_EDGE('',*,*,#2301,.T.);
#2301 = EDGE_CURVE('',#2243,#2292,#2302,.T.);
#2302 = CIRCLE('',#2303,1.);
#2303 = AXIS2_PLACEMENT_3D('',#2304,#2305,#2306);
#2304 = CARTESIAN_POINT('',(9.690524980689,-17.,0.4));
#2305 = DIRECTION('',(-0.,0.,1.));
#2306 = DIRECTION('',(0.,-1.,0.));
#2307 = CYLINDRICAL_SURFACE('',#2308,1.);
#2308 = AXIS2_PLACEMENT_3D('',#2309,#2310,#2311);
#2309 = CARTESIAN_POINT('',(9.690524980689,-17.,34.));
#2310 = DIRECTION('',(0.,0.,1.));
#2311 = DIRECTION('',(1.,0.,0.));
#2312 = ADVANCED_FACE('',(#2313),#2332,.T.);
#2313 = FACE_BOUND('',#2314,.T.);
#2314 = EDGE_LOOP('',(#2315,#2323,#2324,#2325));
#2315 = ORIENTED_EDGE('',*,*,#2316,.F.);
#2316 = EDGE_CURVE('',#503,#2317,#2319,.T.);
#2317 = VERTEX_POINT('',#2318);
#2318 = CARTESIAN_POINT('',(7.148781390144,-12.26926748571,0.4));
#2319 = LINE('',#2320,#2321);
#2320 = CARTESIAN_POINT('',(7.148781390144,-12.26926748571,34.));
#2321 = VECTOR('',#2322,1.);
#2322 = DIRECTION('',(-0.,-0.,-1.));
#2323 = ORIENTED_EDGE('',*,*,#502,.F.);
#2324 = ORIENTED_EDGE('',*,*,#2268,.T.);
#2325 = ORIENTED_EDGE('',*,*,#2326,.F.);
#2326 = EDGE_CURVE('',#2317,#2269,#2327,.T.);
#2327 = CIRCLE('',#2328,14.2);
#2328 = AXIS2_PLACEMENT_3D('',#2329,#2330,#2331);
#2329 = CARTESIAN_POINT('',(0.,0.,0.4));
#2330 = DIRECTION('',(0.,-0.,-1.));
#2331 = DIRECTION('',(0.503435309165,-0.864032921529,0.));
#2332 = CYLINDRICAL_SURFACE('',#2333,14.2);
#2333 = AXIS2_PLACEMENT_3D('',#2334,#2335,#2336);
#2334 = CARTESIAN_POINT('',(0.,0.,34.));
#2335 = DIRECTION('',(0.,0.,1.));
#2336 = DIRECTION('',(1.,0.,0.));
#2337 = ADVANCED_FACE('',(#2338),#2357,.T.);
#2338 = FACE_BOUND('',#2339,.T.);
#2339 = EDGE_LOOP('',(#2340,#2341,#2342,#2350));
#2340 = ORIENTED_EDGE('',*,*,#2291,.F.);
#2341 = ORIENTED_EDGE('',*,*,#520,.F.);
#2342 = ORIENTED_EDGE('',*,*,#2343,.T.);
#2343 = EDGE_CURVE('',#512,#2344,#2346,.T.);
#2344 = VERTEX_POINT('',#2345);
#2345 = CARTESIAN_POINT('',(10.573070274811,-14.64831726385,0.4));
#2346 = LINE('',#2347,#2348);
#2347 = CARTESIAN_POINT('',(10.573070274811,-14.64831726385,34.));
#2348 = VECTOR('',#2349,1.);
#2349 = DIRECTION('',(-0.,-0.,-1.));
#2350 = ORIENTED_EDGE('',*,*,#2351,.F.);
#2351 = EDGE_CURVE('',#2292,#2344,#2352,.T.);
#2352 = CIRCLE('',#2353,5.);
#2353 = AXIS2_PLACEMENT_3D('',#2354,#2355,#2356);
#2354 = CARTESIAN_POINT('',(15.5,-15.5,0.4));
#2355 = DIRECTION('',(-0.,0.,-1.));
#2356 = DIRECTION('',(-0.968245836552,-0.25,0.));
#2357 = CYLINDRICAL_SURFACE('',#2358,5.);
#2358 = AXIS2_PLACEMENT_3D('',#2359,#2360,#2361);
#2359 = CARTESIAN_POINT('',(15.5,-15.5,34.));
#2360 = DIRECTION('',(0.,0.,1.));
#2361 = DIRECTION('',(1.,0.,0.));
#2362 = ADVANCED_FACE('',(#2363),#2375,.F.);
#2363 = FACE_BOUND('',#2364,.F.);
#2364 = EDGE_LOOP('',(#2365,#2366,#2367,#2368));
#2365 = ORIENTED_EDGE('',*,*,#2316,.F.);
#2366 = ORIENTED_EDGE('',*,*,#511,.F.);
#2367 = ORIENTED_EDGE('',*,*,#2343,.T.);
#2368 = ORIENTED_EDGE('',*,*,#2369,.T.);
#2369 = EDGE_CURVE('',#2344,#2317,#2370,.T.);
#2370 = CIRCLE('',#2371,2.3);
#2371 = AXIS2_PLACEMENT_3D('',#2372,#2373,#2374);
#2372 = CARTESIAN_POINT('',(8.306682601224,-14.25654320522,0.4));
#2373 = DIRECTION('',(-0.,0.,1.));
#2374 = DIRECTION('',(0.985385945038,-0.170336547229,0.));
#2375 = CYLINDRICAL_SURFACE('',#2376,2.3);
#2376 = AXIS2_PLACEMENT_3D('',#2377,#2378,#2379);
#2377 = CARTESIAN_POINT('',(8.306682601224,-14.25654320522,34.));
#2378 = DIRECTION('',(0.,0.,1.));
#2379 = DIRECTION('',(1.,0.,0.));
#2380 = ADVANCED_FACE('',(#2381),#2400,.F.);
#2381 = FACE_BOUND('',#2382,.F.);
#2382 = EDGE_LOOP('',(#2383,#2391,#2398,#2399));
#2383 = ORIENTED_EDGE('',*,*,#2384,.T.);
#2384 = EDGE_CURVE('',#547,#2385,#2387,.T.);
#2385 = VERTEX_POINT('',#2386);
#2386 = CARTESIAN_POINT('',(18.5,-15.5,13.));
#2387 = LINE('',#2388,#2389);
#2388 = CARTESIAN_POINT('',(18.5,-15.5,34.));
#2389 = VECTOR('',#2390,1.);
#2390 = DIRECTION('',(-0.,-0.,-1.));
#2391 = ORIENTED_EDGE('',*,*,#2392,.T.);
#2392 = EDGE_CURVE('',#2385,#2385,#2393,.T.);
#2393 = CIRCLE('',#2394,3.);
#2394 = AXIS2_PLACEMENT_3D('',#2395,#2396,#2397);
#2395 = CARTESIAN_POINT('',(15.5,-15.5,13.));
#2396 = DIRECTION('',(0.,0.,1.));
#2397 = DIRECTION('',(1.,0.,0.));
#2398 = ORIENTED_EDGE('',*,*,#2384,.F.);
#2399 = ORIENTED_EDGE('',*,*,#546,.F.);
#2400 = CYLINDRICAL_SURFACE('',#2401,3.);
#2401 = AXIS2_PLACEMENT_3D('',#2402,#2403,#2404);
#2402 = CARTESIAN_POINT('',(15.5,-15.5,34.));
#2403 = DIRECTION('',(0.,0.,1.));
#2404 = DIRECTION('',(1.,0.,0.));
#2405 = ADVANCED_FACE('',(#2406),#2432,.F.);
#2406 = FACE_BOUND('',#2407,.F.);
#2407 = EDGE_LOOP('',(#2408,#2416,#2417,#2425));
#2408 = ORIENTED_EDGE('',*,*,#2409,.F.);
#2409 = EDGE_CURVE('',#560,#2410,#2412,.T.);
#2410 = VERTEX_POINT('',#2411);
#2411 = CARTESIAN_POINT('',(-18.,9.690524980689,0.4));
#2412 = LINE('',#2413,#2414);
#2413 = CARTESIAN_POINT('',(-18.,9.690524980689,34.));
#2414 = VECTOR('',#2415,1.);
#2415 = DIRECTION('',(-0.,-0.,-1.));
#2416 = ORIENTED_EDGE('',*,*,#557,.F.);
#2417 = ORIENTED_EDGE('',*,*,#2418,.T.);
#2418 = EDGE_CURVE('',#558,#2419,#2421,.T.);
#2419 = VERTEX_POINT('',#2420);
#2420 = CARTESIAN_POINT('',(-16.75,10.658770817241,0.4));
#2421 = LINE('',#2422,#2423);
#2422 = CARTESIAN_POINT('',(-16.75,10.658770817241,34.));
#2423 = VECTOR('',#2424,1.);
#2424 = DIRECTION('',(-0.,-0.,-1.));
#2425 = ORIENTED_EDGE('',*,*,#2426,.T.);
#2426 = EDGE_CURVE('',#2419,#2410,#2427,.T.);
#2427 = CIRCLE('',#2428,1.);
#2428 = AXIS2_PLACEMENT_3D('',#2429,#2430,#2431);
#2429 = CARTESIAN_POINT('',(-17.,9.690524980689,0.4));
#2430 = DIRECTION('',(0.,-0.,1.));
#2431 = DIRECTION('',(0.25,0.968245836552,0.));
#2432 = CYLINDRICAL_SURFACE('',#2433,1.);
#2433 = AXIS2_PLACEMENT_3D('',#2434,#2435,#2436);
#2434 = CARTESIAN_POINT('',(-17.,9.690524980689,34.));
#2435 = DIRECTION('',(0.,0.,1.));
#2436 = DIRECTION('',(1.,0.,0.));
#2437 = ADVANCED_FACE('',(#2438),#2456,.F.);
#2438 = FACE_BOUND('',#2439,.F.);
#2439 = EDGE_LOOP('',(#2440,#2448,#2449,#2450));
#2440 = ORIENTED_EDGE('',*,*,#2441,.F.);
#2441 = EDGE_CURVE('',#623,#2442,#2444,.T.);
#2442 = VERTEX_POINT('',#2443);
#2443 = CARTESIAN_POINT('',(-18.,-9.690524980689,0.4));
#2444 = LINE('',#2445,#2446);
#2445 = CARTESIAN_POINT('',(-18.,-9.690524980689,34.));
#2446 = VECTOR('',#2447,1.);
#2447 = DIRECTION('',(-0.,-0.,-1.));
#2448 = ORIENTED_EDGE('',*,*,#631,.F.);
#2449 = ORIENTED_EDGE('',*,*,#2409,.T.);
#2450 = ORIENTED_EDGE('',*,*,#2451,.T.);
#2451 = EDGE_CURVE('',#2410,#2442,#2452,.T.);
#2452 = LINE('',#2453,#2454);
#2453 = CARTESIAN_POINT('',(-18.,9.690524980689,0.4));
#2454 = VECTOR('',#2455,1.);
#2455 = DIRECTION('',(0.,-1.,0.));
#2456 = PLANE('',#2457);
#2457 = AXIS2_PLACEMENT_3D('',#2458,#2459,#2460);
#2458 = CARTESIAN_POINT('',(-18.,9.690524980689,34.));
#2459 = DIRECTION('',(-1.,0.,0.));
#2460 = DIRECTION('',(0.,-1.,0.));
#2461 = ADVANCED_FACE('',(#2462),#2481,.F.);
#2462 = FACE_BOUND('',#2463,.F.);
#2463 = EDGE_LOOP('',(#2464,#2472,#2473,#2474));
#2464 = ORIENTED_EDGE('',*,*,#2465,.F.);
#2465 = EDGE_CURVE('',#614,#2466,#2468,.T.);
#2466 = VERTEX_POINT('',#2467);
#2467 = CARTESIAN_POINT('',(-16.75,-10.65877081724,0.4));
#2468 = LINE('',#2469,#2470);
#2469 = CARTESIAN_POINT('',(-16.75,-10.65877081724,34.));
#2470 = VECTOR('',#2471,1.);
#2471 = DIRECTION('',(-0.,-0.,-1.));
#2472 = ORIENTED_EDGE('',*,*,#622,.F.);
#2473 = ORIENTED_EDGE('',*,*,#2441,.T.);
#2474 = ORIENTED_EDGE('',*,*,#2475,.T.);
#2475 = EDGE_CURVE('',#2442,#2466,#2476,.T.);
#2476 = CIRCLE('',#2477,1.);
#2477 = AXIS2_PLACEMENT_3D('',#2478,#2479,#2480);
#2478 = CARTESIAN_POINT('',(-17.,-9.690524980689,0.4));
#2479 = DIRECTION('',(0.,0.,1.));
#2480 = DIRECTION('',(-1.,0.,0.));
#2481 = CYLINDRICAL_SURFACE('',#2482,1.);
#2482 = AXIS2_PLACEMENT_3D('',#2483,#2484,#2485);
#2483 = CARTESIAN_POINT('',(-17.,-9.690524980689,34.));
#2484 = DIRECTION('',(0.,0.,1.));
#2485 = DIRECTION('',(1.,0.,0.));
#2486 = ADVANCED_FACE('',(#2487),#2506,.T.);
#2487 = FACE_BOUND('',#2488,.T.);
#2488 = EDGE_LOOP('',(#2489,#2490,#2491,#2499));
#2489 = ORIENTED_EDGE('',*,*,#2465,.F.);
#2490 = ORIENTED_EDGE('',*,*,#613,.F.);
#2491 = ORIENTED_EDGE('',*,*,#2492,.T.);
#2492 = EDGE_CURVE('',#605,#2493,#2495,.T.);
#2493 = VERTEX_POINT('',#2494);
#2494 = CARTESIAN_POINT('',(-14.64831726385,-10.57307027481,0.4));
#2495 = LINE('',#2496,#2497);
#2496 = CARTESIAN_POINT('',(-14.64831726385,-10.57307027481,34.));
#2497 = VECTOR('',#2498,1.);
#2498 = DIRECTION('',(-0.,-0.,-1.));
#2499 = ORIENTED_EDGE('',*,*,#2500,.F.);
#2500 = EDGE_CURVE('',#2466,#2493,#2501,.T.);
#2501 = CIRCLE('',#2502,5.);
#2502 = AXIS2_PLACEMENT_3D('',#2503,#2504,#2505);
#2503 = CARTESIAN_POINT('',(-15.5,-15.5,0.4));
#2504 = DIRECTION('',(0.,0.,-1.));
#2505 = DIRECTION('',(-0.25,0.968245836552,0.));
#2506 = CYLINDRICAL_SURFACE('',#2507,5.);
#2507 = AXIS2_PLACEMENT_3D('',#2508,#2509,#2510);
#2508 = CARTESIAN_POINT('',(-15.5,-15.5,34.));
#2509 = DIRECTION('',(0.,0.,1.));
#2510 = DIRECTION('',(1.,0.,0.));
#2511 = ADVANCED_FACE('',(#2512),#2531,.F.);
#2512 = FACE_BOUND('',#2513,.F.);
#2513 = EDGE_LOOP('',(#2514,#2522,#2523,#2524));
#2514 = ORIENTED_EDGE('',*,*,#2515,.F.);
#2515 = EDGE_CURVE('',#596,#2516,#2518,.T.);
#2516 = VERTEX_POINT('',#2517);
#2517 = CARTESIAN_POINT('',(-12.26926748571,-7.148781390144,0.4));
#2518 = LINE('',#2519,#2520);
#2519 = CARTESIAN_POINT('',(-12.26926748571,-7.148781390144,34.));
#2520 = VECTOR('',#2521,1.);
#2521 = DIRECTION('',(-0.,-0.,-1.));
#2522 = ORIENTED_EDGE('',*,*,#604,.F.);
#2523 = ORIENTED_EDGE('',*,*,#2492,.T.);
#2524 = ORIENTED_EDGE('',*,*,#2525,.T.);
#2525 = EDGE_CURVE('',#2493,#2516,#2526,.T.);
#2526 = CIRCLE('',#2527,2.3);
#2527 = AXIS2_PLACEMENT_3D('',#2528,#2529,#2530);
#2528 = CARTESIAN_POINT('',(-14.25654320522,-8.306682601224,0.4));
#2529 = DIRECTION('',(0.,0.,1.));
#2530 = DIRECTION('',(-0.170336547229,-0.985385945038,0.));
#2531 = CYLINDRICAL_SURFACE('',#2532,2.3);
#2532 = AXIS2_PLACEMENT_3D('',#2533,#2534,#2535);
#2533 = CARTESIAN_POINT('',(-14.25654320522,-8.306682601224,34.));
#2534 = DIRECTION('',(0.,0.,1.));
#2535 = DIRECTION('',(1.,0.,0.));
#2536 = ADVANCED_FACE('',(#2537),#2557,.T.);
#2537 = FACE_BOUND('',#2538,.T.);
#2538 = EDGE_LOOP('',(#2539,#2540,#2541,#2542,#2550));
#2539 = ORIENTED_EDGE('',*,*,#2515,.F.);
#2540 = ORIENTED_EDGE('',*,*,#595,.F.);
#2541 = ORIENTED_EDGE('',*,*,#586,.F.);
#2542 = ORIENTED_EDGE('',*,*,#2543,.T.);
#2543 = EDGE_CURVE('',#578,#2544,#2546,.T.);
#2544 = VERTEX_POINT('',#2545);
#2545 = CARTESIAN_POINT('',(-12.26926748571,7.148781390144,0.4));
#2546 = LINE('',#2547,#2548);
#2547 = CARTESIAN_POINT('',(-12.26926748571,7.148781390144,34.));
#2548 = VECTOR('',#2549,1.);
#2549 = DIRECTION('',(-0.,-0.,-1.));
#2550 = ORIENTED_EDGE('',*,*,#2551,.F.);
#2551 = EDGE_CURVE('',#2516,#2544,#2552,.T.);
#2552 = CIRCLE('',#2553,14.2);
#2553 = AXIS2_PLACEMENT_3D('',#2554,#2555,#2556);
#2554 = CARTESIAN_POINT('',(0.,0.,0.4));
#2555 = DIRECTION('',(-0.,0.,-1.));
#2556 = DIRECTION('',(-0.864032921529,-0.503435309165,0.));
#2557 = CYLINDRICAL_SURFACE('',#2558,14.2);
#2558 = AXIS2_PLACEMENT_3D('',#2559,#2560,#2561);
#2559 = CARTESIAN_POINT('',(0.,0.,34.));
#2560 = DIRECTION('',(0.,0.,1.));
#2561 = DIRECTION('',(1.,0.,0.));
#2562 = ADVANCED_FACE('',(#2563),#2582,.F.);
#2563 = FACE_BOUND('',#2564,.F.);
#2564 = EDGE_LOOP('',(#2565,#2573,#2574,#2575));
#2565 = ORIENTED_EDGE('',*,*,#2566,.F.);
#2566 = EDGE_CURVE('',#569,#2567,#2569,.T.);
#2567 = VERTEX_POINT('',#2568);
#2568 = CARTESIAN_POINT('',(-14.64831726385,10.573070274811,0.4));
#2569 = LINE('',#2570,#2571);
#2570 = CARTESIAN_POINT('',(-14.64831726385,10.573070274811,34.));
#2571 = VECTOR('',#2572,1.);
#2572 = DIRECTION('',(-0.,-0.,-1.));
#2573 = ORIENTED_EDGE('',*,*,#577,.F.);
#2574 = ORIENTED_EDGE('',*,*,#2543,.T.);
#2575 = ORIENTED_EDGE('',*,*,#2576,.T.);
#2576 = EDGE_CURVE('',#2544,#2567,#2577,.T.);
#2577 = CIRCLE('',#2578,2.3);
#2578 = AXIS2_PLACEMENT_3D('',#2579,#2580,#2581);
#2579 = CARTESIAN_POINT('',(-14.25654320522,8.306682601224,0.4));
#2580 = DIRECTION('',(-0.,0.,1.));
#2581 = DIRECTION('',(0.864032921529,-0.503435309165,0.));
#2582 = CYLINDRICAL_SURFACE('',#2583,2.3);
#2583 = AXIS2_PLACEMENT_3D('',#2584,#2585,#2586);
#2584 = CARTESIAN_POINT('',(-14.25654320522,8.306682601224,34.));
#2585 = DIRECTION('',(0.,0.,1.));
#2586 = DIRECTION('',(1.,0.,0.));
#2587 = ADVANCED_FACE('',(#2588),#2600,.T.);
#2588 = FACE_BOUND('',#2589,.T.);
#2589 = EDGE_LOOP('',(#2590,#2591,#2592,#2593));
#2590 = ORIENTED_EDGE('',*,*,#2566,.F.);
#2591 = ORIENTED_EDGE('',*,*,#568,.F.);
#2592 = ORIENTED_EDGE('',*,*,#2418,.T.);
#2593 = ORIENTED_EDGE('',*,*,#2594,.F.);
#2594 = EDGE_CURVE('',#2567,#2419,#2595,.T.);
#2595 = CIRCLE('',#2596,5.);
#2596 = AXIS2_PLACEMENT_3D('',#2597,#2598,#2599);
#2597 = CARTESIAN_POINT('',(-15.5,15.5,0.4));
#2598 = DIRECTION('',(0.,-0.,-1.));
#2599 = DIRECTION('',(0.170336547229,-0.985385945038,0.));
#2600 = CYLINDRICAL_SURFACE('',#2601,5.);
#2601 = AXIS2_PLACEMENT_3D('',#2602,#2603,#2604);
#2602 = CARTESIAN_POINT('',(-15.5,15.5,34.));
#2603 = DIRECTION('',(0.,0.,1.));
#2604 = DIRECTION('',(1.,0.,0.));
#2605 = ADVANCED_FACE('',(#2606),#2626,.T.);
#2606 = FACE_BOUND('',#2607,.F.);
#2607 = EDGE_LOOP('',(#2608,#2616,#2617,#2618,#2619));
#2608 = ORIENTED_EDGE('',*,*,#2609,.F.);
#2609 = EDGE_CURVE('',#640,#2610,#2612,.T.);
#2610 = VERTEX_POINT('',#2611);
#2611 = CARTESIAN_POINT('',(-11.2,0.,35.));
#2612 = LINE('',#2613,#2614);
#2613 = CARTESIAN_POINT('',(-11.2,0.,34.));
#2614 = VECTOR('',#2615,1.);
#2615 = DIRECTION('',(0.,0.,1.));
#2616 = ORIENTED_EDGE('',*,*,#639,.F.);
#2617 = ORIENTED_EDGE('',*,*,#648,.F.);
#2618 = ORIENTED_EDGE('',*,*,#2609,.T.);
#2619 = ORIENTED_EDGE('',*,*,#2620,.T.);
#2620 = EDGE_CURVE('',#2610,#2610,#2621,.T.);
#2621 = CIRCLE('',#2622,1.5);
#2622 = AXIS2_PLACEMENT_3D('',#2623,#2624,#2625);
#2623 = CARTESIAN_POINT('',(-12.7,0.,35.));
#2624 = DIRECTION('',(0.,0.,1.));
#2625 = DIRECTION('',(1.,0.,0.));
#2626 = CYLINDRICAL_SURFACE('',#2627,1.5);
#2627 = AXIS2_PLACEMENT_3D('',#2628,#2629,#2630);
#2628 = CARTESIAN_POINT('',(-12.7,0.,34.));
#2629 = DIRECTION('',(-0.,-0.,-1.));
#2630 = DIRECTION('',(1.,0.,0.));
#2631 = ADVANCED_FACE('',(#2632),#2651,.F.);
#2632 = FACE_BOUND('',#2633,.F.);
#2633 = EDGE_LOOP('',(#2634,#2642,#2649,#2650));
#2634 = ORIENTED_EDGE('',*,*,#2635,.T.);
#2635 = EDGE_CURVE('',#658,#2636,#2638,.T.);
#2636 = VERTEX_POINT('',#2637);
#2637 = CARTESIAN_POINT('',(-12.5,15.5,13.));
#2638 = LINE('',#2639,#2640);
#2639 = CARTESIAN_POINT('',(-12.5,15.5,34.));
#2640 = VECTOR('',#2641,1.);
#2641 = DIRECTION('',(-0.,-0.,-1.));
#2642 = ORIENTED_EDGE('',*,*,#2643,.T.);
#2643 = EDGE_CURVE('',#2636,#2636,#2644,.T.);
#2644 = CIRCLE('',#2645,3.);
#2645 = AXIS2_PLACEMENT_3D('',#2646,#2647,#2648);
#2646 = CARTESIAN_POINT('',(-15.5,15.5,13.));
#2647 = DIRECTION('',(0.,0.,1.));
#2648 = DIRECTION('',(1.,0.,0.));
#2649 = ORIENTED_EDGE('',*,*,#2635,.F.);
#2650 = ORIENTED_EDGE('',*,*,#657,.F.);
#2651 = CYLINDRICAL_SURFACE('',#2652,3.);
#2652 = AXIS2_PLACEMENT_3D('',#2653,#2654,#2655);
#2653 = CARTESIAN_POINT('',(-15.5,15.5,34.));
#2654 = DIRECTION('',(0.,0.,1.));
#2655 = DIRECTION('',(1.,0.,0.));
#2656 = ADVANCED_FACE('',(#2657),#2676,.F.);
#2657 = FACE_BOUND('',#2658,.F.);
#2658 = EDGE_LOOP('',(#2659,#2667,#2668,#2669));
#2659 = ORIENTED_EDGE('',*,*,#2660,.F.);
#2660 = EDGE_CURVE('',#669,#2661,#2663,.T.);
#2661 = VERTEX_POINT('',#2662);
#2662 = CARTESIAN_POINT('',(11.15,0.,0.4));
#2663 = LINE('',#2664,#2665);
#2664 = CARTESIAN_POINT('',(11.15,0.,34.));
#2665 = VECTOR('',#2666,1.);
#2666 = DIRECTION('',(-0.,-0.,-1.));
#2667 = ORIENTED_EDGE('',*,*,#668,.F.);
#2668 = ORIENTED_EDGE('',*,*,#2660,.T.);
#2669 = ORIENTED_EDGE('',*,*,#2670,.T.);
#2670 = EDGE_CURVE('',#2661,#2661,#2671,.T.);
#2671 = CIRCLE('',#2672,11.15);
#2672 = AXIS2_PLACEMENT_3D('',#2673,#2674,#2675);
#2673 = CARTESIAN_POINT('',(0.,0.,0.4));
#2674 = DIRECTION('',(0.,0.,1.));
#2675 = DIRECTION('',(1.,0.,0.));
#2676 = CYLINDRICAL_SURFACE('',#2677,11.15);
#2677 = AXIS2_PLACEMENT_3D('',#2678,#2679,#2680);
#2678 = CARTESIAN_POINT('',(0.,0.,34.));
#2679 = DIRECTION('',(0.,0.,1.));
#2680 = DIRECTION('',(1.,0.,0.));
#2681 = ADVANCED_FACE('',(#2682),#2701,.T.);
#2682 = FACE_BOUND('',#2683,.F.);
#2683 = EDGE_LOOP('',(#2684,#2692,#2699,#2700));
#2684 = ORIENTED_EDGE('',*,*,#2685,.T.);
#2685 = EDGE_CURVE('',#680,#2686,#2688,.T.);
#2686 = VERTEX_POINT('',#2687);
#2687 = CARTESIAN_POINT('',(14.2,0.,35.));
#2688 = LINE('',#2689,#2690);
#2689 = CARTESIAN_POINT('',(14.2,0.,34.));
#2690 = VECTOR('',#2691,1.);
#2691 = DIRECTION('',(0.,0.,1.));
#2692 = ORIENTED_EDGE('',*,*,#2693,.T.);
#2693 = EDGE_CURVE('',#2686,#2686,#2694,.T.);
#2694 = CIRCLE('',#2695,1.5);
#2695 = AXIS2_PLACEMENT_3D('',#2696,#2697,#2698);
#2696 = CARTESIAN_POINT('',(12.7,0.,35.));
#2697 = DIRECTION('',(0.,0.,1.));
#2698 = DIRECTION('',(1.,0.,0.));
#2699 = ORIENTED_EDGE('',*,*,#2685,.F.);
#2700 = ORIENTED_EDGE('',*,*,#679,.F.);
#2701 = CYLINDRICAL_SURFACE('',#2702,1.5);
#2702 = AXIS2_PLACEMENT_3D('',#2703,#2704,#2705);
#2703 = CARTESIAN_POINT('',(12.7,0.,34.));
#2704 = DIRECTION('',(-0.,-0.,-1.));
#2705 = DIRECTION('',(1.,0.,0.));
#2706 = ADVANCED_FACE('',(#2707),#2734,.T.);
#2707 = FACE_BOUND('',#2708,.T.);
#2708 = EDGE_LOOP('',(#2709,#2717,#2718,#2719,#2727));
#2709 = ORIENTED_EDGE('',*,*,#2710,.F.);
#2710 = EDGE_CURVE('',#700,#2711,#2713,.T.);
#2711 = VERTEX_POINT('',#2712);
#2712 = CARTESIAN_POINT('',(12.269267485711,7.148781390144,0.4));
#2713 = LINE('',#2714,#2715);
#2714 = CARTESIAN_POINT('',(12.269267485711,7.148781390144,34.));
#2715 = VECTOR('',#2716,1.);
#2716 = DIRECTION('',(-0.,-0.,-1.));
#2717 = ORIENTED_EDGE('',*,*,#699,.F.);
#2718 = ORIENTED_EDGE('',*,*,#690,.F.);
#2719 = ORIENTED_EDGE('',*,*,#2720,.T.);
#2720 = EDGE_CURVE('',#691,#2721,#2723,.T.);
#2721 = VERTEX_POINT('',#2722);
#2722 = CARTESIAN_POINT('',(12.269267485711,-7.148781390144,0.4));
#2723 = LINE('',#2724,#2725);
#2724 = CARTESIAN_POINT('',(12.269267485711,-7.148781390144,34.));
#2725 = VECTOR('',#2726,1.);
#2726 = DIRECTION('',(-0.,-0.,-1.));
#2727 = ORIENTED_EDGE('',*,*,#2728,.T.);
#2728 = EDGE_CURVE('',#2721,#2711,#2729,.T.);
#2729 = CIRCLE('',#2730,14.2);
#2730 = AXIS2_PLACEMENT_3D('',#2731,#2732,#2733);
#2731 = CARTESIAN_POINT('',(0.,0.,0.4));
#2732 = DIRECTION('',(-0.,0.,1.));
#2733 = DIRECTION('',(0.864032921529,-0.503435309165,0.));
#2734 = CYLINDRICAL_SURFACE('',#2735,14.2);
#2735 = AXIS2_PLACEMENT_3D('',#2736,#2737,#2738);
#2736 = CARTESIAN_POINT('',(0.,0.,34.));
#2737 = DIRECTION('',(0.,0.,1.));
#2738 = DIRECTION('',(1.,0.,0.));
#2739 = ADVANCED_FACE('',(#2740),#2759,.F.);
#2740 = FACE_BOUND('',#2741,.F.);
#2741 = EDGE_LOOP('',(#2742,#2750,#2751,#2752));
#2742 = ORIENTED_EDGE('',*,*,#2743,.F.);
#2743 = EDGE_CURVE('',#753,#2744,#2746,.T.);
#2744 = VERTEX_POINT('',#2745);
#2745 = CARTESIAN_POINT('',(14.648317263855,-10.57307027481,0.4));
#2746 = LINE('',#2747,#2748);
#2747 = CARTESIAN_POINT('',(14.648317263855,-10.57307027481,34.));
#2748 = VECTOR('',#2749,1.);
#2749 = DIRECTION('',(-0.,-0.,-1.));
#2750 = ORIENTED_EDGE('',*,*,#761,.F.);
#2751 = ORIENTED_EDGE('',*,*,#2720,.T.);
#2752 = ORIENTED_EDGE('',*,*,#2753,.F.);
#2753 = EDGE_CURVE('',#2744,#2721,#2754,.T.);
#2754 = CIRCLE('',#2755,2.3);
#2755 = AXIS2_PLACEMENT_3D('',#2756,#2757,#2758);
#2756 = CARTESIAN_POINT('',(14.256543205228,-8.306682601224,0.4));
#2757 = DIRECTION('',(0.,-0.,-1.));
#2758 = DIRECTION('',(0.170336547229,-0.985385945038,0.));
#2759 = CYLINDRICAL_SURFACE('',#2760,2.3);
#2760 = AXIS2_PLACEMENT_3D('',#2761,#2762,#2763);
#2761 = CARTESIAN_POINT('',(14.256543205228,-8.306682601224,34.));
#2762 = DIRECTION('',(0.,0.,1.));
#2763 = DIRECTION('',(1.,0.,0.));
#2764 = ADVANCED_FACE('',(#2765),#2784,.T.);
#2765 = FACE_BOUND('',#2766,.T.);
#2766 = EDGE_LOOP('',(#2767,#2768,#2769,#2777));
#2767 = ORIENTED_EDGE('',*,*,#2743,.F.);
#2768 = ORIENTED_EDGE('',*,*,#752,.F.);
#2769 = ORIENTED_EDGE('',*,*,#2770,.T.);
#2770 = EDGE_CURVE('',#744,#2771,#2773,.T.);
#2771 = VERTEX_POINT('',#2772);
#2772 = CARTESIAN_POINT('',(16.75,-10.65877081724,0.4));
#2773 = LINE('',#2774,#2775);
#2774 = CARTESIAN_POINT('',(16.75,-10.65877081724,34.));
#2775 = VECTOR('',#2776,1.);
#2776 = DIRECTION('',(-0.,-0.,-1.));
#2777 = ORIENTED_EDGE('',*,*,#2778,.T.);
#2778 = EDGE_CURVE('',#2771,#2744,#2779,.T.);
#2779 = CIRCLE('',#2780,5.);
#2780 = AXIS2_PLACEMENT_3D('',#2781,#2782,#2783);
#2781 = CARTESIAN_POINT('',(15.5,-15.5,0.4));
#2782 = DIRECTION('',(0.,-0.,1.));
#2783 = DIRECTION('',(0.25,0.968245836552,0.));
#2784 = CYLINDRICAL_SURFACE('',#2785,5.);
#2785 = AXIS2_PLACEMENT_3D('',#2786,#2787,#2788);
#2786 = CARTESIAN_POINT('',(15.5,-15.5,34.));
#2787 = DIRECTION('',(0.,0.,1.));
#2788 = DIRECTION('',(1.,0.,0.));
#2789 = ADVANCED_FACE('',(#2790),#2809,.F.);
#2790 = FACE_BOUND('',#2791,.F.);
#2791 = EDGE_LOOP('',(#2792,#2800,#2801,#2802));
#2792 = ORIENTED_EDGE('',*,*,#2793,.F.);
#2793 = EDGE_CURVE('',#736,#2794,#2796,.T.);
#2794 = VERTEX_POINT('',#2795);
#2795 = CARTESIAN_POINT('',(18.,-9.690524980689,0.4));
#2796 = LINE('',#2797,#2798);
#2797 = CARTESIAN_POINT('',(18.,-9.690524980689,34.));
#2798 = VECTOR('',#2799,1.);
#2799 = DIRECTION('',(-0.,-0.,-1.));
#2800 = ORIENTED_EDGE('',*,*,#743,.F.);
#2801 = ORIENTED_EDGE('',*,*,#2770,.T.);
#2802 = ORIENTED_EDGE('',*,*,#2803,.F.);
#2803 = EDGE_CURVE('',#2794,#2771,#2804,.T.);
#2804 = CIRCLE('',#2805,1.);
#2805 = AXIS2_PLACEMENT_3D('',#2806,#2807,#2808);
#2806 = CARTESIAN_POINT('',(17.,-9.690524980689,0.4));
#2807 = DIRECTION('',(0.,0.,-1.));
#2808 = DIRECTION('',(1.,0.,0.));
#2809 = CYLINDRICAL_SURFACE('',#2810,1.);
#2810 = AXIS2_PLACEMENT_3D('',#2811,#2812,#2813);
#2811 = CARTESIAN_POINT('',(17.,-9.690524980689,34.));
#2812 = DIRECTION('',(0.,0.,1.));
#2813 = DIRECTION('',(1.,0.,0.));
#2814 = ADVANCED_FACE('',(#2815),#2833,.T.);
#2815 = FACE_BOUND('',#2816,.T.);
#2816 = EDGE_LOOP('',(#2817,#2818,#2819,#2827));
#2817 = ORIENTED_EDGE('',*,*,#2793,.F.);
#2818 = ORIENTED_EDGE('',*,*,#735,.F.);
#2819 = ORIENTED_EDGE('',*,*,#2820,.T.);
#2820 = EDGE_CURVE('',#727,#2821,#2823,.T.);
#2821 = VERTEX_POINT('',#2822);
#2822 = CARTESIAN_POINT('',(18.,9.690524980689,0.4));
#2823 = LINE('',#2824,#2825);
#2824 = CARTESIAN_POINT('',(18.,9.690524980689,34.));
#2825 = VECTOR('',#2826,1.);
#2826 = DIRECTION('',(-0.,-0.,-1.));
#2827 = ORIENTED_EDGE('',*,*,#2828,.T.);
#2828 = EDGE_CURVE('',#2821,#2794,#2829,.T.);
#2829 = LINE('',#2830,#2831);
#2830 = CARTESIAN_POINT('',(18.,9.690524980689,0.4));
#2831 = VECTOR('',#2832,1.);
#2832 = DIRECTION('',(0.,-1.,0.));
#2833 = PLANE('',#2834);
#2834 = AXIS2_PLACEMENT_3D('',#2835,#2836,#2837);
#2835 = CARTESIAN_POINT('',(18.,9.690524980689,34.));
#2836 = DIRECTION('',(-1.,0.,0.));
#2837 = DIRECTION('',(0.,-1.,0.));
#2838 = ADVANCED_FACE('',(#2839),#2858,.F.);
#2839 = FACE_BOUND('',#2840,.F.);
#2840 = EDGE_LOOP('',(#2841,#2849,#2850,#2851));
#2841 = ORIENTED_EDGE('',*,*,#2842,.F.);
#2842 = EDGE_CURVE('',#718,#2843,#2845,.T.);
#2843 = VERTEX_POINT('',#2844);
#2844 = CARTESIAN_POINT('',(16.75,10.658770817241,0.4));
#2845 = LINE('',#2846,#2847);
#2846 = CARTESIAN_POINT('',(16.75,10.658770817241,34.));
#2847 = VECTOR('',#2848,1.);
#2848 = DIRECTION('',(-0.,-0.,-1.));
#2849 = ORIENTED_EDGE('',*,*,#726,.F.);
#2850 = ORIENTED_EDGE('',*,*,#2820,.T.);
#2851 = ORIENTED_EDGE('',*,*,#2852,.F.);
#2852 = EDGE_CURVE('',#2843,#2821,#2853,.T.);
#2853 = CIRCLE('',#2854,1.);
#2854 = AXIS2_PLACEMENT_3D('',#2855,#2856,#2857);
#2855 = CARTESIAN_POINT('',(17.,9.690524980689,0.4));
#2856 = DIRECTION('',(0.,0.,-1.));
#2857 = DIRECTION('',(-0.25,0.968245836552,0.));
#2858 = CYLINDRICAL_SURFACE('',#2859,1.);
#2859 = AXIS2_PLACEMENT_3D('',#2860,#2861,#2862);
#2860 = CARTESIAN_POINT('',(17.,9.690524980689,34.));
#2861 = DIRECTION('',(0.,0.,1.));
#2862 = DIRECTION('',(1.,0.,0.));
#2863 = ADVANCED_FACE('',(#2864),#2883,.T.);
#2864 = FACE_BOUND('',#2865,.T.);
#2865 = EDGE_LOOP('',(#2866,#2867,#2868,#2876));
#2866 = ORIENTED_EDGE('',*,*,#2842,.F.);
#2867 = ORIENTED_EDGE('',*,*,#717,.F.);
#2868 = ORIENTED_EDGE('',*,*,#2869,.T.);
#2869 = EDGE_CURVE('',#709,#2870,#2872,.T.);
#2870 = VERTEX_POINT('',#2871);
#2871 = CARTESIAN_POINT('',(14.648317263855,10.573070274811,0.4));
#2872 = LINE('',#2873,#2874);
#2873 = CARTESIAN_POINT('',(14.648317263855,10.573070274811,34.));
#2874 = VECTOR('',#2875,1.);
#2875 = DIRECTION('',(-0.,-0.,-1.));
#2876 = ORIENTED_EDGE('',*,*,#2877,.T.);
#2877 = EDGE_CURVE('',#2870,#2843,#2878,.T.);
#2878 = CIRCLE('',#2879,5.);
#2879 = AXIS2_PLACEMENT_3D('',#2880,#2881,#2882);
#2880 = CARTESIAN_POINT('',(15.5,15.5,0.4));
#2881 = DIRECTION('',(0.,0.,1.));
#2882 = DIRECTION('',(-0.170336547229,-0.985385945038,0.));
#2883 = CYLINDRICAL_SURFACE('',#2884,5.);
#2884 = AXIS2_PLACEMENT_3D('',#2885,#2886,#2887);
#2885 = CARTESIAN_POINT('',(15.5,15.5,34.));
#2886 = DIRECTION('',(0.,0.,1.));
#2887 = DIRECTION('',(1.,0.,0.));
#2888 = ADVANCED_FACE('',(#2889),#2901,.F.);
#2889 = FACE_BOUND('',#2890,.F.);
#2890 = EDGE_LOOP('',(#2891,#2892,#2893,#2894));
#2891 = ORIENTED_EDGE('',*,*,#2710,.F.);
#2892 = ORIENTED_EDGE('',*,*,#708,.F.);
#2893 = ORIENTED_EDGE('',*,*,#2869,.T.);
#2894 = ORIENTED_EDGE('',*,*,#2895,.F.);
#2895 = EDGE_CURVE('',#2711,#2870,#2896,.T.);
#2896 = CIRCLE('',#2897,2.3);
#2897 = AXIS2_PLACEMENT_3D('',#2898,#2899,#2900);
#2898 = CARTESIAN_POINT('',(14.256543205228,8.306682601224,0.4));
#2899 = DIRECTION('',(-0.,0.,-1.));
#2900 = DIRECTION('',(-0.864032921529,-0.503435309165,0.));
#2901 = CYLINDRICAL_SURFACE('',#2902,2.3);
#2902 = AXIS2_PLACEMENT_3D('',#2903,#2904,#2905);
#2903 = CARTESIAN_POINT('',(14.256543205228,8.306682601224,34.));
#2904 = DIRECTION('',(0.,0.,1.));
#2905 = DIRECTION('',(1.,0.,0.));
#2906 = ADVANCED_FACE('',(#2907),#2926,.F.);
#2907 = FACE_BOUND('',#2908,.F.);
#2908 = EDGE_LOOP('',(#2909,#2917,#2924,#2925));
#2909 = ORIENTED_EDGE('',*,*,#2910,.T.);
#2910 = EDGE_CURVE('',#771,#2911,#2913,.T.);
#2911 = VERTEX_POINT('',#2912);
#2912 = CARTESIAN_POINT('',(18.5,15.5,13.));
#2913 = LINE('',#2914,#2915);
#2914 = CARTESIAN_POINT('',(18.5,15.5,34.));
#2915 = VECTOR('',#2916,1.);
#2916 = DIRECTION('',(-0.,-0.,-1.));
#2917 = ORIENTED_EDGE('',*,*,#2918,.T.);
#2918 = EDGE_CURVE('',#2911,#2911,#2919,.T.);
#2919 = CIRCLE('',#2920,3.);
#2920 = AXIS2_PLACEMENT_3D('',#2921,#2922,#2923);
#2921 = CARTESIAN_POINT('',(15.5,15.5,13.));
#2922 = DIRECTION('',(0.,0.,1.));
#2923 = DIRECTION('',(1.,0.,0.));
#2924 = ORIENTED_EDGE('',*,*,#2910,.F.);
#2925 = ORIENTED_EDGE('',*,*,#770,.F.);
#2926 = CYLINDRICAL_SURFACE('',#2927,3.);
#2927 = AXIS2_PLACEMENT_3D('',#2928,#2929,#2930);
#2928 = CARTESIAN_POINT('',(15.5,15.5,34.));
#2929 = DIRECTION('',(0.,0.,1.));
#2930 = DIRECTION('',(1.,0.,0.));
#2931 = ADVANCED_FACE('',(#2932),#2951,.F.);
#2932 = FACE_BOUND('',#2933,.F.);
#2933 = EDGE_LOOP('',(#2934,#2942,#2949,#2950));
#2934 = ORIENTED_EDGE('',*,*,#2935,.T.);
#2935 = EDGE_CURVE('',#788,#2936,#2938,.T.);
#2936 = VERTEX_POINT('',#2937);
#2937 = CARTESIAN_POINT('',(1.1,16.1,33.));
#2938 = LINE('',#2939,#2940);
#2939 = CARTESIAN_POINT('',(1.1,16.1,34.));
#2940 = VECTOR('',#2941,1.);
#2941 = DIRECTION('',(-0.,-0.,-1.));
#2942 = ORIENTED_EDGE('',*,*,#2943,.T.);
#2943 = EDGE_CURVE('',#2936,#2936,#2944,.T.);
#2944 = CIRCLE('',#2945,1.1);
#2945 = AXIS2_PLACEMENT_3D('',#2946,#2947,#2948);
#2946 = CARTESIAN_POINT('',(0.,16.1,33.));
#2947 = DIRECTION('',(0.,0.,1.));
#2948 = DIRECTION('',(1.,0.,0.));
#2949 = ORIENTED_EDGE('',*,*,#2935,.F.);
#2950 = ORIENTED_EDGE('',*,*,#797,.F.);
#2951 = CYLINDRICAL_SURFACE('',#2952,1.1);
#2952 = AXIS2_PLACEMENT_3D('',#2953,#2954,#2955);
#2953 = CARTESIAN_POINT('',(0.,16.1,34.));
#2954 = DIRECTION('',(0.,0.,1.));
#2955 = DIRECTION('',(1.,0.,0.));
#2956 = ADVANCED_FACE('',(#2957),#3150,.T.);
#2957 = FACE_BOUND('',#2958,.T.);
#2958 = EDGE_LOOP('',(#2959,#2960,#2968,#2977,#2985,#2994,#3002,#3011,
    #3019,#3028,#3036,#3045,#3053,#3062,#3070,#3079,#3087,#3096,#3104,
    #3113,#3121,#3130,#3136,#3137,#3138,#3139,#3140,#3141,#3142,#3143,
    #3144,#3145,#3146,#3147,#3148,#3149));
#2959 = ORIENTED_EDGE('',*,*,#868,.F.);
#2960 = ORIENTED_EDGE('',*,*,#2961,.T.);
#2961 = EDGE_CURVE('',#869,#2962,#2964,.T.);
#2962 = VERTEX_POINT('',#2963);
#2963 = CARTESIAN_POINT('',(-37.8,21.6,30.));
#2964 = LINE('',#2965,#2966);
#2965 = CARTESIAN_POINT('',(-17.16152236891,21.6,30.));
#2966 = VECTOR('',#2967,1.);
#2967 = DIRECTION('',(-1.,-0.,-0.));
#2968 = ORIENTED_EDGE('',*,*,#2969,.T.);
#2969 = EDGE_CURVE('',#2962,#2970,#2972,.T.);
#2970 = VERTEX_POINT('',#2971);
#2971 = CARTESIAN_POINT('',(-38.6,20.8,30.));
#2972 = CIRCLE('',#2973,0.8);
#2973 = AXIS2_PLACEMENT_3D('',#2974,#2975,#2976);
#2974 = CARTESIAN_POINT('',(-37.8,20.8,30.));
#2975 = DIRECTION('',(0.,-0.,1.));
#2976 = DIRECTION('',(0.,1.,0.));
#2977 = ORIENTED_EDGE('',*,*,#2978,.T.);
#2978 = EDGE_CURVE('',#2970,#2979,#2981,.T.);
#2979 = VERTEX_POINT('',#2980);
#2980 = CARTESIAN_POINT('',(-38.6,13.25,30.));
#2981 = LINE('',#2982,#2983);
#2982 = CARTESIAN_POINT('',(-38.6,20.8,30.));
#2983 = VECTOR('',#2984,1.);
#2984 = DIRECTION('',(0.,-1.,0.));
#2985 = ORIENTED_EDGE('',*,*,#2986,.T.);
#2986 = EDGE_CURVE('',#2979,#2987,#2989,.T.);
#2987 = VERTEX_POINT('',#2988);
#2988 = CARTESIAN_POINT('',(-37.83847763108,11.411522368915,30.));
#2989 = CIRCLE('',#2990,2.6);
#2990 = AXIS2_PLACEMENT_3D('',#2991,#2992,#2993);
#2991 = CARTESIAN_POINT('',(-36.,13.25,30.));
#2992 = DIRECTION('',(0.,0.,1.));
#2993 = DIRECTION('',(-1.,0.,0.));
#2994 = ORIENTED_EDGE('',*,*,#2995,.T.);
#2995 = EDGE_CURVE('',#2987,#2996,#2998,.T.);
#2996 = VERTEX_POINT('',#2997);
#2997 = CARTESIAN_POINT('',(-30.64608947566,4.21913421349,30.));
#2998 = LINE('',#2999,#3000);
#2999 = CARTESIAN_POINT('',(-37.83847763108,11.411522368915,30.));
#3000 = VECTOR('',#3001,1.);
#3001 = DIRECTION('',(0.707106781187,-0.707106781187,0.));
#3002 = ORIENTED_EDGE('',*,*,#3003,.T.);
#3003 = EDGE_CURVE('',#2996,#3004,#3006,.T.);
#3004 = VERTEX_POINT('',#3005);
#3005 = CARTESIAN_POINT('',(-27.6,-3.13477631085,30.));
#3006 = CIRCLE('',#3007,10.4);
#3007 = AXIS2_PLACEMENT_3D('',#3008,#3009,#3010);
#3008 = CARTESIAN_POINT('',(-38.,-3.13477631085,30.));
#3009 = DIRECTION('',(0.,0.,-1.));
#3010 = DIRECTION('',(0.707106781187,0.707106781187,0.));
#3011 = ORIENTED_EDGE('',*,*,#3012,.T.);
#3012 = EDGE_CURVE('',#3004,#3013,#3015,.T.);
#3013 = VERTEX_POINT('',#3014);
#3014 = CARTESIAN_POINT('',(-27.6,-27.75,30.));
#3015 = LINE('',#3016,#3017);
#3016 = CARTESIAN_POINT('',(-27.6,-3.13477631085,30.));
#3017 = VECTOR('',#3018,1.);
#3018 = DIRECTION('',(0.,-1.,0.));
#3019 = ORIENTED_EDGE('',*,*,#3020,.T.);
#3020 = EDGE_CURVE('',#3013,#3021,#3023,.T.);
#3021 = VERTEX_POINT('',#3022);
#3022 = CARTESIAN_POINT('',(-26.83847763108,-29.58847763108,30.));
#3023 = CIRCLE('',#3024,2.6);
#3024 = AXIS2_PLACEMENT_3D('',#3025,#3026,#3027);
#3025 = CARTESIAN_POINT('',(-25.,-27.75,30.));
#3026 = DIRECTION('',(0.,0.,1.));
#3027 = DIRECTION('',(-1.,0.,0.));
#3028 = ORIENTED_EDGE('',*,*,#3029,.T.);
#3029 = EDGE_CURVE('',#3021,#3030,#3032,.T.);
#3030 = VERTEX_POINT('',#3031);
#3031 = CARTESIAN_POINT('',(-24.58847763108,-31.83847763108,30.));
#3032 = LINE('',#3033,#3034);
#3033 = CARTESIAN_POINT('',(-26.83847763108,-29.58847763108,30.));
#3034 = VECTOR('',#3035,1.);
#3035 = DIRECTION('',(0.707106781187,-0.707106781187,0.));
#3036 = ORIENTED_EDGE('',*,*,#3037,.T.);
#3037 = EDGE_CURVE('',#3030,#3038,#3040,.T.);
#3038 = VERTEX_POINT('',#3039);
#3039 = CARTESIAN_POINT('',(-22.75,-32.6,30.));
#3040 = CIRCLE('',#3041,2.6);
#3041 = AXIS2_PLACEMENT_3D('',#3042,#3043,#3044);
#3042 = CARTESIAN_POINT('',(-22.75,-30.,30.));
#3043 = DIRECTION('',(0.,0.,1.));
#3044 = DIRECTION('',(-0.707106781187,-0.707106781187,0.));
#3045 = ORIENTED_EDGE('',*,*,#3046,.T.);
#3046 = EDGE_CURVE('',#3038,#3047,#3049,.T.);
#3047 = VERTEX_POINT('',#3048);
#3048 = CARTESIAN_POINT('',(22.75,-32.6,30.));
#3049 = LINE('',#3050,#3051);
#3050 = CARTESIAN_POINT('',(-22.75,-32.6,30.));
#3051 = VECTOR('',#3052,1.);
#3052 = DIRECTION('',(1.,0.,0.));
#3053 = ORIENTED_EDGE('',*,*,#3054,.T.);
#3054 = EDGE_CURVE('',#3047,#3055,#3057,.T.);
#3055 = VERTEX_POINT('',#3056);
#3056 = CARTESIAN_POINT('',(24.588477631085,-31.83847763108,30.));
#3057 = CIRCLE('',#3058,2.6);
#3058 = AXIS2_PLACEMENT_3D('',#3059,#3060,#3061);
#3059 = CARTESIAN_POINT('',(22.75,-30.,30.));
#3060 = DIRECTION('',(-0.,0.,1.));
#3061 = DIRECTION('',(0.,-1.,0.));
#3062 = ORIENTED_EDGE('',*,*,#3063,.T.);
#3063 = EDGE_CURVE('',#3055,#3064,#3066,.T.);
#3064 = VERTEX_POINT('',#3065);
#3065 = CARTESIAN_POINT('',(26.838477631085,-29.58847763108,30.));
#3066 = LINE('',#3067,#3068);
#3067 = CARTESIAN_POINT('',(24.588477631085,-31.83847763108,30.));
#3068 = VECTOR('',#3069,1.);
#3069 = DIRECTION('',(0.707106781187,0.707106781187,0.));
#3070 = ORIENTED_EDGE('',*,*,#3071,.T.);
#3071 = EDGE_CURVE('',#3064,#3072,#3074,.T.);
#3072 = VERTEX_POINT('',#3073);
#3073 = CARTESIAN_POINT('',(27.6,-27.75,30.));
#3074 = CIRCLE('',#3075,2.6);
#3075 = AXIS2_PLACEMENT_3D('',#3076,#3077,#3078);
#3076 = CARTESIAN_POINT('',(25.,-27.75,30.));
#3077 = DIRECTION('',(-0.,0.,1.));
#3078 = DIRECTION('',(0.707106781187,-0.707106781187,0.));
#3079 = ORIENTED_EDGE('',*,*,#3080,.T.);
#3080 = EDGE_CURVE('',#3072,#3081,#3083,.T.);
#3081 = VERTEX_POINT('',#3082);
#3082 = CARTESIAN_POINT('',(27.6,-3.13477631085,30.));
#3083 = LINE('',#3084,#3085);
#3084 = CARTESIAN_POINT('',(27.6,-27.75,30.));
#3085 = VECTOR('',#3086,1.);
#3086 = DIRECTION('',(0.,1.,0.));
#3087 = ORIENTED_EDGE('',*,*,#3088,.T.);
#3088 = EDGE_CURVE('',#3081,#3089,#3091,.T.);
#3089 = VERTEX_POINT('',#3090);
#3090 = CARTESIAN_POINT('',(30.64608947566,4.21913421349,30.));
#3091 = CIRCLE('',#3092,10.4);
#3092 = AXIS2_PLACEMENT_3D('',#3093,#3094,#3095);
#3093 = CARTESIAN_POINT('',(38.,-3.13477631085,30.));
#3094 = DIRECTION('',(-0.,0.,-1.));
#3095 = DIRECTION('',(-1.,-3.1E-16,0.));
#3096 = ORIENTED_EDGE('',*,*,#3097,.T.);
#3097 = EDGE_CURVE('',#3089,#3098,#3100,.T.);
#3098 = VERTEX_POINT('',#3099);
#3099 = CARTESIAN_POINT('',(37.838477631085,11.411522368915,30.));
#3100 = LINE('',#3101,#3102);
#3101 = CARTESIAN_POINT('',(30.64608947566,4.21913421349,30.));
#3102 = VECTOR('',#3103,1.);
#3103 = DIRECTION('',(0.707106781187,0.707106781187,0.));
#3104 = ORIENTED_EDGE('',*,*,#3105,.T.);
#3105 = EDGE_CURVE('',#3098,#3106,#3108,.T.);
#3106 = VERTEX_POINT('',#3107);
#3107 = CARTESIAN_POINT('',(38.6,13.25,30.));
#3108 = CIRCLE('',#3109,2.6);
#3109 = AXIS2_PLACEMENT_3D('',#3110,#3111,#3112);
#3110 = CARTESIAN_POINT('',(36.,13.25,30.));
#3111 = DIRECTION('',(-0.,0.,1.));
#3112 = DIRECTION('',(0.707106781187,-0.707106781187,0.));
#3113 = ORIENTED_EDGE('',*,*,#3114,.T.);
#3114 = EDGE_CURVE('',#3106,#3115,#3117,.T.);
#3115 = VERTEX_POINT('',#3116);
#3116 = CARTESIAN_POINT('',(38.6,20.8,30.));
#3117 = LINE('',#3118,#3119);
#3118 = CARTESIAN_POINT('',(38.6,13.25,30.));
#3119 = VECTOR('',#3120,1.);
#3120 = DIRECTION('',(0.,1.,0.));
#3121 = ORIENTED_EDGE('',*,*,#3122,.T.);
#3122 = EDGE_CURVE('',#3115,#3123,#3125,.T.);
#3123 = VERTEX_POINT('',#3124);
#3124 = CARTESIAN_POINT('',(37.8,21.6,30.));
#3125 = CIRCLE('',#3126,0.8);
#3126 = AXIS2_PLACEMENT_3D('',#3127,#3128,#3129);
#3127 = CARTESIAN_POINT('',(37.8,20.8,30.));
#3128 = DIRECTION('',(0.,-0.,1.));
#3129 = DIRECTION('',(1.,2.96E-15,0.));
#3130 = ORIENTED_EDGE('',*,*,#3131,.T.);
#3131 = EDGE_CURVE('',#3123,#1635,#3132,.T.);
#3132 = LINE('',#3133,#3134);
#3133 = CARTESIAN_POINT('',(37.8,21.6,30.));
#3134 = VECTOR('',#3135,1.);
#3135 = DIRECTION('',(-1.,-0.,-0.));
#3136 = ORIENTED_EDGE('',*,*,#1634,.F.);
#3137 = ORIENTED_EDGE('',*,*,#1620,.T.);
#3138 = ORIENTED_EDGE('',*,*,#1578,.F.);
#3139 = ORIENTED_EDGE('',*,*,#1529,.T.);
#3140 = ORIENTED_EDGE('',*,*,#1479,.F.);
#3141 = ORIENTED_EDGE('',*,*,#1430,.T.);
#3142 = ORIENTED_EDGE('',*,*,#1380,.F.);
#3143 = ORIENTED_EDGE('',*,*,#1331,.T.);
#3144 = ORIENTED_EDGE('',*,*,#1281,.F.);
#3145 = ORIENTED_EDGE('',*,*,#1208,.T.);
#3146 = ORIENTED_EDGE('',*,*,#1159,.F.);
#3147 = ORIENTED_EDGE('',*,*,#920,.T.);
#3148 = ORIENTED_EDGE('',*,*,#853,.F.);
#3149 = ORIENTED_EDGE('',*,*,#829,.T.);
#3150 = PLANE('',#3151);
#3151 = AXIS2_PLACEMENT_3D('',#3152,#3153,#3154);
#3152 = CARTESIAN_POINT('',(2.31E-15,-2.151164099948,30.));
#3153 = DIRECTION('',(0.,0.,1.));
#3154 = DIRECTION('',(1.,0.,0.));
#3155 = ADVANCED_FACE('',(#3156),#3167,.T.);
#3156 = FACE_BOUND('',#3157,.T.);
#3157 = EDGE_LOOP('',(#3158,#3159,#3160,#3166));
#3158 = ORIENTED_EDGE('',*,*,#877,.F.);
#3159 = ORIENTED_EDGE('',*,*,#984,.T.);
#3160 = ORIENTED_EDGE('',*,*,#3161,.T.);
#3161 = EDGE_CURVE('',#977,#2962,#3162,.T.);
#3162 = LINE('',#3163,#3164);
#3163 = CARTESIAN_POINT('',(-37.8,21.8,29.8));
#3164 = VECTOR('',#3165,1.);
#3165 = DIRECTION('',(0.,-0.707106781187,0.707106781187));
#3166 = ORIENTED_EDGE('',*,*,#2961,.F.);
#3167 = PLANE('',#3168);
#3168 = AXIS2_PLACEMENT_3D('',#3169,#3170,#3171);
#3169 = CARTESIAN_POINT('',(-17.16152236891,21.8,29.8));
#3170 = DIRECTION('',(0.,0.707106781187,0.707106781187));
#3171 = DIRECTION('',(-1.,0.,0.));
#3172 = ADVANCED_FACE('',(#3173),#3280,.T.);
#3173 = FACE_BOUND('',#3174,.T.);
#3174 = EDGE_LOOP('',(#3175,#3185,#3191,#3192,#3193,#3201,#3209,#3258,
    #3266,#3274));
#3175 = ORIENTED_EDGE('',*,*,#3176,.F.);
#3176 = EDGE_CURVE('',#3177,#3179,#3181,.T.);
#3177 = VERTEX_POINT('',#3178);
#3178 = CARTESIAN_POINT('',(28.,-27.75,0.4));
#3179 = VERTEX_POINT('',#3180);
#3180 = CARTESIAN_POINT('',(28.,-27.75,29.6));
#3181 = LINE('',#3182,#3183);
#3182 = CARTESIAN_POINT('',(28.,-27.75,0.));
#3183 = VECTOR('',#3184,1.);
#3184 = DIRECTION('',(0.,0.,1.));
#3185 = ORIENTED_EDGE('',*,*,#3186,.T.);
#3186 = EDGE_CURVE('',#3177,#937,#3187,.T.);
#3187 = LINE('',#3188,#3189);
#3188 = CARTESIAN_POINT('',(28.,-27.75,0.4));
#3189 = VECTOR('',#3190,1.);
#3190 = DIRECTION('',(0.,1.,-2.2E-16));
#3191 = ORIENTED_EDGE('',*,*,#934,.F.);
#3192 = ORIENTED_EDGE('',*,*,#1079,.T.);
#3193 = ORIENTED_EDGE('',*,*,#3194,.T.);
#3194 = EDGE_CURVE('',#1072,#3195,#3197,.T.);
#3195 = VERTEX_POINT('',#3196);
#3196 = CARTESIAN_POINT('',(28.,21.6,6.297717079693));
#3197 = LINE('',#3198,#3199);
#3198 = CARTESIAN_POINT('',(28.,18.915707588462,3.020801114883));
#3199 = VECTOR('',#3200,1.);
#3200 = DIRECTION('',(0.,-0.633687274225,-0.773589321595));
#3201 = ORIENTED_EDGE('',*,*,#3202,.T.);
#3202 = EDGE_CURVE('',#3195,#3203,#3205,.T.);
#3203 = VERTEX_POINT('',#3204);
#3204 = CARTESIAN_POINT('',(28.,-0.534119187858,6.297717079693));
#3205 = LINE('',#3206,#3207);
#3206 = CARTESIAN_POINT('',(28.,22.,6.297717079693));
#3207 = VECTOR('',#3208,1.);
#3208 = DIRECTION('',(0.,-1.,2.2E-16));
#3209 = ORIENTED_EDGE('',*,*,#3210,.F.);
#3210 = EDGE_CURVE('',#3211,#3203,#3213,.T.);
#3211 = VERTEX_POINT('',#3212);
#3212 = CARTESIAN_POINT('',(28.,-3.13477631085,6.697717079693));
#3213 = B_SPLINE_CURVE_WITH_KNOTS('',8,(#3214,#3215,#3216,#3217,#3218,
    #3219,#3220,#3221,#3222,#3223,#3224,#3225,#3226,#3227,#3228,#3229,
    #3230,#3231,#3232,#3233,#3234,#3235,#3236,#3237,#3238,#3239,#3240,
    #3241,#3242,#3243,#3244,#3245,#3246,#3247,#3248,#3249,#3250,#3251,
    #3252,#3253,#3254,#3255,#3256,#3257),.UNSPECIFIED.,.F.,.F.,(9,7,7,7,
    7,7,9),(0.,5.452593852411E-02,0.118324012831,0.250047049741,
    0.499215688519,0.75077361803,1.),.UNSPECIFIED.);
#3214 = CARTESIAN_POINT('',(28.,-3.134775948176,6.697717079693));
#3215 = CARTESIAN_POINT('',(28.,-3.090565394645,6.697717068975));
#3216 = CARTESIAN_POINT('',(28.,-3.046345409426,6.697448803081));
#3217 = CARTESIAN_POINT('',(28.,-3.002583164996,6.696912114215));
#3218 = CARTESIAN_POINT('',(28.,-2.959615248796,6.696122725116));
#3219 = CARTESIAN_POINT('',(28.,-2.917676983527,6.695105202124));
#3220 = CARTESIAN_POINT('',(28.,-2.876924408003,6.693887578991));
#3221 = CARTESIAN_POINT('',(28.,-2.837448918572,6.692497651426));
#3222 = CARTESIAN_POINT('',(28.,-2.754630376401,6.689162915985));
#3223 = CARTESIAN_POINT('',(28.,-2.711735718628,6.687162491993));
#3224 = CARTESIAN_POINT('',(28.,-2.670519898354,6.684994255958));
#3225 = CARTESIAN_POINT('',(28.,-2.630892955659,6.682687522014));
#3226 = CARTESIAN_POINT('',(28.,-2.592755128111,6.680266340409));
#3227 = CARTESIAN_POINT('',(28.,-2.555996308746,6.677749505028));
#3228 = CARTESIAN_POINT('',(28.,-2.520495504049,6.675150560914));
#3229 = CARTESIAN_POINT('',(28.,-2.415146247911,6.666959422166));
#3230 = CARTESIAN_POINT('',(28.,-2.349164013072,6.661141503896));
#3231 = CARTESIAN_POINT('',(28.,-2.287085553352,6.655109424925));
#3232 = CARTESIAN_POINT('',(28.,-2.228346731673,6.648914990484));
#3233 = CARTESIAN_POINT('',(28.,-2.172465175438,6.642597290496));
#3234 = CARTESIAN_POINT('',(28.,-2.119078738081,6.63618048298));
#3235 = CARTESIAN_POINT('',(28.,-2.06785103251,6.629678560277));
#3236 = CARTESIAN_POINT('',(28.,-1.925084672512,6.61064056372));
#3237 = CARTESIAN_POINT('',(28.,-1.838587189555,6.59792790014));
#3238 = CARTESIAN_POINT('',(28.,-1.757228876645,6.585030443416));
#3239 = CARTESIAN_POINT('',(28.,-1.680161091973,6.571989839554));
#3240 = CARTESIAN_POINT('',(28.,-1.6066809278,6.558837564346));
#3241 = CARTESIAN_POINT('',(28.,-1.536311685496,6.545592223107));
#3242 = CARTESIAN_POINT('',(28.,-1.468634895606,6.532264663225));
#3243 = CARTESIAN_POINT('',(28.,-1.337353904817,6.505321083538));
#3244 = CARTESIAN_POINT('',(28.,-1.273831129181,6.491711119656));
#3245 = CARTESIAN_POINT('',(28.,-1.212415636097,6.478037037881));
#3246 = CARTESIAN_POINT('',(28.,-1.15286575543,6.464306368761));
#3247 = CARTESIAN_POINT('',(28.,-1.094991932922,6.450524992969));
#3248 = CARTESIAN_POINT('',(28.,-1.038636680897,6.436697534461));
#3249 = CARTESIAN_POINT('',(28.,-0.983664344185,6.422827553703));
#3250 = CARTESIAN_POINT('',(28.,-0.87675476707,6.395136452227));
#3251 = CARTESIAN_POINT('',(28.,-0.824795816976,6.381316596469));
#3252 = CARTESIAN_POINT('',(28.,-0.77397317785,6.367460847529));
#3253 = CARTESIAN_POINT('',(28.,-0.724195144365,6.353571635502));
#3254 = CARTESIAN_POINT('',(28.,-0.675383899717,6.339651026533));
#3255 = CARTESIAN_POINT('',(28.,-0.627471822739,6.325700780605));
#3256 = CARTESIAN_POINT('',(28.,-0.580399161414,6.311722387323));
#3257 = CARTESIAN_POINT('',(28.,-0.534113072776,6.297717079693));
#3258 = ORIENTED_EDGE('',*,*,#3259,.T.);
#3259 = EDGE_CURVE('',#3211,#3260,#3262,.T.);
#3260 = VERTEX_POINT('',#3261);
#3261 = CARTESIAN_POINT('',(28.,-3.13477631085,24.));
#3262 = LINE('',#3263,#3264);
#3263 = CARTESIAN_POINT('',(28.,-3.13477631085,0.));
#3264 = VECTOR('',#3265,1.);
#3265 = DIRECTION('',(0.,0.,1.));
#3266 = ORIENTED_EDGE('',*,*,#3267,.T.);
#3267 = EDGE_CURVE('',#3260,#3268,#3270,.T.);
#3268 = VERTEX_POINT('',#3269);
#3269 = CARTESIAN_POINT('',(28.,-3.13477631085,29.6));
#3270 = LINE('',#3271,#3272);
#3271 = CARTESIAN_POINT('',(28.,-3.13477631085,0.));
#3272 = VECTOR('',#3273,1.);
#3273 = DIRECTION('',(0.,0.,1.));
#3274 = ORIENTED_EDGE('',*,*,#3275,.F.);
#3275 = EDGE_CURVE('',#3179,#3268,#3276,.T.);
#3276 = LINE('',#3277,#3278);
#3277 = CARTESIAN_POINT('',(28.,-27.75,29.6));
#3278 = VECTOR('',#3279,1.);
#3279 = DIRECTION('',(0.,1.,0.));
#3280 = PLANE('',#3281);
#3281 = AXIS2_PLACEMENT_3D('',#3282,#3283,#3284);
#3282 = CARTESIAN_POINT('',(28.,-6.610119619175,11.264880380825));
#3283 = DIRECTION('',(1.,0.,0.));
#3284 = DIRECTION('',(0.,0.,1.));
#3285 = ADVANCED_FACE('',(#3286),#3311,.F.);
#3286 = FACE_BOUND('',#3287,.T.);
#3287 = EDGE_LOOP('',(#3288,#3296,#3297,#3305));
#3288 = ORIENTED_EDGE('',*,*,#3289,.F.);
#3289 = EDGE_CURVE('',#945,#3290,#3292,.T.);
#3290 = VERTEX_POINT('',#3291);
#3291 = CARTESIAN_POINT('',(-27.6,21.6,0.));
#3292 = LINE('',#3293,#3294);
#3293 = CARTESIAN_POINT('',(-27.86666666666,21.866666666667,
    0.266666666667));
#3294 = VECTOR('',#3295,1.);
#3295 = DIRECTION('',(0.57735026919,-0.57735026919,-0.57735026919));
#3296 = ORIENTED_EDGE('',*,*,#944,.T.);
#3297 = ORIENTED_EDGE('',*,*,#3298,.T.);
#3298 = EDGE_CURVE('',#937,#3299,#3301,.T.);
#3299 = VERTEX_POINT('',#3300);
#3300 = CARTESIAN_POINT('',(27.6,21.6,-6.E-15));
#3301 = LINE('',#3302,#3303);
#3302 = CARTESIAN_POINT('',(10.241666666667,4.241666666667,
    -17.35833333333));
#3303 = VECTOR('',#3304,1.);
#3304 = DIRECTION('',(-0.57735026919,-0.57735026919,-0.57735026919));
#3305 = ORIENTED_EDGE('',*,*,#3306,.F.);
#3306 = EDGE_CURVE('',#3290,#3299,#3307,.T.);
#3307 = LINE('',#3308,#3309);
#3308 = CARTESIAN_POINT('',(-28.,21.6,0.));
#3309 = VECTOR('',#3310,1.);
#3310 = DIRECTION('',(1.,0.,0.));
#3311 = PLANE('',#3312);
#3312 = AXIS2_PLACEMENT_3D('',#3313,#3314,#3315);
#3313 = CARTESIAN_POINT('',(-28.,21.8,0.2));
#3314 = DIRECTION('',(-1.E-17,-0.707106781187,0.707106781187));
#3315 = DIRECTION('',(-1.,7.071067811865E-18,-7.071067811865E-18));
#3316 = ADVANCED_FACE('',(#3317),#3424,.T.);
#3317 = FACE_BOUND('',#3318,.T.);
#3318 = EDGE_LOOP('',(#3319,#3329,#3337,#3345,#3353,#3402,#3410,#3416,
    #3417,#3418));
#3319 = ORIENTED_EDGE('',*,*,#3320,.T.);
#3320 = EDGE_CURVE('',#3321,#3323,#3325,.T.);
#3321 = VERTEX_POINT('',#3322);
#3322 = CARTESIAN_POINT('',(-28.,-27.75,0.4));
#3323 = VERTEX_POINT('',#3324);
#3324 = CARTESIAN_POINT('',(-28.,-27.75,29.6));
#3325 = LINE('',#3326,#3327);
#3326 = CARTESIAN_POINT('',(-28.,-27.75,0.));
#3327 = VECTOR('',#3328,1.);
#3328 = DIRECTION('',(0.,0.,1.));
#3329 = ORIENTED_EDGE('',*,*,#3330,.F.);
#3330 = EDGE_CURVE('',#3331,#3323,#3333,.T.);
#3331 = VERTEX_POINT('',#3332);
#3332 = CARTESIAN_POINT('',(-28.,-3.13477631085,29.6));
#3333 = LINE('',#3334,#3335);
#3334 = CARTESIAN_POINT('',(-28.,-3.13477631085,29.6));
#3335 = VECTOR('',#3336,1.);
#3336 = DIRECTION('',(0.,-1.,0.));
#3337 = ORIENTED_EDGE('',*,*,#3338,.F.);
#3338 = EDGE_CURVE('',#3339,#3331,#3341,.T.);
#3339 = VERTEX_POINT('',#3340);
#3340 = CARTESIAN_POINT('',(-28.,-3.13477631085,24.));
#3341 = LINE('',#3342,#3343);
#3342 = CARTESIAN_POINT('',(-28.,-3.13477631085,0.));
#3343 = VECTOR('',#3344,1.);
#3344 = DIRECTION('',(0.,0.,1.));
#3345 = ORIENTED_EDGE('',*,*,#3346,.F.);
#3346 = EDGE_CURVE('',#3347,#3339,#3349,.T.);
#3347 = VERTEX_POINT('',#3348);
#3348 = CARTESIAN_POINT('',(-28.,-3.13477631085,6.697717079694));
#3349 = LINE('',#3350,#3351);
#3350 = CARTESIAN_POINT('',(-28.,-3.13477631085,0.));
#3351 = VECTOR('',#3352,1.);
#3352 = DIRECTION('',(0.,0.,1.));
#3353 = ORIENTED_EDGE('',*,*,#3354,.T.);
#3354 = EDGE_CURVE('',#3347,#3355,#3357,.T.);
#3355 = VERTEX_POINT('',#3356);
#3356 = CARTESIAN_POINT('',(-28.,-0.534115955593,6.297717079693));
#3357 = B_SPLINE_CURVE_WITH_KNOTS('',8,(#3358,#3359,#3360,#3361,#3362,
    #3363,#3364,#3365,#3366,#3367,#3368,#3369,#3370,#3371,#3372,#3373,
    #3374,#3375,#3376,#3377,#3378,#3379,#3380,#3381,#3382,#3383,#3384,
    #3385,#3386,#3387,#3388,#3389,#3390,#3391,#3392,#3393,#3394,#3395,
    #3396,#3397,#3398,#3399,#3400,#3401),.UNSPECIFIED.,.F.,.F.,(9,7,7,7,
    7,7,9),(0.,5.452569746741E-02,0.118323784172,0.250046855214,
    0.499215586885,0.750773577836,1.),.UNSPECIFIED.);
#3358 = CARTESIAN_POINT('',(-28.,-3.13477631085,6.697717079694));
#3359 = CARTESIAN_POINT('',(-28.,-3.090565816685,6.6977170709));
#3360 = CARTESIAN_POINT('',(-28.,-3.046345891403,6.69744880318));
#3361 = CARTESIAN_POINT('',(-28.,-3.002583712165,6.696912109547));
#3362 = CARTESIAN_POINT('',(-28.,-2.959615868351,6.696122713885));
#3363 = CARTESIAN_POINT('',(-28.,-2.917677682549,6.695105183625));
#3364 = CARTESIAN_POINT('',(-28.,-2.876925191886,6.693887553325));
#3365 = CARTESIAN_POINT('',(-28.,-2.837449789712,6.692497619146));
#3366 = CARTESIAN_POINT('',(-28.,-2.754631226699,6.689162862612));
#3367 = CARTESIAN_POINT('',(-28.,-2.711736478037,6.687162422608));
#3368 = CARTESIAN_POINT('',(-28.,-2.670520577333,6.684994170543));
#3369 = CARTESIAN_POINT('',(-28.,-2.630893561402,6.682687421035));
#3370 = CARTESIAN_POINT('',(-28.,-2.592755665687,6.680266224582));
#3371 = CARTESIAN_POINT('',(-28.,-2.555996781792,6.677749375151));
#3372 = CARTESIAN_POINT('',(-28.,-2.520495914992,6.675150417781));
#3373 = CARTESIAN_POINT('',(-28.,-2.415146466972,6.666959240401));
#3374 = CARTESIAN_POINT('',(-28.,-2.349164108355,6.661141299372));
#3375 = CARTESIAN_POINT('',(-28.,-2.287085526853,6.655109201079));
#3376 = CARTESIAN_POINT('',(-28.,-2.228346585504,6.64891475035));
#3377 = CARTESIAN_POINT('',(-28.,-2.172464911091,6.642597036768));
#3378 = CARTESIAN_POINT('',(-28.,-2.119078357554,6.636180217999));
#3379 = CARTESIAN_POINT('',(-28.,-2.067850538062,6.629678286136));
#3380 = CARTESIAN_POINT('',(-28.,-1.925083846218,6.610640267254));
#3381 = CARTESIAN_POINT('',(-28.,-1.838586153094,6.597927595236));
#3382 = CARTESIAN_POINT('',(-28.,-1.757227642397,6.585030135305));
#3383 = CARTESIAN_POINT('',(-28.,-1.680159672346,6.571989532349));
#3384 = CARTESIAN_POINT('',(-28.,-1.606679334912,6.558837261301));
#3385 = CARTESIAN_POINT('',(-28.,-1.53630993096,6.545591926813));
#3386 = CARTESIAN_POINT('',(-28.,-1.468632990534,6.532264375776));
#3387 = CARTESIAN_POINT('',(-28.,-1.337351727139,6.505320819094));
#3388 = CARTESIAN_POINT('',(-28.,-1.273828828828,6.491710869361));
#3389 = CARTESIAN_POINT('',(-28.,-1.212413222592,6.478036803024));
#3390 = CARTESIAN_POINT('',(-28.,-1.152863237697,6.464306150285));
#3391 = CARTESIAN_POINT('',(-28.,-1.09498931928,6.450524791547));
#3392 = CARTESIAN_POINT('',(-28.,-1.038633979093,6.436697350545));
#3393 = CARTESIAN_POINT('',(-28.,-0.983661561438,6.422827387562));
#3394 = CARTESIAN_POINT('',(-28.,-0.876751840972,6.395136322863));
#3395 = CARTESIAN_POINT('',(-28.,-0.824792828144,6.38131648611));
#3396 = CARTESIAN_POINT('',(-28.,-0.773970132213,6.367460756157));
#3397 = CARTESIAN_POINT('',(-28.,-0.724192047431,6.353571562984));
#3398 = CARTESIAN_POINT('',(-28.,-0.6753807566,6.339650972644));
#3399 = CARTESIAN_POINT('',(-28.,-0.627468638198,6.32570074505));
#3400 = CARTESIAN_POINT('',(-28.,-0.580395939877,6.311722369747));
#3401 = CARTESIAN_POINT('',(-28.,-0.534109818368,6.297717079693));
#3402 = ORIENTED_EDGE('',*,*,#3403,.F.);
#3403 = EDGE_CURVE('',#3404,#3355,#3406,.T.);
#3404 = VERTEX_POINT('',#3405);
#3405 = CARTESIAN_POINT('',(-28.,21.6,6.297717079693));
#3406 = LINE('',#3407,#3408);
#3407 = CARTESIAN_POINT('',(-28.,22.,6.297717079693));
#3408 = VECTOR('',#3409,1.);
#3409 = DIRECTION('',(0.,-1.,2.2E-16));
#3410 = ORIENTED_EDGE('',*,*,#3411,.F.);
#3411 = EDGE_CURVE('',#961,#3404,#3412,.T.);
#3412 = LINE('',#3413,#3414);
#3413 = CARTESIAN_POINT('',(-28.,17.233776051495,0.967541834516));
#3414 = VECTOR('',#3415,1.);
#3415 = DIRECTION('',(0.,-0.633687274225,-0.773589321595));
#3416 = ORIENTED_EDGE('',*,*,#960,.F.);
#3417 = ORIENTED_EDGE('',*,*,#952,.F.);
#3418 = ORIENTED_EDGE('',*,*,#3419,.T.);
#3419 = EDGE_CURVE('',#945,#3321,#3420,.T.);
#3420 = LINE('',#3421,#3422);
#3421 = CARTESIAN_POINT('',(-28.,22.,0.4));
#3422 = VECTOR('',#3423,1.);
#3423 = DIRECTION('',(0.,-1.,0.));
#3424 = PLANE('',#3425);
#3425 = AXIS2_PLACEMENT_3D('',#3426,#3427,#3428);
#3426 = CARTESIAN_POINT('',(-28.,-6.610119619175,11.264880380825));
#3427 = DIRECTION('',(-1.,-0.,-0.));
#3428 = DIRECTION('',(0.,0.,-1.));
#3429 = ADVANCED_FACE('',(#3430),#3447,.T.);
#3430 = FACE_BOUND('',#3431,.F.);
#3431 = EDGE_LOOP('',(#3432,#3439,#3440,#3441));
#3432 = ORIENTED_EDGE('',*,*,#3433,.F.);
#3433 = EDGE_CURVE('',#1064,#3434,#3436,.T.);
#3434 = VERTEX_POINT('',#3435);
#3435 = CARTESIAN_POINT('',(38.028597972426,21.600001291388,
    13.31981697766));
#3436 = B_SPLINE_CURVE_WITH_KNOTS('',1,(#3437,#3438),.UNSPECIFIED.,.F.,
  .F.,(2,2),(0.,1.816955904734),.PIECEWISE_BEZIER_KNOTS.);
#3437 = CARTESIAN_POINT('',(37.8,22.,13.648060789653));
#3438 = CARTESIAN_POINT('',(38.028597972426,21.600001291388,
    13.31981697766));
#3439 = ORIENTED_EDGE('',*,*,#1071,.T.);
#3440 = ORIENTED_EDGE('',*,*,#3194,.T.);
#3441 = ORIENTED_EDGE('',*,*,#3442,.F.);
#3442 = EDGE_CURVE('',#3434,#3195,#3443,.T.);
#3443 = LINE('',#3444,#3445);
#3444 = CARTESIAN_POINT('',(37.8,21.6,13.159750954148));
#3445 = VECTOR('',#3446,1.);
#3446 = DIRECTION('',(-0.819152044289,-1.3E-16,-0.573576436351));
#3447 = PLANE('',#3448);
#3448 = AXIS2_PLACEMENT_3D('',#3449,#3450,#3451);
#3449 = CARTESIAN_POINT('',(37.68528471273,21.8,13.323581363006));
#3450 = DIRECTION('',(0.405579787673,0.707106781187,-0.57922796534));
#3451 = DIRECTION('',(0.819152044289,-2.775557561563E-17,0.573576436351)
  );
#3452 = ADVANCED_FACE('',(#3453),#3486,.T.);
#3453 = FACE_BOUND('',#3454,.F.);
#3454 = EDGE_LOOP('',(#3455,#3456,#3471,#3479));
#3455 = ORIENTED_EDGE('',*,*,#1063,.F.);
#3456 = ORIENTED_EDGE('',*,*,#3457,.F.);
#3457 = EDGE_CURVE('',#3458,#1064,#3460,.T.);
#3458 = VERTEX_POINT('',#3459);
#3459 = CARTESIAN_POINT('',(39.,20.8,14.4));
#3460 = B_SPLINE_CURVE_WITH_KNOTS('',9,(#3461,#3462,#3463,#3464,#3465,
    #3466,#3467,#3468,#3469,#3470),.UNSPECIFIED.,.F.,.F.,(10,10),(
    29.549001930167,31.365957834901),.PIECEWISE_BEZIER_KNOTS.);
#3461 = CARTESIAN_POINT('',(39.,20.8,14.4));
#3462 = CARTESIAN_POINT('',(39.,21.026685712456,14.4));
#3463 = CARTESIAN_POINT('',(38.952027819055,21.25910727827,
    14.372837548556));
#3464 = CARTESIAN_POINT('',(38.850215796173,21.480246273231,
    14.319030569437));
#3465 = CARTESIAN_POINT('',(38.706178896864,21.677173829821,
    14.246384248877));
#3466 = CARTESIAN_POINT('',(38.509467483777,21.824507357738,
    14.142974277776));
#3467 = CARTESIAN_POINT('',(38.330377781347,21.910355082709,
    14.017829684193));
#3468 = CARTESIAN_POINT('',(38.154925453124,21.969777549984,
    13.896837325281));
#3469 = CARTESIAN_POINT('',(37.980399659822,22.,13.774377991351));
#3470 = CARTESIAN_POINT('',(37.8,22.,13.648060789653));
#3471 = ORIENTED_EDGE('',*,*,#3472,.T.);
#3472 = EDGE_CURVE('',#3458,#3473,#3475,.T.);
#3473 = VERTEX_POINT('',#3474);
#3474 = CARTESIAN_POINT('',(39.,20.8,29.6));
#3475 = LINE('',#3476,#3477);
#3476 = CARTESIAN_POINT('',(39.,20.8,0.));
#3477 = VECTOR('',#3478,1.);
#3478 = DIRECTION('',(0.,0.,1.));
#3479 = ORIENTED_EDGE('',*,*,#3480,.T.);
#3480 = EDGE_CURVE('',#3473,#1056,#3481,.T.);
#3481 = CIRCLE('',#3482,1.2);
#3482 = AXIS2_PLACEMENT_3D('',#3483,#3484,#3485);
#3483 = CARTESIAN_POINT('',(37.8,20.8,29.6));
#3484 = DIRECTION('',(0.,-0.,1.));
#3485 = DIRECTION('',(1.,2.96E-15,0.));
#3486 = CYLINDRICAL_SURFACE('',#3487,1.2);
#3487 = AXIS2_PLACEMENT_3D('',#3488,#3489,#3490);
#3488 = CARTESIAN_POINT('',(37.8,20.8,0.));
#3489 = DIRECTION('',(-0.,-0.,-1.));
#3490 = DIRECTION('',(1.,0.,0.));
#3491 = ADVANCED_FACE('',(#3492),#3510,.T.);
#3492 = FACE_BOUND('',#3493,.F.);
#3493 = EDGE_LOOP('',(#3494,#3495,#3496,#3504));
#3494 = ORIENTED_EDGE('',*,*,#3411,.F.);
#3495 = ORIENTED_EDGE('',*,*,#968,.T.);
#3496 = ORIENTED_EDGE('',*,*,#3497,.T.);
#3497 = EDGE_CURVE('',#969,#3498,#3500,.T.);
#3498 = VERTEX_POINT('',#3499);
#3499 = CARTESIAN_POINT('',(-38.02943057454,21.6,13.320399971937));
#3500 = LINE('',#3501,#3502);
#3501 = CARTESIAN_POINT('',(-37.91471528727,21.8,13.484230380795));
#3502 = VECTOR('',#3503,1.);
#3503 = DIRECTION('',(-0.405579787673,-0.707106781187,-0.57922796534));
#3504 = ORIENTED_EDGE('',*,*,#3505,.F.);
#3505 = EDGE_CURVE('',#3404,#3498,#3506,.T.);
#3506 = LINE('',#3507,#3508);
#3507 = CARTESIAN_POINT('',(-28.,21.6,6.297717079693));
#3508 = VECTOR('',#3509,1.);
#3509 = DIRECTION('',(-0.819152044289,1.3E-16,0.573576436351));
#3510 = PLANE('',#3511);
#3511 = AXIS2_PLACEMENT_3D('',#3512,#3513,#3514);
#3512 = CARTESIAN_POINT('',(-27.88528471273,21.8,6.461547488551));
#3513 = DIRECTION('',(-0.405579787673,0.707106781187,-0.57922796534));
#3514 = DIRECTION('',(0.819152044289,-1.665334536938E-16,-0.573576436351
    ));
#3515 = ADVANCED_FACE('',(#3516),#3527,.T.);
#3516 = FACE_BOUND('',#3517,.T.);
#3517 = EDGE_LOOP('',(#3518,#3524,#3525,#3526));
#3518 = ORIENTED_EDGE('',*,*,#3519,.F.);
#3519 = EDGE_CURVE('',#1056,#3123,#3520,.T.);
#3520 = LINE('',#3521,#3522);
#3521 = CARTESIAN_POINT('',(37.8,22.,29.6));
#3522 = VECTOR('',#3523,1.);
#3523 = DIRECTION('',(2.05E-15,-0.707106781187,0.707106781187));
#3524 = ORIENTED_EDGE('',*,*,#1055,.T.);
#3525 = ORIENTED_EDGE('',*,*,#1647,.T.);
#3526 = ORIENTED_EDGE('',*,*,#3131,.F.);
#3527 = PLANE('',#3528);
#3528 = AXIS2_PLACEMENT_3D('',#3529,#3530,#3531);
#3529 = CARTESIAN_POINT('',(37.8,21.8,29.8));
#3530 = DIRECTION('',(0.,0.707106781187,0.707106781187));
#3531 = DIRECTION('',(-1.,0.,0.));
#3532 = ADVANCED_FACE('',(#3533),#3566,.T.);
#3533 = FACE_BOUND('',#3534,.F.);
#3534 = EDGE_LOOP('',(#3535,#3545,#3558,#3559));
#3535 = ORIENTED_EDGE('',*,*,#3536,.F.);
#3536 = EDGE_CURVE('',#3537,#3539,#3541,.T.);
#3537 = VERTEX_POINT('',#3538);
#3538 = CARTESIAN_POINT('',(-39.,20.8,14.4));
#3539 = VERTEX_POINT('',#3540);
#3540 = CARTESIAN_POINT('',(-39.,20.8,29.6));
#3541 = LINE('',#3542,#3543);
#3542 = CARTESIAN_POINT('',(-39.,20.8,0.));
#3543 = VECTOR('',#3544,1.);
#3544 = DIRECTION('',(0.,0.,1.));
#3545 = ORIENTED_EDGE('',*,*,#3546,.F.);
#3546 = EDGE_CURVE('',#969,#3537,#3547,.T.);
#3547 = B_SPLINE_CURVE_WITH_KNOTS('',9,(#3548,#3549,#3550,#3551,#3552,
    #3553,#3554,#3555,#3556,#3557),.UNSPECIFIED.,.F.,.F.,(10,10),(
    12.244840367979,14.061796272713),.PIECEWISE_BEZIER_KNOTS.);
#3548 = CARTESIAN_POINT('',(-37.8,22.,13.648060789653));
#3549 = CARTESIAN_POINT('',(-37.98039965982,22.,13.774377991351));
#3550 = CARTESIAN_POINT('',(-38.15492545312,21.969777549984,
    13.896837325282));
#3551 = CARTESIAN_POINT('',(-38.33037778134,21.910355082708,
    14.017829684192));
#3552 = CARTESIAN_POINT('',(-38.50946748378,21.824507357739,
    14.142974277778));
#3553 = CARTESIAN_POINT('',(-38.70617889686,21.67717382982,
    14.246384248875));
#3554 = CARTESIAN_POINT('',(-38.85021579617,21.480246273233,
    14.319030569438));
#3555 = CARTESIAN_POINT('',(-38.95202781905,21.259107278269,
    14.372837548555));
#3556 = CARTESIAN_POINT('',(-39.,21.026685712456,14.4));
#3557 = CARTESIAN_POINT('',(-39.,20.8,14.4));
#3558 = ORIENTED_EDGE('',*,*,#976,.T.);
#3559 = ORIENTED_EDGE('',*,*,#3560,.T.);
#3560 = EDGE_CURVE('',#977,#3539,#3561,.T.);
#3561 = CIRCLE('',#3562,1.2);
#3562 = AXIS2_PLACEMENT_3D('',#3563,#3564,#3565);
#3563 = CARTESIAN_POINT('',(-37.8,20.8,29.6));
#3564 = DIRECTION('',(0.,-0.,1.));
#3565 = DIRECTION('',(0.,1.,0.));
#3566 = CYLINDRICAL_SURFACE('',#3567,1.2);
#3567 = AXIS2_PLACEMENT_3D('',#3568,#3569,#3570);
#3568 = CARTESIAN_POINT('',(-37.8,20.8,0.));
#3569 = DIRECTION('',(-0.,-0.,-1.));
#3570 = DIRECTION('',(1.,0.,0.));
#3571 = ADVANCED_FACE('',(#3572),#3578,.T.);
#3572 = FACE_BOUND('',#3573,.T.);
#3573 = EDGE_LOOP('',(#3574,#3575,#3576,#3577));
#3574 = ORIENTED_EDGE('',*,*,#1024,.T.);
#3575 = ORIENTED_EDGE('',*,*,#1705,.T.);
#3576 = ORIENTED_EDGE('',*,*,#1737,.F.);
#3577 = ORIENTED_EDGE('',*,*,#1688,.T.);
#3578 = PLANE('',#3579);
#3579 = AXIS2_PLACEMENT_3D('',#3580,#3581,#3582);
#3580 = CARTESIAN_POINT('',(-5.7E-16,19.9,33.6));
#3581 = DIRECTION('',(0.,0.,1.));
#3582 = DIRECTION('',(1.,0.,0.));
#3583 = ADVANCED_FACE('',(#3584),#3590,.T.);
#3584 = FACE_BOUND('',#3585,.T.);
#3585 = EDGE_LOOP('',(#3586,#3587,#3588,#3589));
#3586 = ORIENTED_EDGE('',*,*,#1001,.T.);
#3587 = ORIENTED_EDGE('',*,*,#1176,.T.);
#3588 = ORIENTED_EDGE('',*,*,#1232,.F.);
#3589 = ORIENTED_EDGE('',*,*,#1664,.T.);
#3590 = PLANE('',#3591);
#3591 = AXIS2_PLACEMENT_3D('',#3592,#3593,#3594);
#3592 = CARTESIAN_POINT('',(-5.7E-16,19.9,33.6));
#3593 = DIRECTION('',(0.,0.,1.));
#3594 = DIRECTION('',(1.,0.,0.));
#3595 = ADVANCED_FACE('',(#3596),#3615,.F.);
#3596 = FACE_BOUND('',#3597,.F.);
#3597 = EDGE_LOOP('',(#3598,#3606,#3607,#3608));
#3598 = ORIENTED_EDGE('',*,*,#3599,.F.);
#3599 = EDGE_CURVE('',#1088,#3600,#3602,.T.);
#3600 = VERTEX_POINT('',#3601);
#3601 = CARTESIAN_POINT('',(-35.7,11.,24.));
#3602 = LINE('',#3603,#3604);
#3603 = CARTESIAN_POINT('',(-35.7,22.,24.));
#3604 = VECTOR('',#3605,1.);
#3605 = DIRECTION('',(0.,-1.,2.2E-16));
#3606 = ORIENTED_EDGE('',*,*,#1087,.F.);
#3607 = ORIENTED_EDGE('',*,*,#3599,.T.);
#3608 = ORIENTED_EDGE('',*,*,#3609,.T.);
#3609 = EDGE_CURVE('',#3600,#3600,#3610,.T.);
#3610 = CIRCLE('',#3611,2.7);
#3611 = AXIS2_PLACEMENT_3D('',#3612,#3613,#3614);
#3612 = CARTESIAN_POINT('',(-33.,11.,24.));
#3613 = DIRECTION('',(0.,1.,-2.2E-16));
#3614 = DIRECTION('',(-1.,0.,0.));
#3615 = CYLINDRICAL_SURFACE('',#3616,2.7);
#3616 = AXIS2_PLACEMENT_3D('',#3617,#3618,#3619);
#3617 = CARTESIAN_POINT('',(-33.,22.,24.));
#3618 = DIRECTION('',(0.,1.,-2.2E-16));
#3619 = DIRECTION('',(-1.,0.,0.));
#3620 = ADVANCED_FACE('',(#3621),#3646,.F.);
#3621 = FACE_BOUND('',#3622,.F.);
#3622 = EDGE_LOOP('',(#3623,#3631,#3639,#3645));
#3623 = ORIENTED_EDGE('',*,*,#3624,.T.);
#3624 = EDGE_CURVE('',#1099,#3625,#3627,.T.);
#3625 = VERTEX_POINT('',#3626);
#3626 = CARTESIAN_POINT('',(16.,22.1,27.05));
#3627 = LINE('',#3628,#3629);
#3628 = CARTESIAN_POINT('',(16.,22.,27.05));
#3629 = VECTOR('',#3630,1.);
#3630 = DIRECTION('',(0.,1.,-2.2E-16));
#3631 = ORIENTED_EDGE('',*,*,#3632,.T.);
#3632 = EDGE_CURVE('',#3625,#3633,#3635,.T.);
#3633 = VERTEX_POINT('',#3634);
#3634 = CARTESIAN_POINT('',(16.,22.1,20.95));
#3635 = LINE('',#3636,#3637);
#3636 = CARTESIAN_POINT('',(16.,22.1,27.05));
#3637 = VECTOR('',#3638,1.);
#3638 = DIRECTION('',(0.,-2.2E-16,-1.));
#3639 = ORIENTED_EDGE('',*,*,#3640,.F.);
#3640 = EDGE_CURVE('',#1101,#3633,#3641,.T.);
#3641 = LINE('',#3642,#3643);
#3642 = CARTESIAN_POINT('',(16.,22.,20.95));
#3643 = VECTOR('',#3644,1.);
#3644 = DIRECTION('',(0.,1.,-2.2E-16));
#3645 = ORIENTED_EDGE('',*,*,#1098,.F.);
#3646 = PLANE('',#3647);
#3647 = AXIS2_PLACEMENT_3D('',#3648,#3649,#3650);
#3648 = CARTESIAN_POINT('',(16.,22.,27.05));
#3649 = DIRECTION('',(-1.,0.,0.));
#3650 = DIRECTION('',(-0.,-2.2E-16,-1.));
#3651 = ADVANCED_FACE('',(#3652),#3670,.F.);
#3652 = FACE_BOUND('',#3653,.F.);
#3653 = EDGE_LOOP('',(#3654,#3662,#3668,#3669));
#3654 = ORIENTED_EDGE('',*,*,#3655,.T.);
#3655 = EDGE_CURVE('',#1109,#3656,#3658,.T.);
#3656 = VERTEX_POINT('',#3657);
#3657 = CARTESIAN_POINT('',(-16.,22.1,27.05));
#3658 = LINE('',#3659,#3660);
#3659 = CARTESIAN_POINT('',(-16.,22.,27.05));
#3660 = VECTOR('',#3661,1.);
#3661 = DIRECTION('',(0.,1.,-2.2E-16));
#3662 = ORIENTED_EDGE('',*,*,#3663,.T.);
#3663 = EDGE_CURVE('',#3656,#3625,#3664,.T.);
#3664 = LINE('',#3665,#3666);
#3665 = CARTESIAN_POINT('',(-16.,22.1,27.05));
#3666 = VECTOR('',#3667,1.);
#3667 = DIRECTION('',(1.,0.,0.));
#3668 = ORIENTED_EDGE('',*,*,#3624,.F.);
#3669 = ORIENTED_EDGE('',*,*,#1108,.F.);
#3670 = PLANE('',#3671);
#3671 = AXIS2_PLACEMENT_3D('',#3672,#3673,#3674);
#3672 = CARTESIAN_POINT('',(-16.,22.,27.05));
#3673 = DIRECTION('',(0.,-2.2E-16,-1.));
#3674 = DIRECTION('',(1.,0.,0.));
#3675 = ADVANCED_FACE('',(#3676),#3694,.F.);
#3676 = FACE_BOUND('',#3677,.F.);
#3677 = EDGE_LOOP('',(#3678,#3679,#3687,#3693));
#3678 = ORIENTED_EDGE('',*,*,#3640,.T.);
#3679 = ORIENTED_EDGE('',*,*,#3680,.T.);
#3680 = EDGE_CURVE('',#3633,#3681,#3683,.T.);
#3681 = VERTEX_POINT('',#3682);
#3682 = CARTESIAN_POINT('',(-16.,22.1,20.95));
#3683 = LINE('',#3684,#3685);
#3684 = CARTESIAN_POINT('',(16.,22.1,20.95));
#3685 = VECTOR('',#3686,1.);
#3686 = DIRECTION('',(-1.,0.,0.));
#3687 = ORIENTED_EDGE('',*,*,#3688,.F.);
#3688 = EDGE_CURVE('',#1117,#3681,#3689,.T.);
#3689 = LINE('',#3690,#3691);
#3690 = CARTESIAN_POINT('',(-16.,22.,20.95));
#3691 = VECTOR('',#3692,1.);
#3692 = DIRECTION('',(0.,1.,-2.2E-16));
#3693 = ORIENTED_EDGE('',*,*,#1124,.F.);
#3694 = PLANE('',#3695);
#3695 = AXIS2_PLACEMENT_3D('',#3696,#3697,#3698);
#3696 = CARTESIAN_POINT('',(16.,22.,20.95));
#3697 = DIRECTION('',(0.,2.2E-16,1.));
#3698 = DIRECTION('',(-1.,0.,0.));
#3699 = ADVANCED_FACE('',(#3700),#3711,.F.);
#3700 = FACE_BOUND('',#3701,.F.);
#3701 = EDGE_LOOP('',(#3702,#3703,#3709,#3710));
#3702 = ORIENTED_EDGE('',*,*,#3688,.T.);
#3703 = ORIENTED_EDGE('',*,*,#3704,.T.);
#3704 = EDGE_CURVE('',#3681,#3656,#3705,.T.);
#3705 = LINE('',#3706,#3707);
#3706 = CARTESIAN_POINT('',(-16.,22.1,20.95));
#3707 = VECTOR('',#3708,1.);
#3708 = DIRECTION('',(0.,2.2E-16,1.));
#3709 = ORIENTED_EDGE('',*,*,#3655,.F.);
#3710 = ORIENTED_EDGE('',*,*,#1116,.F.);
#3711 = PLANE('',#3712);
#3712 = AXIS2_PLACEMENT_3D('',#3713,#3714,#3715);
#3713 = CARTESIAN_POINT('',(-16.,22.,20.95));
#3714 = DIRECTION('',(1.,0.,0.));
#3715 = DIRECTION('',(0.,2.2E-16,1.));
#3716 = ADVANCED_FACE('',(#3717),#3736,.F.);
#3717 = FACE_BOUND('',#3718,.F.);
#3718 = EDGE_LOOP('',(#3719,#3727,#3728,#3729));
#3719 = ORIENTED_EDGE('',*,*,#3720,.F.);
#3720 = EDGE_CURVE('',#1133,#3721,#3723,.T.);
#3721 = VERTEX_POINT('',#3722);
#3722 = CARTESIAN_POINT('',(30.3,11.,24.));
#3723 = LINE('',#3724,#3725);
#3724 = CARTESIAN_POINT('',(30.3,22.,24.));
#3725 = VECTOR('',#3726,1.);
#3726 = DIRECTION('',(0.,-1.,2.2E-16));
#3727 = ORIENTED_EDGE('',*,*,#1132,.F.);
#3728 = ORIENTED_EDGE('',*,*,#3720,.T.);
#3729 = ORIENTED_EDGE('',*,*,#3730,.T.);
#3730 = EDGE_CURVE('',#3721,#3721,#3731,.T.);
#3731 = CIRCLE('',#3732,2.7);
#3732 = AXIS2_PLACEMENT_3D('',#3733,#3734,#3735);
#3733 = CARTESIAN_POINT('',(33.,11.,24.));
#3734 = DIRECTION('',(0.,1.,-2.2E-16));
#3735 = DIRECTION('',(-1.,0.,0.));
#3736 = CYLINDRICAL_SURFACE('',#3737,2.7);
#3737 = AXIS2_PLACEMENT_3D('',#3738,#3739,#3740);
#3738 = CARTESIAN_POINT('',(33.,22.,24.));
#3739 = DIRECTION('',(0.,1.,-2.2E-16));
#3740 = DIRECTION('',(-1.,0.,0.));
#3741 = ADVANCED_FACE('',(#3742),#3768,.F.);
#3742 = FACE_BOUND('',#3743,.T.);
#3743 = EDGE_LOOP('',(#3744,#3752,#3761,#3767));
#3744 = ORIENTED_EDGE('',*,*,#3745,.F.);
#3745 = EDGE_CURVE('',#3746,#1223,#3748,.T.);
#3746 = VERTEX_POINT('',#3747);
#3747 = CARTESIAN_POINT('',(-11.04606915186,16.65,0.));
#3748 = LINE('',#3749,#3750);
#3749 = CARTESIAN_POINT('',(-10.65877081724,16.75,0.4));
#3750 = VECTOR('',#3751,1.);
#3751 = DIRECTION('',(0.684653196881,0.176776695297,0.707106781187));
#3752 = ORIENTED_EDGE('',*,*,#3753,.T.);
#3753 = EDGE_CURVE('',#3746,#3754,#3756,.T.);
#3754 = VERTEX_POINT('',#3755);
#3755 = CARTESIAN_POINT('',(-9.690524980689,18.4,0.));
#3756 = CIRCLE('',#3757,1.4);
#3757 = AXIS2_PLACEMENT_3D('',#3758,#3759,#3760);
#3758 = CARTESIAN_POINT('',(-9.690524980689,17.,0.));
#3759 = DIRECTION('',(-0.,0.,-1.));
#3760 = DIRECTION('',(-0.968245836552,-0.25,0.));
#3761 = ORIENTED_EDGE('',*,*,#3762,.T.);
#3762 = EDGE_CURVE('',#3754,#1249,#3763,.T.);
#3763 = LINE('',#3764,#3765);
#3764 = CARTESIAN_POINT('',(-9.690524980689,18.2,0.2));
#3765 = VECTOR('',#3766,1.);
#3766 = DIRECTION('',(0.,-0.707106781187,0.707106781187));
#3767 = ORIENTED_EDGE('',*,*,#1256,.F.);
#3768 = CONICAL_SURFACE('',#3769,1.,0.785398163397);
#3769 = AXIS2_PLACEMENT_3D('',#3770,#3771,#3772);
#3770 = CARTESIAN_POINT('',(-9.690524980689,17.,0.4));
#3771 = DIRECTION('',(-0.,-0.,-1.));
#3772 = DIRECTION('',(-0.968245836552,-0.25,0.));
#3773 = ADVANCED_FACE('',(#3774),#3793,.T.);
#3774 = FACE_BOUND('',#3775,.T.);
#3775 = EDGE_LOOP('',(#3776,#3784,#3791,#3792));
#3776 = ORIENTED_EDGE('',*,*,#3777,.F.);
#3777 = EDGE_CURVE('',#3778,#1299,#3780,.T.);
#3778 = VERTEX_POINT('',#3779);
#3779 = CARTESIAN_POINT('',(-10.96722465282,14.716451882746,0.));
#3780 = LINE('',#3781,#3782);
#3781 = CARTESIAN_POINT('',(-10.57307027481,14.648317263855,0.4));
#3782 = VECTOR('',#3783,1.);
#3783 = DIRECTION('',(0.696773083822,-0.12044612763,0.707106781187));
#3784 = ORIENTED_EDGE('',*,*,#3785,.T.);
#3785 = EDGE_CURVE('',#3778,#3746,#3786,.T.);
#3786 = CIRCLE('',#3787,4.6);
#3787 = AXIS2_PLACEMENT_3D('',#3788,#3789,#3790);
#3788 = CARTESIAN_POINT('',(-15.5,15.5,0.));
#3789 = DIRECTION('',(-0.,0.,1.));
#3790 = DIRECTION('',(0.985385945038,-0.170336547229,0.));
#3791 = ORIENTED_EDGE('',*,*,#3745,.T.);
#3792 = ORIENTED_EDGE('',*,*,#1306,.F.);
#3793 = CONICAL_SURFACE('',#3794,5.,0.785398163397);
#3794 = AXIS2_PLACEMENT_3D('',#3795,#3796,#3797);
#3795 = CARTESIAN_POINT('',(-15.5,15.5,0.4));
#3796 = DIRECTION('',(0.,0.,1.));
#3797 = DIRECTION('',(0.985385945038,-0.170336547229,0.));
#3798 = ADVANCED_FACE('',(#3799),#3818,.F.);
#3799 = FACE_BOUND('',#3800,.T.);
#3800 = EDGE_LOOP('',(#3801,#3809,#3816,#3817));
#3801 = ORIENTED_EDGE('',*,*,#3802,.F.);
#3802 = EDGE_CURVE('',#3803,#1346,#3805,.T.);
#3803 = VERTEX_POINT('',#3804);
#3804 = CARTESIAN_POINT('',(-6.947407266478,11.9236543171,0.));
#3805 = LINE('',#3806,#3807);
#3806 = CARTESIAN_POINT('',(-7.148781390144,12.269267485711,0.4));
#3807 = VECTOR('',#3808,1.);
#3808 = DIRECTION('',(-0.355982520999,0.610963537982,0.707106781187));
#3809 = ORIENTED_EDGE('',*,*,#3810,.T.);
#3810 = EDGE_CURVE('',#3803,#3778,#3811,.T.);
#3811 = CIRCLE('',#3812,2.7);
#3812 = AXIS2_PLACEMENT_3D('',#3813,#3814,#3815);
#3813 = CARTESIAN_POINT('',(-8.306682601224,14.256543205228,0.));
#3814 = DIRECTION('',(0.,-0.,-1.));
#3815 = DIRECTION('',(0.503435309165,-0.864032921529,0.));
#3816 = ORIENTED_EDGE('',*,*,#3777,.T.);
#3817 = ORIENTED_EDGE('',*,*,#1355,.F.);
#3818 = CONICAL_SURFACE('',#3819,2.3,0.785398163397);
#3819 = AXIS2_PLACEMENT_3D('',#3820,#3821,#3822);
#3820 = CARTESIAN_POINT('',(-8.306682601224,14.256543205228,0.4));
#3821 = DIRECTION('',(-0.,-0.,-1.));
#3822 = DIRECTION('',(0.503435309165,-0.864032921529,0.));
#3823 = ADVANCED_FACE('',(#3824),#3843,.T.);
#3824 = FACE_BOUND('',#3825,.T.);
#3825 = EDGE_LOOP('',(#3826,#3834,#3841,#3842));
#3826 = ORIENTED_EDGE('',*,*,#3827,.F.);
#3827 = EDGE_CURVE('',#3828,#1398,#3830,.T.);
#3828 = VERTEX_POINT('',#3829);
#3829 = CARTESIAN_POINT('',(-2.605102035834,13.551879699248,0.));
#3830 = LINE('',#3831,#3832);
#3831 = CARTESIAN_POINT('',(-2.680612239771,13.944687806473,0.4));
#3832 = VECTOR('',#3833,1.);
#3833 = DIRECTION('',(-0.133484443132,0.694393190809,0.707106781187));
#3834 = ORIENTED_EDGE('',*,*,#3835,.T.);
#3835 = EDGE_CURVE('',#3828,#3803,#3836,.T.);
#3836 = CIRCLE('',#3837,13.8);
#3837 = AXIS2_PLACEMENT_3D('',#3838,#3839,#3840);
#3838 = CARTESIAN_POINT('',(0.,0.,0.));
#3839 = DIRECTION('',(0.,0.,1.));
#3840 = DIRECTION('',(-0.188775509843,0.982020268061,0.));
#3841 = ORIENTED_EDGE('',*,*,#3802,.T.);
#3842 = ORIENTED_EDGE('',*,*,#1405,.F.);
#3843 = CONICAL_SURFACE('',#3844,14.2,0.785398163397);
#3844 = AXIS2_PLACEMENT_3D('',#3845,#3846,#3847);
#3845 = CARTESIAN_POINT('',(0.,0.,0.4));
#3846 = DIRECTION('',(0.,0.,1.));
#3847 = DIRECTION('',(-0.188775509843,0.982020268061,0.));
#3848 = ADVANCED_FACE('',(#3849),#3868,.F.);
#3849 = FACE_BOUND('',#3850,.T.);
#3850 = EDGE_LOOP('',(#3851,#3859,#3866,#3867));
#3851 = ORIENTED_EDGE('',*,*,#3852,.F.);
#3852 = EDGE_CURVE('',#3853,#1445,#3855,.T.);
#3853 = VERTEX_POINT('',#3854);
#3854 = CARTESIAN_POINT('',(-1.57353521753,15.456581847325,0.));
#3855 = LINE('',#3856,#3857);
#3856 = CARTESIAN_POINT('',(-1.943778798126,15.305189340813,0.4));
#3857 = VECTOR('',#3858,1.);
#3858 = DIRECTION('',(-0.654504366324,-0.267626669938,0.707106781187));
#3859 = ORIENTED_EDGE('',*,*,#3860,.T.);
#3860 = EDGE_CURVE('',#3853,#3828,#3861,.T.);
#3861 = CIRCLE('',#3862,1.4);
#3862 = AXIS2_PLACEMENT_3D('',#3863,#3864,#3865);
#3863 = CARTESIAN_POINT('',(-2.869387749614,14.926708074534,0.));
#3864 = DIRECTION('',(0.,0.,-1.));
#3865 = DIRECTION('',(0.925608951488,0.378481266279,0.));
#3866 = ORIENTED_EDGE('',*,*,#3827,.T.);
#3867 = ORIENTED_EDGE('',*,*,#1454,.F.);
#3868 = CONICAL_SURFACE('',#3869,1.,0.785398163397);
#3869 = AXIS2_PLACEMENT_3D('',#3870,#3871,#3872);
#3870 = CARTESIAN_POINT('',(-2.869387749614,14.926708074534,0.4));
#3871 = DIRECTION('',(-0.,-0.,-1.));
#3872 = DIRECTION('',(0.925608951488,0.378481266279,0.));
#3873 = ADVANCED_FACE('',(#3874),#3893,.T.);
#3874 = FACE_BOUND('',#3875,.T.);
#3875 = EDGE_LOOP('',(#3876,#3884,#3891,#3892));
#3876 = ORIENTED_EDGE('',*,*,#3877,.F.);
#3877 = EDGE_CURVE('',#3878,#1497,#3880,.T.);
#3878 = VERTEX_POINT('',#3879);
#3879 = CARTESIAN_POINT('',(-1.626779022976,16.593548387097,0.));
#3880 = LINE('',#3881,#3882);
#3881 = CARTESIAN_POINT('',(-2.009550557794,16.709677419355,0.4));
#3882 = VECTOR('',#3883,1.);
#3883 = DIRECTION('',(-0.676650869787,0.205289065506,0.707106781187));
#3884 = ORIENTED_EDGE('',*,*,#3885,.T.);
#3885 = EDGE_CURVE('',#3878,#3853,#3886,.T.);
#3886 = CIRCLE('',#3887,1.7);
#3887 = AXIS2_PLACEMENT_3D('',#3888,#3889,#3890);
#3888 = CARTESIAN_POINT('',(0.,16.1,0.));
#3889 = DIRECTION('',(0.,0.,1.));
#3890 = DIRECTION('',(-0.956928837045,0.290322580645,0.));
#3891 = ORIENTED_EDGE('',*,*,#3852,.T.);
#3892 = ORIENTED_EDGE('',*,*,#1504,.F.);
#3893 = CONICAL_SURFACE('',#3894,2.1,0.785398163397);
#3894 = AXIS2_PLACEMENT_3D('',#3895,#3896,#3897);
#3895 = CARTESIAN_POINT('',(0.,16.1,0.4));
#3896 = DIRECTION('',(0.,0.,1.));
#3897 = DIRECTION('',(-0.956928837045,0.290322580645,0.));
#3898 = ADVANCED_FACE('',(#3899),#3918,.F.);
#3899 = FACE_BOUND('',#3900,.T.);
#3900 = EDGE_LOOP('',(#3901,#3909,#3916,#3917));
#3901 = ORIENTED_EDGE('',*,*,#3902,.F.);
#3902 = EDGE_CURVE('',#3903,#1544,#3905,.T.);
#3903 = VERTEX_POINT('',#3904);
#3904 = CARTESIAN_POINT('',(-2.966479394838,18.4,0.));
#3905 = LINE('',#3906,#3907);
#3906 = CARTESIAN_POINT('',(-2.966479394838,18.2,0.2));
#3907 = VECTOR('',#3908,1.);
#3908 = DIRECTION('',(0.,-0.707106781187,0.707106781187));
#3909 = ORIENTED_EDGE('',*,*,#3910,.T.);
#3910 = EDGE_CURVE('',#3903,#3878,#3911,.T.);
#3911 = CIRCLE('',#3912,1.4);
#3912 = AXIS2_PLACEMENT_3D('',#3913,#3914,#3915);
#3913 = CARTESIAN_POINT('',(-2.966479394838,17.,0.));
#3914 = DIRECTION('',(0.,0.,-1.));
#3915 = DIRECTION('',(4.4E-16,1.,0.));
#3916 = ORIENTED_EDGE('',*,*,#3877,.T.);
#3917 = ORIENTED_EDGE('',*,*,#1553,.F.);
#3918 = CONICAL_SURFACE('',#3919,1.,0.785398163397);
#3919 = AXIS2_PLACEMENT_3D('',#3920,#3921,#3922);
#3920 = CARTESIAN_POINT('',(-2.966479394838,17.,0.4));
#3921 = DIRECTION('',(-0.,-0.,-1.));
#3922 = DIRECTION('',(4.4E-16,1.,0.));
#3923 = ADVANCED_FACE('',(#3924),#3935,.F.);
#3924 = FACE_BOUND('',#3925,.T.);
#3925 = EDGE_LOOP('',(#3926,#3927,#3933,#3934));
#3926 = ORIENTED_EDGE('',*,*,#3762,.F.);
#3927 = ORIENTED_EDGE('',*,*,#3928,.T.);
#3928 = EDGE_CURVE('',#3754,#3903,#3929,.T.);
#3929 = LINE('',#3930,#3931);
#3930 = CARTESIAN_POINT('',(-9.690524980689,18.4,0.));
#3931 = VECTOR('',#3932,1.);
#3932 = DIRECTION('',(1.,0.,0.));
#3933 = ORIENTED_EDGE('',*,*,#3902,.T.);
#3934 = ORIENTED_EDGE('',*,*,#1596,.F.);
#3935 = PLANE('',#3936);
#3936 = AXIS2_PLACEMENT_3D('',#3937,#3938,#3939);
#3937 = CARTESIAN_POINT('',(-9.690524980689,18.2,0.2));
#3938 = DIRECTION('',(1.E-17,0.707106781187,0.707106781187));
#3939 = DIRECTION('',(-1.,7.071067811865E-18,7.071067811865E-18));
#3940 = ADVANCED_FACE('',(#3941),#3967,.F.);
#3941 = FACE_BOUND('',#3942,.T.);
#3942 = EDGE_LOOP('',(#3943,#3951,#3960,#3966));
#3943 = ORIENTED_EDGE('',*,*,#3944,.F.);
#3944 = EDGE_CURVE('',#3945,#1728,#3947,.T.);
#3945 = VERTEX_POINT('',#3946);
#3946 = CARTESIAN_POINT('',(9.716479394838,18.4,0.));
#3947 = LINE('',#3948,#3949);
#3948 = CARTESIAN_POINT('',(9.716479394838,18.2,0.2));
#3949 = VECTOR('',#3950,1.);
#3950 = DIRECTION('',(0.,-0.707106781187,0.707106781187));
#3951 = ORIENTED_EDGE('',*,*,#3952,.T.);
#3952 = EDGE_CURVE('',#3945,#3953,#3955,.T.);
#3953 = VERTEX_POINT('',#3954);
#3954 = CARTESIAN_POINT('',(11.071642673051,16.648528110109,0.));
#3955 = CIRCLE('',#3956,1.4);
#3956 = AXIS2_PLACEMENT_3D('',#3957,#3958,#3959);
#3957 = CARTESIAN_POINT('',(9.716479394838,17.,0.));
#3958 = DIRECTION('',(0.,0.,-1.));
#3959 = DIRECTION('',(0.,1.,0.));
#3960 = ORIENTED_EDGE('',*,*,#3961,.T.);
#3961 = EDGE_CURVE('',#3953,#1747,#3962,.T.);
#3962 = LINE('',#3963,#3964);
#3963 = CARTESIAN_POINT('',(10.68445316499,16.748948650078,0.4));
#3964 = VECTOR('',#3965,1.);
#3965 = DIRECTION('',(-0.684460816885,0.177520111956,0.707106781187));
#3966 = ORIENTED_EDGE('',*,*,#1754,.F.);
#3967 = CONICAL_SURFACE('',#3968,1.,0.785398163397);
#3968 = AXIS2_PLACEMENT_3D('',#3969,#3970,#3971);
#3969 = CARTESIAN_POINT('',(9.716479394838,17.,0.4));
#3970 = DIRECTION('',(-0.,-0.,-1.));
#3971 = DIRECTION('',(0.,1.,0.));
#3972 = ADVANCED_FACE('',(#3973),#3992,.T.);
#3973 = FACE_BOUND('',#3974,.T.);
#3974 = EDGE_LOOP('',(#3975,#3976,#3985,#3991));
#3975 = ORIENTED_EDGE('',*,*,#3961,.F.);
#3976 = ORIENTED_EDGE('',*,*,#3977,.T.);
#3977 = EDGE_CURVE('',#3953,#3978,#3980,.T.);
#3978 = VERTEX_POINT('',#3979);
#3979 = CARTESIAN_POINT('',(10.994271891657,14.707611428312,0.));
#3980 = CIRCLE('',#3981,4.574873269813);
#3981 = AXIS2_PLACEMENT_3D('',#3982,#3983,#3984);
#3982 = CARTESIAN_POINT('',(15.5,15.5,0.));
#3983 = DIRECTION('',(0.,0.,1.));
#3984 = DIRECTION('',(-0.967973770152,0.251051349922,0.));
#3985 = ORIENTED_EDGE('',*,*,#3986,.T.);
#3986 = EDGE_CURVE('',#3978,#1770,#3987,.T.);
#3987 = LINE('',#3988,#3989);
#3988 = CARTESIAN_POINT('',(10.600317537724,14.638329634045,0.4));
#3989 = VECTOR('',#3990,1.);
#3990 = DIRECTION('',(-0.696419487861,-0.122474066347,0.707106781187));
#3991 = ORIENTED_EDGE('',*,*,#1779,.F.);
#3992 = CONICAL_SURFACE('',#3993,4.974873269813,0.785398163397);
#3993 = AXIS2_PLACEMENT_3D('',#3994,#3995,#3996);
#3994 = CARTESIAN_POINT('',(15.5,15.5,0.4));
#3995 = DIRECTION('',(0.,0.,1.));
#3996 = DIRECTION('',(-0.967973770152,0.251051349922,0.));
#3997 = ADVANCED_FACE('',(#3998),#4016,.F.);
#3998 = FACE_BOUND('',#3999,.T.);
#3999 = EDGE_LOOP('',(#4000,#4008,#4014,#4015));
#4000 = ORIENTED_EDGE('',*,*,#4001,.F.);
#4001 = EDGE_CURVE('',#4002,#1797,#4004,.T.);
#4002 = VERTEX_POINT('',#4003);
#4003 = CARTESIAN_POINT('',(2.966479394838,18.4,0.));
#4004 = LINE('',#4005,#4006);
#4005 = CARTESIAN_POINT('',(2.966479394838,18.2,0.2));
#4006 = VECTOR('',#4007,1.);
#4007 = DIRECTION('',(0.,-0.707106781187,0.707106781187));
#4008 = ORIENTED_EDGE('',*,*,#4009,.T.);
#4009 = EDGE_CURVE('',#4002,#3945,#4010,.T.);
#4010 = LINE('',#4011,#4012);
#4011 = CARTESIAN_POINT('',(2.966479394838,18.4,0.));
#4012 = VECTOR('',#4013,1.);
#4013 = DIRECTION('',(1.,0.,0.));
#4014 = ORIENTED_EDGE('',*,*,#3944,.T.);
#4015 = ORIENTED_EDGE('',*,*,#1804,.F.);
#4016 = PLANE('',#4017);
#4017 = AXIS2_PLACEMENT_3D('',#4018,#4019,#4020);
#4018 = CARTESIAN_POINT('',(2.966479394838,18.2,0.2));
#4019 = DIRECTION('',(1.E-17,0.707106781187,0.707106781187));
#4020 = DIRECTION('',(-1.,7.071067811865E-18,7.071067811865E-18));
#4021 = ADVANCED_FACE('',(#4022),#4041,.F.);
#4022 = FACE_BOUND('',#4023,.T.);
#4023 = EDGE_LOOP('',(#4024,#4025,#4034,#4040));
#4024 = ORIENTED_EDGE('',*,*,#3986,.F.);
#4025 = ORIENTED_EDGE('',*,*,#4026,.T.);
#4026 = EDGE_CURVE('',#3978,#4027,#4029,.T.);
#4027 = VERTEX_POINT('',#4028);
#4028 = CARTESIAN_POINT('',(6.971157820361,11.909784156047,0.));
#4029 = CIRCLE('',#4030,2.7);
#4030 = AXIS2_PLACEMENT_3D('',#4031,#4032,#4033);
#4031 = CARTESIAN_POINT('',(8.335080002606,14.239959317012,0.));
#4032 = DIRECTION('',(0.,0.,-1.));
#4033 = DIRECTION('',(0.984885884834,0.173204485667,0.));
#4034 = ORIENTED_EDGE('',*,*,#4035,.T.);
#4035 = EDGE_CURVE('',#4027,#1821,#4036,.T.);
#4036 = LINE('',#4037,#4038);
#4037 = CARTESIAN_POINT('',(7.173220365879,12.254995291004,0.4));
#4038 = VECTOR('',#4039,1.);
#4039 = DIRECTION('',(0.357199490398,0.610252836175,0.707106781187));
#4040 = ORIENTED_EDGE('',*,*,#1828,.F.);
#4041 = CONICAL_SURFACE('',#4042,2.3,0.785398163397);
#4042 = AXIS2_PLACEMENT_3D('',#4043,#4044,#4045);
#4043 = CARTESIAN_POINT('',(8.335080002606,14.239959317012,0.4));
#4044 = DIRECTION('',(-0.,-0.,-1.));
#4045 = DIRECTION('',(0.984885884834,0.173204485667,0.));
#4046 = ADVANCED_FACE('',(#4047),#4066,.F.);
#4047 = FACE_BOUND('',#4048,.T.);
#4048 = EDGE_LOOP('',(#4049,#4057,#4064,#4065));
#4049 = ORIENTED_EDGE('',*,*,#4050,.F.);
#4050 = EDGE_CURVE('',#4051,#1844,#4053,.T.);
#4051 = VERTEX_POINT('',#4052);
#4052 = CARTESIAN_POINT('',(1.626779022976,16.593548387097,0.));
#4053 = LINE('',#4054,#4055);
#4054 = CARTESIAN_POINT('',(2.009550557794,16.709677419355,0.4));
#4055 = VECTOR('',#4056,1.);
#4056 = DIRECTION('',(0.676650869787,0.205289065506,0.707106781187));
#4057 = ORIENTED_EDGE('',*,*,#4058,.T.);
#4058 = EDGE_CURVE('',#4051,#4002,#4059,.T.);
#4059 = CIRCLE('',#4060,1.4);
#4060 = AXIS2_PLACEMENT_3D('',#4061,#4062,#4063);
#4061 = CARTESIAN_POINT('',(2.966479394838,17.,0.));
#4062 = DIRECTION('',(-0.,0.,-1.));
#4063 = DIRECTION('',(-0.956928837045,-0.290322580645,0.));
#4064 = ORIENTED_EDGE('',*,*,#4001,.T.);
#4065 = ORIENTED_EDGE('',*,*,#1853,.F.);
#4066 = CONICAL_SURFACE('',#4067,1.,0.785398163397);
#4067 = AXIS2_PLACEMENT_3D('',#4068,#4069,#4070);
#4068 = CARTESIAN_POINT('',(2.966479394838,17.,0.4));
#4069 = DIRECTION('',(-0.,-0.,-1.));
#4070 = DIRECTION('',(-0.956928837045,-0.290322580645,0.));
#4071 = ADVANCED_FACE('',(#4072),#4091,.T.);
#4072 = FACE_BOUND('',#4073,.T.);
#4073 = EDGE_LOOP('',(#4074,#4075,#4084,#4090));
#4074 = ORIENTED_EDGE('',*,*,#4035,.F.);
#4075 = ORIENTED_EDGE('',*,*,#4076,.T.);
#4076 = EDGE_CURVE('',#4027,#4077,#4079,.T.);
#4077 = VERTEX_POINT('',#4078);
#4078 = CARTESIAN_POINT('',(2.605102035834,13.551879699248,0.));
#4079 = CIRCLE('',#4080,13.8);
#4080 = AXIS2_PLACEMENT_3D('',#4081,#4082,#4083);
#4081 = CARTESIAN_POINT('',(0.,0.,0.));
#4082 = DIRECTION('',(0.,-0.,1.));
#4083 = DIRECTION('',(0.505156363794,0.863027837395,0.));
#4084 = ORIENTED_EDGE('',*,*,#4085,.T.);
#4085 = EDGE_CURVE('',#4077,#1869,#4086,.T.);
#4086 = LINE('',#4087,#4088);
#4087 = CARTESIAN_POINT('',(2.680612239771,13.944687806473,0.4));
#4088 = VECTOR('',#4089,1.);
#4089 = DIRECTION('',(0.133484443132,0.694393190809,0.707106781187));
#4090 = ORIENTED_EDGE('',*,*,#1878,.F.);
#4091 = CONICAL_SURFACE('',#4092,14.2,0.785398163397);
#4092 = AXIS2_PLACEMENT_3D('',#4093,#4094,#4095);
#4093 = CARTESIAN_POINT('',(0.,0.,0.4));
#4094 = DIRECTION('',(0.,0.,1.));
#4095 = DIRECTION('',(0.505156363794,0.863027837395,0.));
#4096 = ADVANCED_FACE('',(#4097),#4116,.T.);
#4097 = FACE_BOUND('',#4098,.T.);
#4098 = EDGE_LOOP('',(#4099,#4107,#4114,#4115));
#4099 = ORIENTED_EDGE('',*,*,#4100,.F.);
#4100 = EDGE_CURVE('',#4101,#1896,#4103,.T.);
#4101 = VERTEX_POINT('',#4102);
#4102 = CARTESIAN_POINT('',(1.57353521753,15.456581847325,0.));
#4103 = LINE('',#4104,#4105);
#4104 = CARTESIAN_POINT('',(1.943778798126,15.305189340813,0.4));
#4105 = VECTOR('',#4106,1.);
#4106 = DIRECTION('',(0.654504366324,-0.267626669938,0.707106781187));
#4107 = ORIENTED_EDGE('',*,*,#4108,.T.);
#4108 = EDGE_CURVE('',#4101,#4051,#4109,.T.);
#4109 = CIRCLE('',#4110,1.7);
#4110 = AXIS2_PLACEMENT_3D('',#4111,#4112,#4113);
#4111 = CARTESIAN_POINT('',(0.,16.1,0.));
#4112 = DIRECTION('',(-0.,0.,1.));
#4113 = DIRECTION('',(0.925608951488,-0.378481266279,0.));
#4114 = ORIENTED_EDGE('',*,*,#4050,.T.);
#4115 = ORIENTED_EDGE('',*,*,#1903,.F.);
#4116 = CONICAL_SURFACE('',#4117,2.1,0.785398163397);
#4117 = AXIS2_PLACEMENT_3D('',#4118,#4119,#4120);
#4118 = CARTESIAN_POINT('',(0.,16.1,0.4));
#4119 = DIRECTION('',(0.,0.,1.));
#4120 = DIRECTION('',(0.925608951488,-0.378481266279,0.));
#4121 = ADVANCED_FACE('',(#4122),#4134,.F.);
#4122 = FACE_BOUND('',#4123,.T.);
#4123 = EDGE_LOOP('',(#4124,#4125,#4132,#4133));
#4124 = ORIENTED_EDGE('',*,*,#4085,.F.);
#4125 = ORIENTED_EDGE('',*,*,#4126,.T.);
#4126 = EDGE_CURVE('',#4077,#4101,#4127,.T.);
#4127 = CIRCLE('',#4128,1.4);
#4128 = AXIS2_PLACEMENT_3D('',#4129,#4130,#4131);
#4129 = CARTESIAN_POINT('',(2.869387749614,14.926708074534,0.));
#4130 = DIRECTION('',(-0.,0.,-1.));
#4131 = DIRECTION('',(-0.188775509843,-0.982020268061,0.));
#4132 = ORIENTED_EDGE('',*,*,#4100,.T.);
#4133 = ORIENTED_EDGE('',*,*,#1921,.F.);
#4134 = CONICAL_SURFACE('',#4135,1.,0.785398163397);
#4135 = AXIS2_PLACEMENT_3D('',#4136,#4137,#4138);
#4136 = CARTESIAN_POINT('',(2.869387749614,14.926708074534,0.4));
#4137 = DIRECTION('',(-0.,-0.,-1.));
#4138 = DIRECTION('',(-0.188775509843,-0.982020268061,0.));
#4139 = ADVANCED_FACE('',(#4140,#4143),#4154,.T.);
#4140 = FACE_BOUND('',#4141,.T.);
#4141 = EDGE_LOOP('',(#4142));
#4142 = ORIENTED_EDGE('',*,*,#1944,.T.);
#4143 = FACE_BOUND('',#4144,.T.);
#4144 = EDGE_LOOP('',(#4145));
#4145 = ORIENTED_EDGE('',*,*,#4146,.F.);
#4146 = EDGE_CURVE('',#4147,#4147,#4149,.T.);
#4147 = VERTEX_POINT('',#4148);
#4148 = CARTESIAN_POINT('',(-13.8,-15.5,13.));
#4149 = CIRCLE('',#4150,1.7);
#4150 = AXIS2_PLACEMENT_3D('',#4151,#4152,#4153);
#4151 = CARTESIAN_POINT('',(-15.5,-15.5,13.));
#4152 = DIRECTION('',(0.,0.,1.));
#4153 = DIRECTION('',(1.,0.,0.));
#4154 = PLANE('',#4155);
#4155 = AXIS2_PLACEMENT_3D('',#4156,#4157,#4158);
#4156 = CARTESIAN_POINT('',(9.1E-16,0.,13.));
#4157 = DIRECTION('',(0.,0.,1.));
#4158 = DIRECTION('',(1.,0.,0.));
#4159 = ADVANCED_FACE('',(#4160),#4185,.T.);
#4160 = FACE_BOUND('',#4161,.F.);
#4161 = EDGE_LOOP('',(#4162,#4170,#4178,#4184));
#4162 = ORIENTED_EDGE('',*,*,#4163,.F.);
#4163 = EDGE_CURVE('',#4164,#1971,#4166,.T.);
#4164 = VERTEX_POINT('',#4165);
#4165 = CARTESIAN_POINT('',(-9.690524980689,-18.4,0.));
#4166 = LINE('',#4167,#4168);
#4167 = CARTESIAN_POINT('',(-9.690524980689,-18.2,0.2));
#4168 = VECTOR('',#4169,1.);
#4169 = DIRECTION('',(0.,0.707106781187,0.707106781187));
#4170 = ORIENTED_EDGE('',*,*,#4171,.T.);
#4171 = EDGE_CURVE('',#4164,#4172,#4174,.T.);
#4172 = VERTEX_POINT('',#4173);
#4173 = CARTESIAN_POINT('',(-5.22302594288,-18.4,0.));
#4174 = LINE('',#4175,#4176);
#4175 = CARTESIAN_POINT('',(-9.690524980689,-18.4,0.));
#4176 = VECTOR('',#4177,1.);
#4177 = DIRECTION('',(1.,0.,0.));
#4178 = ORIENTED_EDGE('',*,*,#4179,.T.);
#4179 = EDGE_CURVE('',#4172,#1962,#4180,.T.);
#4180 = LINE('',#4181,#4182);
#4181 = CARTESIAN_POINT('',(-5.22302594288,-18.2,0.2));
#4182 = VECTOR('',#4183,1.);
#4183 = DIRECTION('',(0.,0.707106781187,0.707106781187));
#4184 = ORIENTED_EDGE('',*,*,#1978,.F.);
#4185 = PLANE('',#4186);
#4186 = AXIS2_PLACEMENT_3D('',#4187,#4188,#4189);
#4187 = CARTESIAN_POINT('',(-9.690524980689,-18.2,0.2));
#4188 = DIRECTION('',(-1.E-17,0.707106781187,-0.707106781187));
#4189 = DIRECTION('',(-1.,-7.071067811865E-18,7.071067811865E-18));
#4190 = ADVANCED_FACE('',(#4191),#4210,.F.);
#4191 = FACE_BOUND('',#4192,.F.);
#4192 = EDGE_LOOP('',(#4193,#4201,#4208,#4209));
#4193 = ORIENTED_EDGE('',*,*,#4194,.F.);
#4194 = EDGE_CURVE('',#4195,#1995,#4197,.T.);
#4195 = VERTEX_POINT('',#4196);
#4196 = CARTESIAN_POINT('',(-11.04606915186,-16.65,0.));
#4197 = LINE('',#4198,#4199);
#4198 = CARTESIAN_POINT('',(-10.65877081724,-16.75,0.4));
#4199 = VECTOR('',#4200,1.);
#4200 = DIRECTION('',(0.684653196881,-0.176776695297,0.707106781187));
#4201 = ORIENTED_EDGE('',*,*,#4202,.T.);
#4202 = EDGE_CURVE('',#4195,#4164,#4203,.T.);
#4203 = CIRCLE('',#4204,1.4);
#4204 = AXIS2_PLACEMENT_3D('',#4205,#4206,#4207);
#4205 = CARTESIAN_POINT('',(-9.690524980689,-17.,0.));
#4206 = DIRECTION('',(0.,0.,1.));
#4207 = DIRECTION('',(-0.968245836552,0.25,0.));
#4208 = ORIENTED_EDGE('',*,*,#4163,.T.);
#4209 = ORIENTED_EDGE('',*,*,#2002,.F.);
#4210 = CONICAL_SURFACE('',#4211,1.,0.785398163397);
#4211 = AXIS2_PLACEMENT_3D('',#4212,#4213,#4214);
#4212 = CARTESIAN_POINT('',(-9.690524980689,-17.,0.4));
#4213 = DIRECTION('',(-0.,-0.,-1.));
#4214 = DIRECTION('',(-0.968245836552,0.25,0.));
#4215 = ADVANCED_FACE('',(#4216),#4235,.F.);
#4216 = FACE_BOUND('',#4217,.F.);
#4217 = EDGE_LOOP('',(#4218,#4219,#4228,#4234));
#4218 = ORIENTED_EDGE('',*,*,#4179,.F.);
#4219 = ORIENTED_EDGE('',*,*,#4220,.T.);
#4220 = EDGE_CURVE('',#4172,#4221,#4223,.T.);
#4221 = VERTEX_POINT('',#4222);
#4222 = CARTESIAN_POINT('',(-3.843358712685,-16.76226415094,0.));
#4223 = CIRCLE('',#4224,1.4);
#4224 = AXIS2_PLACEMENT_3D('',#4225,#4226,#4227);
#4225 = CARTESIAN_POINT('',(-5.22302594288,-17.,0.));
#4226 = DIRECTION('',(-0.,0.,1.));
#4227 = DIRECTION('',(0.,-1.,0.));
#4228 = ORIENTED_EDGE('',*,*,#4229,.T.);
#4229 = EDGE_CURVE('',#4221,#2018,#4230,.T.);
#4230 = LINE('',#4231,#4232);
#4231 = CARTESIAN_POINT('',(-4.237549349884,-16.83018867924,0.4));
#4232 = VECTOR('',#4233,1.);
#4233 = DIRECTION('',(-0.696837181608,-0.120074736428,0.707106781187));
#4234 = ORIENTED_EDGE('',*,*,#2027,.F.);
#4235 = CONICAL_SURFACE('',#4236,1.,0.785398163397);
#4236 = AXIS2_PLACEMENT_3D('',#4237,#4238,#4239);
#4237 = CARTESIAN_POINT('',(-5.22302594288,-17.,0.4));
#4238 = DIRECTION('',(-0.,-0.,-1.));
#4239 = DIRECTION('',(0.,-1.,0.));
#4240 = ADVANCED_FACE('',(#4241),#4260,.T.);
#4241 = FACE_BOUND('',#4242,.F.);
#4242 = EDGE_LOOP('',(#4243,#4251,#4258,#4259));
#4243 = ORIENTED_EDGE('',*,*,#4244,.F.);
#4244 = EDGE_CURVE('',#4245,#2043,#4247,.T.);
#4245 = VERTEX_POINT('',#4246);
#4246 = CARTESIAN_POINT('',(-10.96722465282,-14.71645188274,0.));
#4247 = LINE('',#4248,#4249);
#4248 = CARTESIAN_POINT('',(-10.57307027481,-14.64831726385,0.4));
#4249 = VECTOR('',#4250,1.);
#4250 = DIRECTION('',(0.696773083822,0.12044612763,0.707106781187));
#4251 = ORIENTED_EDGE('',*,*,#4252,.T.);
#4252 = EDGE_CURVE('',#4245,#4195,#4253,.T.);
#4253 = CIRCLE('',#4254,4.6);
#4254 = AXIS2_PLACEMENT_3D('',#4255,#4256,#4257);
#4255 = CARTESIAN_POINT('',(-15.5,-15.5,0.));
#4256 = DIRECTION('',(0.,0.,-1.));
#4257 = DIRECTION('',(0.985385945038,0.170336547229,0.));
#4258 = ORIENTED_EDGE('',*,*,#4194,.T.);
#4259 = ORIENTED_EDGE('',*,*,#2052,.F.);
#4260 = CONICAL_SURFACE('',#4261,5.,0.785398163397);
#4261 = AXIS2_PLACEMENT_3D('',#4262,#4263,#4264);
#4262 = CARTESIAN_POINT('',(-15.5,-15.5,0.4));
#4263 = DIRECTION('',(0.,0.,1.));
#4264 = DIRECTION('',(0.985385945038,0.170336547229,0.));
#4265 = ADVANCED_FACE('',(#4266),#4285,.T.);
#4266 = FACE_BOUND('',#4267,.F.);
#4267 = EDGE_LOOP('',(#4268,#4269,#4278,#4284));
#4268 = ORIENTED_EDGE('',*,*,#4229,.F.);
#4269 = ORIENTED_EDGE('',*,*,#4270,.T.);
#4270 = EDGE_CURVE('',#4221,#4271,#4273,.T.);
#4271 = VERTEX_POINT('',#4272);
#4272 = CARTESIAN_POINT('',(-3.681987123768,-14.8143208719,0.));
#4273 = CIRCLE('',#4274,3.9);
#4274 = AXIS2_PLACEMENT_3D('',#4275,#4276,#4277);
#4275 = CARTESIAN_POINT('',(0.,-16.1,0.));
#4276 = DIRECTION('',(-0.,0.,-1.));
#4277 = DIRECTION('',(-0.985476592996,-0.169811320755,0.));
#4278 = ORIENTED_EDGE('',*,*,#4279,.T.);
#4279 = EDGE_CURVE('',#4271,#2070,#4280,.T.);
#4280 = LINE('',#4281,#4282);
#4281 = CARTESIAN_POINT('',(-4.05962682877,-14.68245634595,0.4));
#4282 = VECTOR('',#4283,1.);
#4283 = DIRECTION('',(-0.66757899063,0.233105751257,0.707106781187));
#4284 = ORIENTED_EDGE('',*,*,#2077,.F.);
#4285 = CONICAL_SURFACE('',#4286,4.3,0.785398163397);
#4286 = AXIS2_PLACEMENT_3D('',#4287,#4288,#4289);
#4287 = CARTESIAN_POINT('',(0.,-16.1,0.4));
#4288 = DIRECTION('',(0.,0.,1.));
#4289 = DIRECTION('',(-0.985476592996,-0.169811320755,0.));
#4290 = ADVANCED_FACE('',(#4291),#4310,.F.);
#4291 = FACE_BOUND('',#4292,.F.);
#4292 = EDGE_LOOP('',(#4293,#4301,#4308,#4309));
#4293 = ORIENTED_EDGE('',*,*,#4294,.F.);
#4294 = EDGE_CURVE('',#4295,#2095,#4297,.T.);
#4295 = VERTEX_POINT('',#4296);
#4296 = CARTESIAN_POINT('',(-6.947407266478,-11.9236543171,0.));
#4297 = LINE('',#4298,#4299);
#4298 = CARTESIAN_POINT('',(-7.148781390144,-12.26926748571,0.4));
#4299 = VECTOR('',#4300,1.);
#4300 = DIRECTION('',(-0.355982520999,-0.610963537982,0.707106781187));
#4301 = ORIENTED_EDGE('',*,*,#4302,.T.);
#4302 = EDGE_CURVE('',#4295,#4245,#4303,.T.);
#4303 = CIRCLE('',#4304,2.7);
#4304 = AXIS2_PLACEMENT_3D('',#4305,#4306,#4307);
#4305 = CARTESIAN_POINT('',(-8.306682601224,-14.25654320522,0.));
#4306 = DIRECTION('',(0.,-0.,1.));
#4307 = DIRECTION('',(0.503435309165,0.864032921529,0.));
#4308 = ORIENTED_EDGE('',*,*,#4244,.T.);
#4309 = ORIENTED_EDGE('',*,*,#2102,.F.);
#4310 = CONICAL_SURFACE('',#4311,2.3,0.785398163397);
#4311 = AXIS2_PLACEMENT_3D('',#4312,#4313,#4314);
#4312 = CARTESIAN_POINT('',(-8.306682601224,-14.25654320522,0.4));
#4313 = DIRECTION('',(-0.,-0.,-1.));
#4314 = DIRECTION('',(0.503435309165,0.864032921529,0.));
#4315 = ADVANCED_FACE('',(#4316),#4335,.F.);
#4316 = FACE_BOUND('',#4317,.F.);
#4317 = EDGE_LOOP('',(#4318,#4319,#4328,#4334));
#4318 = ORIENTED_EDGE('',*,*,#4279,.F.);
#4319 = ORIENTED_EDGE('',*,*,#4320,.T.);
#4320 = EDGE_CURVE('',#4271,#4321,#4323,.T.);
#4321 = VERTEX_POINT('',#4322);
#4322 = CARTESIAN_POINT('',(-4.542856582867,-13.03082706766,0.));
#4323 = CIRCLE('',#4324,1.4);
#4324 = AXIS2_PLACEMENT_3D('',#4325,#4326,#4327);
#4325 = CARTESIAN_POINT('',(-5.003726091274,-14.35279503105,0.));
#4326 = DIRECTION('',(-0.,0.,1.));
#4327 = DIRECTION('',(0.944099262505,-0.329661314895,0.));
#4328 = ORIENTED_EDGE('',*,*,#4329,.T.);
#4329 = EDGE_CURVE('',#4321,#2118,#4330,.T.);
#4330 = LINE('',#4331,#4332);
#4331 = CARTESIAN_POINT('',(-4.674533585269,-13.40853220006,0.4));
#4332 = VECTOR('',#4333,1.);
#4333 = DIRECTION('',(-0.232774253312,-0.667694651016,0.707106781187));
#4334 = ORIENTED_EDGE('',*,*,#2127,.F.);
#4335 = CONICAL_SURFACE('',#4336,1.,0.785398163397);
#4336 = AXIS2_PLACEMENT_3D('',#4337,#4338,#4339);
#4337 = CARTESIAN_POINT('',(-5.003726091274,-14.35279503105,0.4));
#4338 = DIRECTION('',(-0.,-0.,-1.));
#4339 = DIRECTION('',(0.944099262505,-0.329661314895,0.));
#4340 = ADVANCED_FACE('',(#4341),#4353,.T.);
#4341 = FACE_BOUND('',#4342,.F.);
#4342 = EDGE_LOOP('',(#4343,#4344,#4351,#4352));
#4343 = ORIENTED_EDGE('',*,*,#4329,.F.);
#4344 = ORIENTED_EDGE('',*,*,#4345,.T.);
#4345 = EDGE_CURVE('',#4321,#4295,#4346,.T.);
#4346 = CIRCLE('',#4347,13.8);
#4347 = AXIS2_PLACEMENT_3D('',#4348,#4349,#4350);
#4348 = CARTESIAN_POINT('',(0.,0.,0.));
#4349 = DIRECTION('',(-0.,0.,-1.));
#4350 = DIRECTION('',(-0.329192506005,-0.944262830991,0.));
#4351 = ORIENTED_EDGE('',*,*,#4294,.T.);
#4352 = ORIENTED_EDGE('',*,*,#2145,.F.);
#4353 = CONICAL_SURFACE('',#4354,14.2,0.785398163397);
#4354 = AXIS2_PLACEMENT_3D('',#4355,#4356,#4357);
#4355 = CARTESIAN_POINT('',(0.,0.,0.4));
#4356 = DIRECTION('',(0.,0.,1.));
#4357 = DIRECTION('',(-0.329192506005,-0.944262830991,0.));
#4358 = ADVANCED_FACE('',(#4359),#4378,.F.);
#4359 = FACE_BOUND('',#4360,.F.);
#4360 = EDGE_LOOP('',(#4361,#4369,#4376,#4377));
#4361 = ORIENTED_EDGE('',*,*,#4362,.T.);
#4362 = EDGE_CURVE('',#2161,#4363,#4365,.T.);
#4363 = VERTEX_POINT('',#4364);
#4364 = CARTESIAN_POINT('',(2.35,-16.1,29.));
#4365 = LINE('',#4366,#4367);
#4366 = CARTESIAN_POINT('',(2.35,-16.1,34.));
#4367 = VECTOR('',#4368,1.);
#4368 = DIRECTION('',(-0.,-0.,-1.));
#4369 = ORIENTED_EDGE('',*,*,#4370,.T.);
#4370 = EDGE_CURVE('',#4363,#4363,#4371,.T.);
#4371 = CIRCLE('',#4372,2.35);
#4372 = AXIS2_PLACEMENT_3D('',#4373,#4374,#4375);
#4373 = CARTESIAN_POINT('',(0.,-16.1,29.));
#4374 = DIRECTION('',(0.,0.,1.));
#4375 = DIRECTION('',(1.,0.,0.));
#4376 = ORIENTED_EDGE('',*,*,#4362,.F.);
#4377 = ORIENTED_EDGE('',*,*,#2170,.F.);
#4378 = CYLINDRICAL_SURFACE('',#4379,2.35);
#4379 = AXIS2_PLACEMENT_3D('',#4380,#4381,#4382);
#4380 = CARTESIAN_POINT('',(0.,-16.1,34.));
#4381 = DIRECTION('',(0.,0.,1.));
#4382 = DIRECTION('',(1.,0.,0.));
#4383 = ADVANCED_FACE('',(#4384),#4410,.F.);
#4384 = FACE_BOUND('',#4385,.F.);
#4385 = EDGE_LOOP('',(#4386,#4394,#4403,#4409));
#4386 = ORIENTED_EDGE('',*,*,#4387,.F.);
#4387 = EDGE_CURVE('',#4388,#2195,#4390,.T.);
#4388 = VERTEX_POINT('',#4389);
#4389 = CARTESIAN_POINT('',(3.843358712685,-16.76226415094,0.));
#4390 = LINE('',#4391,#4392);
#4391 = CARTESIAN_POINT('',(4.237549349884,-16.83018867924,0.4));
#4392 = VECTOR('',#4393,1.);
#4393 = DIRECTION('',(0.696837181608,-0.120074736428,0.707106781187));
#4394 = ORIENTED_EDGE('',*,*,#4395,.T.);
#4395 = EDGE_CURVE('',#4388,#4396,#4398,.T.);
#4396 = VERTEX_POINT('',#4397);
#4397 = CARTESIAN_POINT('',(5.22302594288,-18.4,0.));
#4398 = CIRCLE('',#4399,1.4);
#4399 = AXIS2_PLACEMENT_3D('',#4400,#4401,#4402);
#4400 = CARTESIAN_POINT('',(5.22302594288,-17.,0.));
#4401 = DIRECTION('',(0.,0.,1.));
#4402 = DIRECTION('',(-0.985476592996,0.169811320755,0.));
#4403 = ORIENTED_EDGE('',*,*,#4404,.T.);
#4404 = EDGE_CURVE('',#4396,#2186,#4405,.T.);
#4405 = LINE('',#4406,#4407);
#4406 = CARTESIAN_POINT('',(5.22302594288,-18.2,0.2));
#4407 = VECTOR('',#4408,1.);
#4408 = DIRECTION('',(0.,0.707106781187,0.707106781187));
#4409 = ORIENTED_EDGE('',*,*,#2202,.F.);
#4410 = CONICAL_SURFACE('',#4411,1.,0.785398163397);
#4411 = AXIS2_PLACEMENT_3D('',#4412,#4413,#4414);
#4412 = CARTESIAN_POINT('',(5.22302594288,-17.,0.4));
#4413 = DIRECTION('',(-0.,-0.,-1.));
#4414 = DIRECTION('',(-0.985476592996,0.169811320755,0.));
#4415 = ADVANCED_FACE('',(#4416),#4435,.T.);
#4416 = FACE_BOUND('',#4417,.F.);
#4417 = EDGE_LOOP('',(#4418,#4426,#4433,#4434));
#4418 = ORIENTED_EDGE('',*,*,#4419,.F.);
#4419 = EDGE_CURVE('',#4420,#2218,#4422,.T.);
#4420 = VERTEX_POINT('',#4421);
#4421 = CARTESIAN_POINT('',(3.681987123768,-14.8143208719,0.));
#4422 = LINE('',#4423,#4424);
#4423 = CARTESIAN_POINT('',(4.05962682877,-14.68245634595,0.4));
#4424 = VECTOR('',#4425,1.);
#4425 = DIRECTION('',(0.66757899063,0.233105751257,0.707106781187));
#4426 = ORIENTED_EDGE('',*,*,#4427,.T.);
#4427 = EDGE_CURVE('',#4420,#4388,#4428,.T.);
#4428 = CIRCLE('',#4429,3.9);
#4429 = AXIS2_PLACEMENT_3D('',#4430,#4431,#4432);
#4430 = CARTESIAN_POINT('',(0.,-16.1,0.));
#4431 = DIRECTION('',(0.,0.,-1.));
#4432 = DIRECTION('',(0.944099262505,0.329661314895,0.));
#4433 = ORIENTED_EDGE('',*,*,#4387,.T.);
#4434 = ORIENTED_EDGE('',*,*,#2227,.F.);
#4435 = CONICAL_SURFACE('',#4436,4.3,0.785398163397);
#4436 = AXIS2_PLACEMENT_3D('',#4437,#4438,#4439);
#4437 = CARTESIAN_POINT('',(0.,-16.1,0.4));
#4438 = DIRECTION('',(0.,0.,1.));
#4439 = DIRECTION('',(0.944099262505,0.329661314895,0.));
#4440 = ADVANCED_FACE('',(#4441),#4459,.T.);
#4441 = FACE_BOUND('',#4442,.F.);
#4442 = EDGE_LOOP('',(#4443,#4444,#4452,#4458));
#4443 = ORIENTED_EDGE('',*,*,#4404,.F.);
#4444 = ORIENTED_EDGE('',*,*,#4445,.T.);
#4445 = EDGE_CURVE('',#4396,#4446,#4448,.T.);
#4446 = VERTEX_POINT('',#4447);
#4447 = CARTESIAN_POINT('',(9.690524980689,-18.4,0.));
#4448 = LINE('',#4449,#4450);
#4449 = CARTESIAN_POINT('',(5.22302594288,-18.4,0.));
#4450 = VECTOR('',#4451,1.);
#4451 = DIRECTION('',(1.,0.,0.));
#4452 = ORIENTED_EDGE('',*,*,#4453,.T.);
#4453 = EDGE_CURVE('',#4446,#2243,#4454,.T.);
#4454 = LINE('',#4455,#4456);
#4455 = CARTESIAN_POINT('',(9.690524980689,-18.2,0.2));
#4456 = VECTOR('',#4457,1.);
#4457 = DIRECTION('',(0.,0.707106781187,0.707106781187));
#4458 = ORIENTED_EDGE('',*,*,#2252,.F.);
#4459 = PLANE('',#4460);
#4460 = AXIS2_PLACEMENT_3D('',#4461,#4462,#4463);
#4461 = CARTESIAN_POINT('',(5.22302594288,-18.2,0.2));
#4462 = DIRECTION('',(-1.E-17,0.707106781187,-0.707106781187));
#4463 = DIRECTION('',(-1.,-7.071067811865E-18,7.071067811865E-18));
#4464 = ADVANCED_FACE('',(#4465),#4484,.F.);
#4465 = FACE_BOUND('',#4466,.F.);
#4466 = EDGE_LOOP('',(#4467,#4475,#4482,#4483));
#4467 = ORIENTED_EDGE('',*,*,#4468,.F.);
#4468 = EDGE_CURVE('',#4469,#2269,#4471,.T.);
#4469 = VERTEX_POINT('',#4470);
#4470 = CARTESIAN_POINT('',(4.542856582867,-13.03082706766,0.));
#4471 = LINE('',#4472,#4473);
#4472 = CARTESIAN_POINT('',(4.674533585269,-13.40853220006,0.4));
#4473 = VECTOR('',#4474,1.);
#4474 = DIRECTION('',(0.232774253312,-0.667694651016,0.707106781187));
#4475 = ORIENTED_EDGE('',*,*,#4476,.T.);
#4476 = EDGE_CURVE('',#4469,#4420,#4477,.T.);
#4477 = CIRCLE('',#4478,1.4);
#4478 = AXIS2_PLACEMENT_3D('',#4479,#4480,#4481);
#4479 = CARTESIAN_POINT('',(5.003726091274,-14.35279503105,0.));
#4480 = DIRECTION('',(0.,0.,1.));
#4481 = DIRECTION('',(-0.329192506005,0.944262830991,0.));
#4482 = ORIENTED_EDGE('',*,*,#4419,.T.);
#4483 = ORIENTED_EDGE('',*,*,#2276,.F.);
#4484 = CONICAL_SURFACE('',#4485,1.,0.785398163397);
#4485 = AXIS2_PLACEMENT_3D('',#4486,#4487,#4488);
#4486 = CARTESIAN_POINT('',(5.003726091274,-14.35279503105,0.4));
#4487 = DIRECTION('',(-0.,-0.,-1.));
#4488 = DIRECTION('',(-0.329192506005,0.944262830991,0.));
#4489 = ADVANCED_FACE('',(#4490),#4509,.F.);
#4490 = FACE_BOUND('',#4491,.F.);
#4491 = EDGE_LOOP('',(#4492,#4493,#4502,#4508));
#4492 = ORIENTED_EDGE('',*,*,#4453,.F.);
#4493 = ORIENTED_EDGE('',*,*,#4494,.T.);
#4494 = EDGE_CURVE('',#4446,#4495,#4497,.T.);
#4495 = VERTEX_POINT('',#4496);
#4496 = CARTESIAN_POINT('',(11.046069151861,-16.65,0.));
#4497 = CIRCLE('',#4498,1.4);
#4498 = AXIS2_PLACEMENT_3D('',#4499,#4500,#4501);
#4499 = CARTESIAN_POINT('',(9.690524980689,-17.,0.));
#4500 = DIRECTION('',(-0.,0.,1.));
#4501 = DIRECTION('',(0.,-1.,0.));
#4502 = ORIENTED_EDGE('',*,*,#4503,.T.);
#4503 = EDGE_CURVE('',#4495,#2292,#4504,.T.);
#4504 = LINE('',#4505,#4506);
#4505 = CARTESIAN_POINT('',(10.658770817241,-16.75,0.4));
#4506 = VECTOR('',#4507,1.);
#4507 = DIRECTION('',(-0.684653196881,-0.176776695297,0.707106781187));
#4508 = ORIENTED_EDGE('',*,*,#2301,.F.);
#4509 = CONICAL_SURFACE('',#4510,1.,0.785398163397);
#4510 = AXIS2_PLACEMENT_3D('',#4511,#4512,#4513);
#4511 = CARTESIAN_POINT('',(9.690524980689,-17.,0.4));
#4512 = DIRECTION('',(-0.,-0.,-1.));
#4513 = DIRECTION('',(0.,-1.,0.));
#4514 = ADVANCED_FACE('',(#4515),#4534,.T.);
#4515 = FACE_BOUND('',#4516,.F.);
#4516 = EDGE_LOOP('',(#4517,#4525,#4532,#4533));
#4517 = ORIENTED_EDGE('',*,*,#4518,.F.);
#4518 = EDGE_CURVE('',#4519,#2317,#4521,.T.);
#4519 = VERTEX_POINT('',#4520);
#4520 = CARTESIAN_POINT('',(6.947407266478,-11.9236543171,0.));
#4521 = LINE('',#4522,#4523);
#4522 = CARTESIAN_POINT('',(7.148781390144,-12.26926748571,0.4));
#4523 = VECTOR('',#4524,1.);
#4524 = DIRECTION('',(0.355982520999,-0.610963537982,0.707106781187));
#4525 = ORIENTED_EDGE('',*,*,#4526,.T.);
#4526 = EDGE_CURVE('',#4519,#4469,#4527,.T.);
#4527 = CIRCLE('',#4528,13.8);
#4528 = AXIS2_PLACEMENT_3D('',#4529,#4530,#4531);
#4529 = CARTESIAN_POINT('',(0.,0.,0.));
#4530 = DIRECTION('',(0.,-0.,-1.));
#4531 = DIRECTION('',(0.503435309165,-0.864032921529,0.));
#4532 = ORIENTED_EDGE('',*,*,#4468,.T.);
#4533 = ORIENTED_EDGE('',*,*,#2326,.F.);
#4534 = CONICAL_SURFACE('',#4535,14.2,0.785398163397);
#4535 = AXIS2_PLACEMENT_3D('',#4536,#4537,#4538);
#4536 = CARTESIAN_POINT('',(0.,0.,0.4));
#4537 = DIRECTION('',(0.,0.,1.));
#4538 = DIRECTION('',(0.503435309165,-0.864032921529,0.));
#4539 = ADVANCED_FACE('',(#4540),#4559,.T.);
#4540 = FACE_BOUND('',#4541,.F.);
#4541 = EDGE_LOOP('',(#4542,#4543,#4552,#4558));
#4542 = ORIENTED_EDGE('',*,*,#4503,.F.);
#4543 = ORIENTED_EDGE('',*,*,#4544,.T.);
#4544 = EDGE_CURVE('',#4495,#4545,#4547,.T.);
#4545 = VERTEX_POINT('',#4546);
#4546 = CARTESIAN_POINT('',(10.967224652826,-14.71645188274,0.));
#4547 = CIRCLE('',#4548,4.6);
#4548 = AXIS2_PLACEMENT_3D('',#4549,#4550,#4551);
#4549 = CARTESIAN_POINT('',(15.5,-15.5,0.));
#4550 = DIRECTION('',(-0.,0.,-1.));
#4551 = DIRECTION('',(-0.968245836552,-0.25,0.));
#4552 = ORIENTED_EDGE('',*,*,#4553,.T.);
#4553 = EDGE_CURVE('',#4545,#2344,#4554,.T.);
#4554 = LINE('',#4555,#4556);
#4555 = CARTESIAN_POINT('',(10.573070274811,-14.64831726385,0.4));
#4556 = VECTOR('',#4557,1.);
#4557 = DIRECTION('',(-0.696773083822,0.12044612763,0.707106781187));
#4558 = ORIENTED_EDGE('',*,*,#2351,.F.);
#4559 = CONICAL_SURFACE('',#4560,5.,0.785398163397);
#4560 = AXIS2_PLACEMENT_3D('',#4561,#4562,#4563);
#4561 = CARTESIAN_POINT('',(15.5,-15.5,0.4));
#4562 = DIRECTION('',(0.,0.,1.));
#4563 = DIRECTION('',(-0.968245836552,-0.25,0.));
#4564 = ADVANCED_FACE('',(#4565),#4577,.F.);
#4565 = FACE_BOUND('',#4566,.F.);
#4566 = EDGE_LOOP('',(#4567,#4568,#4575,#4576));
#4567 = ORIENTED_EDGE('',*,*,#4553,.F.);
#4568 = ORIENTED_EDGE('',*,*,#4569,.T.);
#4569 = EDGE_CURVE('',#4545,#4519,#4570,.T.);
#4570 = CIRCLE('',#4571,2.7);
#4571 = AXIS2_PLACEMENT_3D('',#4572,#4573,#4574);
#4572 = CARTESIAN_POINT('',(8.306682601224,-14.25654320522,0.));
#4573 = DIRECTION('',(-0.,0.,1.));
#4574 = DIRECTION('',(0.985385945038,-0.170336547229,0.));
#4575 = ORIENTED_EDGE('',*,*,#4518,.T.);
#4576 = ORIENTED_EDGE('',*,*,#2369,.F.);
#4577 = CONICAL_SURFACE('',#4578,2.3,0.785398163397);
#4578 = AXIS2_PLACEMENT_3D('',#4579,#4580,#4581);
#4579 = CARTESIAN_POINT('',(8.306682601224,-14.25654320522,0.4));
#4580 = DIRECTION('',(-0.,-0.,-1.));
#4581 = DIRECTION('',(0.985385945038,-0.170336547229,0.));
#4582 = ADVANCED_FACE('',(#4583,#4586),#4597,.T.);
#4583 = FACE_BOUND('',#4584,.T.);
#4584 = EDGE_LOOP('',(#4585));
#4585 = ORIENTED_EDGE('',*,*,#2392,.T.);
#4586 = FACE_BOUND('',#4587,.T.);
#4587 = EDGE_LOOP('',(#4588));
#4588 = ORIENTED_EDGE('',*,*,#4589,.F.);
#4589 = EDGE_CURVE('',#4590,#4590,#4592,.T.);
#4590 = VERTEX_POINT('',#4591);
#4591 = CARTESIAN_POINT('',(17.2,-15.5,13.));
#4592 = CIRCLE('',#4593,1.7);
#4593 = AXIS2_PLACEMENT_3D('',#4594,#4595,#4596);
#4594 = CARTESIAN_POINT('',(15.5,-15.5,13.));
#4595 = DIRECTION('',(0.,0.,1.));
#4596 = DIRECTION('',(1.,0.,0.));
#4597 = PLANE('',#4598);
#4598 = AXIS2_PLACEMENT_3D('',#4599,#4600,#4601);
#4599 = CARTESIAN_POINT('',(9.1E-16,0.,13.));
#4600 = DIRECTION('',(0.,0.,1.));
#4601 = DIRECTION('',(1.,0.,0.));
#4602 = ADVANCED_FACE('',(#4603),#4629,.F.);
#4603 = FACE_BOUND('',#4604,.F.);
#4604 = EDGE_LOOP('',(#4605,#4613,#4622,#4628));
#4605 = ORIENTED_EDGE('',*,*,#4606,.F.);
#4606 = EDGE_CURVE('',#4607,#2419,#4609,.T.);
#4607 = VERTEX_POINT('',#4608);
#4608 = CARTESIAN_POINT('',(-16.65,11.046069151861,0.));
#4609 = LINE('',#4610,#4611);
#4610 = CARTESIAN_POINT('',(-16.75,10.658770817241,0.4));
#4611 = VECTOR('',#4612,1.);
#4612 = DIRECTION('',(-0.176776695297,-0.684653196881,0.707106781187));
#4613 = ORIENTED_EDGE('',*,*,#4614,.T.);
#4614 = EDGE_CURVE('',#4607,#4615,#4617,.T.);
#4615 = VERTEX_POINT('',#4616);
#4616 = CARTESIAN_POINT('',(-18.4,9.690524980689,0.));
#4617 = CIRCLE('',#4618,1.4);
#4618 = AXIS2_PLACEMENT_3D('',#4619,#4620,#4621);
#4619 = CARTESIAN_POINT('',(-17.,9.690524980689,0.));
#4620 = DIRECTION('',(0.,-0.,1.));
#4621 = DIRECTION('',(0.25,0.968245836552,0.));
#4622 = ORIENTED_EDGE('',*,*,#4623,.T.);
#4623 = EDGE_CURVE('',#4615,#2410,#4624,.T.);
#4624 = LINE('',#4625,#4626);
#4625 = CARTESIAN_POINT('',(-18.2,9.690524980689,0.2));
#4626 = VECTOR('',#4627,1.);
#4627 = DIRECTION('',(0.707106781187,0.,0.707106781187));
#4628 = ORIENTED_EDGE('',*,*,#2426,.F.);
#4629 = CONICAL_SURFACE('',#4630,1.,0.785398163397);
#4630 = AXIS2_PLACEMENT_3D('',#4631,#4632,#4633);
#4631 = CARTESIAN_POINT('',(-17.,9.690524980689,0.4));
#4632 = DIRECTION('',(-0.,-0.,-1.));
#4633 = DIRECTION('',(0.25,0.968245836552,0.));
#4634 = ADVANCED_FACE('',(#4635),#4653,.T.);
#4635 = FACE_BOUND('',#4636,.F.);
#4636 = EDGE_LOOP('',(#4637,#4638,#4646,#4652));
#4637 = ORIENTED_EDGE('',*,*,#4623,.F.);
#4638 = ORIENTED_EDGE('',*,*,#4639,.T.);
#4639 = EDGE_CURVE('',#4615,#4640,#4642,.T.);
#4640 = VERTEX_POINT('',#4641);
#4641 = CARTESIAN_POINT('',(-18.4,-9.690524980689,-0.));
#4642 = LINE('',#4643,#4644);
#4643 = CARTESIAN_POINT('',(-18.4,9.690524980689,0.));
#4644 = VECTOR('',#4645,1.);
#4645 = DIRECTION('',(0.,-1.,0.));
#4646 = ORIENTED_EDGE('',*,*,#4647,.T.);
#4647 = EDGE_CURVE('',#4640,#2442,#4648,.T.);
#4648 = LINE('',#4649,#4650);
#4649 = CARTESIAN_POINT('',(-18.2,-9.690524980689,0.2));
#4650 = VECTOR('',#4651,1.);
#4651 = DIRECTION('',(0.707106781187,0.,0.707106781187));
#4652 = ORIENTED_EDGE('',*,*,#2451,.F.);
#4653 = PLANE('',#4654);
#4654 = AXIS2_PLACEMENT_3D('',#4655,#4656,#4657);
#4655 = CARTESIAN_POINT('',(-18.2,9.690524980689,0.2));
#4656 = DIRECTION('',(0.707106781187,1.E-17,-0.707106781187));
#4657 = DIRECTION('',(-7.071067811865E-18,1.,7.071067811865E-18));
#4658 = ADVANCED_FACE('',(#4659),#4678,.F.);
#4659 = FACE_BOUND('',#4660,.F.);
#4660 = EDGE_LOOP('',(#4661,#4662,#4671,#4677));
#4661 = ORIENTED_EDGE('',*,*,#4647,.F.);
#4662 = ORIENTED_EDGE('',*,*,#4663,.T.);
#4663 = EDGE_CURVE('',#4640,#4664,#4666,.T.);
#4664 = VERTEX_POINT('',#4665);
#4665 = CARTESIAN_POINT('',(-16.65,-11.04606915186,-1.E-15));
#4666 = CIRCLE('',#4667,1.4);
#4667 = AXIS2_PLACEMENT_3D('',#4668,#4669,#4670);
#4668 = CARTESIAN_POINT('',(-17.,-9.690524980689,0.));
#4669 = DIRECTION('',(0.,0.,1.));
#4670 = DIRECTION('',(-1.,0.,0.));
#4671 = ORIENTED_EDGE('',*,*,#4672,.T.);
#4672 = EDGE_CURVE('',#4664,#2466,#4673,.T.);
#4673 = LINE('',#4674,#4675);
#4674 = CARTESIAN_POINT('',(-16.75,-10.65877081724,0.4));
#4675 = VECTOR('',#4676,1.);
#4676 = DIRECTION('',(-0.176776695297,0.684653196881,0.707106781187));
#4677 = ORIENTED_EDGE('',*,*,#2475,.F.);
#4678 = CONICAL_SURFACE('',#4679,1.,0.785398163397);
#4679 = AXIS2_PLACEMENT_3D('',#4680,#4681,#4682);
#4680 = CARTESIAN_POINT('',(-17.,-9.690524980689,0.4));
#4681 = DIRECTION('',(-0.,-0.,-1.));
#4682 = DIRECTION('',(-1.,0.,0.));
#4683 = ADVANCED_FACE('',(#4684),#4703,.T.);
#4684 = FACE_BOUND('',#4685,.F.);
#4685 = EDGE_LOOP('',(#4686,#4687,#4696,#4702));
#4686 = ORIENTED_EDGE('',*,*,#4672,.F.);
#4687 = ORIENTED_EDGE('',*,*,#4688,.T.);
#4688 = EDGE_CURVE('',#4664,#4689,#4691,.T.);
#4689 = VERTEX_POINT('',#4690);
#4690 = CARTESIAN_POINT('',(-14.71645188274,-10.96722465282,0.));
#4691 = CIRCLE('',#4692,4.6);
#4692 = AXIS2_PLACEMENT_3D('',#4693,#4694,#4695);
#4693 = CARTESIAN_POINT('',(-15.5,-15.5,0.));
#4694 = DIRECTION('',(0.,0.,-1.));
#4695 = DIRECTION('',(-0.25,0.968245836552,0.));
#4696 = ORIENTED_EDGE('',*,*,#4697,.T.);
#4697 = EDGE_CURVE('',#4689,#2493,#4698,.T.);
#4698 = LINE('',#4699,#4700);
#4699 = CARTESIAN_POINT('',(-14.64831726385,-10.57307027481,0.4));
#4700 = VECTOR('',#4701,1.);
#4701 = DIRECTION('',(0.12044612763,0.696773083822,0.707106781187));
#4702 = ORIENTED_EDGE('',*,*,#2500,.F.);
#4703 = CONICAL_SURFACE('',#4704,5.,0.785398163397);
#4704 = AXIS2_PLACEMENT_3D('',#4705,#4706,#4707);
#4705 = CARTESIAN_POINT('',(-15.5,-15.5,0.4));
#4706 = DIRECTION('',(0.,0.,1.));
#4707 = DIRECTION('',(-0.25,0.968245836552,0.));
#4708 = ADVANCED_FACE('',(#4709),#4728,.F.);
#4709 = FACE_BOUND('',#4710,.F.);
#4710 = EDGE_LOOP('',(#4711,#4712,#4721,#4727));
#4711 = ORIENTED_EDGE('',*,*,#4697,.F.);
#4712 = ORIENTED_EDGE('',*,*,#4713,.T.);
#4713 = EDGE_CURVE('',#4689,#4714,#4716,.T.);
#4714 = VERTEX_POINT('',#4715);
#4715 = CARTESIAN_POINT('',(-11.9236543171,-6.947407266478,0.));
#4716 = CIRCLE('',#4717,2.7);
#4717 = AXIS2_PLACEMENT_3D('',#4718,#4719,#4720);
#4718 = CARTESIAN_POINT('',(-14.25654320522,-8.306682601224,0.));
#4719 = DIRECTION('',(0.,0.,1.));
#4720 = DIRECTION('',(-0.170336547229,-0.985385945038,0.));
#4721 = ORIENTED_EDGE('',*,*,#4722,.T.);
#4722 = EDGE_CURVE('',#4714,#2516,#4723,.T.);
#4723 = LINE('',#4724,#4725);
#4724 = CARTESIAN_POINT('',(-12.26926748571,-7.148781390144,0.4));
#4725 = VECTOR('',#4726,1.);
#4726 = DIRECTION('',(-0.610963537982,-0.355982520999,0.707106781187));
#4727 = ORIENTED_EDGE('',*,*,#2525,.F.);
#4728 = CONICAL_SURFACE('',#4729,2.3,0.785398163397);
#4729 = AXIS2_PLACEMENT_3D('',#4730,#4731,#4732);
#4730 = CARTESIAN_POINT('',(-14.25654320522,-8.306682601224,0.4));
#4731 = DIRECTION('',(-0.,-0.,-1.));
#4732 = DIRECTION('',(-0.170336547229,-0.985385945038,0.));
#4733 = ADVANCED_FACE('',(#4734),#4753,.T.);
#4734 = FACE_BOUND('',#4735,.F.);
#4735 = EDGE_LOOP('',(#4736,#4737,#4746,#4752));
#4736 = ORIENTED_EDGE('',*,*,#4722,.F.);
#4737 = ORIENTED_EDGE('',*,*,#4738,.T.);
#4738 = EDGE_CURVE('',#4714,#4739,#4741,.T.);
#4739 = VERTEX_POINT('',#4740);
#4740 = CARTESIAN_POINT('',(-11.9236543171,6.947407266478,0.));
#4741 = CIRCLE('',#4742,13.8);
#4742 = AXIS2_PLACEMENT_3D('',#4743,#4744,#4745);
#4743 = CARTESIAN_POINT('',(0.,0.,0.));
#4744 = DIRECTION('',(-0.,0.,-1.));
#4745 = DIRECTION('',(-0.864032921529,-0.503435309165,0.));
#4746 = ORIENTED_EDGE('',*,*,#4747,.T.);
#4747 = EDGE_CURVE('',#4739,#2544,#4748,.T.);
#4748 = LINE('',#4749,#4750);
#4749 = CARTESIAN_POINT('',(-12.26926748571,7.148781390144,0.4));
#4750 = VECTOR('',#4751,1.);
#4751 = DIRECTION('',(-0.610963537982,0.355982520999,0.707106781187));
#4752 = ORIENTED_EDGE('',*,*,#2551,.F.);
#4753 = CONICAL_SURFACE('',#4754,14.2,0.785398163397);
#4754 = AXIS2_PLACEMENT_3D('',#4755,#4756,#4757);
#4755 = CARTESIAN_POINT('',(0.,0.,0.4));
#4756 = DIRECTION('',(0.,0.,1.));
#4757 = DIRECTION('',(-0.864032921529,-0.503435309165,0.));
#4758 = ADVANCED_FACE('',(#4759),#4778,.F.);
#4759 = FACE_BOUND('',#4760,.F.);
#4760 = EDGE_LOOP('',(#4761,#4762,#4771,#4777));
#4761 = ORIENTED_EDGE('',*,*,#4747,.F.);
#4762 = ORIENTED_EDGE('',*,*,#4763,.T.);
#4763 = EDGE_CURVE('',#4739,#4764,#4766,.T.);
#4764 = VERTEX_POINT('',#4765);
#4765 = CARTESIAN_POINT('',(-14.71645188274,10.967224652826,0.));
#4766 = CIRCLE('',#4767,2.7);
#4767 = AXIS2_PLACEMENT_3D('',#4768,#4769,#4770);
#4768 = CARTESIAN_POINT('',(-14.25654320522,8.306682601224,0.));
#4769 = DIRECTION('',(-0.,0.,1.));
#4770 = DIRECTION('',(0.864032921529,-0.503435309165,0.));
#4771 = ORIENTED_EDGE('',*,*,#4772,.T.);
#4772 = EDGE_CURVE('',#4764,#2567,#4773,.T.);
#4773 = LINE('',#4774,#4775);
#4774 = CARTESIAN_POINT('',(-14.64831726385,10.573070274811,0.4));
#4775 = VECTOR('',#4776,1.);
#4776 = DIRECTION('',(0.12044612763,-0.696773083822,0.707106781187));
#4777 = ORIENTED_EDGE('',*,*,#2576,.F.);
#4778 = CONICAL_SURFACE('',#4779,2.3,0.785398163397);
#4779 = AXIS2_PLACEMENT_3D('',#4780,#4781,#4782);
#4780 = CARTESIAN_POINT('',(-14.25654320522,8.306682601224,0.4));
#4781 = DIRECTION('',(-0.,-0.,-1.));
#4782 = DIRECTION('',(0.864032921529,-0.503435309165,0.));
#4783 = ADVANCED_FACE('',(#4784),#4796,.T.);
#4784 = FACE_BOUND('',#4785,.F.);
#4785 = EDGE_LOOP('',(#4786,#4787,#4794,#4795));
#4786 = ORIENTED_EDGE('',*,*,#4772,.F.);
#4787 = ORIENTED_EDGE('',*,*,#4788,.T.);
#4788 = EDGE_CURVE('',#4764,#4607,#4789,.T.);
#4789 = CIRCLE('',#4790,4.6);
#4790 = AXIS2_PLACEMENT_3D('',#4791,#4792,#4793);
#4791 = CARTESIAN_POINT('',(-15.5,15.5,0.));
#4792 = DIRECTION('',(0.,-0.,-1.));
#4793 = DIRECTION('',(0.170336547229,-0.985385945038,0.));
#4794 = ORIENTED_EDGE('',*,*,#4606,.T.);
#4795 = ORIENTED_EDGE('',*,*,#2594,.F.);
#4796 = CONICAL_SURFACE('',#4797,5.,0.785398163397);
#4797 = AXIS2_PLACEMENT_3D('',#4798,#4799,#4800);
#4798 = CARTESIAN_POINT('',(-15.5,15.5,0.4));
#4799 = DIRECTION('',(0.,0.,1.));
#4800 = DIRECTION('',(0.170336547229,-0.985385945038,0.));
#4801 = ADVANCED_FACE('',(#4802),#4821,.T.);
#4802 = FACE_BOUND('',#4803,.T.);
#4803 = EDGE_LOOP('',(#4804,#4812,#4813,#4814));
#4804 = ORIENTED_EDGE('',*,*,#4805,.F.);
#4805 = EDGE_CURVE('',#2610,#4806,#4808,.T.);
#4806 = VERTEX_POINT('',#4807);
#4807 = CARTESIAN_POINT('',(-11.6,0.,35.4));
#4808 = LINE('',#4809,#4810);
#4809 = CARTESIAN_POINT('',(-11.2,0.,35.));
#4810 = VECTOR('',#4811,1.);
#4811 = DIRECTION('',(-0.707106781187,0.,0.707106781187));
#4812 = ORIENTED_EDGE('',*,*,#2620,.T.);
#4813 = ORIENTED_EDGE('',*,*,#4805,.T.);
#4814 = ORIENTED_EDGE('',*,*,#4815,.F.);
#4815 = EDGE_CURVE('',#4806,#4806,#4816,.T.);
#4816 = CIRCLE('',#4817,1.1);
#4817 = AXIS2_PLACEMENT_3D('',#4818,#4819,#4820);
#4818 = CARTESIAN_POINT('',(-12.7,0.,35.4));
#4819 = DIRECTION('',(0.,0.,1.));
#4820 = DIRECTION('',(1.,0.,0.));
#4821 = CONICAL_SURFACE('',#4822,1.5,0.785398163397);
#4822 = AXIS2_PLACEMENT_3D('',#4823,#4824,#4825);
#4823 = CARTESIAN_POINT('',(-12.7,0.,35.));
#4824 = DIRECTION('',(-0.,-0.,-1.));
#4825 = DIRECTION('',(1.,0.,0.));
#4826 = ADVANCED_FACE('',(#4827,#4830),#4841,.T.);
#4827 = FACE_BOUND('',#4828,.T.);
#4828 = EDGE_LOOP('',(#4829));
#4829 = ORIENTED_EDGE('',*,*,#2643,.T.);
#4830 = FACE_BOUND('',#4831,.T.);
#4831 = EDGE_LOOP('',(#4832));
#4832 = ORIENTED_EDGE('',*,*,#4833,.F.);
#4833 = EDGE_CURVE('',#4834,#4834,#4836,.T.);
#4834 = VERTEX_POINT('',#4835);
#4835 = CARTESIAN_POINT('',(-13.8,15.5,13.));
#4836 = CIRCLE('',#4837,1.7);
#4837 = AXIS2_PLACEMENT_3D('',#4838,#4839,#4840);
#4838 = CARTESIAN_POINT('',(-15.5,15.5,13.));
#4839 = DIRECTION('',(0.,0.,1.));
#4840 = DIRECTION('',(1.,0.,0.));
#4841 = PLANE('',#4842);
#4842 = AXIS2_PLACEMENT_3D('',#4843,#4844,#4845);
#4843 = CARTESIAN_POINT('',(9.1E-16,0.,13.));
#4844 = DIRECTION('',(0.,0.,1.));
#4845 = DIRECTION('',(1.,0.,0.));
#4846 = ADVANCED_FACE('',(#4847),#4866,.F.);
#4847 = FACE_BOUND('',#4848,.F.);
#4848 = EDGE_LOOP('',(#4849,#4857,#4864,#4865));
#4849 = ORIENTED_EDGE('',*,*,#4850,.F.);
#4850 = EDGE_CURVE('',#4851,#2661,#4853,.T.);
#4851 = VERTEX_POINT('',#4852);
#4852 = CARTESIAN_POINT('',(11.55,0.,0.));
#4853 = LINE('',#4854,#4855);
#4854 = CARTESIAN_POINT('',(11.15,0.,0.4));
#4855 = VECTOR('',#4856,1.);
#4856 = DIRECTION('',(-0.707106781187,0.,0.707106781187));
#4857 = ORIENTED_EDGE('',*,*,#4858,.T.);
#4858 = EDGE_CURVE('',#4851,#4851,#4859,.T.);
#4859 = CIRCLE('',#4860,11.55);
#4860 = AXIS2_PLACEMENT_3D('',#4861,#4862,#4863);
#4861 = CARTESIAN_POINT('',(0.,0.,0.));
#4862 = DIRECTION('',(0.,0.,1.));
#4863 = DIRECTION('',(1.,0.,0.));
#4864 = ORIENTED_EDGE('',*,*,#4850,.T.);
#4865 = ORIENTED_EDGE('',*,*,#2670,.F.);
#4866 = CONICAL_SURFACE('',#4867,11.15,0.785398163397);
#4867 = AXIS2_PLACEMENT_3D('',#4868,#4869,#4870);
#4868 = CARTESIAN_POINT('',(0.,0.,0.4));
#4869 = DIRECTION('',(-0.,-0.,-1.));
#4870 = DIRECTION('',(1.,0.,0.));
#4871 = ADVANCED_FACE('',(#4872),#4891,.T.);
#4872 = FACE_BOUND('',#4873,.T.);
#4873 = EDGE_LOOP('',(#4874,#4882,#4883,#4884));
#4874 = ORIENTED_EDGE('',*,*,#4875,.F.);
#4875 = EDGE_CURVE('',#2686,#4876,#4878,.T.);
#4876 = VERTEX_POINT('',#4877);
#4877 = CARTESIAN_POINT('',(13.8,0.,35.4));
#4878 = LINE('',#4879,#4880);
#4879 = CARTESIAN_POINT('',(14.2,0.,35.));
#4880 = VECTOR('',#4881,1.);
#4881 = DIRECTION('',(-0.707106781187,0.,0.707106781187));
#4882 = ORIENTED_EDGE('',*,*,#2693,.T.);
#4883 = ORIENTED_EDGE('',*,*,#4875,.T.);
#4884 = ORIENTED_EDGE('',*,*,#4885,.F.);
#4885 = EDGE_CURVE('',#4876,#4876,#4886,.T.);
#4886 = CIRCLE('',#4887,1.1);
#4887 = AXIS2_PLACEMENT_3D('',#4888,#4889,#4890);
#4888 = CARTESIAN_POINT('',(12.7,0.,35.4));
#4889 = DIRECTION('',(0.,0.,1.));
#4890 = DIRECTION('',(1.,0.,0.));
#4891 = CONICAL_SURFACE('',#4892,1.5,0.785398163397);
#4892 = AXIS2_PLACEMENT_3D('',#4893,#4894,#4895);
#4893 = CARTESIAN_POINT('',(12.7,0.,35.));
#4894 = DIRECTION('',(-0.,-0.,-1.));
#4895 = DIRECTION('',(1.,0.,0.));
#4896 = ADVANCED_FACE('',(#4897),#4923,.T.);
#4897 = FACE_BOUND('',#4898,.T.);
#4898 = EDGE_LOOP('',(#4899,#4907,#4916,#4922));
#4899 = ORIENTED_EDGE('',*,*,#4900,.F.);
#4900 = EDGE_CURVE('',#4901,#2721,#4903,.T.);
#4901 = VERTEX_POINT('',#4902);
#4902 = CARTESIAN_POINT('',(11.9236543171,-6.947407266478,0.));
#4903 = LINE('',#4904,#4905);
#4904 = CARTESIAN_POINT('',(12.269267485711,-7.148781390144,0.4));
#4905 = VECTOR('',#4906,1.);
#4906 = DIRECTION('',(0.610963537982,-0.355982520999,0.707106781187));
#4907 = ORIENTED_EDGE('',*,*,#4908,.T.);
#4908 = EDGE_CURVE('',#4901,#4909,#4911,.T.);
#4909 = VERTEX_POINT('',#4910);
#4910 = CARTESIAN_POINT('',(11.9236543171,6.947407266478,0.));
#4911 = CIRCLE('',#4912,13.8);
#4912 = AXIS2_PLACEMENT_3D('',#4913,#4914,#4915);
#4913 = CARTESIAN_POINT('',(0.,0.,0.));
#4914 = DIRECTION('',(-0.,0.,1.));
#4915 = DIRECTION('',(0.864032921529,-0.503435309165,0.));
#4916 = ORIENTED_EDGE('',*,*,#4917,.T.);
#4917 = EDGE_CURVE('',#4909,#2711,#4918,.T.);
#4918 = LINE('',#4919,#4920);
#4919 = CARTESIAN_POINT('',(12.269267485711,7.148781390144,0.4));
#4920 = VECTOR('',#4921,1.);
#4921 = DIRECTION('',(0.610963537982,0.355982520999,0.707106781187));
#4922 = ORIENTED_EDGE('',*,*,#2728,.F.);
#4923 = CONICAL_SURFACE('',#4924,14.2,0.785398163397);
#4924 = AXIS2_PLACEMENT_3D('',#4925,#4926,#4927);
#4925 = CARTESIAN_POINT('',(0.,0.,0.4));
#4926 = DIRECTION('',(0.,0.,1.));
#4927 = DIRECTION('',(0.864032921529,-0.503435309165,0.));
#4928 = ADVANCED_FACE('',(#4929),#4948,.F.);
#4929 = FACE_BOUND('',#4930,.T.);
#4930 = EDGE_LOOP('',(#4931,#4939,#4946,#4947));
#4931 = ORIENTED_EDGE('',*,*,#4932,.F.);
#4932 = EDGE_CURVE('',#4933,#2744,#4935,.T.);
#4933 = VERTEX_POINT('',#4934);
#4934 = CARTESIAN_POINT('',(14.716451882746,-10.96722465282,0.));
#4935 = LINE('',#4936,#4937);
#4936 = CARTESIAN_POINT('',(14.648317263855,-10.57307027481,0.4));
#4937 = VECTOR('',#4938,1.);
#4938 = DIRECTION('',(-0.12044612763,0.696773083822,0.707106781187));
#4939 = ORIENTED_EDGE('',*,*,#4940,.T.);
#4940 = EDGE_CURVE('',#4933,#4901,#4941,.T.);
#4941 = CIRCLE('',#4942,2.7);
#4942 = AXIS2_PLACEMENT_3D('',#4943,#4944,#4945);
#4943 = CARTESIAN_POINT('',(14.256543205228,-8.306682601224,0.));
#4944 = DIRECTION('',(0.,-0.,-1.));
#4945 = DIRECTION('',(0.170336547229,-0.985385945038,0.));
#4946 = ORIENTED_EDGE('',*,*,#4900,.T.);
#4947 = ORIENTED_EDGE('',*,*,#2753,.F.);
#4948 = CONICAL_SURFACE('',#4949,2.3,0.785398163397);
#4949 = AXIS2_PLACEMENT_3D('',#4950,#4951,#4952);
#4950 = CARTESIAN_POINT('',(14.256543205228,-8.306682601224,0.4));
#4951 = DIRECTION('',(-0.,-0.,-1.));
#4952 = DIRECTION('',(0.170336547229,-0.985385945038,0.));
#4953 = ADVANCED_FACE('',(#4954),#4973,.T.);
#4954 = FACE_BOUND('',#4955,.T.);
#4955 = EDGE_LOOP('',(#4956,#4964,#4971,#4972));
#4956 = ORIENTED_EDGE('',*,*,#4957,.F.);
#4957 = EDGE_CURVE('',#4958,#2771,#4960,.T.);
#4958 = VERTEX_POINT('',#4959);
#4959 = CARTESIAN_POINT('',(16.65,-11.04606915186,-1.E-15));
#4960 = LINE('',#4961,#4962);
#4961 = CARTESIAN_POINT('',(16.75,-10.65877081724,0.4));
#4962 = VECTOR('',#4963,1.);
#4963 = DIRECTION('',(0.176776695297,0.684653196881,0.707106781187));
#4964 = ORIENTED_EDGE('',*,*,#4965,.T.);
#4965 = EDGE_CURVE('',#4958,#4933,#4966,.T.);
#4966 = CIRCLE('',#4967,4.6);
#4967 = AXIS2_PLACEMENT_3D('',#4968,#4969,#4970);
#4968 = CARTESIAN_POINT('',(15.5,-15.5,0.));
#4969 = DIRECTION('',(0.,-0.,1.));
#4970 = DIRECTION('',(0.25,0.968245836552,0.));
#4971 = ORIENTED_EDGE('',*,*,#4932,.T.);
#4972 = ORIENTED_EDGE('',*,*,#2778,.F.);
#4973 = CONICAL_SURFACE('',#4974,5.,0.785398163397);
#4974 = AXIS2_PLACEMENT_3D('',#4975,#4976,#4977);
#4975 = CARTESIAN_POINT('',(15.5,-15.5,0.4));
#4976 = DIRECTION('',(0.,0.,1.));
#4977 = DIRECTION('',(0.25,0.968245836552,0.));
#4978 = ADVANCED_FACE('',(#4979),#4998,.F.);
#4979 = FACE_BOUND('',#4980,.T.);
#4980 = EDGE_LOOP('',(#4981,#4989,#4996,#4997));
#4981 = ORIENTED_EDGE('',*,*,#4982,.F.);
#4982 = EDGE_CURVE('',#4983,#2794,#4985,.T.);
#4983 = VERTEX_POINT('',#4984);
#4984 = CARTESIAN_POINT('',(18.4,-9.690524980689,0.));
#4985 = LINE('',#4986,#4987);
#4986 = CARTESIAN_POINT('',(18.2,-9.690524980689,0.2));
#4987 = VECTOR('',#4988,1.);
#4988 = DIRECTION('',(-0.707106781187,0.,0.707106781187));
#4989 = ORIENTED_EDGE('',*,*,#4990,.T.);
#4990 = EDGE_CURVE('',#4983,#4958,#4991,.T.);
#4991 = CIRCLE('',#4992,1.4);
#4992 = AXIS2_PLACEMENT_3D('',#4993,#4994,#4995);
#4993 = CARTESIAN_POINT('',(17.,-9.690524980689,0.));
#4994 = DIRECTION('',(0.,0.,-1.));
#4995 = DIRECTION('',(1.,0.,0.));
#4996 = ORIENTED_EDGE('',*,*,#4957,.T.);
#4997 = ORIENTED_EDGE('',*,*,#2803,.F.);
#4998 = CONICAL_SURFACE('',#4999,1.,0.785398163397);
#4999 = AXIS2_PLACEMENT_3D('',#5000,#5001,#5002);
#5000 = CARTESIAN_POINT('',(17.,-9.690524980689,0.4));
#5001 = DIRECTION('',(-0.,-0.,-1.));
#5002 = DIRECTION('',(1.,0.,0.));
#5003 = ADVANCED_FACE('',(#5004),#5022,.F.);
#5004 = FACE_BOUND('',#5005,.T.);
#5005 = EDGE_LOOP('',(#5006,#5014,#5020,#5021));
#5006 = ORIENTED_EDGE('',*,*,#5007,.F.);
#5007 = EDGE_CURVE('',#5008,#2821,#5010,.T.);
#5008 = VERTEX_POINT('',#5009);
#5009 = CARTESIAN_POINT('',(18.4,9.690524980689,0.));
#5010 = LINE('',#5011,#5012);
#5011 = CARTESIAN_POINT('',(18.2,9.690524980689,0.2));
#5012 = VECTOR('',#5013,1.);
#5013 = DIRECTION('',(-0.707106781187,0.,0.707106781187));
#5014 = ORIENTED_EDGE('',*,*,#5015,.T.);
#5015 = EDGE_CURVE('',#5008,#4983,#5016,.T.);
#5016 = LINE('',#5017,#5018);
#5017 = CARTESIAN_POINT('',(18.4,9.690524980689,0.));
#5018 = VECTOR('',#5019,1.);
#5019 = DIRECTION('',(0.,-1.,0.));
#5020 = ORIENTED_EDGE('',*,*,#4982,.T.);
#5021 = ORIENTED_EDGE('',*,*,#2828,.F.);
#5022 = PLANE('',#5023);
#5023 = AXIS2_PLACEMENT_3D('',#5024,#5025,#5026);
#5024 = CARTESIAN_POINT('',(18.2,9.690524980689,0.2));
#5025 = DIRECTION('',(0.707106781187,-1.E-17,0.707106781187));
#5026 = DIRECTION('',(7.071067811865E-18,1.,7.071067811865E-18));
#5027 = ADVANCED_FACE('',(#5028),#5047,.F.);
#5028 = FACE_BOUND('',#5029,.T.);
#5029 = EDGE_LOOP('',(#5030,#5038,#5045,#5046));
#5030 = ORIENTED_EDGE('',*,*,#5031,.F.);
#5031 = EDGE_CURVE('',#5032,#2843,#5034,.T.);
#5032 = VERTEX_POINT('',#5033);
#5033 = CARTESIAN_POINT('',(16.65,11.046069151861,0.));
#5034 = LINE('',#5035,#5036);
#5035 = CARTESIAN_POINT('',(16.75,10.658770817241,0.4));
#5036 = VECTOR('',#5037,1.);
#5037 = DIRECTION('',(0.176776695297,-0.684653196881,0.707106781187));
#5038 = ORIENTED_EDGE('',*,*,#5039,.T.);
#5039 = EDGE_CURVE('',#5032,#5008,#5040,.T.);
#5040 = CIRCLE('',#5041,1.4);
#5041 = AXIS2_PLACEMENT_3D('',#5042,#5043,#5044);
#5042 = CARTESIAN_POINT('',(17.,9.690524980689,0.));
#5043 = DIRECTION('',(0.,0.,-1.));
#5044 = DIRECTION('',(-0.25,0.968245836552,0.));
#5045 = ORIENTED_EDGE('',*,*,#5007,.T.);
#5046 = ORIENTED_EDGE('',*,*,#2852,.F.);
#5047 = CONICAL_SURFACE('',#5048,1.,0.785398163397);
#5048 = AXIS2_PLACEMENT_3D('',#5049,#5050,#5051);
#5049 = CARTESIAN_POINT('',(17.,9.690524980689,0.4));
#5050 = DIRECTION('',(-0.,-0.,-1.));
#5051 = DIRECTION('',(-0.25,0.968245836552,0.));
#5052 = ADVANCED_FACE('',(#5053),#5072,.T.);
#5053 = FACE_BOUND('',#5054,.T.);
#5054 = EDGE_LOOP('',(#5055,#5063,#5070,#5071));
#5055 = ORIENTED_EDGE('',*,*,#5056,.F.);
#5056 = EDGE_CURVE('',#5057,#2870,#5059,.T.);
#5057 = VERTEX_POINT('',#5058);
#5058 = CARTESIAN_POINT('',(14.716451882746,10.967224652826,0.));
#5059 = LINE('',#5060,#5061);
#5060 = CARTESIAN_POINT('',(14.648317263855,10.573070274811,0.4));
#5061 = VECTOR('',#5062,1.);
#5062 = DIRECTION('',(-0.12044612763,-0.696773083822,0.707106781187));
#5063 = ORIENTED_EDGE('',*,*,#5064,.T.);
#5064 = EDGE_CURVE('',#5057,#5032,#5065,.T.);
#5065 = CIRCLE('',#5066,4.6);
#5066 = AXIS2_PLACEMENT_3D('',#5067,#5068,#5069);
#5067 = CARTESIAN_POINT('',(15.5,15.5,0.));
#5068 = DIRECTION('',(0.,0.,1.));
#5069 = DIRECTION('',(-0.170336547229,-0.985385945038,0.));
#5070 = ORIENTED_EDGE('',*,*,#5031,.T.);
#5071 = ORIENTED_EDGE('',*,*,#2877,.F.);
#5072 = CONICAL_SURFACE('',#5073,5.,0.785398163397);
#5073 = AXIS2_PLACEMENT_3D('',#5074,#5075,#5076);
#5074 = CARTESIAN_POINT('',(15.5,15.5,0.4));
#5075 = DIRECTION('',(0.,0.,1.));
#5076 = DIRECTION('',(-0.170336547229,-0.985385945038,0.));
#5077 = ADVANCED_FACE('',(#5078),#5090,.F.);
#5078 = FACE_BOUND('',#5079,.T.);
#5079 = EDGE_LOOP('',(#5080,#5081,#5088,#5089));
#5080 = ORIENTED_EDGE('',*,*,#4917,.F.);
#5081 = ORIENTED_EDGE('',*,*,#5082,.T.);
#5082 = EDGE_CURVE('',#4909,#5057,#5083,.T.);
#5083 = CIRCLE('',#5084,2.7);
#5084 = AXIS2_PLACEMENT_3D('',#5085,#5086,#5087);
#5085 = CARTESIAN_POINT('',(14.256543205228,8.306682601224,0.));
#5086 = DIRECTION('',(-0.,0.,-1.));
#5087 = DIRECTION('',(-0.864032921529,-0.503435309165,0.));
#5088 = ORIENTED_EDGE('',*,*,#5056,.T.);
#5089 = ORIENTED_EDGE('',*,*,#2895,.F.);
#5090 = CONICAL_SURFACE('',#5091,2.3,0.785398163397);
#5091 = AXIS2_PLACEMENT_3D('',#5092,#5093,#5094);
#5092 = CARTESIAN_POINT('',(14.256543205228,8.306682601224,0.4));
#5093 = DIRECTION('',(-0.,-0.,-1.));
#5094 = DIRECTION('',(-0.864032921529,-0.503435309165,0.));
#5095 = ADVANCED_FACE('',(#5096,#5099),#5110,.T.);
#5096 = FACE_BOUND('',#5097,.T.);
#5097 = EDGE_LOOP('',(#5098));
#5098 = ORIENTED_EDGE('',*,*,#2918,.T.);
#5099 = FACE_BOUND('',#5100,.T.);
#5100 = EDGE_LOOP('',(#5101));
#5101 = ORIENTED_EDGE('',*,*,#5102,.F.);
#5102 = EDGE_CURVE('',#5103,#5103,#5105,.T.);
#5103 = VERTEX_POINT('',#5104);
#5104 = CARTESIAN_POINT('',(17.2,15.5,13.));
#5105 = CIRCLE('',#5106,1.7);
#5106 = AXIS2_PLACEMENT_3D('',#5107,#5108,#5109);
#5107 = CARTESIAN_POINT('',(15.5,15.5,13.));
#5108 = DIRECTION('',(0.,0.,1.));
#5109 = DIRECTION('',(1.,0.,0.));
#5110 = PLANE('',#5111);
#5111 = AXIS2_PLACEMENT_3D('',#5112,#5113,#5114);
#5112 = CARTESIAN_POINT('',(9.1E-16,0.,13.));
#5113 = DIRECTION('',(0.,0.,1.));
#5114 = DIRECTION('',(1.,0.,0.));
#5115 = ADVANCED_FACE('',(#5116,#5127),#5130,.T.);
#5116 = FACE_BOUND('',#5117,.T.);
#5117 = EDGE_LOOP('',(#5118));
#5118 = ORIENTED_EDGE('',*,*,#5119,.F.);
#5119 = EDGE_CURVE('',#5120,#5120,#5122,.T.);
#5120 = VERTEX_POINT('',#5121);
#5121 = CARTESIAN_POINT('',(1.09,16.1,33.));
#5122 = CIRCLE('',#5123,1.09);
#5123 = AXIS2_PLACEMENT_3D('',#5124,#5125,#5126);
#5124 = CARTESIAN_POINT('',(0.,16.1,33.));
#5125 = DIRECTION('',(0.,0.,1.));
#5126 = DIRECTION('',(1.,0.,-0.));
#5127 = FACE_BOUND('',#5128,.T.);
#5128 = EDGE_LOOP('',(#5129));
#5129 = ORIENTED_EDGE('',*,*,#2943,.T.);
#5130 = PLANE('',#5131);
#5131 = AXIS2_PLACEMENT_3D('',#5132,#5133,#5134);
#5132 = CARTESIAN_POINT('',(-1.9E-16,16.1,33.));
#5133 = DIRECTION('',(0.,0.,1.));
#5134 = DIRECTION('',(1.,0.,0.));
#5135 = ADVANCED_FACE('',(#5136),#5147,.T.);
#5136 = FACE_BOUND('',#5137,.T.);
#5137 = EDGE_LOOP('',(#5138,#5139,#5140,#5146));
#5138 = ORIENTED_EDGE('',*,*,#3161,.F.);
#5139 = ORIENTED_EDGE('',*,*,#3560,.T.);
#5140 = ORIENTED_EDGE('',*,*,#5141,.T.);
#5141 = EDGE_CURVE('',#3539,#2970,#5142,.T.);
#5142 = LINE('',#5143,#5144);
#5143 = CARTESIAN_POINT('',(-39.,20.8,29.6));
#5144 = VECTOR('',#5145,1.);
#5145 = DIRECTION('',(0.707106781187,-4.E-17,0.707106781187));
#5146 = ORIENTED_EDGE('',*,*,#2969,.F.);
#5147 = CONICAL_SURFACE('',#5148,1.2,0.785398163397);
#5148 = AXIS2_PLACEMENT_3D('',#5149,#5150,#5151);
#5149 = CARTESIAN_POINT('',(-37.8,20.8,29.6));
#5150 = DIRECTION('',(-0.,-0.,-1.));
#5151 = DIRECTION('',(0.,1.,0.));
#5152 = ADVANCED_FACE('',(#5153),#5171,.F.);
#5153 = FACE_BOUND('',#5154,.T.);
#5154 = EDGE_LOOP('',(#5155,#5156,#5164,#5170));
#5155 = ORIENTED_EDGE('',*,*,#5141,.F.);
#5156 = ORIENTED_EDGE('',*,*,#5157,.T.);
#5157 = EDGE_CURVE('',#3539,#5158,#5160,.T.);
#5158 = VERTEX_POINT('',#5159);
#5159 = CARTESIAN_POINT('',(-39.,13.25,29.6));
#5160 = LINE('',#5161,#5162);
#5161 = CARTESIAN_POINT('',(-39.,20.8,29.6));
#5162 = VECTOR('',#5163,1.);
#5163 = DIRECTION('',(0.,-1.,0.));
#5164 = ORIENTED_EDGE('',*,*,#5165,.T.);
#5165 = EDGE_CURVE('',#5158,#2979,#5166,.T.);
#5166 = LINE('',#5167,#5168);
#5167 = CARTESIAN_POINT('',(-38.8,13.25,29.8));
#5168 = VECTOR('',#5169,1.);
#5169 = DIRECTION('',(0.707106781187,0.,0.707106781187));
#5170 = ORIENTED_EDGE('',*,*,#2978,.F.);
#5171 = PLANE('',#5172);
#5172 = AXIS2_PLACEMENT_3D('',#5173,#5174,#5175);
#5173 = CARTESIAN_POINT('',(-38.8,20.8,29.8));
#5174 = DIRECTION('',(0.707106781187,0.,-0.707106781187));
#5175 = DIRECTION('',(0.,1.,0.));
#5176 = ADVANCED_FACE('',(#5177),#5196,.T.);
#5177 = FACE_BOUND('',#5178,.T.);
#5178 = EDGE_LOOP('',(#5179,#5180,#5189,#5195));
#5179 = ORIENTED_EDGE('',*,*,#5165,.F.);
#5180 = ORIENTED_EDGE('',*,*,#5181,.T.);
#5181 = EDGE_CURVE('',#5158,#5182,#5184,.T.);
#5182 = VERTEX_POINT('',#5183);
#5183 = CARTESIAN_POINT('',(-38.12132034356,11.12867965644,29.6));
#5184 = CIRCLE('',#5185,3.);
#5185 = AXIS2_PLACEMENT_3D('',#5186,#5187,#5188);
#5186 = CARTESIAN_POINT('',(-36.,13.25,29.6));
#5187 = DIRECTION('',(0.,0.,1.));
#5188 = DIRECTION('',(-1.,0.,0.));
#5189 = ORIENTED_EDGE('',*,*,#5190,.T.);
#5190 = EDGE_CURVE('',#5182,#2987,#5191,.T.);
#5191 = LINE('',#5192,#5193);
#5192 = CARTESIAN_POINT('',(-38.12132034356,11.12867965644,29.6));
#5193 = VECTOR('',#5194,1.);
#5194 = DIRECTION('',(0.5,0.5,0.707106781187));
#5195 = ORIENTED_EDGE('',*,*,#2986,.F.);
#5196 = CONICAL_SURFACE('',#5197,3.,0.785398163397);
#5197 = AXIS2_PLACEMENT_3D('',#5198,#5199,#5200);
#5198 = CARTESIAN_POINT('',(-36.,13.25,29.6));
#5199 = DIRECTION('',(-0.,-0.,-1.));
#5200 = DIRECTION('',(-1.,0.,0.));
#5201 = ADVANCED_FACE('',(#5202),#5220,.F.);
#5202 = FACE_BOUND('',#5203,.T.);
#5203 = EDGE_LOOP('',(#5204,#5205,#5213,#5219));
#5204 = ORIENTED_EDGE('',*,*,#5190,.F.);
#5205 = ORIENTED_EDGE('',*,*,#5206,.T.);
#5206 = EDGE_CURVE('',#5182,#5207,#5209,.T.);
#5207 = VERTEX_POINT('',#5208);
#5208 = CARTESIAN_POINT('',(-30.92893218813,3.936291501015,29.6));
#5209 = LINE('',#5210,#5211);
#5210 = CARTESIAN_POINT('',(-38.12132034356,11.12867965644,29.6));
#5211 = VECTOR('',#5212,1.);
#5212 = DIRECTION('',(0.707106781187,-0.707106781187,0.));
#5213 = ORIENTED_EDGE('',*,*,#5214,.T.);
#5214 = EDGE_CURVE('',#5207,#2996,#5215,.T.);
#5215 = LINE('',#5216,#5217);
#5216 = CARTESIAN_POINT('',(-30.78751083189,4.077712857253,29.8));
#5217 = VECTOR('',#5218,1.);
#5218 = DIRECTION('',(0.5,0.5,0.707106781187));
#5219 = ORIENTED_EDGE('',*,*,#2995,.F.);
#5220 = PLANE('',#5221);
#5221 = AXIS2_PLACEMENT_3D('',#5222,#5223,#5224);
#5222 = CARTESIAN_POINT('',(-37.97989898732,11.270101012678,29.8));
#5223 = DIRECTION('',(0.5,0.5,-0.707106781187));
#5224 = DIRECTION('',(-0.707106781187,0.707106781187,-5.551115123126E-17
    ));
#5225 = ADVANCED_FACE('',(#5226),#5243,.F.);
#5226 = FACE_BOUND('',#5227,.T.);
#5227 = EDGE_LOOP('',(#5228,#5229,#5236,#5242));
#5228 = ORIENTED_EDGE('',*,*,#5214,.F.);
#5229 = ORIENTED_EDGE('',*,*,#5230,.T.);
#5230 = EDGE_CURVE('',#5207,#3331,#5231,.T.);
#5231 = CIRCLE('',#5232,10.);
#5232 = AXIS2_PLACEMENT_3D('',#5233,#5234,#5235);
#5233 = CARTESIAN_POINT('',(-38.,-3.13477631085,29.6));
#5234 = DIRECTION('',(0.,0.,-1.));
#5235 = DIRECTION('',(0.707106781187,0.707106781187,0.));
#5236 = ORIENTED_EDGE('',*,*,#5237,.T.);
#5237 = EDGE_CURVE('',#3331,#3004,#5238,.T.);
#5238 = LINE('',#5239,#5240);
#5239 = CARTESIAN_POINT('',(-28.,-3.13477631085,29.6));
#5240 = VECTOR('',#5241,1.);
#5241 = DIRECTION('',(0.707106781187,1.7E-16,0.707106781187));
#5242 = ORIENTED_EDGE('',*,*,#3003,.F.);
#5243 = CONICAL_SURFACE('',#5244,10.,0.785398163397);
#5244 = AXIS2_PLACEMENT_3D('',#5245,#5246,#5247);
#5245 = CARTESIAN_POINT('',(-38.,-3.13477631085,29.6));
#5246 = DIRECTION('',(0.,0.,1.));
#5247 = DIRECTION('',(0.707106781187,0.707106781187,0.));
#5248 = ADVANCED_FACE('',(#5249),#5260,.T.);
#5249 = FACE_BOUND('',#5250,.T.);
#5250 = EDGE_LOOP('',(#5251,#5252,#5253,#5259));
#5251 = ORIENTED_EDGE('',*,*,#5237,.F.);
#5252 = ORIENTED_EDGE('',*,*,#3330,.T.);
#5253 = ORIENTED_EDGE('',*,*,#5254,.T.);
#5254 = EDGE_CURVE('',#3323,#3013,#5255,.T.);
#5255 = LINE('',#5256,#5257);
#5256 = CARTESIAN_POINT('',(-27.8,-27.75,29.8));
#5257 = VECTOR('',#5258,1.);
#5258 = DIRECTION('',(0.707106781187,0.,0.707106781187));
#5259 = ORIENTED_EDGE('',*,*,#3012,.F.);
#5260 = PLANE('',#5261);
#5261 = AXIS2_PLACEMENT_3D('',#5262,#5263,#5264);
#5262 = CARTESIAN_POINT('',(-27.8,-3.13477631085,29.8));
#5263 = DIRECTION('',(-0.707106781187,0.,0.707106781187));
#5264 = DIRECTION('',(0.,-1.,0.));
#5265 = ADVANCED_FACE('',(#5266),#5285,.T.);
#5266 = FACE_BOUND('',#5267,.T.);
#5267 = EDGE_LOOP('',(#5268,#5269,#5278,#5284));
#5268 = ORIENTED_EDGE('',*,*,#5254,.F.);
#5269 = ORIENTED_EDGE('',*,*,#5270,.T.);
#5270 = EDGE_CURVE('',#3323,#5271,#5273,.T.);
#5271 = VERTEX_POINT('',#5272);
#5272 = CARTESIAN_POINT('',(-27.12132034356,-29.87132034356,29.6));
#5273 = CIRCLE('',#5274,3.);
#5274 = AXIS2_PLACEMENT_3D('',#5275,#5276,#5277);
#5275 = CARTESIAN_POINT('',(-25.,-27.75,29.6));
#5276 = DIRECTION('',(0.,0.,1.));
#5277 = DIRECTION('',(-1.,0.,0.));
#5278 = ORIENTED_EDGE('',*,*,#5279,.T.);
#5279 = EDGE_CURVE('',#5271,#3021,#5280,.T.);
#5280 = LINE('',#5281,#5282);
#5281 = CARTESIAN_POINT('',(-27.12132034356,-29.87132034356,29.6));
#5282 = VECTOR('',#5283,1.);
#5283 = DIRECTION('',(0.5,0.5,0.707106781187));
#5284 = ORIENTED_EDGE('',*,*,#3020,.F.);
#5285 = CONICAL_SURFACE('',#5286,3.,0.785398163397);
#5286 = AXIS2_PLACEMENT_3D('',#5287,#5288,#5289);
#5287 = CARTESIAN_POINT('',(-25.,-27.75,29.6));
#5288 = DIRECTION('',(-0.,-0.,-1.));
#5289 = DIRECTION('',(-1.,0.,0.));
#5290 = ADVANCED_FACE('',(#5291),#5309,.F.);
#5291 = FACE_BOUND('',#5292,.T.);
#5292 = EDGE_LOOP('',(#5293,#5294,#5302,#5308));
#5293 = ORIENTED_EDGE('',*,*,#5279,.F.);
#5294 = ORIENTED_EDGE('',*,*,#5295,.T.);
#5295 = EDGE_CURVE('',#5271,#5296,#5298,.T.);
#5296 = VERTEX_POINT('',#5297);
#5297 = CARTESIAN_POINT('',(-24.87132034356,-32.12132034356,29.6));
#5298 = LINE('',#5299,#5300);
#5299 = CARTESIAN_POINT('',(-27.12132034356,-29.87132034356,29.6));
#5300 = VECTOR('',#5301,1.);
#5301 = DIRECTION('',(0.707106781187,-0.707106781187,0.));
#5302 = ORIENTED_EDGE('',*,*,#5303,.T.);
#5303 = EDGE_CURVE('',#5296,#3030,#5304,.T.);
#5304 = LINE('',#5305,#5306);
#5305 = CARTESIAN_POINT('',(-24.72989898732,-31.97989898732,29.8));
#5306 = VECTOR('',#5307,1.);
#5307 = DIRECTION('',(0.5,0.5,0.707106781187));
#5308 = ORIENTED_EDGE('',*,*,#3029,.F.);
#5309 = PLANE('',#5310);
#5310 = AXIS2_PLACEMENT_3D('',#5311,#5312,#5313);
#5311 = CARTESIAN_POINT('',(-26.97989898732,-29.72989898732,29.8));
#5312 = DIRECTION('',(0.5,0.5,-0.707106781187));
#5313 = DIRECTION('',(-0.707106781187,0.707106781187,-2.775557561563E-17
    ));
#5314 = ADVANCED_FACE('',(#5315),#5334,.T.);
#5315 = FACE_BOUND('',#5316,.T.);
#5316 = EDGE_LOOP('',(#5317,#5318,#5327,#5333));
#5317 = ORIENTED_EDGE('',*,*,#5303,.F.);
#5318 = ORIENTED_EDGE('',*,*,#5319,.T.);
#5319 = EDGE_CURVE('',#5296,#5320,#5322,.T.);
#5320 = VERTEX_POINT('',#5321);
#5321 = CARTESIAN_POINT('',(-22.75,-33.,29.6));
#5322 = CIRCLE('',#5323,3.);
#5323 = AXIS2_PLACEMENT_3D('',#5324,#5325,#5326);
#5324 = CARTESIAN_POINT('',(-22.75,-30.,29.6));
#5325 = DIRECTION('',(0.,0.,1.));
#5326 = DIRECTION('',(-0.707106781187,-0.707106781187,0.));
#5327 = ORIENTED_EDGE('',*,*,#5328,.T.);
#5328 = EDGE_CURVE('',#5320,#3038,#5329,.T.);
#5329 = LINE('',#5330,#5331);
#5330 = CARTESIAN_POINT('',(-22.75,-33.,29.6));
#5331 = VECTOR('',#5332,1.);
#5332 = DIRECTION('',(8.9E-16,0.707106781187,0.707106781187));
#5333 = ORIENTED_EDGE('',*,*,#3037,.F.);
#5334 = CONICAL_SURFACE('',#5335,3.,0.785398163397);
#5335 = AXIS2_PLACEMENT_3D('',#5336,#5337,#5338);
#5336 = CARTESIAN_POINT('',(-22.75,-30.,29.6));
#5337 = DIRECTION('',(-0.,-0.,-1.));
#5338 = DIRECTION('',(-0.707106781187,-0.707106781187,0.));
#5339 = ADVANCED_FACE('',(#5340),#5358,.F.);
#5340 = FACE_BOUND('',#5341,.T.);
#5341 = EDGE_LOOP('',(#5342,#5343,#5351,#5357));
#5342 = ORIENTED_EDGE('',*,*,#5328,.F.);
#5343 = ORIENTED_EDGE('',*,*,#5344,.T.);
#5344 = EDGE_CURVE('',#5320,#5345,#5347,.T.);
#5345 = VERTEX_POINT('',#5346);
#5346 = CARTESIAN_POINT('',(22.75,-33.,29.6));
#5347 = LINE('',#5348,#5349);
#5348 = CARTESIAN_POINT('',(-22.75,-33.,29.6));
#5349 = VECTOR('',#5350,1.);
#5350 = DIRECTION('',(1.,0.,0.));
#5351 = ORIENTED_EDGE('',*,*,#5352,.T.);
#5352 = EDGE_CURVE('',#5345,#3047,#5353,.T.);
#5353 = LINE('',#5354,#5355);
#5354 = CARTESIAN_POINT('',(22.75,-32.8,29.8));
#5355 = VECTOR('',#5356,1.);
#5356 = DIRECTION('',(0.,0.707106781187,0.707106781187));
#5357 = ORIENTED_EDGE('',*,*,#3046,.F.);
#5358 = PLANE('',#5359);
#5359 = AXIS2_PLACEMENT_3D('',#5360,#5361,#5362);
#5360 = CARTESIAN_POINT('',(-22.75,-32.8,29.8));
#5361 = DIRECTION('',(0.,0.707106781187,-0.707106781187));
#5362 = DIRECTION('',(-1.,-0.,-0.));
#5363 = ADVANCED_FACE('',(#5364),#5383,.T.);
#5364 = FACE_BOUND('',#5365,.T.);
#5365 = EDGE_LOOP('',(#5366,#5367,#5376,#5382));
#5366 = ORIENTED_EDGE('',*,*,#5352,.F.);
#5367 = ORIENTED_EDGE('',*,*,#5368,.T.);
#5368 = EDGE_CURVE('',#5345,#5369,#5371,.T.);
#5369 = VERTEX_POINT('',#5370);
#5370 = CARTESIAN_POINT('',(24.87132034356,-32.12132034356,29.6));
#5371 = CIRCLE('',#5372,3.);
#5372 = AXIS2_PLACEMENT_3D('',#5373,#5374,#5375);
#5373 = CARTESIAN_POINT('',(22.75,-30.,29.6));
#5374 = DIRECTION('',(-0.,0.,1.));
#5375 = DIRECTION('',(0.,-1.,0.));
#5376 = ORIENTED_EDGE('',*,*,#5377,.T.);
#5377 = EDGE_CURVE('',#5369,#3055,#5378,.T.);
#5378 = LINE('',#5379,#5380);
#5379 = CARTESIAN_POINT('',(24.87132034356,-32.12132034356,29.6));
#5380 = VECTOR('',#5381,1.);
#5381 = DIRECTION('',(-0.5,0.5,0.707106781187));
#5382 = ORIENTED_EDGE('',*,*,#3054,.F.);
#5383 = CONICAL_SURFACE('',#5384,3.,0.785398163397);
#5384 = AXIS2_PLACEMENT_3D('',#5385,#5386,#5387);
#5385 = CARTESIAN_POINT('',(22.75,-30.,29.6));
#5386 = DIRECTION('',(-0.,-0.,-1.));
#5387 = DIRECTION('',(0.,-1.,0.));
#5388 = ADVANCED_FACE('',(#5389),#5407,.F.);
#5389 = FACE_BOUND('',#5390,.T.);
#5390 = EDGE_LOOP('',(#5391,#5392,#5400,#5406));
#5391 = ORIENTED_EDGE('',*,*,#5377,.F.);
#5392 = ORIENTED_EDGE('',*,*,#5393,.T.);
#5393 = EDGE_CURVE('',#5369,#5394,#5396,.T.);
#5394 = VERTEX_POINT('',#5395);
#5395 = CARTESIAN_POINT('',(27.12132034356,-29.87132034356,29.6));
#5396 = LINE('',#5397,#5398);
#5397 = CARTESIAN_POINT('',(24.87132034356,-32.12132034356,29.6));
#5398 = VECTOR('',#5399,1.);
#5399 = DIRECTION('',(0.707106781187,0.707106781187,0.));
#5400 = ORIENTED_EDGE('',*,*,#5401,.T.);
#5401 = EDGE_CURVE('',#5394,#3064,#5402,.T.);
#5402 = LINE('',#5403,#5404);
#5403 = CARTESIAN_POINT('',(26.979898987322,-29.72989898732,29.8));
#5404 = VECTOR('',#5405,1.);
#5405 = DIRECTION('',(-0.5,0.5,0.707106781187));
#5406 = ORIENTED_EDGE('',*,*,#3063,.F.);
#5407 = PLANE('',#5408);
#5408 = AXIS2_PLACEMENT_3D('',#5409,#5410,#5411);
#5409 = CARTESIAN_POINT('',(24.729898987322,-31.97989898732,29.8));
#5410 = DIRECTION('',(-0.5,0.5,-0.707106781187));
#5411 = DIRECTION('',(-0.707106781187,-0.707106781187,
    -5.551115123126E-17));
#5412 = ADVANCED_FACE('',(#5413),#5430,.T.);
#5413 = FACE_BOUND('',#5414,.T.);
#5414 = EDGE_LOOP('',(#5415,#5416,#5423,#5429));
#5415 = ORIENTED_EDGE('',*,*,#5401,.F.);
#5416 = ORIENTED_EDGE('',*,*,#5417,.T.);
#5417 = EDGE_CURVE('',#5394,#3179,#5418,.T.);
#5418 = CIRCLE('',#5419,3.);
#5419 = AXIS2_PLACEMENT_3D('',#5420,#5421,#5422);
#5420 = CARTESIAN_POINT('',(25.,-27.75,29.6));
#5421 = DIRECTION('',(-0.,0.,1.));
#5422 = DIRECTION('',(0.707106781187,-0.707106781187,0.));
#5423 = ORIENTED_EDGE('',*,*,#5424,.T.);
#5424 = EDGE_CURVE('',#3179,#3072,#5425,.T.);
#5425 = LINE('',#5426,#5427);
#5426 = CARTESIAN_POINT('',(28.,-27.75,29.6));
#5427 = VECTOR('',#5428,1.);
#5428 = DIRECTION('',(-0.707106781187,0.,0.707106781187));
#5429 = ORIENTED_EDGE('',*,*,#3071,.F.);
#5430 = CONICAL_SURFACE('',#5431,3.,0.785398163397);
#5431 = AXIS2_PLACEMENT_3D('',#5432,#5433,#5434);
#5432 = CARTESIAN_POINT('',(25.,-27.75,29.6));
#5433 = DIRECTION('',(-0.,-0.,-1.));
#5434 = DIRECTION('',(0.707106781187,-0.707106781187,0.));
#5435 = ADVANCED_FACE('',(#5436),#5447,.T.);
#5436 = FACE_BOUND('',#5437,.T.);
#5437 = EDGE_LOOP('',(#5438,#5439,#5440,#5446));
#5438 = ORIENTED_EDGE('',*,*,#5424,.F.);
#5439 = ORIENTED_EDGE('',*,*,#3275,.T.);
#5440 = ORIENTED_EDGE('',*,*,#5441,.T.);
#5441 = EDGE_CURVE('',#3268,#3081,#5442,.T.);
#5442 = LINE('',#5443,#5444);
#5443 = CARTESIAN_POINT('',(27.8,-3.13477631085,29.8));
#5444 = VECTOR('',#5445,1.);
#5445 = DIRECTION('',(-0.707106781187,0.,0.707106781187));
#5446 = ORIENTED_EDGE('',*,*,#3080,.F.);
#5447 = PLANE('',#5448);
#5448 = AXIS2_PLACEMENT_3D('',#5449,#5450,#5451);
#5449 = CARTESIAN_POINT('',(27.8,-27.75,29.8));
#5450 = DIRECTION('',(0.707106781187,0.,0.707106781187));
#5451 = DIRECTION('',(0.,1.,0.));
#5452 = ADVANCED_FACE('',(#5453),#5472,.F.);
#5453 = FACE_BOUND('',#5454,.T.);
#5454 = EDGE_LOOP('',(#5455,#5456,#5465,#5471));
#5455 = ORIENTED_EDGE('',*,*,#5441,.F.);
#5456 = ORIENTED_EDGE('',*,*,#5457,.T.);
#5457 = EDGE_CURVE('',#3268,#5458,#5460,.T.);
#5458 = VERTEX_POINT('',#5459);
#5459 = CARTESIAN_POINT('',(30.928932188135,3.936291501015,29.6));
#5460 = CIRCLE('',#5461,10.);
#5461 = AXIS2_PLACEMENT_3D('',#5462,#5463,#5464);
#5462 = CARTESIAN_POINT('',(38.,-3.13477631085,29.6));
#5463 = DIRECTION('',(-0.,0.,-1.));
#5464 = DIRECTION('',(-1.,-3.1E-16,0.));
#5465 = ORIENTED_EDGE('',*,*,#5466,.T.);
#5466 = EDGE_CURVE('',#5458,#3089,#5467,.T.);
#5467 = LINE('',#5468,#5469);
#5468 = CARTESIAN_POINT('',(30.928932188135,3.936291501015,29.6));
#5469 = VECTOR('',#5470,1.);
#5470 = DIRECTION('',(-0.5,0.5,0.707106781187));
#5471 = ORIENTED_EDGE('',*,*,#3088,.F.);
#5472 = CONICAL_SURFACE('',#5473,10.,0.785398163397);
#5473 = AXIS2_PLACEMENT_3D('',#5474,#5475,#5476);
#5474 = CARTESIAN_POINT('',(38.,-3.13477631085,29.6));
#5475 = DIRECTION('',(0.,0.,1.));
#5476 = DIRECTION('',(-1.,-3.1E-16,0.));
#5477 = ADVANCED_FACE('',(#5478),#5489,.T.);
#5478 = FACE_BOUND('',#5479,.T.);
#5479 = EDGE_LOOP('',(#5480,#5486,#5487,#5488));
#5480 = ORIENTED_EDGE('',*,*,#5481,.F.);
#5481 = EDGE_CURVE('',#3473,#3115,#5482,.T.);
#5482 = LINE('',#5483,#5484);
#5483 = CARTESIAN_POINT('',(38.8,20.8,29.8));
#5484 = VECTOR('',#5485,1.);
#5485 = DIRECTION('',(-0.707106781187,0.,0.707106781187));
#5486 = ORIENTED_EDGE('',*,*,#3480,.T.);
#5487 = ORIENTED_EDGE('',*,*,#3519,.T.);
#5488 = ORIENTED_EDGE('',*,*,#3122,.F.);
#5489 = CONICAL_SURFACE('',#5490,1.2,0.785398163397);
#5490 = AXIS2_PLACEMENT_3D('',#5491,#5492,#5493);
#5491 = CARTESIAN_POINT('',(37.8,20.8,29.6));
#5492 = DIRECTION('',(-0.,-0.,-1.));
#5493 = DIRECTION('',(1.,2.96E-15,0.));
#5494 = ADVANCED_FACE('',(#5495),#5513,.F.);
#5495 = FACE_BOUND('',#5496,.T.);
#5496 = EDGE_LOOP('',(#5497,#5498,#5506,#5512));
#5497 = ORIENTED_EDGE('',*,*,#5466,.F.);
#5498 = ORIENTED_EDGE('',*,*,#5499,.T.);
#5499 = EDGE_CURVE('',#5458,#5500,#5502,.T.);
#5500 = VERTEX_POINT('',#5501);
#5501 = CARTESIAN_POINT('',(38.12132034356,11.12867965644,29.6));
#5502 = LINE('',#5503,#5504);
#5503 = CARTESIAN_POINT('',(30.928932188135,3.936291501015,29.6));
#5504 = VECTOR('',#5505,1.);
#5505 = DIRECTION('',(0.707106781187,0.707106781187,0.));
#5506 = ORIENTED_EDGE('',*,*,#5507,.T.);
#5507 = EDGE_CURVE('',#5500,#3098,#5508,.T.);
#5508 = LINE('',#5509,#5510);
#5509 = CARTESIAN_POINT('',(37.979898987322,11.270101012678,29.8));
#5510 = VECTOR('',#5511,1.);
#5511 = DIRECTION('',(-0.5,0.5,0.707106781187));
#5512 = ORIENTED_EDGE('',*,*,#3097,.F.);
#5513 = PLANE('',#5514);
#5514 = AXIS2_PLACEMENT_3D('',#5515,#5516,#5517);
#5515 = CARTESIAN_POINT('',(30.787510831897,4.077712857253,29.8));
#5516 = DIRECTION('',(-0.5,0.5,-0.707106781187));
#5517 = DIRECTION('',(-0.707106781187,-0.707106781187,-0.));
#5518 = ADVANCED_FACE('',(#5519),#5537,.F.);
#5519 = FACE_BOUND('',#5520,.T.);
#5520 = EDGE_LOOP('',(#5521,#5529,#5535,#5536));
#5521 = ORIENTED_EDGE('',*,*,#5522,.F.);
#5522 = EDGE_CURVE('',#5523,#3106,#5525,.T.);
#5523 = VERTEX_POINT('',#5524);
#5524 = CARTESIAN_POINT('',(39.,13.25,29.6));
#5525 = LINE('',#5526,#5527);
#5526 = CARTESIAN_POINT('',(39.,13.25,29.6));
#5527 = VECTOR('',#5528,1.);
#5528 = DIRECTION('',(-0.707106781187,-2.2E-16,0.707106781187));
#5529 = ORIENTED_EDGE('',*,*,#5530,.T.);
#5530 = EDGE_CURVE('',#5523,#3473,#5531,.T.);
#5531 = LINE('',#5532,#5533);
#5532 = CARTESIAN_POINT('',(39.,13.25,29.6));
#5533 = VECTOR('',#5534,1.);
#5534 = DIRECTION('',(0.,1.,0.));
#5535 = ORIENTED_EDGE('',*,*,#5481,.T.);
#5536 = ORIENTED_EDGE('',*,*,#3114,.F.);
#5537 = PLANE('',#5538);
#5538 = AXIS2_PLACEMENT_3D('',#5539,#5540,#5541);
#5539 = CARTESIAN_POINT('',(38.8,13.25,29.8));
#5540 = DIRECTION('',(-0.707106781187,0.,-0.707106781187));
#5541 = DIRECTION('',(-0.,-1.,-0.));
#5542 = ADVANCED_FACE('',(#5543),#5555,.T.);
#5543 = FACE_BOUND('',#5544,.T.);
#5544 = EDGE_LOOP('',(#5545,#5546,#5553,#5554));
#5545 = ORIENTED_EDGE('',*,*,#5507,.F.);
#5546 = ORIENTED_EDGE('',*,*,#5547,.T.);
#5547 = EDGE_CURVE('',#5500,#5523,#5548,.T.);
#5548 = CIRCLE('',#5549,3.);
#5549 = AXIS2_PLACEMENT_3D('',#5550,#5551,#5552);
#5550 = CARTESIAN_POINT('',(36.,13.25,29.6));
#5551 = DIRECTION('',(-0.,0.,1.));
#5552 = DIRECTION('',(0.707106781187,-0.707106781187,0.));
#5553 = ORIENTED_EDGE('',*,*,#5522,.T.);
#5554 = ORIENTED_EDGE('',*,*,#3105,.F.);
#5555 = CONICAL_SURFACE('',#5556,3.,0.785398163397);
#5556 = AXIS2_PLACEMENT_3D('',#5557,#5558,#5559);
#5557 = CARTESIAN_POINT('',(36.,13.25,29.6));
#5558 = DIRECTION('',(-0.,-0.,-1.));
#5559 = DIRECTION('',(0.707106781187,-0.707106781187,0.));
#5560 = ADVANCED_FACE('',(#5561),#5580,.T.);
#5561 = FACE_BOUND('',#5562,.F.);
#5562 = EDGE_LOOP('',(#5563,#5571,#5572,#5573));
#5563 = ORIENTED_EDGE('',*,*,#5564,.T.);
#5564 = EDGE_CURVE('',#5565,#5394,#5567,.T.);
#5565 = VERTEX_POINT('',#5566);
#5566 = CARTESIAN_POINT('',(27.12132034356,-29.87132034356,0.4));
#5567 = LINE('',#5568,#5569);
#5568 = CARTESIAN_POINT('',(27.12132034356,-29.87132034356,0.));
#5569 = VECTOR('',#5570,1.);
#5570 = DIRECTION('',(0.,0.,1.));
#5571 = ORIENTED_EDGE('',*,*,#5417,.T.);
#5572 = ORIENTED_EDGE('',*,*,#3176,.F.);
#5573 = ORIENTED_EDGE('',*,*,#5574,.F.);
#5574 = EDGE_CURVE('',#5565,#3177,#5575,.T.);
#5575 = CIRCLE('',#5576,3.);
#5576 = AXIS2_PLACEMENT_3D('',#5577,#5578,#5579);
#5577 = CARTESIAN_POINT('',(25.,-27.75,0.4));
#5578 = DIRECTION('',(-0.,0.,1.));
#5579 = DIRECTION('',(0.707106781187,-0.707106781187,0.));
#5580 = CYLINDRICAL_SURFACE('',#5581,3.);
#5581 = AXIS2_PLACEMENT_3D('',#5582,#5583,#5584);
#5582 = CARTESIAN_POINT('',(25.,-27.75,0.));
#5583 = DIRECTION('',(-0.,-0.,-1.));
#5584 = DIRECTION('',(1.,0.,0.));
#5585 = ADVANCED_FACE('',(#5586),#5604,.F.);
#5586 = FACE_BOUND('',#5587,.F.);
#5587 = EDGE_LOOP('',(#5588,#5596,#5597,#5598));
#5588 = ORIENTED_EDGE('',*,*,#5589,.F.);
#5589 = EDGE_CURVE('',#3177,#5590,#5592,.T.);
#5590 = VERTEX_POINT('',#5591);
#5591 = CARTESIAN_POINT('',(27.6,-27.75,-1.E-15));
#5592 = LINE('',#5593,#5594);
#5593 = CARTESIAN_POINT('',(28.,-27.75,0.4));
#5594 = VECTOR('',#5595,1.);
#5595 = DIRECTION('',(-0.707106781187,0.,-0.707106781187));
#5596 = ORIENTED_EDGE('',*,*,#3186,.T.);
#5597 = ORIENTED_EDGE('',*,*,#3298,.T.);
#5598 = ORIENTED_EDGE('',*,*,#5599,.F.);
#5599 = EDGE_CURVE('',#5590,#3299,#5600,.T.);
#5600 = LINE('',#5601,#5602);
#5601 = CARTESIAN_POINT('',(27.6,-27.75,0.));
#5602 = VECTOR('',#5603,1.);
#5603 = DIRECTION('',(0.,1.,-2.2E-16));
#5604 = PLANE('',#5605);
#5605 = AXIS2_PLACEMENT_3D('',#5606,#5607,#5608);
#5606 = CARTESIAN_POINT('',(27.8,-27.75,0.2));
#5607 = DIRECTION('',(-0.707106781187,1.E-17,0.707106781187));
#5608 = DIRECTION('',(-1.079289321881E-16,1.,-1.220710678119E-16));
#5609 = ADVANCED_FACE('',(#5610),#5660,.F.);
#5610 = FACE_BOUND('',#5611,.T.);
#5611 = EDGE_LOOP('',(#5612,#5620,#5621,#5622,#5631));
#5612 = ORIENTED_EDGE('',*,*,#5613,.T.);
#5613 = EDGE_CURVE('',#5614,#5458,#5616,.T.);
#5614 = VERTEX_POINT('',#5615);
#5615 = CARTESIAN_POINT('',(30.928932188135,3.936291501015,
    28.969860924156));
#5616 = LINE('',#5617,#5618);
#5617 = CARTESIAN_POINT('',(30.928932188135,3.936291501015,0.));
#5618 = VECTOR('',#5619,1.);
#5619 = DIRECTION('',(0.,0.,1.));
#5620 = ORIENTED_EDGE('',*,*,#5457,.F.);
#5621 = ORIENTED_EDGE('',*,*,#3267,.F.);
#5622 = ORIENTED_EDGE('',*,*,#5623,.T.);
#5623 = EDGE_CURVE('',#3260,#5624,#5626,.T.);
#5624 = VERTEX_POINT('',#5625);
#5625 = CARTESIAN_POINT('',(28.002669260512,-2.903665264078,
    24.653133214519));
#5626 = B_SPLINE_CURVE_WITH_KNOTS('',3,(#5627,#5628,#5629,#5630),
  .UNSPECIFIED.,.F.,.F.,(4,4),(0.,0.653542051548),
  .PIECEWISE_BEZIER_KNOTS.);
#5627 = CARTESIAN_POINT('',(28.,-3.13477631085,24.));
#5628 = CARTESIAN_POINT('',(28.,-3.057732511346,24.217711071506));
#5629 = CARTESIAN_POINT('',(28.000890401691,-2.980688712209,
    24.435422143012));
#5630 = CARTESIAN_POINT('',(28.002670967259,-2.903665490851,
    24.653133214519));
#5631 = ORIENTED_EDGE('',*,*,#5632,.F.);
#5632 = EDGE_CURVE('',#5614,#5624,#5633,.T.);
#5633 = B_SPLINE_CURVE_WITH_KNOTS('',7,(#5634,#5635,#5636,#5637,#5638,
    #5639,#5640,#5641,#5642,#5643,#5644,#5645,#5646,#5647,#5648,#5649,
    #5650,#5651,#5652,#5653,#5654,#5655,#5656,#5657,#5658,#5659),
  .UNSPECIFIED.,.F.,.F.,(8,6,6,6,8),(12.055390596556,12.168134507501,
    13.871861359244,16.663274928411,21.070110533197),.UNSPECIFIED.);
#5634 = CARTESIAN_POINT('',(30.928932188135,3.936291501015,
    28.969860924156));
#5635 = CARTESIAN_POINT('',(30.916604381256,3.923963694137,
    28.964556660555));
#5636 = CARTESIAN_POINT('',(30.904316990878,3.911626151478,
    28.959216195129));
#5637 = CARTESIAN_POINT('',(30.892070042921,3.899279127389,
    28.953839623487));
#5638 = CARTESIAN_POINT('',(30.879863563314,3.886922876223,
    28.948427041245));
#5639 = CARTESIAN_POINT('',(30.867697577973,3.87455765233,
    28.942978544008));
#5640 = CARTESIAN_POINT('',(30.855572112829,3.862183710064,
    28.937494227391));
#5641 = CARTESIAN_POINT('',(30.660866235601,3.662684874099,
    28.848558231741));
#5642 = CARTESIAN_POINT('',(30.491319107075,3.477571751932,
    28.758835195245));
#5643 = CARTESIAN_POINT('',(30.327804044572,3.288703015178,
    28.665428132466));
#5644 = CARTESIAN_POINT('',(30.174498741652,3.100289233489,
    28.566506279679));
#5645 = CARTESIAN_POINT('',(30.028455582359,2.910666282745,
    28.464575659173));
#5646 = CARTESIAN_POINT('',(29.890299811208,2.720667848229,
    28.359048706299));
#5647 = CARTESIAN_POINT('',(29.544707421381,2.217937496079,
    28.07282254284));
#5648 = CARTESIAN_POINT('',(29.349404063341,1.904278791622,
    27.887005545803));
#5649 = CARTESIAN_POINT('',(29.172047310715,1.589887557468,
    27.694777426632));
#5650 = CARTESIAN_POINT('',(29.011420382566,1.275257626154,
    27.497457763939));
#5651 = CARTESIAN_POINT('',(28.866447351138,0.960638360944,
    27.296021917447));
#5652 = CARTESIAN_POINT('',(28.736193141828,0.646034655832,
    27.091101027964));
#5653 = CARTESIAN_POINT('',(28.43621268804,-0.16581508315,
    26.554422223936));
#5654 = CARTESIAN_POINT('',(28.287388402527,-0.663166103731,
    26.21810442885));
#5655 = CARTESIAN_POINT('',(28.171041564321,-1.159201841953,
    25.877154086063));
#5656 = CARTESIAN_POINT('',(28.085066167727,-1.654633151838,
    25.532548570316));
#5657 = CARTESIAN_POINT('',(28.028209156627,-2.149483720695,
    25.185454539316));
#5658 = CARTESIAN_POINT('',(28.,-2.642751848385,24.837627874291));
#5659 = CARTESIAN_POINT('',(28.,-3.13477631085,24.489876198925));
#5660 = CYLINDRICAL_SURFACE('',#5661,10.);
#5661 = AXIS2_PLACEMENT_3D('',#5662,#5663,#5664);
#5662 = CARTESIAN_POINT('',(38.,-3.13477631085,0.));
#5663 = DIRECTION('',(-0.,-0.,-1.));
#5664 = DIRECTION('',(1.,0.,0.));
#5665 = ADVANCED_FACE('',(#5666),#5728,.F.);
#5666 = FACE_BOUND('',#5667,.T.);
#5667 = EDGE_LOOP('',(#5668,#5669,#5688,#5696,#5721));
#5668 = ORIENTED_EDGE('',*,*,#3259,.F.);
#5669 = ORIENTED_EDGE('',*,*,#5670,.T.);
#5670 = EDGE_CURVE('',#3211,#5671,#5673,.T.);
#5671 = VERTEX_POINT('',#5672);
#5672 = CARTESIAN_POINT('',(30.928932188135,3.936291501015,
    8.794921791946));
#5673 = B_SPLINE_CURVE_WITH_KNOTS('',7,(#5674,#5675,#5676,#5677,#5678,
    #5679,#5680,#5681,#5682,#5683,#5684,#5685,#5686,#5687),
  .UNSPECIFIED.,.F.,.F.,(8,6,8),(-2.96715729597E-06,8.20414483364,
    8.389542911702),.UNSPECIFIED.);
#5674 = CARTESIAN_POINT('',(28.,-3.13477631085,6.697717079693));
#5675 = CARTESIAN_POINT('',(28.,-2.044207063842,6.697716862784));
#5676 = CARTESIAN_POINT('',(28.138791972499,-0.953607193989,
    6.797705110032));
#5677 = CARTESIAN_POINT('',(28.416137058094,0.117207356788,6.99747062539
    ));
#5678 = CARTESIAN_POINT('',(28.829939264141,1.14946494957,7.295298318887
    ));
#5679 = CARTESIAN_POINT('',(29.373303070277,2.12108806856,7.684805532555
    ));
#5680 = CARTESIAN_POINT('',(30.036352583739,3.013743637959,
    8.159948669916));
#5681 = CARTESIAN_POINT('',(30.822016614765,3.827779223905,
    8.719484598273));
#5682 = CARTESIAN_POINT('',(30.83985000704,3.846150922173,8.732180601994
    ));
#5683 = CARTESIAN_POINT('',(30.857550686542,3.864274120173,
    8.744718417718));
#5684 = CARTESIAN_POINT('',(30.875278080344,3.882317571835,
    8.757236916313));
#5685 = CARTESIAN_POINT('',(30.893139968494,3.900393991864,
    8.769824836978));
#5686 = CARTESIAN_POINT('',(30.911003491403,3.918362804284,
    8.782367983344));
#5687 = CARTESIAN_POINT('',(30.928932188135,3.936291501015,
    8.794921791946));
#5688 = ORIENTED_EDGE('',*,*,#5689,.T.);
#5689 = EDGE_CURVE('',#5671,#5690,#5692,.T.);
#5690 = VERTEX_POINT('',#5691);
#5691 = CARTESIAN_POINT('',(30.928932188135,3.936291501015,
    19.030107201733));
#5692 = LINE('',#5693,#5694);
#5693 = CARTESIAN_POINT('',(30.928932188135,3.936291501015,0.));
#5694 = VECTOR('',#5695,1.);
#5695 = DIRECTION('',(0.,0.,1.));
#5696 = ORIENTED_EDGE('',*,*,#5697,.F.);
#5697 = EDGE_CURVE('',#5698,#5690,#5700,.T.);
#5698 = VERTEX_POINT('',#5699);
#5699 = CARTESIAN_POINT('',(28.002666358422,-2.903665094998,
    23.346865714372));
#5700 = B_SPLINE_CURVE_WITH_KNOTS('',7,(#5701,#5702,#5703,#5704,#5705,
    #5706,#5707,#5708,#5709,#5710,#5711,#5712,#5713,#5714,#5715,#5716,
    #5717,#5718,#5719,#5720),.UNSPECIFIED.,.F.,.F.,(8,6,6,8),(
    0.293373083377,7.471641541504,9.177895767258,9.290916710911),
  .UNSPECIFIED.);
#5701 = CARTESIAN_POINT('',(28.,-3.13477631085,23.51012382089));
#5702 = CARTESIAN_POINT('',(28.,-2.327320817466,22.939433042229));
#5703 = CARTESIAN_POINT('',(28.075845963117,-1.523776012353,
    22.373621545522));
#5704 = CARTESIAN_POINT('',(28.227749580611,-0.71721986715,
    21.812694016211));
#5705 = CARTESIAN_POINT('',(28.456680426939,9.1624119455E-02,
    21.260342661619));
#5706 = CARTESIAN_POINT('',(28.781542903912,0.913020267233,
    20.718135485534));
#5707 = CARTESIAN_POINT('',(29.207980967241,1.728141313637,
    20.20603004216));
#5708 = CARTESIAN_POINT('',(29.890516430406,2.720974170257,
    19.64078260296));
#5709 = CARTESIAN_POINT('',(30.028602565313,2.910863977725,
    19.535298307105));
#5710 = CARTESIAN_POINT('',(30.174665813251,3.100440550722,
    19.433504377987));
#5711 = CARTESIAN_POINT('',(30.327611113381,3.288538668423,
    19.334509339263));
#5712 = CARTESIAN_POINT('',(30.491670240797,3.477938489774,
    19.241086401138));
#5713 = CARTESIAN_POINT('',(30.660836855818,3.662651193643,
    19.151528252193));
#5714 = CARTESIAN_POINT('',(30.855514638491,3.862125057184,
    19.062527199747));
#5715 = CARTESIAN_POINT('',(30.867649468563,3.874508754284,
    19.057033863203));
#5716 = CARTESIAN_POINT('',(30.879824906982,3.886883744945,
    19.05157640108));
#5717 = CARTESIAN_POINT('',(30.892040925949,3.89924977206,
    19.046154908624));
#5718 = CARTESIAN_POINT('',(30.904297497662,3.911606578516,
    19.040769481083));
#5719 = CARTESIAN_POINT('',(30.916594594324,3.923953907204,
    19.035420213703));
#5720 = CARTESIAN_POINT('',(30.928932188135,3.936291501015,
    19.030107201733));
#5721 = ORIENTED_EDGE('',*,*,#5722,.T.);
#5722 = EDGE_CURVE('',#5698,#3260,#5723,.T.);
#5723 = B_SPLINE_CURVE_WITH_KNOTS('',3,(#5724,#5725,#5726,#5727),
  .UNSPECIFIED.,.F.,.F.,(4,4),(0.,0.65354311745),
  .PIECEWISE_BEZIER_KNOTS.);
#5724 = CARTESIAN_POINT('',(28.002670937606,-2.903666773577,
    23.346865714372));
#5725 = CARTESIAN_POINT('',(28.000890391805,-2.980689567588,
    23.564577142914));
#5726 = CARTESIAN_POINT('',(28.,-3.057732939036,23.782288571457));
#5727 = CARTESIAN_POINT('',(28.,-3.13477631085,24.));
#5728 = CYLINDRICAL_SURFACE('',#5729,10.);
#5729 = AXIS2_PLACEMENT_3D('',#5730,#5731,#5732);
#5730 = CARTESIAN_POINT('',(38.,-3.13477631085,0.));
#5731 = DIRECTION('',(-0.,-0.,-1.));
#5732 = DIRECTION('',(1.,0.,0.));
#5733 = ADVANCED_FACE('',(#5734),#5762,.T.);
#5734 = FACE_BOUND('',#5735,.T.);
#5735 = EDGE_LOOP('',(#5736,#5737,#5756,#5761));
#5736 = ORIENTED_EDGE('',*,*,#3210,.T.);
#5737 = ORIENTED_EDGE('',*,*,#5738,.T.);
#5738 = EDGE_CURVE('',#3203,#5739,#5741,.T.);
#5739 = VERTEX_POINT('',#5740);
#5740 = CARTESIAN_POINT('',(30.846798574805,4.371228106773,
    8.291066901537));
#5741 = B_SPLINE_CURVE_WITH_KNOTS('',7,(#5742,#5743,#5744,#5745,#5746,
    #5747,#5748,#5749,#5750,#5751,#5752,#5753,#5754,#5755),
  .UNSPECIFIED.,.F.,.F.,(8,6,8),(-2.96715729597E-06,8.20414483364,
    8.389542911702),.UNSPECIFIED.);
#5742 = CARTESIAN_POINT('',(27.672339182285,-3.134776529114,
    6.068286505153));
#5743 = CARTESIAN_POINT('',(27.672338848017,-1.957993508157,
    6.068286271096));
#5744 = CARTESIAN_POINT('',(27.826413516652,-0.781262220985,
    6.176170515522));
#5745 = CARTESIAN_POINT('',(28.134315921473,0.369928894254,6.39176610041
    ));
#5746 = CARTESIAN_POINT('',(28.591198218736,1.468493528329,
    6.711678529029));
#5747 = CARTESIAN_POINT('',(29.183449991692,2.494118756974,7.12637768497
    ));
#5748 = CARTESIAN_POINT('',(29.901261780906,3.42391057653,7.628994910794
    ));
#5749 = CARTESIAN_POINT('',(30.739553333599,4.264022807641,
    8.215972975207));
#5750 = CARTESIAN_POINT('',(30.757087283173,4.281498675669,
    8.228250378873));
#5751 = CARTESIAN_POINT('',(30.775047968981,4.299474188128,
    8.240826586467));
#5752 = CARTESIAN_POINT('',(30.793074069871,4.317515605586,
    8.253448598195));
#5753 = CARTESIAN_POINT('',(30.810913899634,4.335337491787,
    8.265940181475));
#5754 = CARTESIAN_POINT('',(30.828869878074,4.353299410041,
    8.278513092935));
#5755 = CARTESIAN_POINT('',(30.846798574805,4.371228106773,
    8.291066901537));
#5756 = ORIENTED_EDGE('',*,*,#5757,.F.);
#5757 = EDGE_CURVE('',#5671,#5739,#5758,.T.);
#5758 = B_SPLINE_CURVE_WITH_KNOTS('',1,(#5759,#5760),.UNSPECIFIED.,.F.,
  .F.,(2,2),(0.,8.38954587886),.PIECEWISE_BEZIER_KNOTS.);
#5759 = CARTESIAN_POINT('',(30.928932188135,3.936291501015,
    8.794921791946));
#5760 = CARTESIAN_POINT('',(30.846798574805,4.371228106773,
    8.291066901537));
#5761 = ORIENTED_EDGE('',*,*,#5670,.F.);
#5762 = B_SPLINE_SURFACE_WITH_KNOTS('',1,7,(
    (#5763,#5764,#5765,#5766,#5767,#5768,#5769,#5770,#5771,#5772,#5773
      ,#5774,#5775,#5776)
    ,(#5777,#5778,#5779,#5780,#5781,#5782,#5783,#5784,#5785,#5786,#5787
      ,#5788,#5789,#5790
    )),.UNSPECIFIED.,.F.,.F.,.F.,(2,2),(8,6,8),(0.,8.38954587886),(
    -2.96715729597E-06,8.20414483364,8.389542911702),.UNSPECIFIED.);
#5763 = CARTESIAN_POINT('',(28.,-3.13477631085,6.697717079693));
#5764 = CARTESIAN_POINT('',(28.,-2.044207063842,6.697716862784));
#5765 = CARTESIAN_POINT('',(28.138791972499,-0.953607193989,
    6.797705110032));
#5766 = CARTESIAN_POINT('',(28.416137058094,0.117207356788,6.99747062539
    ));
#5767 = CARTESIAN_POINT('',(28.829939264141,1.14946494957,7.295298318887
    ));
#5768 = CARTESIAN_POINT('',(29.373303070277,2.12108806856,7.684805532555
    ));
#5769 = CARTESIAN_POINT('',(30.036352583739,3.013743637959,
    8.159948669916));
#5770 = CARTESIAN_POINT('',(30.822016614765,3.827779223905,
    8.719484598273));
#5771 = CARTESIAN_POINT('',(30.83985000704,3.846150922173,8.732180601994
    ));
#5772 = CARTESIAN_POINT('',(30.857550686542,3.864274120173,
    8.744718417718));
#5773 = CARTESIAN_POINT('',(30.875278080344,3.882317571835,
    8.757236916313));
#5774 = CARTESIAN_POINT('',(30.893139968494,3.900393991864,
    8.769824836978));
#5775 = CARTESIAN_POINT('',(30.911003491403,3.918362804284,
    8.782367983344));
#5776 = CARTESIAN_POINT('',(30.928932188135,3.936291501015,
    8.794921791946));
#5777 = CARTESIAN_POINT('',(27.672339182285,-3.134776529114,
    6.068286505153));
#5778 = CARTESIAN_POINT('',(27.672338848017,-1.957993508157,
    6.068286271096));
#5779 = CARTESIAN_POINT('',(27.826413516652,-0.781262220985,
    6.176170515522));
#5780 = CARTESIAN_POINT('',(28.134315921473,0.369928894254,6.39176610041
    ));
#5781 = CARTESIAN_POINT('',(28.591198218736,1.468493528329,
    6.711678529029));
#5782 = CARTESIAN_POINT('',(29.183449991692,2.494118756974,7.12637768497
    ));
#5783 = CARTESIAN_POINT('',(29.901261780906,3.42391057653,7.628994910794
    ));
#5784 = CARTESIAN_POINT('',(30.739553333599,4.264022807641,
    8.215972975207));
#5785 = CARTESIAN_POINT('',(30.757087283173,4.281498675669,
    8.228250378873));
#5786 = CARTESIAN_POINT('',(30.775047968981,4.299474188128,
    8.240826586467));
#5787 = CARTESIAN_POINT('',(30.793074069871,4.317515605586,
    8.253448598195));
#5788 = CARTESIAN_POINT('',(30.810913899634,4.335337491787,
    8.265940181475));
#5789 = CARTESIAN_POINT('',(30.828869878074,4.353299410041,
    8.278513092935));
#5790 = CARTESIAN_POINT('',(30.846798574805,4.371228106773,
    8.291066901537));
#5791 = ADVANCED_FACE('',(#5792),#5838,.T.);
#5792 = FACE_BOUND('',#5793,.T.);
#5793 = EDGE_LOOP('',(#5794,#5795,#5796,#5811,#5819,#5831,#5837));
#5794 = ORIENTED_EDGE('',*,*,#3202,.F.);
#5795 = ORIENTED_EDGE('',*,*,#3442,.F.);
#5796 = ORIENTED_EDGE('',*,*,#5797,.F.);
#5797 = EDGE_CURVE('',#5798,#3434,#5800,.T.);
#5798 = VERTEX_POINT('',#5799);
#5799 = CARTESIAN_POINT('',(38.672339182284,20.8,13.77056942546));
#5800 = B_SPLINE_CURVE_WITH_KNOTS('',9,(#5801,#5802,#5803,#5804,#5805,
    #5806,#5807,#5808,#5809,#5810),.UNSPECIFIED.,.F.,.F.,(10,10),(
    29.549001930167,31.365957834901),.PIECEWISE_BEZIER_KNOTS.);
#5801 = CARTESIAN_POINT('',(38.672339182284,20.8,13.77056942546));
#5802 = CARTESIAN_POINT('',(38.672339182284,20.909000637343,
    13.77056942546));
#5803 = CARTESIAN_POINT('',(38.653561688553,21.036777314531,
    13.7574212828));
#5804 = CARTESIAN_POINT('',(38.610994027749,21.173465605473,
    13.727615085821));
#5805 = CARTESIAN_POINT('',(38.544578521676,21.303979514448,
    13.681110447816));
#5806 = CARTESIAN_POINT('',(38.459087331324,21.419715448428,
    13.621248871879));
#5807 = CARTESIAN_POINT('',(38.358303755898,21.508111657093,
    13.550679452639));
#5808 = CARTESIAN_POINT('',(38.253115652279,21.567708819361,
    13.477025949555));
#5809 = CARTESIAN_POINT('',(38.1433930917,21.599645190296,
    13.400197385526));
#5810 = CARTESIAN_POINT('',(38.028597972426,21.600001291388,
    13.31981697766));
#5811 = ORIENTED_EDGE('',*,*,#5812,.F.);
#5812 = EDGE_CURVE('',#5813,#5798,#5815,.T.);
#5813 = VERTEX_POINT('',#5814);
#5814 = CARTESIAN_POINT('',(38.672339182284,13.25,13.77056942546));
#5815 = LINE('',#5816,#5817);
#5816 = CARTESIAN_POINT('',(38.672339182284,13.25,13.77056942546));
#5817 = VECTOR('',#5818,1.);
#5818 = DIRECTION('',(0.,1.,-2.2E-16));
#5819 = ORIENTED_EDGE('',*,*,#5820,.F.);
#5820 = EDGE_CURVE('',#5821,#5813,#5823,.T.);
#5821 = VERTEX_POINT('',#5822);
#5822 = CARTESIAN_POINT('',(38.039186730231,11.563616262198,
    13.327231305696));
#5823 = B_SPLINE_CURVE_WITH_KNOTS('',6,(#5824,#5825,#5826,#5827,#5828,
    #5829,#5830),.UNSPECIFIED.,.F.,.F.,(7,7),(19.739679131313,
    21.999001930167),.PIECEWISE_BEZIER_KNOTS.);
#5824 = CARTESIAN_POINT('',(38.03909977773,11.563529281389,
    13.327170420899));
#5825 = CARTESIAN_POINT('',(38.251335434982,11.775870637769,
    13.475779427984));
#5826 = CARTESIAN_POINT('',(38.420553061382,12.02905862143,
    13.594266885587));
#5827 = CARTESIAN_POINT('',(38.547916419469,12.314179767686,
    13.683447669011));
#5828 = CARTESIAN_POINT('',(38.632043311351,12.622973711098,
    13.742353952873));
#5829 = CARTESIAN_POINT('',(38.672339182284,12.940007458339,
    13.77056942546));
#5830 = CARTESIAN_POINT('',(38.672339182284,13.25,13.77056942546));
#5831 = ORIENTED_EDGE('',*,*,#5832,.F.);
#5832 = EDGE_CURVE('',#5739,#5821,#5833,.T.);
#5833 = LINE('',#5834,#5835);
#5834 = CARTESIAN_POINT('',(30.721297697686,4.245727229653,
    8.203190241326));
#5835 = VECTOR('',#5836,1.);
#5836 = DIRECTION('',(0.633687274225,0.633687274225,0.44371260628));
#5837 = ORIENTED_EDGE('',*,*,#5738,.F.);
#5838 = PLANE('',#5839);
#5839 = AXIS2_PLACEMENT_3D('',#5840,#5841,#5842);
#5840 = CARTESIAN_POINT('',(39.,22.,14.));
#5841 = DIRECTION('',(0.573576436351,-1.8E-16,-0.819152044289));
#5842 = DIRECTION('',(-0.819152044289,-1.3E-16,-0.573576436351));
#5843 = ADVANCED_FACE('',(#5844),#5862,.F.);
#5844 = FACE_BOUND('',#5845,.F.);
#5845 = EDGE_LOOP('',(#5846,#5847,#5848,#5856));
#5846 = ORIENTED_EDGE('',*,*,#3289,.F.);
#5847 = ORIENTED_EDGE('',*,*,#3419,.T.);
#5848 = ORIENTED_EDGE('',*,*,#5849,.T.);
#5849 = EDGE_CURVE('',#3321,#5850,#5852,.T.);
#5850 = VERTEX_POINT('',#5851);
#5851 = CARTESIAN_POINT('',(-27.6,-27.75,-0.));
#5852 = LINE('',#5853,#5854);
#5853 = CARTESIAN_POINT('',(-27.8,-27.75,0.2));
#5854 = VECTOR('',#5855,1.);
#5855 = DIRECTION('',(0.707106781187,0.,-0.707106781187));
#5856 = ORIENTED_EDGE('',*,*,#5857,.F.);
#5857 = EDGE_CURVE('',#3290,#5850,#5858,.T.);
#5858 = LINE('',#5859,#5860);
#5859 = CARTESIAN_POINT('',(-27.6,22.,0.));
#5860 = VECTOR('',#5861,1.);
#5861 = DIRECTION('',(0.,-1.,0.));
#5862 = PLANE('',#5863);
#5863 = AXIS2_PLACEMENT_3D('',#5864,#5865,#5866);
#5864 = CARTESIAN_POINT('',(-27.8,22.,0.2));
#5865 = DIRECTION('',(0.707106781187,-1.E-17,0.707106781187));
#5866 = DIRECTION('',(-7.071067811865E-18,-1.,-7.071067811865E-18));
#5867 = ADVANCED_FACE('',(#5868,#5999,#6002,#6013,#6023,#6033,#6044,
    #6054,#6065,#6075,#6085,#6096),#6106,.F.);
#5868 = FACE_BOUND('',#5869,.F.);
#5869 = EDGE_LOOP('',(#5870,#5871,#5880,#5888,#5897,#5905,#5914,#5922,
    #5931,#5939,#5948,#5956,#5965,#5973,#5982,#5990,#5997,#5998));
#5870 = ORIENTED_EDGE('',*,*,#5857,.T.);
#5871 = ORIENTED_EDGE('',*,*,#5872,.T.);
#5872 = EDGE_CURVE('',#5850,#5873,#5875,.T.);
#5873 = VERTEX_POINT('',#5874);
#5874 = CARTESIAN_POINT('',(-26.83847763108,-29.58847763108,-1.E-15));
#5875 = CIRCLE('',#5876,2.6);
#5876 = AXIS2_PLACEMENT_3D('',#5877,#5878,#5879);
#5877 = CARTESIAN_POINT('',(-25.,-27.75,0.));
#5878 = DIRECTION('',(0.,0.,1.));
#5879 = DIRECTION('',(-1.,0.,0.));
#5880 = ORIENTED_EDGE('',*,*,#5881,.T.);
#5881 = EDGE_CURVE('',#5873,#5882,#5884,.T.);
#5882 = VERTEX_POINT('',#5883);
#5883 = CARTESIAN_POINT('',(-24.58847763108,-31.83847763108,0.));
#5884 = LINE('',#5885,#5886);
#5885 = CARTESIAN_POINT('',(-26.83847763108,-29.58847763108,0.));
#5886 = VECTOR('',#5887,1.);
#5887 = DIRECTION('',(0.707106781187,-0.707106781187,0.));
#5888 = ORIENTED_EDGE('',*,*,#5889,.T.);
#5889 = EDGE_CURVE('',#5882,#5890,#5892,.T.);
#5890 = VERTEX_POINT('',#5891);
#5891 = CARTESIAN_POINT('',(-22.75,-32.6,-1.E-15));
#5892 = CIRCLE('',#5893,2.6);
#5893 = AXIS2_PLACEMENT_3D('',#5894,#5895,#5896);
#5894 = CARTESIAN_POINT('',(-22.75,-30.,0.));
#5895 = DIRECTION('',(0.,0.,1.));
#5896 = DIRECTION('',(-0.707106781187,-0.707106781187,0.));
#5897 = ORIENTED_EDGE('',*,*,#5898,.T.);
#5898 = EDGE_CURVE('',#5890,#5899,#5901,.T.);
#5899 = VERTEX_POINT('',#5900);
#5900 = CARTESIAN_POINT('',(-18.25,-32.6,3.E-15));
#5901 = LINE('',#5902,#5903);
#5902 = CARTESIAN_POINT('',(-22.75,-32.6,0.));
#5903 = VECTOR('',#5904,1.);
#5904 = DIRECTION('',(1.,0.,0.));
#5905 = ORIENTED_EDGE('',*,*,#5906,.T.);
#5906 = EDGE_CURVE('',#5899,#5907,#5909,.T.);
#5907 = VERTEX_POINT('',#5908);
#5908 = CARTESIAN_POINT('',(-18.15,-32.5,-1.E-15));
#5909 = CIRCLE('',#5910,1.E-01);
#5910 = AXIS2_PLACEMENT_3D('',#5911,#5912,#5913);
#5911 = CARTESIAN_POINT('',(-18.25,-32.5,0.));
#5912 = DIRECTION('',(-0.,0.,1.));
#5913 = DIRECTION('',(0.,-1.,0.));
#5914 = ORIENTED_EDGE('',*,*,#5915,.T.);
#5915 = EDGE_CURVE('',#5907,#5916,#5918,.T.);
#5916 = VERTEX_POINT('',#5917);
#5917 = CARTESIAN_POINT('',(-18.15,-32.49,0.));
#5918 = LINE('',#5919,#5920);
#5919 = CARTESIAN_POINT('',(-18.15,-32.5,0.));
#5920 = VECTOR('',#5921,1.);
#5921 = DIRECTION('',(0.,1.,-2.2E-16));
#5922 = ORIENTED_EDGE('',*,*,#5923,.T.);
#5923 = EDGE_CURVE('',#5916,#5924,#5926,.T.);
#5924 = VERTEX_POINT('',#5925);
#5925 = CARTESIAN_POINT('',(-13.26,-27.6,0.));
#5926 = CIRCLE('',#5927,4.89);
#5927 = AXIS2_PLACEMENT_3D('',#5928,#5929,#5930);
#5928 = CARTESIAN_POINT('',(-13.26,-32.49,0.));
#5929 = DIRECTION('',(-0.,0.,-1.));
#5930 = DIRECTION('',(-1.,-1.58E-15,0.));
#5931 = ORIENTED_EDGE('',*,*,#5932,.T.);
#5932 = EDGE_CURVE('',#5924,#5933,#5935,.T.);
#5933 = VERTEX_POINT('',#5934);
#5934 = CARTESIAN_POINT('',(13.26,-27.6,0.));
#5935 = LINE('',#5936,#5937);
#5936 = CARTESIAN_POINT('',(-13.26,-27.6,0.));
#5937 = VECTOR('',#5938,1.);
#5938 = DIRECTION('',(1.,0.,0.));
#5939 = ORIENTED_EDGE('',*,*,#5940,.T.);
#5940 = EDGE_CURVE('',#5933,#5941,#5943,.T.);
#5941 = VERTEX_POINT('',#5942);
#5942 = CARTESIAN_POINT('',(18.15,-32.49,0.));
#5943 = CIRCLE('',#5944,4.89);
#5944 = AXIS2_PLACEMENT_3D('',#5945,#5946,#5947);
#5945 = CARTESIAN_POINT('',(13.26,-32.49,0.));
#5946 = DIRECTION('',(0.,0.,-1.));
#5947 = DIRECTION('',(-4.E-16,1.,0.));
#5948 = ORIENTED_EDGE('',*,*,#5949,.T.);
#5949 = EDGE_CURVE('',#5941,#5950,#5952,.T.);
#5950 = VERTEX_POINT('',#5951);
#5951 = CARTESIAN_POINT('',(18.15,-32.5,0.));
#5952 = LINE('',#5953,#5954);
#5953 = CARTESIAN_POINT('',(18.15,-32.49,0.));
#5954 = VECTOR('',#5955,1.);
#5955 = DIRECTION('',(0.,-1.,2.2E-16));
#5956 = ORIENTED_EDGE('',*,*,#5957,.T.);
#5957 = EDGE_CURVE('',#5950,#5958,#5960,.T.);
#5958 = VERTEX_POINT('',#5959);
#5959 = CARTESIAN_POINT('',(18.25,-32.6,-1.E-15));
#5960 = CIRCLE('',#5961,1.E-01);
#5961 = AXIS2_PLACEMENT_3D('',#5962,#5963,#5964);
#5962 = CARTESIAN_POINT('',(18.25,-32.5,0.));
#5963 = DIRECTION('',(0.,0.,1.));
#5964 = DIRECTION('',(-1.,0.,0.));
#5965 = ORIENTED_EDGE('',*,*,#5966,.T.);
#5966 = EDGE_CURVE('',#5958,#5967,#5969,.T.);
#5967 = VERTEX_POINT('',#5968);
#5968 = CARTESIAN_POINT('',(22.75,-32.6,3.E-15));
#5969 = LINE('',#5970,#5971);
#5970 = CARTESIAN_POINT('',(18.25,-32.6,0.));
#5971 = VECTOR('',#5972,1.);
#5972 = DIRECTION('',(1.,0.,0.));
#5973 = ORIENTED_EDGE('',*,*,#5974,.T.);
#5974 = EDGE_CURVE('',#5967,#5975,#5977,.T.);
#5975 = VERTEX_POINT('',#5976);
#5976 = CARTESIAN_POINT('',(24.588477631085,-31.83847763108,-1.E-15));
#5977 = CIRCLE('',#5978,2.6);
#5978 = AXIS2_PLACEMENT_3D('',#5979,#5980,#5981);
#5979 = CARTESIAN_POINT('',(22.75,-30.,0.));
#5980 = DIRECTION('',(-0.,0.,1.));
#5981 = DIRECTION('',(0.,-1.,0.));
#5982 = ORIENTED_EDGE('',*,*,#5983,.T.);
#5983 = EDGE_CURVE('',#5975,#5984,#5986,.T.);
#5984 = VERTEX_POINT('',#5985);
#5985 = CARTESIAN_POINT('',(26.838477631085,-29.58847763108,0.));
#5986 = LINE('',#5987,#5988);
#5987 = CARTESIAN_POINT('',(24.588477631085,-31.83847763108,0.));
#5988 = VECTOR('',#5989,1.);
#5989 = DIRECTION('',(0.707106781187,0.707106781187,0.));
#5990 = ORIENTED_EDGE('',*,*,#5991,.T.);
#5991 = EDGE_CURVE('',#5984,#5590,#5992,.T.);
#5992 = CIRCLE('',#5993,2.6);
#5993 = AXIS2_PLACEMENT_3D('',#5994,#5995,#5996);
#5994 = CARTESIAN_POINT('',(25.,-27.75,0.));
#5995 = DIRECTION('',(-0.,0.,1.));
#5996 = DIRECTION('',(0.707106781187,-0.707106781187,0.));
#5997 = ORIENTED_EDGE('',*,*,#5599,.T.);
#5998 = ORIENTED_EDGE('',*,*,#3306,.F.);
#5999 = FACE_BOUND('',#6000,.F.);
#6000 = EDGE_LOOP('',(#6001));
#6001 = ORIENTED_EDGE('',*,*,#4858,.F.);
#6002 = FACE_BOUND('',#6003,.F.);
#6003 = EDGE_LOOP('',(#6004));
#6004 = ORIENTED_EDGE('',*,*,#6005,.F.);
#6005 = EDGE_CURVE('',#6006,#6006,#6008,.T.);
#6006 = VERTEX_POINT('',#6007);
#6007 = CARTESIAN_POINT('',(-13.4,-15.5,0.));
#6008 = CIRCLE('',#6009,2.1);
#6009 = AXIS2_PLACEMENT_3D('',#6010,#6011,#6012);
#6010 = CARTESIAN_POINT('',(-15.5,-15.5,0.));
#6011 = DIRECTION('',(0.,0.,1.));
#6012 = DIRECTION('',(1.,0.,0.));
#6013 = FACE_BOUND('',#6014,.F.);
#6014 = EDGE_LOOP('',(#6015,#6016,#6017,#6018,#6019,#6020,#6021,#6022));
#6015 = ORIENTED_EDGE('',*,*,#4171,.F.);
#6016 = ORIENTED_EDGE('',*,*,#4202,.F.);
#6017 = ORIENTED_EDGE('',*,*,#4252,.F.);
#6018 = ORIENTED_EDGE('',*,*,#4302,.F.);
#6019 = ORIENTED_EDGE('',*,*,#4345,.F.);
#6020 = ORIENTED_EDGE('',*,*,#4320,.F.);
#6021 = ORIENTED_EDGE('',*,*,#4270,.F.);
#6022 = ORIENTED_EDGE('',*,*,#4220,.F.);
#6023 = FACE_BOUND('',#6024,.F.);
#6024 = EDGE_LOOP('',(#6025,#6026,#6027,#6028,#6029,#6030,#6031,#6032));
#6025 = ORIENTED_EDGE('',*,*,#4445,.F.);
#6026 = ORIENTED_EDGE('',*,*,#4395,.F.);
#6027 = ORIENTED_EDGE('',*,*,#4427,.F.);
#6028 = ORIENTED_EDGE('',*,*,#4476,.F.);
#6029 = ORIENTED_EDGE('',*,*,#4526,.F.);
#6030 = ORIENTED_EDGE('',*,*,#4569,.F.);
#6031 = ORIENTED_EDGE('',*,*,#4544,.F.);
#6032 = ORIENTED_EDGE('',*,*,#4494,.F.);
#6033 = FACE_BOUND('',#6034,.F.);
#6034 = EDGE_LOOP('',(#6035));
#6035 = ORIENTED_EDGE('',*,*,#6036,.F.);
#6036 = EDGE_CURVE('',#6037,#6037,#6039,.T.);
#6037 = VERTEX_POINT('',#6038);
#6038 = CARTESIAN_POINT('',(17.6,-15.5,0.));
#6039 = CIRCLE('',#6040,2.1);
#6040 = AXIS2_PLACEMENT_3D('',#6041,#6042,#6043);
#6041 = CARTESIAN_POINT('',(15.5,-15.5,0.));
#6042 = DIRECTION('',(0.,0.,1.));
#6043 = DIRECTION('',(1.,0.,0.));
#6044 = FACE_BOUND('',#6045,.F.);
#6045 = EDGE_LOOP('',(#6046,#6047,#6048,#6049,#6050,#6051,#6052,#6053));
#6046 = ORIENTED_EDGE('',*,*,#5015,.T.);
#6047 = ORIENTED_EDGE('',*,*,#4990,.T.);
#6048 = ORIENTED_EDGE('',*,*,#4965,.T.);
#6049 = ORIENTED_EDGE('',*,*,#4940,.T.);
#6050 = ORIENTED_EDGE('',*,*,#4908,.T.);
#6051 = ORIENTED_EDGE('',*,*,#5082,.T.);
#6052 = ORIENTED_EDGE('',*,*,#5064,.T.);
#6053 = ORIENTED_EDGE('',*,*,#5039,.T.);
#6054 = FACE_BOUND('',#6055,.F.);
#6055 = EDGE_LOOP('',(#6056));
#6056 = ORIENTED_EDGE('',*,*,#6057,.F.);
#6057 = EDGE_CURVE('',#6058,#6058,#6060,.T.);
#6058 = VERTEX_POINT('',#6059);
#6059 = CARTESIAN_POINT('',(17.6,15.5,0.));
#6060 = CIRCLE('',#6061,2.1);
#6061 = AXIS2_PLACEMENT_3D('',#6062,#6063,#6064);
#6062 = CARTESIAN_POINT('',(15.5,15.5,0.));
#6063 = DIRECTION('',(-0.,0.,1.));
#6064 = DIRECTION('',(1.,-1.04E-15,0.));
#6065 = FACE_BOUND('',#6066,.F.);
#6066 = EDGE_LOOP('',(#6067,#6068,#6069,#6070,#6071,#6072,#6073,#6074));
#6067 = ORIENTED_EDGE('',*,*,#4009,.T.);
#6068 = ORIENTED_EDGE('',*,*,#3952,.T.);
#6069 = ORIENTED_EDGE('',*,*,#3977,.T.);
#6070 = ORIENTED_EDGE('',*,*,#4026,.T.);
#6071 = ORIENTED_EDGE('',*,*,#4076,.T.);
#6072 = ORIENTED_EDGE('',*,*,#4126,.T.);
#6073 = ORIENTED_EDGE('',*,*,#4108,.T.);
#6074 = ORIENTED_EDGE('',*,*,#4058,.T.);
#6075 = FACE_BOUND('',#6076,.F.);
#6076 = EDGE_LOOP('',(#6077,#6078,#6079,#6080,#6081,#6082,#6083,#6084));
#6077 = ORIENTED_EDGE('',*,*,#3928,.T.);
#6078 = ORIENTED_EDGE('',*,*,#3910,.T.);
#6079 = ORIENTED_EDGE('',*,*,#3885,.T.);
#6080 = ORIENTED_EDGE('',*,*,#3860,.T.);
#6081 = ORIENTED_EDGE('',*,*,#3835,.T.);
#6082 = ORIENTED_EDGE('',*,*,#3810,.T.);
#6083 = ORIENTED_EDGE('',*,*,#3785,.T.);
#6084 = ORIENTED_EDGE('',*,*,#3753,.T.);
#6085 = FACE_BOUND('',#6086,.F.);
#6086 = EDGE_LOOP('',(#6087));
#6087 = ORIENTED_EDGE('',*,*,#6088,.F.);
#6088 = EDGE_CURVE('',#6089,#6089,#6091,.T.);
#6089 = VERTEX_POINT('',#6090);
#6090 = CARTESIAN_POINT('',(-13.4,15.5,0.));
#6091 = CIRCLE('',#6092,2.1);
#6092 = AXIS2_PLACEMENT_3D('',#6093,#6094,#6095);
#6093 = CARTESIAN_POINT('',(-15.5,15.5,0.));
#6094 = DIRECTION('',(-0.,0.,1.));
#6095 = DIRECTION('',(1.,-1.04E-15,0.));
#6096 = FACE_BOUND('',#6097,.F.);
#6097 = EDGE_LOOP('',(#6098,#6099,#6100,#6101,#6102,#6103,#6104,#6105));
#6098 = ORIENTED_EDGE('',*,*,#4639,.F.);
#6099 = ORIENTED_EDGE('',*,*,#4614,.F.);
#6100 = ORIENTED_EDGE('',*,*,#4788,.F.);
#6101 = ORIENTED_EDGE('',*,*,#4763,.F.);
#6102 = ORIENTED_EDGE('',*,*,#4738,.F.);
#6103 = ORIENTED_EDGE('',*,*,#4713,.F.);
#6104 = ORIENTED_EDGE('',*,*,#4688,.F.);
#6105 = ORIENTED_EDGE('',*,*,#4663,.F.);
#6106 = PLANE('',#6107);
#6107 = AXIS2_PLACEMENT_3D('',#6108,#6109,#6110);
#6108 = CARTESIAN_POINT('',(2.31E-15,-2.151164099948,0.));
#6109 = DIRECTION('',(0.,0.,1.));
#6110 = DIRECTION('',(1.,0.,0.));
#6111 = ADVANCED_FACE('',(#6112),#6131,.T.);
#6112 = FACE_BOUND('',#6113,.F.);
#6113 = EDGE_LOOP('',(#6114,#6115,#6116,#6124));
#6114 = ORIENTED_EDGE('',*,*,#3320,.T.);
#6115 = ORIENTED_EDGE('',*,*,#5270,.T.);
#6116 = ORIENTED_EDGE('',*,*,#6117,.F.);
#6117 = EDGE_CURVE('',#6118,#5271,#6120,.T.);
#6118 = VERTEX_POINT('',#6119);
#6119 = CARTESIAN_POINT('',(-27.12132034356,-29.87132034356,0.4));
#6120 = LINE('',#6121,#6122);
#6121 = CARTESIAN_POINT('',(-27.12132034356,-29.87132034356,0.));
#6122 = VECTOR('',#6123,1.);
#6123 = DIRECTION('',(0.,0.,1.));
#6124 = ORIENTED_EDGE('',*,*,#6125,.F.);
#6125 = EDGE_CURVE('',#3321,#6118,#6126,.T.);
#6126 = CIRCLE('',#6127,3.);
#6127 = AXIS2_PLACEMENT_3D('',#6128,#6129,#6130);
#6128 = CARTESIAN_POINT('',(-25.,-27.75,0.4));
#6129 = DIRECTION('',(0.,0.,1.));
#6130 = DIRECTION('',(-1.,0.,0.));
#6131 = CYLINDRICAL_SURFACE('',#6132,3.);
#6132 = AXIS2_PLACEMENT_3D('',#6133,#6134,#6135);
#6133 = CARTESIAN_POINT('',(-25.,-27.75,0.));
#6134 = DIRECTION('',(-0.,-0.,-1.));
#6135 = DIRECTION('',(1.,0.,0.));
#6136 = ADVANCED_FACE('',(#6137),#6181,.F.);
#6137 = FACE_BOUND('',#6138,.T.);
#6138 = EDGE_LOOP('',(#6139,#6147,#6172,#6179,#6180));
#6139 = ORIENTED_EDGE('',*,*,#6140,.F.);
#6140 = EDGE_CURVE('',#6141,#5207,#6143,.T.);
#6141 = VERTEX_POINT('',#6142);
#6142 = CARTESIAN_POINT('',(-30.92893218813,3.936291501015,
    28.969892782431));
#6143 = LINE('',#6144,#6145);
#6144 = CARTESIAN_POINT('',(-30.92893218813,3.936291501015,0.));
#6145 = VECTOR('',#6146,1.);
#6146 = DIRECTION('',(0.,0.,1.));
#6147 = ORIENTED_EDGE('',*,*,#6148,.F.);
#6148 = EDGE_CURVE('',#6149,#6141,#6151,.T.);
#6149 = VERTEX_POINT('',#6150);
#6150 = CARTESIAN_POINT('',(-28.00266617365,-2.903666266639,
    24.653133453619));
#6151 = B_SPLINE_CURVE_WITH_KNOTS('',7,(#6152,#6153,#6154,#6155,#6156,
    #6157,#6158,#6159,#6160,#6161,#6162,#6163,#6164,#6165,#6166,#6167,
    #6168,#6169,#6170,#6171),.UNSPECIFIED.,.F.,.F.,(8,6,6,8),(
    0.29340538824,7.47084142117,9.177297171422,9.290323622977),
  .UNSPECIFIED.);
#6152 = CARTESIAN_POINT('',(-28.,-3.13477631085,24.489876166163));
#6153 = CARTESIAN_POINT('',(-28.,-2.328088491208,25.060024404843));
#6154 = CARTESIAN_POINT('',(-28.07569374539,-1.524848273388,
    25.625624529056));
#6155 = CARTESIAN_POINT('',(-28.22751080401,-0.717879100569,
    26.186863095432));
#6156 = CARTESIAN_POINT('',(-28.45647257177,9.12473348182E-02,
    26.739420385885));
#6157 = CARTESIAN_POINT('',(-28.78154534014,0.913062467774,
    27.281890572322));
#6158 = CARTESIAN_POINT('',(-29.20800461941,1.72815652781,
    27.793973786307));
#6159 = CARTESIAN_POINT('',(-29.89046317364,2.720901262978,
    28.359176891806));
#6160 = CARTESIAN_POINT('',(-30.02855594035,2.910803143321,
    28.464668701883));
#6161 = CARTESIAN_POINT('',(-30.17462046344,3.100384364062,
    28.566466414781));
#6162 = CARTESIAN_POINT('',(-30.32757869193,3.288501633628,
    28.665472174087));
#6163 = CARTESIAN_POINT('',(-30.49164637827,3.477912309981,
    28.758901009287));
#6164 = CARTESIAN_POINT('',(-30.66082430311,3.66263833364,
    28.848466048824));
#6165 = CARTESIAN_POINT('',(-30.85551466968,3.862125089019,
    28.937472811881));
#6166 = CARTESIAN_POINT('',(-30.86764949461,3.874508780765,
    28.942966143574));
#6167 = CARTESIAN_POINT('',(-30.87982492787,3.886883766093,
    28.948423600961));
#6168 = CARTESIAN_POINT('',(-30.89204094165,3.899249787891,
    28.953845088792));
#6169 = CARTESIAN_POINT('',(-30.90429750815,3.911606589051,
    28.959230511815));
#6170 = CARTESIAN_POINT('',(-30.91659459958,3.923953912463,
    28.964579774779));
#6171 = CARTESIAN_POINT('',(-30.92893218813,3.936291501015,
    28.969892782431));
#6172 = ORIENTED_EDGE('',*,*,#6173,.F.);
#6173 = EDGE_CURVE('',#3339,#6149,#6174,.T.);
#6174 = B_SPLINE_CURVE_WITH_KNOTS('',3,(#6175,#6176,#6177,#6178),
  .UNSPECIFIED.,.F.,.F.,(4,4),(0.,0.653542281705),
  .PIECEWISE_BEZIER_KNOTS.);
#6175 = CARTESIAN_POINT('',(-28.,-3.13477631085,24.));
#6176 = CARTESIAN_POINT('',(-28.,-3.057733340201,24.217711151206));
#6177 = CARTESIAN_POINT('',(-28.00089038253,-2.980690369919,
    24.435422302413));
#6178 = CARTESIAN_POINT('',(-28.00267090979,-2.903667976753,
    24.653133453619));
#6179 = ORIENTED_EDGE('',*,*,#3338,.T.);
#6180 = ORIENTED_EDGE('',*,*,#5230,.F.);
#6181 = CYLINDRICAL_SURFACE('',#6182,10.);
#6182 = AXIS2_PLACEMENT_3D('',#6183,#6184,#6185);
#6183 = CARTESIAN_POINT('',(-38.,-3.13477631085,0.));
#6184 = DIRECTION('',(-0.,-0.,-1.));
#6185 = DIRECTION('',(1.,0.,0.));
#6186 = ADVANCED_FACE('',(#6187),#6249,.F.);
#6187 = FACE_BOUND('',#6188,.T.);
#6188 = EDGE_LOOP('',(#6189,#6199,#6216,#6217,#6226));
#6189 = ORIENTED_EDGE('',*,*,#6190,.F.);
#6190 = EDGE_CURVE('',#6191,#6193,#6195,.T.);
#6191 = VERTEX_POINT('',#6192);
#6192 = CARTESIAN_POINT('',(-30.92893218813,3.936291501015,
    8.794921791946));
#6193 = VERTEX_POINT('',#6194);
#6194 = CARTESIAN_POINT('',(-30.92893218813,3.936291501015,
    19.030107234003));
#6195 = LINE('',#6196,#6197);
#6196 = CARTESIAN_POINT('',(-30.92893218813,3.936291501015,0.));
#6197 = VECTOR('',#6198,1.);
#6198 = DIRECTION('',(0.,0.,1.));
#6199 = ORIENTED_EDGE('',*,*,#6200,.T.);
#6200 = EDGE_CURVE('',#6191,#3347,#6201,.T.);
#6201 = B_SPLINE_CURVE_WITH_KNOTS('',7,(#6202,#6203,#6204,#6205,#6206,
    #6207,#6208,#6209,#6210,#6211,#6212,#6213,#6214,#6215),
  .UNSPECIFIED.,.F.,.F.,(8,6,8),(35.221255291177,35.406653369239,
    43.610801170019),.UNSPECIFIED.);
#6202 = CARTESIAN_POINT('',(-30.92893218813,3.936291501015,
    8.794921791946));
#6203 = CARTESIAN_POINT('',(-30.9110034914,3.918362804284,8.782367983344
    ));
#6204 = CARTESIAN_POINT('',(-30.89313996849,3.900393991864,
    8.769824836978));
#6205 = CARTESIAN_POINT('',(-30.87527808034,3.882317571835,
    8.757236916313));
#6206 = CARTESIAN_POINT('',(-30.85755068654,3.864274120173,
    8.744718417718));
#6207 = CARTESIAN_POINT('',(-30.83985000704,3.846150922173,
    8.732180601994));
#6208 = CARTESIAN_POINT('',(-30.82201661476,3.827779223905,
    8.719484598273));
#6209 = CARTESIAN_POINT('',(-30.03635258374,3.013743637961,
    8.159948669918));
#6210 = CARTESIAN_POINT('',(-29.3733033997,2.121087047965,7.684805585617
    ));
#6211 = CARTESIAN_POINT('',(-28.8299383029,1.149469319601,7.295298150228
    ));
#6212 = CARTESIAN_POINT('',(-28.41613760432,0.117197827042,
    6.997470788429));
#6213 = CARTESIAN_POINT('',(-28.13879449447,-0.953594841551,
    6.797705228338));
#6214 = CARTESIAN_POINT('',(-28.,-2.044200685129,6.697716862785));
#6215 = CARTESIAN_POINT('',(-28.,-3.13477631085,6.697717079694));
#6216 = ORIENTED_EDGE('',*,*,#3346,.T.);
#6217 = ORIENTED_EDGE('',*,*,#6218,.F.);
#6218 = EDGE_CURVE('',#6219,#3339,#6221,.T.);
#6219 = VERTEX_POINT('',#6220);
#6220 = CARTESIAN_POINT('',(-28.00267261393,-2.903666719057,
    23.346869069102));
#6221 = B_SPLINE_CURVE_WITH_KNOTS('',3,(#6222,#6223,#6224,#6225),
  .UNSPECIFIED.,.F.,.F.,(4,4),(0.,0.653539769096),
  .PIECEWISE_BEZIER_KNOTS.);
#6222 = CARTESIAN_POINT('',(-28.00267096556,-2.903665564149,
    23.346869069102));
#6223 = CARTESIAN_POINT('',(-28.00089040112,-2.980688761087,
    23.564579379401));
#6224 = CARTESIAN_POINT('',(-28.,-3.057732535785,23.782289689701));
#6225 = CARTESIAN_POINT('',(-28.,-3.13477631085,24.));
#6226 = ORIENTED_EDGE('',*,*,#6227,.F.);
#6227 = EDGE_CURVE('',#6193,#6219,#6228,.T.);
#6228 = B_SPLINE_CURVE_WITH_KNOTS('',7,(#6229,#6230,#6231,#6232,#6233,
    #6234,#6235,#6236,#6237,#6238,#6239,#6240,#6241,#6242,#6243,#6244,
    #6245,#6246,#6247,#6248),.UNSPECIFIED.,.F.,.F.,(8,6,6,8),(
    12.079255610085,12.192317835883,13.899430727276,21.072654966893),
  .UNSPECIFIED.);
#6229 = CARTESIAN_POINT('',(-30.92893218813,3.936291501015,
    19.030107234003));
#6230 = CARTESIAN_POINT('',(-30.91659460411,3.923953916991,
    19.035420237437));
#6231 = CARTESIAN_POINT('',(-30.90429751738,3.911606598318,
    19.040769496044));
#6232 = CARTESIAN_POINT('',(-30.89204095576,3.899249802115,
    19.046154914567));
#6233 = CARTESIAN_POINT('',(-30.87982494704,3.886883785496,
    19.051576397746));
#6234 = CARTESIAN_POINT('',(-30.86764951903,3.874508805579,
    19.057033850325));
#6235 = CARTESIAN_POINT('',(-30.85551469953,3.862125119478,
    19.062527177044));
#6236 = CARTESIAN_POINT('',(-30.66081190519,3.662625632187,
    19.151539580309));
#6237 = CARTESIAN_POINT('',(-30.49163956277,3.477913576943,
    19.241097320086));
#6238 = CARTESIAN_POINT('',(-30.32747843954,3.288357345953,
    19.334602047739));
#6239 = CARTESIAN_POINT('',(-30.17472125107,3.100545725393,
    19.433450043857));
#6240 = CARTESIAN_POINT('',(-30.02833079577,2.91049770784,
    19.535491315414));
#6241 = CARTESIAN_POINT('',(-29.89037745476,2.720780555182,
    19.64088766143));
#6242 = CARTESIAN_POINT('',(-29.2086129385,1.72902467997,20.205537084855
    ));
#6243 = CARTESIAN_POINT('',(-28.78035793461,0.911545210976,
    20.718724743725));
#6244 = CARTESIAN_POINT('',(-28.45745613463,9.2325360565E-02,
    21.260254726891));
#6245 = CARTESIAN_POINT('',(-28.22630633559,-0.720198210487,
    21.814447533837));
#6246 = CARTESIAN_POINT('',(-28.07601435453,-1.525229053651,
    22.374746377227));
#6247 = CARTESIAN_POINT('',(-28.,-2.327952620374,22.93987947265));
#6248 = CARTESIAN_POINT('',(-28.,-3.13477631085,23.510123779037));
#6249 = CYLINDRICAL_SURFACE('',#6250,10.);
#6250 = AXIS2_PLACEMENT_3D('',#6251,#6252,#6253);
#6251 = CARTESIAN_POINT('',(-38.,-3.13477631085,0.));
#6252 = DIRECTION('',(-0.,-0.,-1.));
#6253 = DIRECTION('',(1.,0.,0.));
#6254 = ADVANCED_FACE('',(#6255),#6284,.T.);
#6255 = FACE_BOUND('',#6256,.T.);
#6256 = EDGE_LOOP('',(#6257,#6265,#6282,#6283));
#6257 = ORIENTED_EDGE('',*,*,#6258,.T.);
#6258 = EDGE_CURVE('',#6191,#6259,#6261,.T.);
#6259 = VERTEX_POINT('',#6260);
#6260 = CARTESIAN_POINT('',(-30.8467985748,4.371228106773,8.291066901537
    ));
#6261 = LINE('',#6262,#6263);
#6262 = CARTESIAN_POINT('',(-30.88786538147,4.153759803894,
    8.542994346741));
#6263 = VECTOR('',#6264,1.);
#6264 = DIRECTION('',(0.122466748786,0.648519770116,-0.751281573853));
#6265 = ORIENTED_EDGE('',*,*,#6266,.T.);
#6266 = EDGE_CURVE('',#6259,#3355,#6267,.T.);
#6267 = B_SPLINE_CURVE_WITH_KNOTS('',7,(#6268,#6269,#6270,#6271,#6272,
    #6273,#6274,#6275,#6276,#6277,#6278,#6279,#6280,#6281),
  .UNSPECIFIED.,.F.,.F.,(8,6,8),(35.221255291177,35.406653369239,
    43.610801170019),.UNSPECIFIED.);
#6268 = CARTESIAN_POINT('',(-30.8467985748,4.371228106773,8.291066901537
    ));
#6269 = CARTESIAN_POINT('',(-30.82886987807,4.353299410041,
    8.278513092935));
#6270 = CARTESIAN_POINT('',(-30.81091389963,4.335337491787,
    8.265940181476));
#6271 = CARTESIAN_POINT('',(-30.79307406987,4.317515605586,
    8.253448598195));
#6272 = CARTESIAN_POINT('',(-30.77504796898,4.299474188128,
    8.240826586468));
#6273 = CARTESIAN_POINT('',(-30.75708728317,4.281498675669,
    8.228250378873));
#6274 = CARTESIAN_POINT('',(-30.73955333359,4.264022807641,
    8.215972975207));
#6275 = CARTESIAN_POINT('',(-29.9012617809,3.423910576533,7.628994910796
    ));
#6276 = CARTESIAN_POINT('',(-29.18345014014,2.494118371038,
    7.126377788917));
#6277 = CARTESIAN_POINT('',(-28.59119759104,1.468495541485,
    6.711678089512));
#6278 = CARTESIAN_POINT('',(-28.13431710554,0.369923014515,
    6.391766929509));
#6279 = CARTESIAN_POINT('',(-27.82641337814,-0.781249883256,
    6.176170418541));
#6280 = CARTESIAN_POINT('',(-27.67233884802,-1.957987606225,
    6.068286271099));
#6281 = CARTESIAN_POINT('',(-27.67233918228,-3.134776529111,
    6.068286505153));
#6282 = ORIENTED_EDGE('',*,*,#3354,.F.);
#6283 = ORIENTED_EDGE('',*,*,#6200,.F.);
#6284 = B_SPLINE_SURFACE_WITH_KNOTS('',1,7,(
    (#6285,#6286,#6287,#6288,#6289,#6290,#6291,#6292,#6293,#6294,#6295
      ,#6296,#6297,#6298)
    ,(#6299,#6300,#6301,#6302,#6303,#6304,#6305,#6306,#6307,#6308,#6309
      ,#6310,#6311,#6312
    )),.UNSPECIFIED.,.F.,.F.,.F.,(2,2),(8,6,8),(0.,8.389545878843),(
    35.221255291177,35.406653369239,43.610801170019),.UNSPECIFIED.);
#6285 = CARTESIAN_POINT('',(-30.92893218813,3.936291501015,
    8.794921791946));
#6286 = CARTESIAN_POINT('',(-30.9110034914,3.918362804284,8.782367983344
    ));
#6287 = CARTESIAN_POINT('',(-30.89313996849,3.900393991864,
    8.769824836978));
#6288 = CARTESIAN_POINT('',(-30.87527808034,3.882317571835,
    8.757236916313));
#6289 = CARTESIAN_POINT('',(-30.85755068654,3.864274120173,
    8.744718417718));
#6290 = CARTESIAN_POINT('',(-30.83985000704,3.846150922173,
    8.732180601994));
#6291 = CARTESIAN_POINT('',(-30.82201661476,3.827779223905,
    8.719484598273));
#6292 = CARTESIAN_POINT('',(-30.03635258374,3.013743637961,
    8.159948669918));
#6293 = CARTESIAN_POINT('',(-29.3733033997,2.121087047965,7.684805585617
    ));
#6294 = CARTESIAN_POINT('',(-28.8299383029,1.149469319601,7.295298150228
    ));
#6295 = CARTESIAN_POINT('',(-28.41613760432,0.117197827042,
    6.997470788429));
#6296 = CARTESIAN_POINT('',(-28.13879449447,-0.953594841551,
    6.797705228338));
#6297 = CARTESIAN_POINT('',(-28.,-2.044200685129,6.697716862785));
#6298 = CARTESIAN_POINT('',(-28.,-3.13477631085,6.697717079694));
#6299 = CARTESIAN_POINT('',(-30.8467985748,4.371228106773,8.291066901537
    ));
#6300 = CARTESIAN_POINT('',(-30.82886987807,4.353299410041,
    8.278513092935));
#6301 = CARTESIAN_POINT('',(-30.81091389963,4.335337491787,
    8.265940181476));
#6302 = CARTESIAN_POINT('',(-30.79307406987,4.317515605586,
    8.253448598195));
#6303 = CARTESIAN_POINT('',(-30.77504796898,4.299474188128,
    8.240826586468));
#6304 = CARTESIAN_POINT('',(-30.75708728317,4.281498675669,
    8.228250378873));
#6305 = CARTESIAN_POINT('',(-30.73955333359,4.264022807641,
    8.215972975207));
#6306 = CARTESIAN_POINT('',(-29.9012617809,3.423910576533,7.628994910796
    ));
#6307 = CARTESIAN_POINT('',(-29.18345014014,2.494118371038,
    7.126377788917));
#6308 = CARTESIAN_POINT('',(-28.59119759104,1.468495541485,
    6.711678089512));
#6309 = CARTESIAN_POINT('',(-28.13431710554,0.369923014515,
    6.391766929509));
#6310 = CARTESIAN_POINT('',(-27.82641337814,-0.781249883256,
    6.176170418541));
#6311 = CARTESIAN_POINT('',(-27.67233884802,-1.957987606225,
    6.068286271099));
#6312 = CARTESIAN_POINT('',(-27.67233918228,-3.134776529111,
    6.068286505153));
#6313 = ADVANCED_FACE('',(#6314),#6360,.T.);
#6314 = FACE_BOUND('',#6315,.T.);
#6315 = EDGE_LOOP('',(#6316,#6317,#6318,#6326,#6338,#6346,#6359));
#6316 = ORIENTED_EDGE('',*,*,#3403,.T.);
#6317 = ORIENTED_EDGE('',*,*,#6266,.F.);
#6318 = ORIENTED_EDGE('',*,*,#6319,.F.);
#6319 = EDGE_CURVE('',#6320,#6259,#6322,.T.);
#6320 = VERTEX_POINT('',#6321);
#6321 = CARTESIAN_POINT('',(-38.0391208132,11.56355032778,
    13.327185150099));
#6322 = LINE('',#6323,#6324);
#6323 = CARTESIAN_POINT('',(-37.91368585311,11.438115385078,
    13.239354645485));
#6324 = VECTOR('',#6325,1.);
#6325 = DIRECTION('',(0.633687274225,-0.633687274225,-0.44371260628));
#6326 = ORIENTED_EDGE('',*,*,#6327,.F.);
#6327 = EDGE_CURVE('',#6328,#6320,#6330,.T.);
#6328 = VERTEX_POINT('',#6329);
#6329 = CARTESIAN_POINT('',(-38.67233918228,13.25,13.77056942546));
#6330 = B_SPLINE_CURVE_WITH_KNOTS('',6,(#6331,#6332,#6333,#6334,#6335,
    #6336,#6337),.UNSPECIFIED.,.F.,.F.,(7,7),(21.611796272713,
    23.871081749519),.PIECEWISE_BEZIER_KNOTS.);
#6331 = CARTESIAN_POINT('',(-38.67233918228,13.25,13.77056942546));
#6332 = CARTESIAN_POINT('',(-38.67233918228,12.940012579146,
    13.77056942546));
#6333 = CARTESIAN_POINT('',(-38.63204463853,12.622984183907,
    13.742354882178));
#6334 = CARTESIAN_POINT('',(-38.54792059894,12.314195074229,
    13.683450595515));
#6335 = CARTESIAN_POINT('',(-38.42056146654,12.029077457927,
    13.594272770945));
#6336 = CARTESIAN_POINT('',(-38.25134941574,11.775891551288,
    13.475789217417));
#6337 = CARTESIAN_POINT('',(-38.0391208132,11.56355032778,
    13.327185150099));
#6338 = ORIENTED_EDGE('',*,*,#6339,.F.);
#6339 = EDGE_CURVE('',#6340,#6328,#6342,.T.);
#6340 = VERTEX_POINT('',#6341);
#6341 = CARTESIAN_POINT('',(-38.67233918228,20.8,13.77056942546));
#6342 = LINE('',#6343,#6344);
#6343 = CARTESIAN_POINT('',(-38.67233918228,20.8,13.77056942546));
#6344 = VECTOR('',#6345,1.);
#6345 = DIRECTION('',(0.,-1.,2.2E-16));
#6346 = ORIENTED_EDGE('',*,*,#6347,.F.);
#6347 = EDGE_CURVE('',#3498,#6340,#6348,.T.);
#6348 = B_SPLINE_CURVE_WITH_KNOTS('',9,(#6349,#6350,#6351,#6352,#6353,
    #6354,#6355,#6356,#6357,#6358),.UNSPECIFIED.,.F.,.F.,(10,10),(
    12.244840367979,14.061796272713),.PIECEWISE_BEZIER_KNOTS.);
#6349 = CARTESIAN_POINT('',(-38.02859797242,21.600001291388,
    13.31981697766));
#6350 = CARTESIAN_POINT('',(-38.14339309169,21.599645190296,
    13.400197385526));
#6351 = CARTESIAN_POINT('',(-38.25311565228,21.567708819362,
    13.477025949555));
#6352 = CARTESIAN_POINT('',(-38.35830375589,21.50811165709,
    13.550679452639));
#6353 = CARTESIAN_POINT('',(-38.45908733133,21.419715448431,
    13.62124887188));
#6354 = CARTESIAN_POINT('',(-38.54457852166,21.303979514445,
    13.681110447815));
#6355 = CARTESIAN_POINT('',(-38.61099402775,21.173465605475,
    13.727615085821));
#6356 = CARTESIAN_POINT('',(-38.65356168854,21.03677731453,13.7574212828
    ));
#6357 = CARTESIAN_POINT('',(-38.67233918228,20.909000637343,
    13.77056942546));
#6358 = CARTESIAN_POINT('',(-38.67233918228,20.8,13.77056942546));
#6359 = ORIENTED_EDGE('',*,*,#3505,.F.);
#6360 = PLANE('',#6361);
#6361 = AXIS2_PLACEMENT_3D('',#6362,#6363,#6364);
#6362 = CARTESIAN_POINT('',(-28.,22.,6.297717079693));
#6363 = DIRECTION('',(-0.573576436351,-1.8E-16,-0.819152044289));
#6364 = DIRECTION('',(-0.819152044289,1.3E-16,0.573576436351));
#6365 = ADVANCED_FACE('',(#6366),#6377,.T.);
#6366 = FACE_BOUND('',#6367,.T.);
#6367 = EDGE_LOOP('',(#6368,#6374,#6375,#6376));
#6368 = ORIENTED_EDGE('',*,*,#6369,.T.);
#6369 = EDGE_CURVE('',#3458,#5798,#6370,.T.);
#6370 = LINE('',#6371,#6372);
#6371 = CARTESIAN_POINT('',(38.836169591142,20.8,14.08528471273));
#6372 = VECTOR('',#6373,1.);
#6373 = DIRECTION('',(-0.461748613235,-2.E-16,-0.887010833178));
#6374 = ORIENTED_EDGE('',*,*,#5797,.T.);
#6375 = ORIENTED_EDGE('',*,*,#3433,.F.);
#6376 = ORIENTED_EDGE('',*,*,#3457,.F.);
#6377 = B_SPLINE_SURFACE_WITH_KNOTS('',1,9,(
    (#6378,#6379,#6380,#6381,#6382,#6383,#6384,#6385,#6386,#6387)
    ,(#6388,#6389,#6390,#6391,#6392,#6393,#6394,#6395,#6396,#6397
  )),.UNSPECIFIED.,.F.,.F.,.F.,(2,2),(10,10),(0.,1.816955904734),(
    29.549001930167,31.365957834901),.PIECEWISE_BEZIER_KNOTS.);
#6378 = CARTESIAN_POINT('',(39.,20.8,14.4));
#6379 = CARTESIAN_POINT('',(39.,21.026685712456,14.4));
#6380 = CARTESIAN_POINT('',(38.952027819055,21.25910727827,
    14.372837548556));
#6381 = CARTESIAN_POINT('',(38.850215796173,21.480246273231,
    14.319030569437));
#6382 = CARTESIAN_POINT('',(38.706178896864,21.677173829821,
    14.246384248877));
#6383 = CARTESIAN_POINT('',(38.509467483777,21.824507357738,
    14.142974277776));
#6384 = CARTESIAN_POINT('',(38.330377781347,21.910355082709,
    14.017829684193));
#6385 = CARTESIAN_POINT('',(38.154925453124,21.969777549984,
    13.896837325281));
#6386 = CARTESIAN_POINT('',(37.980399659822,22.,13.774377991351));
#6387 = CARTESIAN_POINT('',(37.8,22.,13.648060789653));
#6388 = CARTESIAN_POINT('',(38.672339182284,20.8,13.77056942546));
#6389 = CARTESIAN_POINT('',(38.672339182284,20.909000637343,
    13.77056942546));
#6390 = CARTESIAN_POINT('',(38.653561688553,21.036777314531,
    13.7574212828));
#6391 = CARTESIAN_POINT('',(38.610994027749,21.173465605473,
    13.727615085821));
#6392 = CARTESIAN_POINT('',(38.544578521676,21.303979514448,
    13.681110447816));
#6393 = CARTESIAN_POINT('',(38.459087331324,21.419715448428,
    13.621248871879));
#6394 = CARTESIAN_POINT('',(38.358303755898,21.508111657093,
    13.550679452639));
#6395 = CARTESIAN_POINT('',(38.253115652279,21.567708819361,
    13.477025949555));
#6396 = CARTESIAN_POINT('',(38.1433930917,21.599645190296,
    13.400197385526));
#6397 = CARTESIAN_POINT('',(38.028597972426,21.600001291388,
    13.31981697766));
#6398 = ADVANCED_FACE('',(#6399),#6417,.F.);
#6399 = FACE_BOUND('',#6400,.F.);
#6400 = EDGE_LOOP('',(#6401,#6402,#6410,#6416));
#6401 = ORIENTED_EDGE('',*,*,#3472,.F.);
#6402 = ORIENTED_EDGE('',*,*,#6403,.F.);
#6403 = EDGE_CURVE('',#6404,#3458,#6406,.T.);
#6404 = VERTEX_POINT('',#6405);
#6405 = CARTESIAN_POINT('',(39.,13.25,14.4));
#6406 = LINE('',#6407,#6408);
#6407 = CARTESIAN_POINT('',(39.,13.25,14.4));
#6408 = VECTOR('',#6409,1.);
#6409 = DIRECTION('',(0.,1.,-2.2E-16));
#6410 = ORIENTED_EDGE('',*,*,#6411,.T.);
#6411 = EDGE_CURVE('',#6404,#5523,#6412,.T.);
#6412 = LINE('',#6413,#6414);
#6413 = CARTESIAN_POINT('',(39.,13.25,0.));
#6414 = VECTOR('',#6415,1.);
#6415 = DIRECTION('',(0.,0.,1.));
#6416 = ORIENTED_EDGE('',*,*,#5530,.T.);
#6417 = PLANE('',#6418);
#6418 = AXIS2_PLACEMENT_3D('',#6419,#6420,#6421);
#6419 = CARTESIAN_POINT('',(39.,13.25,0.));
#6420 = DIRECTION('',(-1.,0.,0.));
#6421 = DIRECTION('',(0.,1.,0.));
#6422 = ADVANCED_FACE('',(#6423),#6433,.T.);
#6423 = FACE_BOUND('',#6424,.T.);
#6424 = EDGE_LOOP('',(#6425,#6426,#6427,#6432));
#6425 = ORIENTED_EDGE('',*,*,#3497,.T.);
#6426 = ORIENTED_EDGE('',*,*,#6347,.T.);
#6427 = ORIENTED_EDGE('',*,*,#6428,.F.);
#6428 = EDGE_CURVE('',#3537,#6340,#6429,.T.);
#6429 = B_SPLINE_CURVE_WITH_KNOTS('',1,(#6430,#6431),.UNSPECIFIED.,.F.,
  .F.,(2,2),(0.,1.816955904734),.PIECEWISE_BEZIER_KNOTS.);
#6430 = CARTESIAN_POINT('',(-39.,20.8,14.4));
#6431 = CARTESIAN_POINT('',(-38.67233918228,20.8,13.77056942546));
#6432 = ORIENTED_EDGE('',*,*,#3546,.F.);
#6433 = B_SPLINE_SURFACE_WITH_KNOTS('',1,9,(
    (#6434,#6435,#6436,#6437,#6438,#6439,#6440,#6441,#6442,#6443)
    ,(#6444,#6445,#6446,#6447,#6448,#6449,#6450,#6451,#6452,#6453
  )),.UNSPECIFIED.,.F.,.F.,.F.,(2,2),(10,10),(0.,1.816955904734),(
    12.244840367979,14.061796272713),.PIECEWISE_BEZIER_KNOTS.);
#6434 = CARTESIAN_POINT('',(-37.8,22.,13.648060789653));
#6435 = CARTESIAN_POINT('',(-37.98039965982,22.,13.774377991351));
#6436 = CARTESIAN_POINT('',(-38.15492545312,21.969777549984,
    13.896837325282));
#6437 = CARTESIAN_POINT('',(-38.33037778134,21.910355082708,
    14.017829684192));
#6438 = CARTESIAN_POINT('',(-38.50946748378,21.824507357739,
    14.142974277778));
#6439 = CARTESIAN_POINT('',(-38.70617889686,21.67717382982,
    14.246384248875));
#6440 = CARTESIAN_POINT('',(-38.85021579617,21.480246273233,
    14.319030569438));
#6441 = CARTESIAN_POINT('',(-38.95202781905,21.259107278269,
    14.372837548555));
#6442 = CARTESIAN_POINT('',(-39.,21.026685712456,14.4));
#6443 = CARTESIAN_POINT('',(-39.,20.8,14.4));
#6444 = CARTESIAN_POINT('',(-38.02859797242,21.600001291388,
    13.31981697766));
#6445 = CARTESIAN_POINT('',(-38.14339309169,21.599645190296,
    13.400197385526));
#6446 = CARTESIAN_POINT('',(-38.25311565228,21.567708819362,
    13.477025949555));
#6447 = CARTESIAN_POINT('',(-38.35830375589,21.50811165709,
    13.550679452639));
#6448 = CARTESIAN_POINT('',(-38.45908733133,21.419715448431,
    13.62124887188));
#6449 = CARTESIAN_POINT('',(-38.54457852166,21.303979514445,
    13.681110447815));
#6450 = CARTESIAN_POINT('',(-38.61099402775,21.173465605475,
    13.727615085821));
#6451 = CARTESIAN_POINT('',(-38.65356168854,21.03677731453,13.7574212828
    ));
#6452 = CARTESIAN_POINT('',(-38.67233918228,20.909000637343,
    13.77056942546));
#6453 = CARTESIAN_POINT('',(-38.67233918228,20.8,13.77056942546));
#6454 = ADVANCED_FACE('',(#6455),#6473,.F.);
#6455 = FACE_BOUND('',#6456,.F.);
#6456 = EDGE_LOOP('',(#6457,#6465,#6471,#6472));
#6457 = ORIENTED_EDGE('',*,*,#6458,.F.);
#6458 = EDGE_CURVE('',#6459,#5158,#6461,.T.);
#6459 = VERTEX_POINT('',#6460);
#6460 = CARTESIAN_POINT('',(-39.,13.25,14.4));
#6461 = LINE('',#6462,#6463);
#6462 = CARTESIAN_POINT('',(-39.,13.25,0.));
#6463 = VECTOR('',#6464,1.);
#6464 = DIRECTION('',(0.,0.,1.));
#6465 = ORIENTED_EDGE('',*,*,#6466,.F.);
#6466 = EDGE_CURVE('',#3537,#6459,#6467,.T.);
#6467 = LINE('',#6468,#6469);
#6468 = CARTESIAN_POINT('',(-39.,20.8,14.4));
#6469 = VECTOR('',#6470,1.);
#6470 = DIRECTION('',(0.,-1.,2.2E-16));
#6471 = ORIENTED_EDGE('',*,*,#3536,.T.);
#6472 = ORIENTED_EDGE('',*,*,#5157,.T.);
#6473 = PLANE('',#6474);
#6474 = AXIS2_PLACEMENT_3D('',#6475,#6476,#6477);
#6475 = CARTESIAN_POINT('',(-39.,20.8,0.));
#6476 = DIRECTION('',(1.,0.,0.));
#6477 = DIRECTION('',(0.,-1.,0.));
#6478 = ADVANCED_FACE('',(#6479,#6531),#6534,.F.);
#6479 = FACE_BOUND('',#6480,.F.);
#6480 = EDGE_LOOP('',(#6481,#6492,#6501,#6513,#6521));
#6481 = ORIENTED_EDGE('',*,*,#6482,.F.);
#6482 = EDGE_CURVE('',#6483,#6485,#6487,.T.);
#6483 = VERTEX_POINT('',#6484);
#6484 = CARTESIAN_POINT('',(-28.,11.,24.));
#6485 = VERTEX_POINT('',#6486);
#6486 = CARTESIAN_POINT('',(-37.5624431238,11.,26.045510386686));
#6487 = CIRCLE('',#6488,5.);
#6488 = AXIS2_PLACEMENT_3D('',#6489,#6490,#6491);
#6489 = CARTESIAN_POINT('',(-33.,11.,24.));
#6490 = DIRECTION('',(0.,-1.,0.));
#6491 = DIRECTION('',(1.,0.,0.));
#6492 = ORIENTED_EDGE('',*,*,#6493,.F.);
#6493 = EDGE_CURVE('',#6494,#6483,#6496,.T.);
#6494 = VERTEX_POINT('',#6495);
#6495 = CARTESIAN_POINT('',(-37.5624431238,11.,21.954489613313));
#6496 = CIRCLE('',#6497,5.);
#6497 = AXIS2_PLACEMENT_3D('',#6498,#6499,#6500);
#6498 = CARTESIAN_POINT('',(-33.,11.,24.));
#6499 = DIRECTION('',(0.,-1.,0.));
#6500 = DIRECTION('',(1.,0.,0.));
#6501 = ORIENTED_EDGE('',*,*,#6502,.F.);
#6502 = EDGE_CURVE('',#6503,#6494,#6505,.T.);
#6503 = VERTEX_POINT('',#6504);
#6504 = CARTESIAN_POINT('',(-37.99264068711,11.,22.22856403906));
#6505 = B_SPLINE_CURVE_WITH_KNOTS('',6,(#6506,#6507,#6508,#6509,#6510,
    #6511,#6512),.UNSPECIFIED.,.F.,.F.,(7,7),(0.,1.),
  .PIECEWISE_BEZIER_KNOTS.);
#6506 = CARTESIAN_POINT('',(-37.99264068711,11.,22.22856403906));
#6507 = CARTESIAN_POINT('',(-37.92242501261,11.,22.176047507758));
#6508 = CARTESIAN_POINT('',(-37.85161845915,11.,22.126665943122));
#6509 = CARTESIAN_POINT('',(-37.78021925715,11.,22.080043081202));
#6510 = CARTESIAN_POINT('',(-37.70822535726,11.,22.035929219428));
#6511 = CARTESIAN_POINT('',(-37.63563461644,11.,21.994128061266));
#6512 = CARTESIAN_POINT('',(-37.5624448051,11.,21.954486687293));
#6513 = ORIENTED_EDGE('',*,*,#6514,.F.);
#6514 = EDGE_CURVE('',#6515,#6503,#6517,.T.);
#6515 = VERTEX_POINT('',#6516);
#6516 = CARTESIAN_POINT('',(-37.99264068711,11.,25.771435960747));
#6517 = LINE('',#6518,#6519);
#6518 = CARTESIAN_POINT('',(-37.99264068711,11.,12.));
#6519 = VECTOR('',#6520,1.);
#6520 = DIRECTION('',(-0.,-0.,-1.));
#6521 = ORIENTED_EDGE('',*,*,#6522,.T.);
#6522 = EDGE_CURVE('',#6515,#6485,#6523,.T.);
#6523 = B_SPLINE_CURVE_WITH_KNOTS('',6,(#6524,#6525,#6526,#6527,#6528,
    #6529,#6530),.UNSPECIFIED.,.F.,.F.,(7,7),(0.,1.),
  .PIECEWISE_BEZIER_KNOTS.);
#6524 = CARTESIAN_POINT('',(-37.99264068711,11.,25.771435960747));
#6525 = CARTESIAN_POINT('',(-37.92242501555,11.,25.823952489845));
#6526 = CARTESIAN_POINT('',(-37.85161846342,11.,25.873334053793));
#6527 = CARTESIAN_POINT('',(-37.78021926152,11.,25.9199569159));
#6528 = CARTESIAN_POINT('',(-37.70822536077,11.,25.964070778403));
#6529 = CARTESIAN_POINT('',(-37.63563461834,11.,26.005871937611));
#6530 = CARTESIAN_POINT('',(-37.56244480477,11.,26.045513312809));
#6531 = FACE_BOUND('',#6532,.F.);
#6532 = EDGE_LOOP('',(#6533));
#6533 = ORIENTED_EDGE('',*,*,#3609,.F.);
#6534 = PLANE('',#6535);
#6535 = AXIS2_PLACEMENT_3D('',#6536,#6537,#6538);
#6536 = CARTESIAN_POINT('',(0.,11.,24.));
#6537 = DIRECTION('',(0.,1.,0.));
#6538 = DIRECTION('',(0.,0.,1.));
#6539 = ADVANCED_FACE('',(#6540),#6565,.F.);
#6540 = FACE_BOUND('',#6541,.T.);
#6541 = EDGE_LOOP('',(#6542,#6550,#6551,#6559));
#6542 = ORIENTED_EDGE('',*,*,#6543,.F.);
#6543 = EDGE_CURVE('',#3625,#6544,#6546,.T.);
#6544 = VERTEX_POINT('',#6545);
#6545 = CARTESIAN_POINT('',(15.1,23.,26.15));
#6546 = LINE('',#6547,#6548);
#6547 = CARTESIAN_POINT('',(10.366666666667,27.733333333333,
    21.416666666667));
#6548 = VECTOR('',#6549,1.);
#6549 = DIRECTION('',(-0.57735026919,0.57735026919,-0.57735026919));
#6550 = ORIENTED_EDGE('',*,*,#3632,.T.);
#6551 = ORIENTED_EDGE('',*,*,#6552,.T.);
#6552 = EDGE_CURVE('',#3633,#6553,#6555,.T.);
#6553 = VERTEX_POINT('',#6554);
#6554 = CARTESIAN_POINT('',(15.1,23.,21.85));
#6555 = LINE('',#6556,#6557);
#6556 = CARTESIAN_POINT('',(14.683333333333,23.416666666667,
    22.266666666667));
#6557 = VECTOR('',#6558,1.);
#6558 = DIRECTION('',(-0.57735026919,0.57735026919,0.57735026919));
#6559 = ORIENTED_EDGE('',*,*,#6560,.F.);
#6560 = EDGE_CURVE('',#6544,#6553,#6561,.T.);
#6561 = LINE('',#6562,#6563);
#6562 = CARTESIAN_POINT('',(15.1,23.,27.05));
#6563 = VECTOR('',#6564,1.);
#6564 = DIRECTION('',(0.,-2.2E-16,-1.));
#6565 = PLANE('',#6566);
#6566 = AXIS2_PLACEMENT_3D('',#6567,#6568,#6569);
#6567 = CARTESIAN_POINT('',(15.55,22.55,27.05));
#6568 = DIRECTION('',(-0.707106781187,-0.707106781187,2.5E-16));
#6569 = DIRECTION('',(6.677669529664E-17,2.867766952966E-16,1.));
#6570 = ADVANCED_FACE('',(#6571),#6589,.F.);
#6571 = FACE_BOUND('',#6572,.T.);
#6572 = EDGE_LOOP('',(#6573,#6581,#6582,#6583));
#6573 = ORIENTED_EDGE('',*,*,#6574,.F.);
#6574 = EDGE_CURVE('',#3656,#6575,#6577,.T.);
#6575 = VERTEX_POINT('',#6576);
#6576 = CARTESIAN_POINT('',(-15.1,23.,26.15));
#6577 = LINE('',#6578,#6579);
#6578 = CARTESIAN_POINT('',(-14.68333333333,23.416666666667,
    25.733333333333));
#6579 = VECTOR('',#6580,1.);
#6580 = DIRECTION('',(0.57735026919,0.57735026919,-0.57735026919));
#6581 = ORIENTED_EDGE('',*,*,#3663,.T.);
#6582 = ORIENTED_EDGE('',*,*,#6543,.T.);
#6583 = ORIENTED_EDGE('',*,*,#6584,.F.);
#6584 = EDGE_CURVE('',#6575,#6544,#6585,.T.);
#6585 = LINE('',#6586,#6587);
#6586 = CARTESIAN_POINT('',(-16.,23.,26.15));
#6587 = VECTOR('',#6588,1.);
#6588 = DIRECTION('',(1.,0.,0.));
#6589 = PLANE('',#6590);
#6590 = AXIS2_PLACEMENT_3D('',#6591,#6592,#6593);
#6591 = CARTESIAN_POINT('',(-16.,22.55,26.6));
#6592 = DIRECTION('',(0.,-0.707106781187,-0.707106781187));
#6593 = DIRECTION('',(-1.,-0.,-0.));
#6594 = ADVANCED_FACE('',(#6595),#6613,.F.);
#6595 = FACE_BOUND('',#6596,.T.);
#6596 = EDGE_LOOP('',(#6597,#6598,#6599,#6607));
#6597 = ORIENTED_EDGE('',*,*,#6552,.F.);
#6598 = ORIENTED_EDGE('',*,*,#3680,.T.);
#6599 = ORIENTED_EDGE('',*,*,#6600,.T.);
#6600 = EDGE_CURVE('',#3681,#6601,#6603,.T.);
#6601 = VERTEX_POINT('',#6602);
#6602 = CARTESIAN_POINT('',(-15.1,23.,21.85));
#6603 = LINE('',#6604,#6605);
#6604 = CARTESIAN_POINT('',(-10.36666666666,27.733333333333,
    26.583333333333));
#6605 = VECTOR('',#6606,1.);
#6606 = DIRECTION('',(0.57735026919,0.57735026919,0.57735026919));
#6607 = ORIENTED_EDGE('',*,*,#6608,.F.);
#6608 = EDGE_CURVE('',#6553,#6601,#6609,.T.);
#6609 = LINE('',#6610,#6611);
#6610 = CARTESIAN_POINT('',(16.,23.,21.85));
#6611 = VECTOR('',#6612,1.);
#6612 = DIRECTION('',(-1.,0.,0.));
#6613 = PLANE('',#6614);
#6614 = AXIS2_PLACEMENT_3D('',#6615,#6616,#6617);
#6615 = CARTESIAN_POINT('',(16.,22.55,21.4));
#6616 = DIRECTION('',(0.,-0.707106781187,0.707106781187));
#6617 = DIRECTION('',(1.,0.,0.));
#6618 = ADVANCED_FACE('',(#6619),#6630,.F.);
#6619 = FACE_BOUND('',#6620,.T.);
#6620 = EDGE_LOOP('',(#6621,#6622,#6623,#6624));
#6621 = ORIENTED_EDGE('',*,*,#6600,.F.);
#6622 = ORIENTED_EDGE('',*,*,#3704,.T.);
#6623 = ORIENTED_EDGE('',*,*,#6574,.T.);
#6624 = ORIENTED_EDGE('',*,*,#6625,.F.);
#6625 = EDGE_CURVE('',#6601,#6575,#6626,.T.);
#6626 = LINE('',#6627,#6628);
#6627 = CARTESIAN_POINT('',(-15.1,23.,20.95));
#6628 = VECTOR('',#6629,1.);
#6629 = DIRECTION('',(0.,2.2E-16,1.));
#6630 = PLANE('',#6631);
#6631 = AXIS2_PLACEMENT_3D('',#6632,#6633,#6634);
#6632 = CARTESIAN_POINT('',(-15.55,22.55,20.95));
#6633 = DIRECTION('',(0.707106781187,-0.707106781187,2.5E-16));
#6634 = DIRECTION('',(6.677669529664E-17,-2.867766952966E-16,-1.));
#6635 = ADVANCED_FACE('',(#6636,#6679),#6682,.F.);
#6636 = FACE_BOUND('',#6637,.F.);
#6637 = EDGE_LOOP('',(#6638,#6649,#6661,#6669));
#6638 = ORIENTED_EDGE('',*,*,#6639,.F.);
#6639 = EDGE_CURVE('',#6640,#6642,#6644,.T.);
#6640 = VERTEX_POINT('',#6641);
#6641 = CARTESIAN_POINT('',(37.562442140875,11.,26.045512579079));
#6642 = VERTEX_POINT('',#6643);
#6643 = CARTESIAN_POINT('',(37.562443123805,11.,21.954489613314));
#6644 = CIRCLE('',#6645,5.);
#6645 = AXIS2_PLACEMENT_3D('',#6646,#6647,#6648);
#6646 = CARTESIAN_POINT('',(33.,11.,24.));
#6647 = DIRECTION('',(0.,-1.,0.));
#6648 = DIRECTION('',(1.,0.,0.));
#6649 = ORIENTED_EDGE('',*,*,#6650,.F.);
#6650 = EDGE_CURVE('',#6651,#6640,#6653,.T.);
#6651 = VERTEX_POINT('',#6652);
#6652 = CARTESIAN_POINT('',(37.992640687119,11.,25.771438225047));
#6653 = B_SPLINE_CURVE_WITH_KNOTS('',6,(#6654,#6655,#6656,#6657,#6658,
    #6659,#6660),.UNSPECIFIED.,.F.,.F.,(7,7),(0.,1.),
  .PIECEWISE_BEZIER_KNOTS.);
#6654 = CARTESIAN_POINT('',(37.992640687119,11.,25.771438225047));
#6655 = CARTESIAN_POINT('',(37.922424931783,11.,25.82395479846));
#6656 = CARTESIAN_POINT('',(37.851618263964,11.,25.873336385913));
#6657 = CARTESIAN_POINT('',(37.780218912345,11.,25.919959261135));
#6658 = CARTESIAN_POINT('',(37.708224827451,11.,25.964073129423));
#6659 = CARTESIAN_POINT('',(37.635633868727,11.,26.005874284152));
#6660 = CARTESIAN_POINT('',(37.562443809792,11.,26.045515641865));
#6661 = ORIENTED_EDGE('',*,*,#6662,.F.);
#6662 = EDGE_CURVE('',#6663,#6651,#6665,.T.);
#6663 = VERTEX_POINT('',#6664);
#6664 = CARTESIAN_POINT('',(37.992640687119,11.,22.228564039461));
#6665 = LINE('',#6666,#6667);
#6666 = CARTESIAN_POINT('',(37.992640687119,11.,12.));
#6667 = VECTOR('',#6668,1.);
#6668 = DIRECTION('',(0.,0.,1.));
#6669 = ORIENTED_EDGE('',*,*,#6670,.T.);
#6670 = EDGE_CURVE('',#6663,#6642,#6671,.T.);
#6671 = B_SPLINE_CURVE_WITH_KNOTS('',6,(#6672,#6673,#6674,#6675,#6676,
    #6677,#6678),.UNSPECIFIED.,.F.,.F.,(7,7),(0.,1.),
  .PIECEWISE_BEZIER_KNOTS.);
#6672 = CARTESIAN_POINT('',(37.992640687119,11.,22.228564039461));
#6673 = CARTESIAN_POINT('',(37.92242501601,11.,22.176047510711));
#6674 = CARTESIAN_POINT('',(37.851618464082,11.,22.126665946862));
#6675 = CARTESIAN_POINT('',(37.780219262187,11.,22.080043084709));
#6676 = CARTESIAN_POINT('',(37.708225361302,11.,22.03592922207));
#6677 = CARTESIAN_POINT('',(37.635634618607,11.,21.994128062675));
#6678 = CARTESIAN_POINT('',(37.562444804689,11.,21.954486687263));
#6679 = FACE_BOUND('',#6680,.F.);
#6680 = EDGE_LOOP('',(#6681));
#6681 = ORIENTED_EDGE('',*,*,#3730,.F.);
#6682 = PLANE('',#6683);
#6683 = AXIS2_PLACEMENT_3D('',#6684,#6685,#6686);
#6684 = CARTESIAN_POINT('',(0.,11.,24.));
#6685 = DIRECTION('',(0.,1.,0.));
#6686 = DIRECTION('',(0.,0.,1.));
#6687 = ADVANCED_FACE('',(#6688),#6707,.F.);
#6688 = FACE_BOUND('',#6689,.F.);
#6689 = EDGE_LOOP('',(#6690,#6698,#6699,#6700));
#6690 = ORIENTED_EDGE('',*,*,#6691,.F.);
#6691 = EDGE_CURVE('',#4147,#6692,#6694,.T.);
#6692 = VERTEX_POINT('',#6693);
#6693 = CARTESIAN_POINT('',(-13.8,-15.5,0.4));
#6694 = LINE('',#6695,#6696);
#6695 = CARTESIAN_POINT('',(-13.8,-15.5,34.));
#6696 = VECTOR('',#6697,1.);
#6697 = DIRECTION('',(-0.,-0.,-1.));
#6698 = ORIENTED_EDGE('',*,*,#4146,.F.);
#6699 = ORIENTED_EDGE('',*,*,#6691,.T.);
#6700 = ORIENTED_EDGE('',*,*,#6701,.T.);
#6701 = EDGE_CURVE('',#6692,#6692,#6702,.T.);
#6702 = CIRCLE('',#6703,1.7);
#6703 = AXIS2_PLACEMENT_3D('',#6704,#6705,#6706);
#6704 = CARTESIAN_POINT('',(-15.5,-15.5,0.4));
#6705 = DIRECTION('',(0.,0.,1.));
#6706 = DIRECTION('',(1.,0.,0.));
#6707 = CYLINDRICAL_SURFACE('',#6708,1.7);
#6708 = AXIS2_PLACEMENT_3D('',#6709,#6710,#6711);
#6709 = CARTESIAN_POINT('',(-15.5,-15.5,34.));
#6710 = DIRECTION('',(0.,0.,1.));
#6711 = DIRECTION('',(1.,0.,0.));
#6712 = ADVANCED_FACE('',(#6713,#6716),#6727,.T.);
#6713 = FACE_BOUND('',#6714,.T.);
#6714 = EDGE_LOOP('',(#6715));
#6715 = ORIENTED_EDGE('',*,*,#4370,.T.);
#6716 = FACE_BOUND('',#6717,.T.);
#6717 = EDGE_LOOP('',(#6718));
#6718 = ORIENTED_EDGE('',*,*,#6719,.F.);
#6719 = EDGE_CURVE('',#6720,#6720,#6722,.T.);
#6720 = VERTEX_POINT('',#6721);
#6721 = CARTESIAN_POINT('',(1.7,-16.1,29.));
#6722 = CIRCLE('',#6723,1.7);
#6723 = AXIS2_PLACEMENT_3D('',#6724,#6725,#6726);
#6724 = CARTESIAN_POINT('',(0.,-16.1,29.));
#6725 = DIRECTION('',(0.,0.,1.));
#6726 = DIRECTION('',(1.,0.,0.));
#6727 = PLANE('',#6728);
#6728 = AXIS2_PLACEMENT_3D('',#6729,#6730,#6731);
#6729 = CARTESIAN_POINT('',(-1.5E-16,-16.1,29.));
#6730 = DIRECTION('',(0.,0.,1.));
#6731 = DIRECTION('',(1.,0.,0.));
#6732 = ADVANCED_FACE('',(#6733),#6752,.F.);
#6733 = FACE_BOUND('',#6734,.F.);
#6734 = EDGE_LOOP('',(#6735,#6743,#6744,#6745));
#6735 = ORIENTED_EDGE('',*,*,#6736,.F.);
#6736 = EDGE_CURVE('',#4590,#6737,#6739,.T.);
#6737 = VERTEX_POINT('',#6738);
#6738 = CARTESIAN_POINT('',(17.2,-15.5,0.4));
#6739 = LINE('',#6740,#6741);
#6740 = CARTESIAN_POINT('',(17.2,-15.5,34.));
#6741 = VECTOR('',#6742,1.);
#6742 = DIRECTION('',(-0.,-0.,-1.));
#6743 = ORIENTED_EDGE('',*,*,#4589,.F.);
#6744 = ORIENTED_EDGE('',*,*,#6736,.T.);
#6745 = ORIENTED_EDGE('',*,*,#6746,.T.);
#6746 = EDGE_CURVE('',#6737,#6737,#6747,.T.);
#6747 = CIRCLE('',#6748,1.7);
#6748 = AXIS2_PLACEMENT_3D('',#6749,#6750,#6751);
#6749 = CARTESIAN_POINT('',(15.5,-15.5,0.4));
#6750 = DIRECTION('',(0.,0.,1.));
#6751 = DIRECTION('',(1.,0.,0.));
#6752 = CYLINDRICAL_SURFACE('',#6753,1.7);
#6753 = AXIS2_PLACEMENT_3D('',#6754,#6755,#6756);
#6754 = CARTESIAN_POINT('',(15.5,-15.5,34.));
#6755 = DIRECTION('',(0.,0.,1.));
#6756 = DIRECTION('',(1.,0.,0.));
#6757 = ADVANCED_FACE('',(#6758),#6761,.T.);
#6758 = FACE_BOUND('',#6759,.T.);
#6759 = EDGE_LOOP('',(#6760));
#6760 = ORIENTED_EDGE('',*,*,#4815,.T.);
#6761 = PLANE('',#6762);
#6762 = AXIS2_PLACEMENT_3D('',#6763,#6764,#6765);
#6763 = CARTESIAN_POINT('',(-6.8E-16,0.,35.4));
#6764 = DIRECTION('',(0.,0.,1.));
#6765 = DIRECTION('',(1.,0.,0.));
#6766 = ADVANCED_FACE('',(#6767),#6786,.F.);
#6767 = FACE_BOUND('',#6768,.F.);
#6768 = EDGE_LOOP('',(#6769,#6777,#6778,#6779));
#6769 = ORIENTED_EDGE('',*,*,#6770,.F.);
#6770 = EDGE_CURVE('',#4834,#6771,#6773,.T.);
#6771 = VERTEX_POINT('',#6772);
#6772 = CARTESIAN_POINT('',(-13.8,15.5,0.4));
#6773 = LINE('',#6774,#6775);
#6774 = CARTESIAN_POINT('',(-13.8,15.5,34.));
#6775 = VECTOR('',#6776,1.);
#6776 = DIRECTION('',(-0.,-0.,-1.));
#6777 = ORIENTED_EDGE('',*,*,#4833,.F.);
#6778 = ORIENTED_EDGE('',*,*,#6770,.T.);
#6779 = ORIENTED_EDGE('',*,*,#6780,.T.);
#6780 = EDGE_CURVE('',#6771,#6771,#6781,.T.);
#6781 = CIRCLE('',#6782,1.7);
#6782 = AXIS2_PLACEMENT_3D('',#6783,#6784,#6785);
#6783 = CARTESIAN_POINT('',(-15.5,15.5,0.4));
#6784 = DIRECTION('',(-0.,0.,1.));
#6785 = DIRECTION('',(1.,-1.04E-15,0.));
#6786 = CYLINDRICAL_SURFACE('',#6787,1.7);
#6787 = AXIS2_PLACEMENT_3D('',#6788,#6789,#6790);
#6788 = CARTESIAN_POINT('',(-15.5,15.5,34.));
#6789 = DIRECTION('',(0.,0.,1.));
#6790 = DIRECTION('',(1.,0.,0.));
#6791 = ADVANCED_FACE('',(#6792),#6795,.T.);
#6792 = FACE_BOUND('',#6793,.T.);
#6793 = EDGE_LOOP('',(#6794));
#6794 = ORIENTED_EDGE('',*,*,#4885,.T.);
#6795 = PLANE('',#6796);
#6796 = AXIS2_PLACEMENT_3D('',#6797,#6798,#6799);
#6797 = CARTESIAN_POINT('',(-6.8E-16,0.,35.4));
#6798 = DIRECTION('',(0.,0.,1.));
#6799 = DIRECTION('',(1.,0.,0.));
#6800 = ADVANCED_FACE('',(#6801),#6820,.F.);
#6801 = FACE_BOUND('',#6802,.F.);
#6802 = EDGE_LOOP('',(#6803,#6811,#6812,#6813));
#6803 = ORIENTED_EDGE('',*,*,#6804,.F.);
#6804 = EDGE_CURVE('',#5103,#6805,#6807,.T.);
#6805 = VERTEX_POINT('',#6806);
#6806 = CARTESIAN_POINT('',(17.2,15.5,0.4));
#6807 = LINE('',#6808,#6809);
#6808 = CARTESIAN_POINT('',(17.2,15.5,34.));
#6809 = VECTOR('',#6810,1.);
#6810 = DIRECTION('',(-0.,-0.,-1.));
#6811 = ORIENTED_EDGE('',*,*,#5102,.F.);
#6812 = ORIENTED_EDGE('',*,*,#6804,.T.);
#6813 = ORIENTED_EDGE('',*,*,#6814,.T.);
#6814 = EDGE_CURVE('',#6805,#6805,#6815,.T.);
#6815 = CIRCLE('',#6816,1.7);
#6816 = AXIS2_PLACEMENT_3D('',#6817,#6818,#6819);
#6817 = CARTESIAN_POINT('',(15.5,15.5,0.4));
#6818 = DIRECTION('',(-0.,0.,1.));
#6819 = DIRECTION('',(1.,-1.04E-15,0.));
#6820 = CYLINDRICAL_SURFACE('',#6821,1.7);
#6821 = AXIS2_PLACEMENT_3D('',#6822,#6823,#6824);
#6822 = CARTESIAN_POINT('',(15.5,15.5,34.));
#6823 = DIRECTION('',(0.,0.,1.));
#6824 = DIRECTION('',(1.,0.,0.));
#6825 = ADVANCED_FACE('',(#6826),#6845,.F.);
#6826 = FACE_BOUND('',#6827,.T.);
#6827 = EDGE_LOOP('',(#6828,#6836,#6837,#6838));
#6828 = ORIENTED_EDGE('',*,*,#6829,.F.);
#6829 = EDGE_CURVE('',#5120,#6830,#6832,.T.);
#6830 = VERTEX_POINT('',#6831);
#6831 = CARTESIAN_POINT('',(0.9,16.1,32.81));
#6832 = LINE('',#6833,#6834);
#6833 = CARTESIAN_POINT('',(0.9,16.1,32.81));
#6834 = VECTOR('',#6835,1.);
#6835 = DIRECTION('',(-0.707106781187,-0.,-0.707106781187));
#6836 = ORIENTED_EDGE('',*,*,#5119,.T.);
#6837 = ORIENTED_EDGE('',*,*,#6829,.T.);
#6838 = ORIENTED_EDGE('',*,*,#6839,.F.);
#6839 = EDGE_CURVE('',#6830,#6830,#6840,.T.);
#6840 = CIRCLE('',#6841,0.9);
#6841 = AXIS2_PLACEMENT_3D('',#6842,#6843,#6844);
#6842 = CARTESIAN_POINT('',(0.,16.1,32.81));
#6843 = DIRECTION('',(0.,0.,1.));
#6844 = DIRECTION('',(1.,0.,-0.));
#6845 = CONICAL_SURFACE('',#6846,0.9,0.785398163397);
#6846 = AXIS2_PLACEMENT_3D('',#6847,#6848,#6849);
#6847 = CARTESIAN_POINT('',(0.,16.1,32.81));
#6848 = DIRECTION('',(0.,0.,1.));
#6849 = DIRECTION('',(1.,0.,0.));
#6850 = ADVANCED_FACE('',(#6851),#6873,.T.);
#6851 = FACE_BOUND('',#6852,.F.);
#6852 = EDGE_LOOP('',(#6853,#6861,#6871,#6872));
#6853 = ORIENTED_EDGE('',*,*,#6854,.F.);
#6854 = EDGE_CURVE('',#6855,#5182,#6857,.T.);
#6855 = VERTEX_POINT('',#6856);
#6856 = CARTESIAN_POINT('',(-38.12132034356,11.12867965644,
    13.831086196105));
#6857 = LINE('',#6858,#6859);
#6858 = CARTESIAN_POINT('',(-38.12132034356,11.12867965644,0.));
#6859 = VECTOR('',#6860,1.);
#6860 = DIRECTION('',(0.,0.,1.));
#6861 = ORIENTED_EDGE('',*,*,#6862,.F.);
#6862 = EDGE_CURVE('',#6459,#6855,#6863,.T.);
#6863 = B_SPLINE_CURVE_WITH_KNOTS('',6,(#6864,#6865,#6866,#6867,#6868,
    #6869,#6870),.UNSPECIFIED.,.F.,.F.,(7,7),(21.611796272713,
    23.871081749519),.PIECEWISE_BEZIER_KNOTS.);
#6864 = CARTESIAN_POINT('',(-39.,13.25,14.4));
#6865 = CARTESIAN_POINT('',(-39.,12.856709418773,14.4));
#6866 = CARTESIAN_POINT('',(-38.93831563671,12.454901962676,
    14.364063819664));
#6867 = CARTESIAN_POINT('',(-38.80866151217,12.063260865996,
    14.290155506646));
#6868 = CARTESIAN_POINT('',(-38.62026025566,11.710098034909,
    14.17206729447));
#6869 = CARTESIAN_POINT('',(-38.39110874896,11.398474862679,
    14.019946344581));
#6870 = CARTESIAN_POINT('',(-38.12134708153,11.128706394751,
    13.831104915878));
#6871 = ORIENTED_EDGE('',*,*,#6458,.T.);
#6872 = ORIENTED_EDGE('',*,*,#5181,.T.);
#6873 = CYLINDRICAL_SURFACE('',#6874,3.);
#6874 = AXIS2_PLACEMENT_3D('',#6875,#6876,#6877);
#6875 = CARTESIAN_POINT('',(-36.,13.25,0.));
#6876 = DIRECTION('',(-0.,-0.,-1.));
#6877 = DIRECTION('',(1.,0.,0.));
#6878 = ADVANCED_FACE('',(#6879),#6918,.F.);
#6879 = FACE_BOUND('',#6880,.F.);
#6880 = EDGE_LOOP('',(#6881,#6882,#6883,#6884,#6897,#6898,#6911,#6912));
#6881 = ORIENTED_EDGE('',*,*,#6854,.T.);
#6882 = ORIENTED_EDGE('',*,*,#5206,.T.);
#6883 = ORIENTED_EDGE('',*,*,#6140,.F.);
#6884 = ORIENTED_EDGE('',*,*,#6885,.T.);
#6885 = EDGE_CURVE('',#6141,#6515,#6886,.T.);
#6886 = B_SPLINE_CURVE_WITH_KNOTS('',9,(#6887,#6888,#6889,#6890,#6891,
    #6892,#6893,#6894,#6895,#6896),.UNSPECIFIED.,.F.,.F.,(10,10),(
    9.290323622977,20.188347374935),.PIECEWISE_BEZIER_KNOTS.);
#6887 = CARTESIAN_POINT('',(-30.92893218813,3.936291501015,
    28.969892782431));
#6888 = CARTESIAN_POINT('',(-31.85417020756,4.861529520444,
    29.368333422284));
#6889 = CARTESIAN_POINT('',(-32.86198074907,5.869340061954,
    29.570255254975));
#6890 = CARTESIAN_POINT('',(-33.90528429305,6.912643605934,
    29.545841524215));
#6891 = CARTESIAN_POINT('',(-34.92886227433,7.93622158721,29.29735011761
    ));
#6892 = CARTESIAN_POINT('',(-35.88450126414,8.891860577034,
    28.826195779541));
#6893 = CARTESIAN_POINT('',(-36.71381365194,9.721172964823,
    28.161642857959));
#6894 = CARTESIAN_POINT('',(-37.3890500162,10.396409329083,
    27.330582578987));
#6895 = CARTESIAN_POINT('',(-37.86585923173,10.873218544613,
    26.365018106465));
#6896 = CARTESIAN_POINT('',(-38.12132034356,11.12867965644,
    25.33015199917));
#6897 = ORIENTED_EDGE('',*,*,#6514,.T.);
#6898 = ORIENTED_EDGE('',*,*,#6899,.T.);
#6899 = EDGE_CURVE('',#6503,#6193,#6900,.T.);
#6900 = B_SPLINE_CURVE_WITH_KNOTS('',9,(#6901,#6902,#6903,#6904,#6905,
    #6906,#6907,#6908,#6909,#6910),.UNSPECIFIED.,.F.,.F.,(10,10),(
    1.177783899589,12.079255610085),.PIECEWISE_BEZIER_KNOTS.);
#6901 = CARTESIAN_POINT('',(-38.12132034356,11.12867965644,
    22.669848000827));
#6902 = CARTESIAN_POINT('',(-37.86585923206,10.873218544949,
    21.634981894893));
#6903 = CARTESIAN_POINT('',(-37.38905001828,10.396409331167,
    20.669417420054));
#6904 = CARTESIAN_POINT('',(-36.71381365088,9.721172963769,
    19.838357161555));
#6905 = CARTESIAN_POINT('',(-35.88450127574,8.891860588625,
    19.173804188537));
#6906 = CARTESIAN_POINT('',(-34.92886227573,7.936221588623,
    18.702649927865));
#6907 = CARTESIAN_POINT('',(-33.90528428544,6.912643598324,
    18.454158460446));
#6908 = CARTESIAN_POINT('',(-32.86198080826,5.869340121143,
    18.429744676639));
#6909 = CARTESIAN_POINT('',(-31.85416974932,4.861529062201,
    18.631666961588));
#6910 = CARTESIAN_POINT('',(-30.92893218813,3.936291501015,
    19.030107234003));
#6911 = ORIENTED_EDGE('',*,*,#6190,.F.);
#6912 = ORIENTED_EDGE('',*,*,#6913,.F.);
#6913 = EDGE_CURVE('',#6855,#6191,#6914,.T.);
#6914 = LINE('',#6915,#6916);
#6915 = CARTESIAN_POINT('',(-37.99581946644,11.003178779321,
    13.743209535894));
#6916 = VECTOR('',#6917,1.);
#6917 = DIRECTION('',(0.633687274225,-0.633687274225,-0.44371260628));
#6918 = PLANE('',#6919);
#6919 = AXIS2_PLACEMENT_3D('',#6920,#6921,#6922);
#6920 = CARTESIAN_POINT('',(-38.12132034356,11.12867965644,0.));
#6921 = DIRECTION('',(0.707106781187,0.707106781187,0.));
#6922 = DIRECTION('',(0.707106781187,-0.707106781187,0.));
#6923 = ADVANCED_FACE('',(#6924),#6942,.F.);
#6924 = FACE_BOUND('',#6925,.F.);
#6925 = EDGE_LOOP('',(#6926,#6927,#6928,#6936));
#6926 = ORIENTED_EDGE('',*,*,#6117,.T.);
#6927 = ORIENTED_EDGE('',*,*,#5295,.T.);
#6928 = ORIENTED_EDGE('',*,*,#6929,.F.);
#6929 = EDGE_CURVE('',#6930,#5296,#6932,.T.);
#6930 = VERTEX_POINT('',#6931);
#6931 = CARTESIAN_POINT('',(-24.87132034356,-32.12132034356,0.4));
#6932 = LINE('',#6933,#6934);
#6933 = CARTESIAN_POINT('',(-24.87132034356,-32.12132034356,0.));
#6934 = VECTOR('',#6935,1.);
#6935 = DIRECTION('',(0.,0.,1.));
#6936 = ORIENTED_EDGE('',*,*,#6937,.F.);
#6937 = EDGE_CURVE('',#6118,#6930,#6938,.T.);
#6938 = LINE('',#6939,#6940);
#6939 = CARTESIAN_POINT('',(-27.12132034356,-29.87132034356,0.4));
#6940 = VECTOR('',#6941,1.);
#6941 = DIRECTION('',(0.707106781187,-0.707106781187,0.));
#6942 = PLANE('',#6943);
#6943 = AXIS2_PLACEMENT_3D('',#6944,#6945,#6946);
#6944 = CARTESIAN_POINT('',(-27.12132034356,-29.87132034356,0.));
#6945 = DIRECTION('',(0.707106781187,0.707106781187,0.));
#6946 = DIRECTION('',(0.707106781187,-0.707106781187,0.));
#6947 = ADVANCED_FACE('',(#6948),#6967,.T.);
#6948 = FACE_BOUND('',#6949,.F.);
#6949 = EDGE_LOOP('',(#6950,#6951,#6952,#6960));
#6950 = ORIENTED_EDGE('',*,*,#6929,.T.);
#6951 = ORIENTED_EDGE('',*,*,#5319,.T.);
#6952 = ORIENTED_EDGE('',*,*,#6953,.F.);
#6953 = EDGE_CURVE('',#6954,#5320,#6956,.T.);
#6954 = VERTEX_POINT('',#6955);
#6955 = CARTESIAN_POINT('',(-22.75,-33.,0.4));
#6956 = LINE('',#6957,#6958);
#6957 = CARTESIAN_POINT('',(-22.75,-33.,0.));
#6958 = VECTOR('',#6959,1.);
#6959 = DIRECTION('',(0.,0.,1.));
#6960 = ORIENTED_EDGE('',*,*,#6961,.F.);
#6961 = EDGE_CURVE('',#6930,#6954,#6962,.T.);
#6962 = CIRCLE('',#6963,3.);
#6963 = AXIS2_PLACEMENT_3D('',#6964,#6965,#6966);
#6964 = CARTESIAN_POINT('',(-22.75,-30.,0.4));
#6965 = DIRECTION('',(0.,0.,1.));
#6966 = DIRECTION('',(-0.707106781187,-0.707106781187,0.));
#6967 = CYLINDRICAL_SURFACE('',#6968,3.);
#6968 = AXIS2_PLACEMENT_3D('',#6969,#6970,#6971);
#6969 = CARTESIAN_POINT('',(-22.75,-30.,0.));
#6970 = DIRECTION('',(-0.,-0.,-1.));
#6971 = DIRECTION('',(1.,0.,0.));
#6972 = ADVANCED_FACE('',(#6973),#7041,.F.);
#6973 = FACE_BOUND('',#6974,.F.);
#6974 = EDGE_LOOP('',(#6975,#6976,#6977,#6985,#6993,#7001,#7010,#7018,
    #7027,#7035));
#6975 = ORIENTED_EDGE('',*,*,#6953,.T.);
#6976 = ORIENTED_EDGE('',*,*,#5344,.T.);
#6977 = ORIENTED_EDGE('',*,*,#6978,.F.);
#6978 = EDGE_CURVE('',#6979,#5345,#6981,.T.);
#6979 = VERTEX_POINT('',#6980);
#6980 = CARTESIAN_POINT('',(22.75,-33.,0.4));
#6981 = LINE('',#6982,#6983);
#6982 = CARTESIAN_POINT('',(22.75,-33.,0.));
#6983 = VECTOR('',#6984,1.);
#6984 = DIRECTION('',(0.,0.,1.));
#6985 = ORIENTED_EDGE('',*,*,#6986,.F.);
#6986 = EDGE_CURVE('',#6987,#6979,#6989,.T.);
#6987 = VERTEX_POINT('',#6988);
#6988 = CARTESIAN_POINT('',(18.25,-33.,0.4));
#6989 = LINE('',#6990,#6991);
#6990 = CARTESIAN_POINT('',(18.25,-33.,0.4));
#6991 = VECTOR('',#6992,1.);
#6992 = DIRECTION('',(1.,0.,0.));
#6993 = ORIENTED_EDGE('',*,*,#6994,.T.);
#6994 = EDGE_CURVE('',#6987,#6995,#6997,.T.);
#6995 = VERTEX_POINT('',#6996);
#6996 = CARTESIAN_POINT('',(18.25,-33.,22.51));
#6997 = LINE('',#6998,#6999);
#6998 = CARTESIAN_POINT('',(18.25,-33.,1.1E-16));
#6999 = VECTOR('',#7000,1.);
#7000 = DIRECTION('',(0.,2.2E-16,1.));
#7001 = ORIENTED_EDGE('',*,*,#7002,.T.);
#7002 = EDGE_CURVE('',#6995,#7003,#7005,.T.);
#7003 = VERTEX_POINT('',#7004);
#7004 = CARTESIAN_POINT('',(13.26,-33.,27.5));
#7005 = CIRCLE('',#7006,4.99);
#7006 = AXIS2_PLACEMENT_3D('',#7007,#7008,#7009);
#7007 = CARTESIAN_POINT('',(13.26,-33.,22.51));
#7008 = DIRECTION('',(0.,-1.,0.));
#7009 = DIRECTION('',(1.,0.,0.));
#7010 = ORIENTED_EDGE('',*,*,#7011,.T.);
#7011 = EDGE_CURVE('',#7003,#7012,#7014,.T.);
#7012 = VERTEX_POINT('',#7013);
#7013 = CARTESIAN_POINT('',(-13.26,-33.,27.5));
#7014 = LINE('',#7015,#7016);
#7015 = CARTESIAN_POINT('',(13.26,-33.,27.5));
#7016 = VECTOR('',#7017,1.);
#7017 = DIRECTION('',(-1.,0.,0.));
#7018 = ORIENTED_EDGE('',*,*,#7019,.T.);
#7019 = EDGE_CURVE('',#7012,#7020,#7022,.T.);
#7020 = VERTEX_POINT('',#7021);
#7021 = CARTESIAN_POINT('',(-18.25,-33.,22.51));
#7022 = CIRCLE('',#7023,4.99);
#7023 = AXIS2_PLACEMENT_3D('',#7024,#7025,#7026);
#7024 = CARTESIAN_POINT('',(-13.26,-33.,22.51));
#7025 = DIRECTION('',(-0.,-1.,0.));
#7026 = DIRECTION('',(-4.E-16,0.,1.));
#7027 = ORIENTED_EDGE('',*,*,#7028,.T.);
#7028 = EDGE_CURVE('',#7020,#7029,#7031,.T.);
#7029 = VERTEX_POINT('',#7030);
#7030 = CARTESIAN_POINT('',(-18.25,-33.,0.4));
#7031 = LINE('',#7032,#7033);
#7032 = CARTESIAN_POINT('',(-18.25,-33.,22.51));
#7033 = VECTOR('',#7034,1.);
#7034 = DIRECTION('',(0.,-2.2E-16,-1.));
#7035 = ORIENTED_EDGE('',*,*,#7036,.F.);
#7036 = EDGE_CURVE('',#6954,#7029,#7037,.T.);
#7037 = LINE('',#7038,#7039);
#7038 = CARTESIAN_POINT('',(-22.75,-33.,0.4));
#7039 = VECTOR('',#7040,1.);
#7040 = DIRECTION('',(1.,0.,0.));
#7041 = PLANE('',#7042);
#7042 = AXIS2_PLACEMENT_3D('',#7043,#7044,#7045);
#7043 = CARTESIAN_POINT('',(-22.75,-33.,0.));
#7044 = DIRECTION('',(0.,1.,0.));
#7045 = DIRECTION('',(1.,0.,0.));
#7046 = ADVANCED_FACE('',(#7047),#7066,.T.);
#7047 = FACE_BOUND('',#7048,.F.);
#7048 = EDGE_LOOP('',(#7049,#7050,#7051,#7059));
#7049 = ORIENTED_EDGE('',*,*,#6978,.T.);
#7050 = ORIENTED_EDGE('',*,*,#5368,.T.);
#7051 = ORIENTED_EDGE('',*,*,#7052,.F.);
#7052 = EDGE_CURVE('',#7053,#5369,#7055,.T.);
#7053 = VERTEX_POINT('',#7054);
#7054 = CARTESIAN_POINT('',(24.87132034356,-32.12132034356,0.4));
#7055 = LINE('',#7056,#7057);
#7056 = CARTESIAN_POINT('',(24.87132034356,-32.12132034356,0.));
#7057 = VECTOR('',#7058,1.);
#7058 = DIRECTION('',(0.,0.,1.));
#7059 = ORIENTED_EDGE('',*,*,#7060,.F.);
#7060 = EDGE_CURVE('',#6979,#7053,#7061,.T.);
#7061 = CIRCLE('',#7062,3.);
#7062 = AXIS2_PLACEMENT_3D('',#7063,#7064,#7065);
#7063 = CARTESIAN_POINT('',(22.75,-30.,0.4));
#7064 = DIRECTION('',(-0.,0.,1.));
#7065 = DIRECTION('',(0.,-1.,0.));
#7066 = CYLINDRICAL_SURFACE('',#7067,3.);
#7067 = AXIS2_PLACEMENT_3D('',#7068,#7069,#7070);
#7068 = CARTESIAN_POINT('',(22.75,-30.,0.));
#7069 = DIRECTION('',(-0.,-0.,-1.));
#7070 = DIRECTION('',(1.,0.,0.));
#7071 = ADVANCED_FACE('',(#7072),#7083,.F.);
#7072 = FACE_BOUND('',#7073,.F.);
#7073 = EDGE_LOOP('',(#7074,#7075,#7076,#7077));
#7074 = ORIENTED_EDGE('',*,*,#7052,.T.);
#7075 = ORIENTED_EDGE('',*,*,#5393,.T.);
#7076 = ORIENTED_EDGE('',*,*,#5564,.F.);
#7077 = ORIENTED_EDGE('',*,*,#7078,.F.);
#7078 = EDGE_CURVE('',#7053,#5565,#7079,.T.);
#7079 = LINE('',#7080,#7081);
#7080 = CARTESIAN_POINT('',(24.87132034356,-32.12132034356,0.4));
#7081 = VECTOR('',#7082,1.);
#7082 = DIRECTION('',(0.707106781187,0.707106781187,0.));
#7083 = PLANE('',#7084);
#7084 = AXIS2_PLACEMENT_3D('',#7085,#7086,#7087);
#7085 = CARTESIAN_POINT('',(24.87132034356,-32.12132034356,0.));
#7086 = DIRECTION('',(-0.707106781187,0.707106781187,0.));
#7087 = DIRECTION('',(0.707106781187,0.707106781187,0.));
#7088 = ADVANCED_FACE('',(#7089),#7135,.F.);
#7089 = FACE_BOUND('',#7090,.F.);
#7090 = EDGE_LOOP('',(#7091,#7099,#7105,#7106,#7119,#7120,#7133,#7134));
#7091 = ORIENTED_EDGE('',*,*,#7092,.F.);
#7092 = EDGE_CURVE('',#7093,#5500,#7095,.T.);
#7093 = VERTEX_POINT('',#7094);
#7094 = CARTESIAN_POINT('',(38.12132034356,11.12867965644,
    13.831086196105));
#7095 = LINE('',#7096,#7097);
#7096 = CARTESIAN_POINT('',(38.12132034356,11.12867965644,0.));
#7097 = VECTOR('',#7098,1.);
#7098 = DIRECTION('',(0.,0.,1.));
#7099 = ORIENTED_EDGE('',*,*,#7100,.F.);
#7100 = EDGE_CURVE('',#5671,#7093,#7101,.T.);
#7101 = LINE('',#7102,#7103);
#7102 = CARTESIAN_POINT('',(30.803431311015,3.810790623896,
    8.707045131735));
#7103 = VECTOR('',#7104,1.);
#7104 = DIRECTION('',(0.633687274225,0.633687274225,0.44371260628));
#7105 = ORIENTED_EDGE('',*,*,#5689,.T.);
#7106 = ORIENTED_EDGE('',*,*,#7107,.T.);
#7107 = EDGE_CURVE('',#5690,#6663,#7108,.T.);
#7108 = B_SPLINE_CURVE_WITH_KNOTS('',9,(#7109,#7110,#7111,#7112,#7113,
    #7114,#7115,#7116,#7117,#7118),.UNSPECIFIED.,.F.,.F.,(10,10),(
    9.290916710911,20.188405064871),.PIECEWISE_BEZIER_KNOTS.);
#7109 = CARTESIAN_POINT('',(30.928932188135,3.936291501015,
    19.030107201733));
#7110 = CARTESIAN_POINT('',(31.854170234652,4.861529547532,
    18.631666396166));
#7111 = CARTESIAN_POINT('',(32.861980798803,5.869340111686,
    18.429744788701));
#7112 = CARTESIAN_POINT('',(33.905284291341,6.912643604217,
    18.454158484142));
#7113 = CARTESIAN_POINT('',(34.928862319897,7.936221632785,
    18.702649868737));
#7114 = CARTESIAN_POINT('',(35.884501260293,8.891860573167,
    19.173804253196));
#7115 = CARTESIAN_POINT('',(36.713813667407,9.721172980292,
    19.838357141599));
#7116 = CARTESIAN_POINT('',(37.389050018617,10.396409331496,
    20.669417431237));
#7117 = CARTESIAN_POINT('',(37.865859232773,10.873218545654,
    21.63498189775));
#7118 = CARTESIAN_POINT('',(38.12132034356,11.12867965644,
    22.669848000829));
#7119 = ORIENTED_EDGE('',*,*,#6662,.T.);
#7120 = ORIENTED_EDGE('',*,*,#7121,.T.);
#7121 = EDGE_CURVE('',#6651,#5614,#7122,.T.);
#7122 = B_SPLINE_CURVE_WITH_KNOTS('',9,(#7123,#7124,#7125,#7126,#7127,
    #7128,#7129,#7130,#7131,#7132),.UNSPECIFIED.,.F.,.F.,(10,10),(
    1.175445792526,12.055390596556),.PIECEWISE_BEZIER_KNOTS.);
#7123 = CARTESIAN_POINT('',(38.12132034356,11.12867965644,
    25.330153160383));
#7124 = CARTESIAN_POINT('',(37.865856350468,10.873215663348,
    26.365033013262));
#7125 = CARTESIAN_POINT('',(37.389037199849,10.396396512732,
    27.330624821677));
#7126 = CARTESIAN_POINT('',(36.71380070768,9.721160020557,
    28.161590900567));
#7127 = CARTESIAN_POINT('',(35.884460276211,8.891819589098,
    28.826403510822));
#7128 = CARTESIAN_POINT('',(34.928838783768,7.936198096643,
    29.297040975759));
#7129 = CARTESIAN_POINT('',(33.905224061459,6.912583374344,
    29.546302961512));
#7130 = CARTESIAN_POINT('',(32.861862038872,5.869221351751,
    29.56954942198));
#7131 = CARTESIAN_POINT('',(31.854215968039,4.86157528092,
    29.367981135063));
#7132 = CARTESIAN_POINT('',(30.928932188135,3.936291501015,
    28.969860924156));
#7133 = ORIENTED_EDGE('',*,*,#5613,.T.);
#7134 = ORIENTED_EDGE('',*,*,#5499,.T.);
#7135 = PLANE('',#7136);
#7136 = AXIS2_PLACEMENT_3D('',#7137,#7138,#7139);
#7137 = CARTESIAN_POINT('',(30.928932188135,3.936291501015,0.));
#7138 = DIRECTION('',(-0.707106781187,0.707106781187,0.));
#7139 = DIRECTION('',(0.707106781187,0.707106781187,0.));
#7140 = ADVANCED_FACE('',(#7141),#7156,.T.);
#7141 = FACE_BOUND('',#7142,.F.);
#7142 = EDGE_LOOP('',(#7143,#7144,#7154,#7155));
#7143 = ORIENTED_EDGE('',*,*,#6411,.F.);
#7144 = ORIENTED_EDGE('',*,*,#7145,.F.);
#7145 = EDGE_CURVE('',#7093,#6404,#7146,.T.);
#7146 = B_SPLINE_CURVE_WITH_KNOTS('',6,(#7147,#7148,#7149,#7150,#7151,
    #7152,#7153),.UNSPECIFIED.,.F.,.F.,(7,7),(19.739679131313,
    21.999001930167),.PIECEWISE_BEZIER_KNOTS.);
#7147 = CARTESIAN_POINT('',(38.12132034356,11.12867965644,
    13.831086198435));
#7148 = CARTESIAN_POINT('',(38.391089795176,11.398449108056,
    14.019933776424));
#7149 = CARTESIAN_POINT('',(38.620247871951,11.71007473967,
    14.172059497861));
#7150 = CARTESIAN_POINT('',(38.808655021779,12.063241415335,
    14.290151838368));
#7151 = CARTESIAN_POINT('',(38.938313624339,12.454888704144,
    14.364062634311));
#7152 = CARTESIAN_POINT('',(39.,12.856702921847,14.4));
#7153 = CARTESIAN_POINT('',(39.,13.25,14.4));
#7154 = ORIENTED_EDGE('',*,*,#7092,.T.);
#7155 = ORIENTED_EDGE('',*,*,#5547,.T.);
#7156 = CYLINDRICAL_SURFACE('',#7157,3.);
#7157 = AXIS2_PLACEMENT_3D('',#7158,#7159,#7160);
#7158 = CARTESIAN_POINT('',(36.,13.25,0.));
#7159 = DIRECTION('',(-0.,-0.,-1.));
#7160 = DIRECTION('',(1.,0.,0.));
#7161 = ADVANCED_FACE('',(#7162),#7173,.T.);
#7162 = FACE_BOUND('',#7163,.F.);
#7163 = EDGE_LOOP('',(#7164,#7170,#7171,#7172));
#7164 = ORIENTED_EDGE('',*,*,#7165,.F.);
#7165 = EDGE_CURVE('',#5565,#5984,#7166,.T.);
#7166 = LINE('',#7167,#7168);
#7167 = CARTESIAN_POINT('',(26.979898987322,-29.72989898732,0.2));
#7168 = VECTOR('',#7169,1.);
#7169 = DIRECTION('',(-0.5,0.5,-0.707106781187));
#7170 = ORIENTED_EDGE('',*,*,#5574,.T.);
#7171 = ORIENTED_EDGE('',*,*,#5589,.T.);
#7172 = ORIENTED_EDGE('',*,*,#5991,.F.);
#7173 = CONICAL_SURFACE('',#7174,3.,0.785398163397);
#7174 = AXIS2_PLACEMENT_3D('',#7175,#7176,#7177);
#7175 = CARTESIAN_POINT('',(25.,-27.75,0.4));
#7176 = DIRECTION('',(0.,0.,1.));
#7177 = DIRECTION('',(0.707106781187,-0.707106781187,0.));
#7178 = ADVANCED_FACE('',(#7179),#7225,.F.);
#7179 = FACE_BOUND('',#7180,.F.);
#7180 = EDGE_LOOP('',(#7181,#7188,#7219,#7224));
#7181 = ORIENTED_EDGE('',*,*,#7182,.T.);
#7182 = EDGE_CURVE('',#5614,#7183,#7185,.T.);
#7183 = VERTEX_POINT('',#7184);
#7184 = CARTESIAN_POINT('',(30.763591958168,4.312015258456,
    28.471965906671));
#7185 = B_SPLINE_CURVE_WITH_KNOTS('',1,(#7186,#7187),.UNSPECIFIED.,.F.,
  .F.,(2,2),(0.,10.87994480403),.PIECEWISE_BEZIER_KNOTS.);
#7186 = CARTESIAN_POINT('',(30.928932188135,3.936291501015,
    28.969860924156));
#7187 = CARTESIAN_POINT('',(30.763591958168,4.312015258456,
    28.471965906671));
#7188 = ORIENTED_EDGE('',*,*,#7189,.T.);
#7189 = EDGE_CURVE('',#7183,#7190,#7192,.T.);
#7190 = VERTEX_POINT('',#7191);
#7191 = CARTESIAN_POINT('',(27.999998296494,-2.442077691312,
    24.000001037532));
#7192 = B_SPLINE_CURVE_WITH_KNOTS('',7,(#7193,#7194,#7195,#7196,#7197,
    #7198,#7199,#7200,#7201,#7202,#7203,#7204,#7205,#7206,#7207,#7208,
    #7209,#7210,#7211,#7212,#7213,#7214,#7215,#7216,#7217,#7218),
  .UNSPECIFIED.,.F.,.F.,(8,6,6,6,8),(12.055390596556,12.168134507501,
    13.871861359244,16.663274928411,21.070110533197),.UNSPECIFIED.);
#7193 = CARTESIAN_POINT('',(30.763591958168,4.312015258456,
    28.471965906671));
#7194 = CARTESIAN_POINT('',(30.752262055114,4.300225197176,
    28.466299878166));
#7195 = CARTESIAN_POINT('',(30.740951465933,4.28844806009,28.46060164171
    ));
#7196 = CARTESIAN_POINT('',(30.729660330947,4.276683895679,
    28.454871304517));
#7197 = CARTESIAN_POINT('',(30.718388790496,4.264932752427,
    28.44910897381));
#7198 = CARTESIAN_POINT('',(30.707136984899,4.253194678814,
    28.443314756799));
#7199 = CARTESIAN_POINT('',(30.695905054494,4.241469723324,
    28.437488760707));
#7200 = CARTESIAN_POINT('',(30.515264562103,4.052775523259,
    28.343113086707));
#7201 = CARTESIAN_POINT('',(30.339727648948,3.86733559361,
    28.241659617306));
#7202 = CARTESIAN_POINT('',(30.18721221522,3.684003730087,28.14135022036
    ));
#7203 = CARTESIAN_POINT('',(30.034228426927,3.498776860637,
    28.034020649235));
#7204 = CARTESIAN_POINT('',(29.893936205929,3.313042670835,
    27.924635835243));
#7205 = CARTESIAN_POINT('',(29.759697620094,3.126595495925,
    27.811802513327));
#7206 = CARTESIAN_POINT('',(29.425268924961,2.633001160141,
    27.507166052501));
#7207 = CARTESIAN_POINT('',(29.236936004762,2.324689856262,
    27.310740018256));
#7208 = CARTESIAN_POINT('',(29.066587054975,2.015295651613,
    27.108722344257));
#7209 = CARTESIAN_POINT('',(28.913004611068,1.70529660251,
    26.902422798226));
#7210 = CARTESIAN_POINT('',(28.775111966979,1.394934964756,
    26.692801112099));
#7211 = CARTESIAN_POINT('',(28.651973175095,1.084217193635,
    26.480466981993));
#7212 = CARTESIAN_POINT('',(28.370429164264,0.281456046077,
    25.926593581927));
#7213 = CARTESIAN_POINT('',(28.232976812818,-0.211240587056,
    25.58162453118));
#7214 = CARTESIAN_POINT('',(28.128037106906,-0.703543841807,
    25.233851532951));
#7215 = CARTESIAN_POINT('',(28.053501460554,-1.196131897512,
    24.884187468796));
#7216 = CARTESIAN_POINT('',(28.008095359962,-1.689014385924,
    24.533757187811));
#7217 = CARTESIAN_POINT('',(27.99130263409,-2.181199036595,
    24.184302385571));
#7218 = CARTESIAN_POINT('',(28.002670222649,-2.673003808238,
    23.836613659072));
#7219 = ORIENTED_EDGE('',*,*,#7220,.F.);
#7220 = EDGE_CURVE('',#5624,#7190,#7221,.T.);
#7221 = B_SPLINE_CURVE_WITH_KNOTS('',1,(#7222,#7223),.UNSPECIFIED.,.F.,
  .F.,(2,2),(0.,9.014719936641),.PIECEWISE_BEZIER_KNOTS.);
#7222 = CARTESIAN_POINT('',(28.002669260512,-2.903665264078,
    24.653133214519));
#7223 = CARTESIAN_POINT('',(27.999998296494,-2.442077691312,
    24.000001037532));
#7224 = ORIENTED_EDGE('',*,*,#5632,.F.);
#7225 = B_SPLINE_SURFACE_WITH_KNOTS('',1,7,(
    (#7226,#7227,#7228,#7229,#7230,#7231,#7232,#7233,#7234,#7235,#7236
      ,#7237,#7238,#7239,#7240,#7241,#7242,#7243,#7244,#7245,#7246,#7247
      ,#7248,#7249,#7250,#7251)
    ,(#7252,#7253,#7254,#7255,#7256,#7257,#7258,#7259,#7260,#7261,#7262
      ,#7263,#7264,#7265,#7266,#7267,#7268,#7269,#7270,#7271,#7272,#7273
      ,#7274,#7275,#7276,#7277
    )),.UNSPECIFIED.,.F.,.F.,.F.,(2,2),(8,6,6,6,8),(0.,9.014719936641),(
    12.055390596556,12.168134507501,13.871861359244,16.663274928411,
    21.070110533197),.UNSPECIFIED.);
#7226 = CARTESIAN_POINT('',(30.928932188135,3.936291501015,
    28.969860924156));
#7227 = CARTESIAN_POINT('',(30.916604381256,3.923963694137,
    28.964556660555));
#7228 = CARTESIAN_POINT('',(30.904316990878,3.911626151478,
    28.959216195129));
#7229 = CARTESIAN_POINT('',(30.892070042921,3.899279127389,
    28.953839623487));
#7230 = CARTESIAN_POINT('',(30.879863563314,3.886922876223,
    28.948427041245));
#7231 = CARTESIAN_POINT('',(30.867697577973,3.87455765233,
    28.942978544008));
#7232 = CARTESIAN_POINT('',(30.855572112829,3.862183710064,
    28.937494227391));
#7233 = CARTESIAN_POINT('',(30.660866235601,3.662684874099,
    28.848558231741));
#7234 = CARTESIAN_POINT('',(30.491319107075,3.477571751932,
    28.758835195245));
#7235 = CARTESIAN_POINT('',(30.327804044572,3.288703015178,
    28.665428132466));
#7236 = CARTESIAN_POINT('',(30.174498741652,3.100289233489,
    28.566506279679));
#7237 = CARTESIAN_POINT('',(30.028455582359,2.910666282745,
    28.464575659173));
#7238 = CARTESIAN_POINT('',(29.890299811208,2.720667848229,
    28.359048706299));
#7239 = CARTESIAN_POINT('',(29.544707421381,2.217937496079,
    28.07282254284));
#7240 = CARTESIAN_POINT('',(29.349404063341,1.904278791622,
    27.887005545803));
#7241 = CARTESIAN_POINT('',(29.172047310715,1.589887557468,
    27.694777426632));
#7242 = CARTESIAN_POINT('',(29.011420382566,1.275257626154,
    27.497457763939));
#7243 = CARTESIAN_POINT('',(28.866447351138,0.960638360944,
    27.296021917447));
#7244 = CARTESIAN_POINT('',(28.736193141828,0.646034655832,
    27.091101027964));
#7245 = CARTESIAN_POINT('',(28.43621268804,-0.16581508315,
    26.554422223936));
#7246 = CARTESIAN_POINT('',(28.287388402527,-0.663166103731,
    26.21810442885));
#7247 = CARTESIAN_POINT('',(28.171041564321,-1.159201841953,
    25.877154086063));
#7248 = CARTESIAN_POINT('',(28.085066167727,-1.654633151838,
    25.532548570316));
#7249 = CARTESIAN_POINT('',(28.028209156627,-2.149483720695,
    25.185454539316));
#7250 = CARTESIAN_POINT('',(28.,-2.642751848385,24.837627874291));
#7251 = CARTESIAN_POINT('',(28.,-3.13477631085,24.489876198925));
#7252 = CARTESIAN_POINT('',(30.763591958168,4.312015258456,
    28.471965906671));
#7253 = CARTESIAN_POINT('',(30.752262055114,4.300225197176,
    28.466299878166));
#7254 = CARTESIAN_POINT('',(30.740951465933,4.28844806009,28.46060164171
    ));
#7255 = CARTESIAN_POINT('',(30.729660330947,4.276683895679,
    28.454871304517));
#7256 = CARTESIAN_POINT('',(30.718388790496,4.264932752427,
    28.44910897381));
#7257 = CARTESIAN_POINT('',(30.707136984899,4.253194678814,
    28.443314756799));
#7258 = CARTESIAN_POINT('',(30.695905054494,4.241469723324,
    28.437488760707));
#7259 = CARTESIAN_POINT('',(30.515264562103,4.052775523259,
    28.343113086707));
#7260 = CARTESIAN_POINT('',(30.339727648948,3.86733559361,
    28.241659617306));
#7261 = CARTESIAN_POINT('',(30.18721221522,3.684003730087,28.14135022036
    ));
#7262 = CARTESIAN_POINT('',(30.034228426927,3.498776860637,
    28.034020649235));
#7263 = CARTESIAN_POINT('',(29.893936205929,3.313042670835,
    27.924635835243));
#7264 = CARTESIAN_POINT('',(29.759697620094,3.126595495925,
    27.811802513327));
#7265 = CARTESIAN_POINT('',(29.425268924961,2.633001160141,
    27.507166052501));
#7266 = CARTESIAN_POINT('',(29.236936004762,2.324689856262,
    27.310740018256));
#7267 = CARTESIAN_POINT('',(29.066587054975,2.015295651613,
    27.108722344257));
#7268 = CARTESIAN_POINT('',(28.913004611068,1.70529660251,
    26.902422798226));
#7269 = CARTESIAN_POINT('',(28.775111966979,1.394934964756,
    26.692801112099));
#7270 = CARTESIAN_POINT('',(28.651973175095,1.084217193635,
    26.480466981993));
#7271 = CARTESIAN_POINT('',(28.370429164264,0.281456046077,
    25.926593581927));
#7272 = CARTESIAN_POINT('',(28.232976812818,-0.211240587056,
    25.58162453118));
#7273 = CARTESIAN_POINT('',(28.128037106906,-0.703543841807,
    25.233851532951));
#7274 = CARTESIAN_POINT('',(28.053501460554,-1.196131897512,
    24.884187468796));
#7275 = CARTESIAN_POINT('',(28.008095359962,-1.689014385924,
    24.533757187811));
#7276 = CARTESIAN_POINT('',(27.99130263409,-2.181199036595,
    24.184302385571));
#7277 = CARTESIAN_POINT('',(28.002670222649,-2.673003808238,
    23.836613659072));
#7278 = ADVANCED_FACE('',(#7279),#7289,.F.);
#7279 = FACE_BOUND('',#7280,.F.);
#7280 = EDGE_LOOP('',(#7281,#7282,#7287,#7288));
#7281 = ORIENTED_EDGE('',*,*,#7220,.T.);
#7282 = ORIENTED_EDGE('',*,*,#7283,.T.);
#7283 = EDGE_CURVE('',#7190,#5698,#7284,.T.);
#7284 = B_SPLINE_CURVE_WITH_KNOTS('',1,(#7285,#7286),.UNSPECIFIED.,.F.,
  .F.,(2,2),(0.,8.997543627533),.PIECEWISE_BEZIER_KNOTS.);
#7285 = CARTESIAN_POINT('',(27.999995241254,-2.442077691312,
    23.999998180164));
#7286 = CARTESIAN_POINT('',(28.002666358422,-2.903665094998,
    23.346865714372));
#7287 = ORIENTED_EDGE('',*,*,#5722,.T.);
#7288 = ORIENTED_EDGE('',*,*,#5623,.T.);
#7289 = B_SPLINE_SURFACE_WITH_KNOTS('',8,8,(
    (#7290,#7291,#7292,#7293,#7294,#7295,#7296,#7297,#7298,#7299,#7300
      ,#7301,#7302,#7303,#7304,#7305,#7306,#7307,#7308,#7309,#7310,#7311
      ,#7312)
    ,(#7313,#7314,#7315,#7316,#7317,#7318,#7319,#7320,#7321,#7322,#7323
      ,#7324,#7325,#7326,#7327,#7328,#7329,#7330,#7331,#7332,#7333,#7334
      ,#7335)
    ,(#7336,#7337,#7338,#7339,#7340,#7341,#7342,#7343,#7344,#7345,#7346
      ,#7347,#7348,#7349,#7350,#7351,#7352,#7353,#7354,#7355,#7356,#7357
      ,#7358)
    ,(#7359,#7360,#7361,#7362,#7363,#7364,#7365,#7366,#7367,#7368,#7369
      ,#7370,#7371,#7372,#7373,#7374,#7375,#7376,#7377,#7378,#7379,#7380
      ,#7381)
    ,(#7382,#7383,#7384,#7385,#7386,#7387,#7388,#7389,#7390,#7391,#7392
      ,#7393,#7394,#7395,#7396,#7397,#7398,#7399,#7400,#7401,#7402,#7403
      ,#7404)
    ,(#7405,#7406,#7407,#7408,#7409,#7410,#7411,#7412,#7413,#7414,#7415
      ,#7416,#7417,#7418,#7419,#7420,#7421,#7422,#7423,#7424,#7425,#7426
      ,#7427)
    ,(#7428,#7429,#7430,#7431,#7432,#7433,#7434,#7435,#7436,#7437,#7438
      ,#7439,#7440,#7441,#7442,#7443,#7444,#7445,#7446,#7447,#7448,#7449
      ,#7450)
    ,(#7451,#7452,#7453,#7454,#7455,#7456,#7457,#7458,#7459,#7460,#7461
      ,#7462,#7463,#7464,#7465,#7466,#7467,#7468,#7469,#7470,#7471,#7472
      ,#7473)
    ,(#7474,#7475,#7476,#7477,#7478,#7479,#7480,#7481,#7482,#7483,#7484
      ,#7485,#7486,#7487,#7488,#7489,#7490,#7491,#7492,#7493,#7494,#7495
      ,#7496)
    ,(#7497,#7498,#7499,#7500,#7501,#7502,#7503,#7504,#7505,#7506,#7507
      ,#7508,#7509,#7510,#7511,#7512,#7513,#7514,#7515,#7516,#7517,#7518
      ,#7519)
    ,(#7520,#7521,#7522,#7523,#7524,#7525,#7526,#7527,#7528,#7529,#7530
      ,#7531,#7532,#7533,#7534,#7535,#7536,#7537,#7538,#7539,#7540,#7541
      ,#7542)
    ,(#7543,#7544,#7545,#7546,#7547,#7548,#7549,#7550,#7551,#7552,#7553
      ,#7554,#7555,#7556,#7557,#7558,#7559,#7560,#7561,#7562,#7563,#7564
      ,#7565)
    ,(#7566,#7567,#7568,#7569,#7570,#7571,#7572,#7573,#7574,#7575,#7576
      ,#7577,#7578,#7579,#7580,#7581,#7582,#7583,#7584,#7585,#7586,#7587
      ,#7588)
    ,(#7589,#7590,#7591,#7592,#7593,#7594,#7595,#7596,#7597,#7598,#7599
      ,#7600,#7601,#7602,#7603,#7604,#7605,#7606,#7607,#7608,#7609,#7610
      ,#7611)
    ,(#7612,#7613,#7614,#7615,#7616,#7617,#7618,#7619,#7620,#7621,#7622
      ,#7623,#7624,#7625,#7626,#7627,#7628,#7629,#7630,#7631,#7632,#7633
      ,#7634)
    ,(#7635,#7636,#7637,#7638,#7639,#7640,#7641,#7642,#7643,#7644,#7645
      ,#7646,#7647,#7648,#7649,#7650,#7651,#7652,#7653,#7654,#7655,#7656
      ,#7657)
    ,(#7658,#7659,#7660,#7661,#7662,#7663,#7664,#7665,#7666,#7667,#7668
      ,#7669,#7670,#7671,#7672,#7673,#7674,#7675,#7676,#7677,#7678,#7679
      ,#7680)
    ,(#7681,#7682,#7683,#7684,#7685,#7686,#7687,#7688,#7689,#7690,#7691
      ,#7692,#7693,#7694,#7695,#7696,#7697,#7698,#7699,#7700,#7701,#7702
      ,#7703)
    ,(#7704,#7705,#7706,#7707,#7708,#7709,#7710,#7711,#7712,#7713,#7714
      ,#7715,#7716,#7717,#7718,#7719,#7720,#7721,#7722,#7723,#7724,#7725
      ,#7726)
    ,(#7727,#7728,#7729,#7730,#7731,#7732,#7733,#7734,#7735,#7736,#7737
      ,#7738,#7739,#7740,#7741,#7742,#7743,#7744,#7745,#7746,#7747,#7748
      ,#7749)
    ,(#7750,#7751,#7752,#7753,#7754,#7755,#7756,#7757,#7758,#7759,#7760
      ,#7761,#7762,#7763,#7764,#7765,#7766,#7767,#7768,#7769,#7770,#7771
      ,#7772)
    ,(#7773,#7774,#7775,#7776,#7777,#7778,#7779,#7780,#7781,#7782,#7783
      ,#7784,#7785,#7786,#7787,#7788,#7789,#7790,#7791,#7792,#7793,#7794
      ,#7795)
    ,(#7796,#7797,#7798,#7799,#7800,#7801,#7802,#7803,#7804,#7805,#7806
      ,#7807,#7808,#7809,#7810,#7811,#7812,#7813,#7814,#7815,#7816,#7817
      ,#7818
    )),.UNSPECIFIED.,.F.,.F.,.F.,(9,7,7,9),(9,7,7,9),(-0.71844870831,
    -0.239483028834,0.239482650642,0.718448330118),(-0.317607073641,
    -6.36170641322E-02,0.190372945376,0.444362954885),.UNSPECIFIED.);
#7290 = CARTESIAN_POINT('',(27.986088804957,-3.163176782408,
    23.281742385584));
#7291 = CARTESIAN_POINT('',(27.988236917366,-3.131470524809,
    23.281729701703));
#7292 = CARTESIAN_POINT('',(27.990323086181,-3.099769454947,
    23.281713605285));
#7293 = CARTESIAN_POINT('',(27.992514698436,-3.068080978592,
    23.281688110571));
#7294 = CARTESIAN_POINT('',(27.994631047221,-3.036396152714,
    23.281660517854));
#7295 = CARTESIAN_POINT('',(27.996661534382,-3.004713550717,
    23.281631385174));
#7296 = CARTESIAN_POINT('',(27.998836346517,-2.973040952062,
    23.28159384718));
#7297 = CARTESIAN_POINT('',(28.001249604388,-2.941374856296,
    23.281552281231));
#7298 = CARTESIAN_POINT('',(28.00482036686,-2.877940786657,
    23.281568360101));
#7299 = CARTESIAN_POINT('',(28.006210868459,-2.846170033385,
    23.281637781659));
#7300 = CARTESIAN_POINT('',(28.007325945301,-2.814400496684,
    23.281694536699));
#7301 = CARTESIAN_POINT('',(28.008359121088,-2.782636744003,
    23.281737971243));
#7302 = CARTESIAN_POINT('',(28.009423164314,-2.750871803722,
    23.28178185752));
#7303 = CARTESIAN_POINT('',(28.010505019387,-2.719106410508,
    23.281825965671));
#7304 = CARTESIAN_POINT('',(28.011530492888,-2.687348667522,
    23.281858175619));
#7305 = CARTESIAN_POINT('',(28.013546897057,-2.62383958342,
    23.281916082566));
#7306 = CARTESIAN_POINT('',(28.014534114342,-2.592089692581,
    23.281940145306));
#7307 = CARTESIAN_POINT('',(28.015485781529,-2.560344250265,
    23.281960281489));
#7308 = CARTESIAN_POINT('',(28.016387333318,-2.52860305378,
    23.281977455286));
#7309 = CARTESIAN_POINT('',(28.017224204413,-2.496865900436,
    23.281992630875));
#7310 = CARTESIAN_POINT('',(28.017981829513,-2.465132587545,
    23.282006772426));
#7311 = CARTESIAN_POINT('',(28.018645643321,-2.433402912414,
    23.282020844118));
#7312 = CARTESIAN_POINT('',(28.019201080538,-2.401676672354,
    23.282035810122));
#7313 = CARTESIAN_POINT('',(27.988061428115,-3.16320664001,
    23.341629294671));
#7314 = CARTESIAN_POINT('',(27.990026500915,-3.131496383592,
    23.341617701826));
#7315 = CARTESIAN_POINT('',(27.991910498499,-3.09979002284,
    23.34160411019));
#7316 = CARTESIAN_POINT('',(27.993943984254,-3.06810322062,
    23.34157225131));
#7317 = CARTESIAN_POINT('',(27.995632945056,-3.036396735649,
    23.341564925018));
#7318 = CARTESIAN_POINT('',(27.997781118913,-3.004739624907,
    23.341503601982));
#7319 = CARTESIAN_POINT('',(27.999044335516,-2.973025502499,
    23.341500021024));
#7320 = CARTESIAN_POINT('',(28.00129614941,-2.94137733622,
    23.341429541321));
#7321 = CARTESIAN_POINT('',(28.00344246415,-2.877930452833,
    23.34142040156));
#7322 = CARTESIAN_POINT('',(28.00387337057,-2.846125589431,
    23.341507967845));
#7323 = CARTESIAN_POINT('',(28.005430918551,-2.814391919922,
    23.341528881162));
#7324 = CARTESIAN_POINT('',(28.005318340086,-2.782603926981,
    23.34156906234));
#7325 = CARTESIAN_POINT('',(28.007034771392,-2.750849591408,
    23.341618924147));
#7326 = CARTESIAN_POINT('',(28.007653296941,-2.719081091186,
    23.341651639812));
#7327 = CARTESIAN_POINT('',(28.008663975863,-2.687323553319,
    23.341682180813));
#7328 = CARTESIAN_POINT('',(28.010533227674,-2.623813921471,
    23.341733962897));
#7329 = CARTESIAN_POINT('',(28.011460948598,-2.592063664179,
    23.341755370588));
#7330 = CARTESIAN_POINT('',(28.012363507005,-2.560317792202,
    23.341773208303));
#7331 = CARTESIAN_POINT('',(28.013222745236,-2.528576122005,
    23.34178839935));
#7332 = CARTESIAN_POINT('',(28.014020605586,-2.496838459892,
    23.341801876713));
#7333 = CARTESIAN_POINT('',(28.01473913017,-2.465104601931,
    23.341814583343));
#7334 = CARTESIAN_POINT('',(28.01536046109,-2.433374334031,
    23.34182747192));
#7335 = CARTESIAN_POINT('',(28.01586684028,-2.40164743188,23.34184150499
    ));
#7336 = CARTESIAN_POINT('',(27.990232110588,-3.163250092059,
    23.40150492725));
#7337 = CARTESIAN_POINT('',(27.992047673709,-3.131536667336,
    23.401494197349));
#7338 = CARTESIAN_POINT('',(27.992511315157,-3.099791241787,
    23.401492653473));
#7339 = CARTESIAN_POINT('',(28.000819267396,-3.068282066633,
    23.401406314314));
#7340 = CARTESIAN_POINT('',(27.987197846473,-3.036150626795,
    23.401526039501));
#7341 = CARTESIAN_POINT('',(28.010000293936,-3.005062857258,
    23.40130316572));
#7342 = CARTESIAN_POINT('',(27.993369626855,-2.972877151469,
    23.401411754269));
#7343 = CARTESIAN_POINT('',(28.002610641867,-2.941382842376,
    23.401345656063));
#7344 = CARTESIAN_POINT('',(28.00162620178,-2.877939420369,
    23.401232479098));
#7345 = CARTESIAN_POINT('',(27.997087856079,-2.845867801251,
    23.401543833531));
#7346 = CARTESIAN_POINT('',(28.014330771458,-2.814798190306,
    23.401120860967));
#7347 = CARTESIAN_POINT('',(27.990992295115,-2.782213573606,
    23.401547412323));
#7348 = CARTESIAN_POINT('',(28.011724621431,-2.751044886169,
    23.401377597951));
#7349 = CARTESIAN_POINT('',(28.003294465795,-2.719021700973,
    23.401480147658));
#7350 = CARTESIAN_POINT('',(28.006102804921,-2.687313843411,
    23.401497156228));
#7351 = CARTESIAN_POINT('',(28.007834088896,-2.623802427071,
    23.401545318995));
#7352 = CARTESIAN_POINT('',(28.008702574473,-2.592051111117,
    23.401565033281));
#7353 = CARTESIAN_POINT('',(28.009546333252,-2.560304133192,
    23.401581613011));
#7354 = CARTESIAN_POINT('',(28.010370345012,-2.528561404678,
    23.401595339141));
#7355 = CARTESIAN_POINT('',(28.011129740284,-2.496822753813,
    23.401607937485));
#7356 = CARTESIAN_POINT('',(28.011802930667,-2.465087870202,
    23.401619765528));
#7357 = CARTESIAN_POINT('',(28.012380490765,-2.433356575565,
    23.401632087706));
#7358 = CARTESIAN_POINT('',(28.012834412685,-2.40162855774,
    23.401645690705));
#7359 = CARTESIAN_POINT('',(27.992384624356,-3.163304993656,
    23.461365879483));
#7360 = CARTESIAN_POINT('',(27.994067080479,-3.131589651704,
    23.461354755727));
#7361 = CARTESIAN_POINT('',(27.997982069044,-3.099938798007,
    23.461327243729));
#7362 = CARTESIAN_POINT('',(27.9879739047,-3.067937675033,
    23.461371998518));
#7363 = CARTESIAN_POINT('',(28.017028278327,-3.036955375193,
    23.461185681531));
#7364 = CARTESIAN_POINT('',(27.980877994788,-3.004291402845,
    23.461377555223));
#7365 = CARTESIAN_POINT('',(28.01376795096,-2.9734249892,23.461144384262
    ));
#7366 = CARTESIAN_POINT('',(28.005251071398,-2.941482332033,
    23.461167227966));
#7367 = CARTESIAN_POINT('',(28.001883385376,-2.877894576488,
    23.461192726027));
#7368 = CARTESIAN_POINT('',(27.997498740728,-2.846407637599,
    23.460666988846));
#7369 = CARTESIAN_POINT('',(27.995011448149,-2.813967134734,23.461570121
    ));
#7370 = CARTESIAN_POINT('',(28.012300872169,-2.783042507464,
    23.460945909816));
#7371 = CARTESIAN_POINT('',(27.995262588623,-2.750619582414,
    23.461336717541));
#7372 = CARTESIAN_POINT('',(28.005473797177,-2.719145251632,
    23.461262317021));
#7373 = CARTESIAN_POINT('',(28.004098880666,-2.68732313698,
    23.461306227642));
#7374 = CARTESIAN_POINT('',(28.005612249114,-2.623806489894,
    23.461353347532));
#7375 = CARTESIAN_POINT('',(28.00639602984,-2.592052703845,
    23.461372649532));
#7376 = CARTESIAN_POINT('',(28.007141438673,-2.560303376214,
    23.461388992682));
#7377 = CARTESIAN_POINT('',(28.007907396238,-2.528558629356,
    23.461401919715));
#7378 = CARTESIAN_POINT('',(28.008625487454,-2.496818253737,
    23.461414194222));
#7379 = CARTESIAN_POINT('',(28.009225924045,-2.465081670205,
    23.46142561413));
#7380 = CARTESIAN_POINT('',(28.009752523841,-2.433348779181,
    23.46143779175));
#7381 = CARTESIAN_POINT('',(28.010144156527,-2.401619123495,
    23.461451327413));
#7382 = CARTESIAN_POINT('',(27.994341996608,-3.163366415085,
    23.521213779439));
#7383 = CARTESIAN_POINT('',(27.995859025792,-3.131649211225,
    23.52120118342));
#7384 = CARTESIAN_POINT('',(27.995103474192,-3.09988668197,
    23.521189538636));
#7385 = CARTESIAN_POINT('',(28.007749546533,-3.068441328515,
    23.521141155693));
#7386 = CARTESIAN_POINT('',(27.983370765956,-3.036164823223,
    23.521163641397));
#7387 = CARTESIAN_POINT('',(28.018530873247,-3.005239977528,
    23.521055941919));
#7388 = CARTESIAN_POINT('',(27.994688613306,-2.97300705705,
    23.521052796763));
#7389 = CARTESIAN_POINT('',(27.99768584325,-2.941401286237,
    23.520937689748));
#7390 = CARTESIAN_POINT('',(28.002390505874,-2.878050783991,
    23.520873317497));
#7391 = CARTESIAN_POINT('',(28.011193332228,-2.846173590529,
    23.521335731029));
#7392 = CARTESIAN_POINT('',(27.997796296838,-2.814663641484,
    23.520543480455));
#7393 = CARTESIAN_POINT('',(28.000032317514,-2.782410506415,
    23.521346231857));
#7394 = CARTESIAN_POINT('',(28.004123511994,-2.751035852208,
    23.520921114896));
#7395 = CARTESIAN_POINT('',(28.001259982541,-2.719073955776,
    23.521119958001));
#7396 = CARTESIAN_POINT('',(28.002709874557,-2.687348024233,
    23.521116629174));
#7397 = CARTESIAN_POINT('',(28.003900592977,-2.623823688599,
    23.521163240153));
#7398 = CARTESIAN_POINT('',(28.004563217253,-2.592066285517,
    23.521182655127));
#7399 = CARTESIAN_POINT('',(28.005175355116,-2.560313672213,
    23.521199142111));
#7400 = CARTESIAN_POINT('',(28.005872606037,-2.528566247211,
    23.521211511408));
#7401 = CARTESIAN_POINT('',(28.006521147343,-2.496823431124,
    23.521223810034));
#7402 = CARTESIAN_POINT('',(28.007040764733,-2.465084576245,
    23.521235065825));
#7403 = CARTESIAN_POINT('',(28.007500772901,-2.433349573352,
    23.521247349645));
#7404 = CARTESIAN_POINT('',(28.007818344322,-2.401617836477,
    23.521260942826));
#7405 = CARTESIAN_POINT('',(27.995979809954,-3.163428228439,
    23.581053353952));
#7406 = CARTESIAN_POINT('',(27.997278322476,-3.131708139125,
    23.581039092695));
#7407 = CARTESIAN_POINT('',(27.999591021799,-3.100015585175,
    23.581021005197));
#7408 = CARTESIAN_POINT('',(27.995195019801,-3.068195692966,
    23.580995767679));
#7409 = CARTESIAN_POINT('',(28.008428346006,-3.036750644328,
    23.580961576952));
#7410 = CARTESIAN_POINT('',(27.993861486359,-3.004731412221,
    23.580933967968));
#7411 = CARTESIAN_POINT('',(28.003640597864,-2.973231855102,
    23.580876131759));
#7412 = CARTESIAN_POINT('',(28.004109560036,-2.941503028859,
    23.580877758034));
#7413 = CARTESIAN_POINT('',(28.00095223758,-2.877974129985,
    23.580832245963));
#7414 = CARTESIAN_POINT('',(27.994619890166,-2.846233092465,
    23.58061556704));
#7415 = CARTESIAN_POINT('',(28.005904469452,-2.814447103756,
    23.581028931252));
#7416 = CARTESIAN_POINT('',(27.999644941684,-2.78276580635,
    23.580706981465));
#7417 = CARTESIAN_POINT('',(28.001330709502,-2.750885550752,
    23.580944537943));
#7418 = CARTESIAN_POINT('',(28.001674903561,-2.71916523867,
    23.580896729136));
#7419 = CARTESIAN_POINT('',(28.001843990078,-2.687381321742,
    23.58093633617));
#7420 = CARTESIAN_POINT('',(28.002660186219,-2.623849286637,
    23.580980967165));
#7421 = CARTESIAN_POINT('',(28.003172627544,-2.592087988624,
    23.580999972762));
#7422 = CARTESIAN_POINT('',(28.003635053211,-2.560331941114,
    23.581016176468));
#7423 = CARTESIAN_POINT('',(28.00425176464,-2.52858158807,
    23.581027634208));
#7424 = CARTESIAN_POINT('',(28.004811165735,-2.496835974934,
    23.581039858833));
#7425 = CARTESIAN_POINT('',(28.005248004914,-2.465094541741,
    23.581050811675));
#7426 = CARTESIAN_POINT('',(28.00562836818,-2.433357123688,
    23.581063127369));
#7427 = CARTESIAN_POINT('',(28.005861162293,-2.401623037781,
    23.581076632207));
#7428 = CARTESIAN_POINT('',(27.997239502703,-3.163484694251,
    23.640890495482));
#7429 = CARTESIAN_POINT('',(27.998291349865,-3.13176054071,
    23.640875417254));
#7430 = CARTESIAN_POINT('',(27.998981810234,-3.100035169686,
    23.640856537163));
#7431 = CARTESIAN_POINT('',(28.001027837165,-3.068347563559,
    23.640834348077));
#7432 = CARTESIAN_POINT('',(27.999070177169,-3.036591113619,
    23.640798713948));
#7433 = CARTESIAN_POINT('',(28.002598706142,-3.004949133949,
    23.640767697935));
#7434 = CARTESIAN_POINT('',(28.001066962967,-2.973209224162,
    23.640727736988));
#7435 = CARTESIAN_POINT('',(28.000637462218,-2.941488144072,
    23.640685125602));
#7436 = CARTESIAN_POINT('',(28.001343263925,-2.878036074714,
    23.640653419921));
#7437 = CARTESIAN_POINT('',(28.00296434434,-2.846289601565,
    23.640701593372));
#7438 = CARTESIAN_POINT('',(27.999340196206,-2.814510958284,
    23.640619846093));
#7439 = CARTESIAN_POINT('',(28.001785236619,-2.782731283185,
    23.640738105578));
#7440 = CARTESIAN_POINT('',(28.000798697203,-2.750971039592,
    23.640704153209));
#7441 = CARTESIAN_POINT('',(28.001175681868,-2.719186149699,
    23.640752658001));
#7442 = CARTESIAN_POINT('',(28.001326290317,-2.687415226602,
    23.640771190305));
#7443 = CARTESIAN_POINT('',(28.001816773402,-2.623877809276,
    23.64081156907));
#7444 = CARTESIAN_POINT('',(28.002172811051,-2.592113336398,
    23.640828931256));
#7445 = CARTESIAN_POINT('',(28.002489070882,-2.560354503535,
    23.640843832811));
#7446 = CARTESIAN_POINT('',(28.002988465448,-2.52860126463,
    23.640853687683));
#7447 = CARTESIAN_POINT('',(28.003479084244,-2.496853029085,
    23.640865078022));
#7448 = CARTESIAN_POINT('',(28.003819650334,-2.46510902657,
    23.640875178247));
#7449 = CARTESIAN_POINT('',(28.004118853647,-2.433369183628,
    23.640887025893));
#7450 = CARTESIAN_POINT('',(28.004258710414,-2.401632702272,
    23.640900058387));
#7451 = CARTESIAN_POINT('',(27.998141669071,-3.163532048127,
    23.700730328966));
#7452 = CARTESIAN_POINT('',(27.998965322205,-3.131803300276,
    23.700715876633));
#7453 = CARTESIAN_POINT('',(27.999667973358,-3.100077340382,
    23.700699100901));
#7454 = CARTESIAN_POINT('',(28.000241833194,-3.068359241661,
    23.700677433157));
#7455 = CARTESIAN_POINT('',(28.000665444354,-3.03664811367,
    23.700650618708));
#7456 = CARTESIAN_POINT('',(28.00092629932,-3.004939727545,
    23.70062022056));
#7457 = CARTESIAN_POINT('',(28.001036007069,-2.97322850659,
    23.700589427943));
#7458 = CARTESIAN_POINT('',(28.001038008684,-2.941508882026,
    23.70056316913));
#7459 = CARTESIAN_POINT('',(28.000977674858,-2.878043146192,
    23.700533888984));
#7460 = CARTESIAN_POINT('',(28.000912205658,-2.846295393399,
    23.70053262607));
#7461 = CARTESIAN_POINT('',(28.000853253349,-2.814535716651,
    23.700542287786));
#7462 = CARTESIAN_POINT('',(28.000824166745,-2.782767389512,
    23.700559532666));
#7463 = CARTESIAN_POINT('',(28.000835255721,-2.75099382951,
    23.700580725608));
#7464 = CARTESIAN_POINT('',(28.00088922263,-2.719218429517,
    23.700602533019));
#7465 = CARTESIAN_POINT('',(28.000986593817,-2.687444389038,
    23.700622518179));
#7466 = CARTESIAN_POINT('',(28.001275708133,-2.623904702156,
    23.700656954577));
#7467 = CARTESIAN_POINT('',(28.001497595724,-2.592138327872,
    23.700671541057));
#7468 = CARTESIAN_POINT('',(28.001688687472,-2.560377625346,
    23.700684043993));
#7469 = CARTESIAN_POINT('',(28.002019901527,-2.528621823219,
    23.700691991124));
#7470 = CARTESIAN_POINT('',(28.002471720647,-2.49687145197,
    23.70070124365));
#7471 = CARTESIAN_POINT('',(28.002718332432,-2.465125167927,
    23.700709775921));
#7472 = CARTESIAN_POINT('',(28.002937683644,-2.433383145292,
    23.700720416392));
#7473 = CARTESIAN_POINT('',(28.00297900237,-2.40164443858,
    23.700732451747));
#7474 = CARTESIAN_POINT('',(27.999457049827,-3.163608126612,
    23.820420228417));
#7475 = CARTESIAN_POINT('',(27.999866211415,-3.131869942904,
    23.820408902369));
#7476 = CARTESIAN_POINT('',(28.000136584432,-3.100132539983,
    23.820397780994));
#7477 = CARTESIAN_POINT('',(28.00032327399,-3.068402863545,
    23.820384314184));
#7478 = CARTESIAN_POINT('',(28.00045663738,-3.036682055505,
    23.820367831661));
#7479 = CARTESIAN_POINT('',(28.000545814333,-3.004966744573,
    23.82034941123));
#7480 = CARTESIAN_POINT('',(28.00058970832,-2.97325097152,
    23.820331442043));
#7481 = CARTESIAN_POINT('',(28.000595419074,-2.94152874923,
    23.820316883838));
#7482 = CARTESIAN_POINT('',(28.00061283327,-2.878065765646,
    23.820299558455));
#7483 = CARTESIAN_POINT('',(28.000621399654,-2.846323605009,
    23.820298252778));
#7484 = CARTESIAN_POINT('',(28.000616898143,-2.814571334545,
    23.820302135798));
#7485 = CARTESIAN_POINT('',(28.000599420623,-2.782810014473,
    23.82031001853));
#7486 = CARTESIAN_POINT('',(28.000576646953,-2.751041374864,
    23.820321096182));
#7487 = CARTESIAN_POINT('',(28.00055841308,-2.719267984307,
    23.82033435279));
#7488 = CARTESIAN_POINT('',(28.000551280017,-2.687493418571,
    23.820347966078));
#7489 = CARTESIAN_POINT('',(28.000554924193,-2.623951439943,
    23.820369458225));
#7490 = CARTESIAN_POINT('',(28.000588510181,-2.592182687574,
    23.820378702755));
#7491 = CARTESIAN_POINT('',(28.000609594157,-2.560418320484,
    23.820385537789));
#7492 = CARTESIAN_POINT('',(28.000655584169,-2.528659464285,
    23.820392268885));
#7493 = CARTESIAN_POINT('',(28.000807429538,-2.496904739704,
    23.820395093961));
#7494 = CARTESIAN_POINT('',(28.001145867475,-2.465154823818,
    23.820400055841));
#7495 = CARTESIAN_POINT('',(28.001129754398,-2.433409035092,
    23.820407733359));
#7496 = CARTESIAN_POINT('',(28.0009649288,-2.401666539627,
    23.820416768726));
#7497 = CARTESIAN_POINT('',(27.999842076447,-3.163636457582,
    23.88027468331));
#7498 = CARTESIAN_POINT('',(28.000058169847,-3.131893802708,
    23.880267306221));
#7499 = CARTESIAN_POINT('',(28.000068557534,-3.100145583424,
    23.88026076454));
#7500 = CARTESIAN_POINT('',(28.000181690619,-3.068412503749,
    23.880249534661));
#7501 = CARTESIAN_POINT('',(28.000317405725,-3.036691564197,
    23.880236810188));
#7502 = CARTESIAN_POINT('',(28.00036998699,-3.004974211951,
    23.880225586901));
#7503 = CARTESIAN_POINT('',(28.000365044619,-2.973255473075,
    23.880215399466));
#7504 = CARTESIAN_POINT('',(28.000410209779,-2.941534066638,
    23.880204706357));
#7505 = CARTESIAN_POINT('',(28.000469082048,-2.878072935205,
    23.880193147113));
#7506 = CARTESIAN_POINT('',(28.000507007783,-2.84633282318,
    23.880192211025));
#7507 = CARTESIAN_POINT('',(28.000530205227,-2.814583312463,
    23.880194361527));
#7508 = CARTESIAN_POINT('',(28.0005322309,-2.782824868536,
    23.880198970046));
#7509 = CARTESIAN_POINT('',(28.000516952958,-2.751058625807,
    23.880205863569));
#7510 = CARTESIAN_POINT('',(28.000492092435,-2.719286738516,
    23.880214653269));
#7511 = CARTESIAN_POINT('',(28.000462760038,-2.687512731811,
    23.880224061545));
#7512 = CARTESIAN_POINT('',(28.000387233391,-2.623970973545,
    23.880238439176));
#7513 = CARTESIAN_POINT('',(28.000450031163,-2.592201587538,
    23.880242370343));
#7514 = CARTESIAN_POINT('',(28.000029492352,-2.560436765085,
    23.880256404153));
#7515 = CARTESIAN_POINT('',(28.000678175296,-2.52867516043,
    23.880241149492));
#7516 = CARTESIAN_POINT('',(28.000039328395,-2.496920821229,
    23.880259590019));
#7517 = CARTESIAN_POINT('',(28.000352657436,-2.465169065234,
    23.880257905534));
#7518 = CARTESIAN_POINT('',(28.000295304985,-2.43342167851,
    23.880262054741));
#7519 = CARTESIAN_POINT('',(28.000123663961,-2.401677420375,
    23.88026864174));
#7520 = CARTESIAN_POINT('',(28.000039186262,-3.163653918576,
    23.940135495896));
#7521 = CARTESIAN_POINT('',(28.000179046996,-3.131905104637,
    23.940126076546));
#7522 = CARTESIAN_POINT('',(28.000449918863,-3.100181227765,
    23.940120864895));
#7523 = CARTESIAN_POINT('',(28.000222860383,-3.06843465944,
    23.940126158559));
#7524 = CARTESIAN_POINT('',(27.999998374332,-3.036691087453,
    23.94012695067));
#7525 = CARTESIAN_POINT('',(28.000132786095,-3.004971874845,
    23.940115897868));
#7526 = CARTESIAN_POINT('',(28.000385651318,-2.973263846522,
    23.940102121553));
#7527 = CARTESIAN_POINT('',(28.000288193584,-2.94153650362,
    23.940099848415));
#7528 = CARTESIAN_POINT('',(28.000377349831,-2.878076827346,
    23.940093919242));
#7529 = CARTESIAN_POINT('',(28.000431913112,-2.84633796184,
    23.940093397854));
#7530 = CARTESIAN_POINT('',(28.000470784755,-2.81459010482,
    23.940094330638));
#7531 = CARTESIAN_POINT('',(28.000485223066,-2.782833463816,
    23.940096439291));
#7532 = CARTESIAN_POINT('',(28.000477404447,-2.751068867819,
    23.940099739286));
#7533 = CARTESIAN_POINT('',(28.000454398429,-2.719298217409,
    23.940104119605));
#7534 = CARTESIAN_POINT('',(28.000422151539,-2.687524934507,
    23.940108926183));
#7535 = CARTESIAN_POINT('',(28.000336775738,-2.623983890402,
    23.940116158335));
#7536 = CARTESIAN_POINT('',(27.999800023744,-2.592215469895,
    23.940126325382));
#7537 = CARTESIAN_POINT('',(28.001874619932,-2.560445117558,
    23.940095095301));
#7538 = CARTESIAN_POINT('',(27.998083322528,-2.528693543911,
    23.940167376667));
#7539 = CARTESIAN_POINT('',(28.000169722395,-2.496926359205,
    23.940100749098));
#7540 = CARTESIAN_POINT('',(28.002084200638,-2.465175883036,
    23.940113980677));
#7541 = CARTESIAN_POINT('',(28.001171059617,-2.433428358961,
    23.94012151236));
#7542 = CARTESIAN_POINT('',(28.000298848899,-2.401684216432,
    23.940127235985));
#7543 = CARTESIAN_POINT('',(28.000099238041,-3.163659820759,
    23.999999513045));
#7544 = CARTESIAN_POINT('',(27.999948664338,-3.131909069621,
    23.999999521218));
#7545 = CARTESIAN_POINT('',(27.999084718661,-3.100098937155,
    23.999999688932));
#7546 = CARTESIAN_POINT('',(27.999645133402,-3.068382608939,
    23.999999547529));
#7547 = CARTESIAN_POINT('',(28.000419754901,-3.036701064171,
    23.999999269449));
#7548 = CARTESIAN_POINT('',(28.000355258134,-3.004986242301,
    23.999999061578));
#7549 = CARTESIAN_POINT('',(27.999908090569,-2.973246892678,
    23.999998909024));
#7550 = CARTESIAN_POINT('',(28.000245644406,-2.941537107208,
    23.999998663509));
#7551 = CARTESIAN_POINT('',(28.000345670877,-2.878077965088,
    23.999998301762));
#7552 = CARTESIAN_POINT('',(28.000405377083,-2.84633951882,
    23.999998154019));
#7553 = CARTESIAN_POINT('',(28.000448881085,-2.814592211934,
    23.999998049389));
#7554 = CARTESIAN_POINT('',(28.00046704213,-2.782836183556,
    23.999997997546));
#7555 = CARTESIAN_POINT('',(28.000461751212,-2.751072174447,
    23.999998002656));
#7556 = CARTESIAN_POINT('',(28.000440218215,-2.71930200362,
    23.999998062512));
#7557 = CARTESIAN_POINT('',(28.000409248139,-2.687529045499,
    23.999998162819));
#7558 = CARTESIAN_POINT('',(28.000329805199,-2.623988367706,
    23.999998388242));
#7559 = CARTESIAN_POINT('',(28.001316033952,-2.59221778533,
    23.999998532754));
#7560 = CARTESIAN_POINT('',(27.996593200913,-2.560459077779,
    23.99999894372));
#7561 = CARTESIAN_POINT('',(28.005871361747,-2.528681889627,
    23.99999716845));
#7562 = CARTESIAN_POINT('',(27.99701862936,-2.496947390706,
    24.000002389019));
#7563 = CARTESIAN_POINT('',(27.997978095999,-2.46518857929,
    23.999995802897));
#7564 = CARTESIAN_POINT('',(27.997558530983,-2.433439784434,
    23.999997909881));
#7565 = CARTESIAN_POINT('',(27.998062212432,-2.401691967062,
    23.999998415307));
#7566 = CARTESIAN_POINT('',(28.000039202409,-3.163653948163,
    24.059863576021));
#7567 = CARTESIAN_POINT('',(28.000179022984,-3.131905015965,
    24.059873009418));
#7568 = CARTESIAN_POINT('',(28.000450072747,-3.100181086674,
    24.059878034979));
#7569 = CARTESIAN_POINT('',(28.000223053201,-3.068434595346,
    24.059872632377));
#7570 = CARTESIAN_POINT('',(27.999998513137,-3.036691051998,
    24.059871655061));
#7571 = CARTESIAN_POINT('',(28.000132867835,-3.004971734601,
    24.059882326656));
#7572 = CARTESIAN_POINT('',(28.000385651312,-2.973263574706,
    24.059895617412));
#7573 = CARTESIAN_POINT('',(28.000288002304,-2.941536235717,
    24.059897504453));
#7574 = CARTESIAN_POINT('',(28.000376764726,-2.878076531699,
    24.059902719078));
#7575 = CARTESIAN_POINT('',(28.000431221304,-2.846337669942,
    24.059902949635));
#7576 = CARTESIAN_POINT('',(28.000470037628,-2.814589827049,
    24.059901813773));
#7577 = CARTESIAN_POINT('',(28.000484488117,-2.782833207618,
    24.059899607648));
#7578 = CARTESIAN_POINT('',(28.000476782435,-2.751068639612,
    24.059896326981));
#7579 = CARTESIAN_POINT('',(28.000454002648,-2.71929802221,
    24.059892077206));
#7580 = CARTESIAN_POINT('',(28.000422049374,-2.687524773125,
    24.059887487641));
#7581 = CARTESIAN_POINT('',(28.000337111008,-2.623983779658,
    24.059880756958));
#7582 = CARTESIAN_POINT('',(27.999791887188,-2.592215411932,
    24.059870736239));
#7583 = CARTESIAN_POINT('',(28.001906779305,-2.560444952251,
    24.059902649386));
#7584 = CARTESIAN_POINT('',(27.9980269274,-2.528693576598,
    24.059831344054));
#7585 = CARTESIAN_POINT('',(28.000172193225,-2.49692645917,
    24.059893970651));
#7586 = CARTESIAN_POINT('',(28.002159194838,-2.465175471877,
    24.059888513673));
#7587 = CARTESIAN_POINT('',(28.001195663497,-2.433428156957,
    24.059878257111));
#7588 = CARTESIAN_POINT('',(28.000308015868,-2.40168405923,
    24.059871916107));
#7589 = CARTESIAN_POINT('',(27.9998421618,-3.16363655769,24.119724520424
    ));
#7590 = CARTESIAN_POINT('',(28.000058149002,-3.131893797315,
    24.119731880532));
#7591 = CARTESIAN_POINT('',(28.000068391555,-3.100145500679,
    24.11973839084));
#7592 = CARTESIAN_POINT('',(28.000181700532,-3.068412308463,
    24.119749439102));
#7593 = CARTESIAN_POINT('',(28.000317625186,-3.036691259266,
    24.119761846842));
#7594 = CARTESIAN_POINT('',(28.000370174652,-3.004973831169,
    24.119772677301));
#7595 = CARTESIAN_POINT('',(28.000364976783,-2.973255034915,
    24.119782444626));
#7596 = CARTESIAN_POINT('',(28.000409873738,-2.941533558717,
    24.119792723149));
#7597 = CARTESIAN_POINT('',(28.000468035585,-2.878072370725,
    24.119803592917));
#7598 = CARTESIAN_POINT('',(28.000505713344,-2.846332265387,
    24.119804254702));
#7599 = CARTESIAN_POINT('',(28.00052875541,-2.814582783474,
    24.119801921751));
#7600 = CARTESIAN_POINT('',(28.000530771787,-2.782824384193,
    24.11979724112));
#7601 = CARTESIAN_POINT('',(28.000515698173,-2.751058198646,
    24.119790395041));
#7602 = CARTESIAN_POINT('',(28.000491283258,-2.719286377016,
    24.119781769292));
#7603 = CARTESIAN_POINT('',(28.000462571356,-2.687512436063,
    24.119772619463));
#7604 = CARTESIAN_POINT('',(28.000388206834,-2.623970776622,
    24.119758858469));
#7605 = CARTESIAN_POINT('',(28.000453614849,-2.592201417024,
    24.11975530342));
#7606 = CARTESIAN_POINT('',(28.000027614862,-2.560436662816,
    24.119741758397));
#7607 = CARTESIAN_POINT('',(28.00067871041,-2.528675043489,
    24.11975683222));
#7608 = CARTESIAN_POINT('',(28.000097779993,-2.49692066788,
    24.119740096673));
#7609 = CARTESIAN_POINT('',(28.000302501246,-2.465169083667,
    24.119740691039));
#7610 = CARTESIAN_POINT('',(28.000275334854,-2.433421580799,
    24.119737099499));
#7611 = CARTESIAN_POINT('',(28.00010309703,-2.401677295416,
    24.119730548054));
#7612 = CARTESIAN_POINT('',(27.999457310498,-3.16360837911,
    24.179579176244));
#7613 = CARTESIAN_POINT('',(27.999866265995,-3.131870022795,
    24.179590470884));
#7614 = CARTESIAN_POINT('',(28.000136393045,-3.10013247432,
    24.179601507068));
#7615 = CARTESIAN_POINT('',(28.000323171616,-3.068402659056,
    24.179614780572));
#7616 = CARTESIAN_POINT('',(28.000456769604,-3.036681710668,
    24.179630952834));
#7617 = CARTESIAN_POINT('',(28.000546032254,-3.004966262006,
    24.179648975507));
#7618 = CARTESIAN_POINT('',(28.000589725129,-2.973250367498,
    24.179666514074));
#7619 = CARTESIAN_POINT('',(28.000595031308,-2.941528057062,
    24.179680670789));
#7620 = CARTESIAN_POINT('',(28.000611572942,-2.87806498596,24.1796973425
    ));
#7621 = CARTESIAN_POINT('',(28.00061974406,-2.846322834638,
    24.179698404142));
#7622 = CARTESIAN_POINT('',(28.00061498528,-2.814570609954,
    24.179694380327));
#7623 = CARTESIAN_POINT('',(28.000597497462,-2.782809361162,
    24.179686474256));
#7624 = CARTESIAN_POINT('',(28.000575043636,-2.751040809963,
    24.179675496041));
#7625 = CARTESIAN_POINT('',(28.000557479223,-2.719267516169,
    24.179662454599));
#7626 = CARTESIAN_POINT('',(28.000551283283,-2.687493043297,
    24.179649150179));
#7627 = CARTESIAN_POINT('',(28.000556894423,-2.623951205157,
    24.179628382562));
#7628 = CARTESIAN_POINT('',(28.000590723037,-2.592182507436,
    24.179619568225));
#7629 = CARTESIAN_POINT('',(28.000614386353,-2.560418180605,
    24.179613208656));
#7630 = CARTESIAN_POINT('',(28.00066252753,-2.528659362171,
    24.179606815506));
#7631 = CARTESIAN_POINT('',(28.000815596594,-2.496904647116,
    24.179604561582));
#7632 = CARTESIAN_POINT('',(28.001139149841,-2.465154713772,
    24.179599987133));
#7633 = CARTESIAN_POINT('',(28.001113415766,-2.433408901848,
    24.1795923779));
#7634 = CARTESIAN_POINT('',(28.00093981643,-2.401666384524,
    24.179583297101));
#7635 = CARTESIAN_POINT('',(27.998142598723,-3.163532851008,
    24.299269559401));
#7636 = CARTESIAN_POINT('',(27.998965896764,-3.131803840519,
    24.299283952442));
#7637 = CARTESIAN_POINT('',(27.999668070763,-3.100077625286,
    24.299300604044));
#7638 = CARTESIAN_POINT('',(28.000241667747,-3.068359263282,
    24.299322040005));
#7639 = CARTESIAN_POINT('',(28.000665350474,-3.036647867976,
    24.299348517704));
#7640 = CARTESIAN_POINT('',(28.000926435243,-3.004939225472,
    24.299378505638));
#7641 = CARTESIAN_POINT('',(28.001036176451,-2.973227780129,
    24.29940886377));
#7642 = CARTESIAN_POINT('',(28.001037796575,-2.941507988677,
    24.299434724657));
#7643 = CARTESIAN_POINT('',(28.00097672928,-2.878042096979,
    24.299463426312));
#7644 = CARTESIAN_POINT('',(28.000910867823,-2.846294364329,
    24.299464518209));
#7645 = CARTESIAN_POINT('',(28.000851887131,-2.814534780405,
    24.299454818671));
#7646 = CARTESIAN_POINT('',(28.000823288789,-2.782766590985,
    24.299437670213));
#7647 = CARTESIAN_POINT('',(28.000835336513,-2.75099318649,
    24.29941669787));
#7648 = CARTESIAN_POINT('',(28.000890525631,-2.719217936329,
    24.299395217329));
#7649 = CARTESIAN_POINT('',(28.000989052128,-2.687444023294,
    24.299375642393));
#7650 = CARTESIAN_POINT('',(28.00127951205,-2.62390453253,
    24.299342143545));
#7651 = CARTESIAN_POINT('',(28.001500436384,-2.592138227826,
    24.299328113724));
#7652 = CARTESIAN_POINT('',(28.001693236053,-2.560377576391,
    24.299316084254));
#7653 = CARTESIAN_POINT('',(28.00202250886,-2.52862178889,
    24.299308793999));
#7654 = CARTESIAN_POINT('',(28.002461271073,-2.496871414403,
    24.29929996975));
#7655 = CARTESIAN_POINT('',(28.002700045774,-2.46512510994,
    24.299291793778));
#7656 = CARTESIAN_POINT('',(28.002904094258,-2.433383043267,
    24.299281308834));
#7657 = CARTESIAN_POINT('',(28.002932102822,-2.401644287201,
    24.299269278482));
#7658 = CARTESIAN_POINT('',(27.997240774407,-3.163485847409,
    24.359109678712));
#7659 = CARTESIAN_POINT('',(27.998292230298,-3.131761391732,
    24.359124686403));
#7660 = CARTESIAN_POINT('',(27.998984257322,-3.10003575969,
    24.35914342888));
#7661 = CARTESIAN_POINT('',(28.001019367999,-3.068347621565,
    24.359165360966));
#7662 = CARTESIAN_POINT('',(27.999084793596,-3.036591304148,
    24.359200651186));
#7663 = CARTESIAN_POINT('',(28.002583471371,-3.004948416632,
    24.359231253807));
#7664 = CARTESIAN_POINT('',(28.001073152308,-2.973208583508,
    24.359270730647));
#7665 = CARTESIAN_POINT('',(28.000639464712,-2.941487249812,
    24.359312981219));
#7666 = CARTESIAN_POINT('',(28.001349044944,-2.878034996201,
    24.35934399408));
#7667 = CARTESIAN_POINT('',(28.002964444194,-2.846288655202,
    24.359295921225));
#7668 = CARTESIAN_POINT('',(27.999314101721,-2.814509436229,
    24.359377794254));
#7669 = CARTESIAN_POINT('',(28.001821527985,-2.782731165965,
    24.359259227659));
#7670 = CARTESIAN_POINT('',(28.000777490896,-2.750970039378,
    24.359293991196));
#7671 = CARTESIAN_POINT('',(28.001184791544,-2.719185823491,
    24.359245599947));
#7672 = CARTESIAN_POINT('',(28.001330177853,-2.687414931839,
    24.359227592803));
#7673 = CARTESIAN_POINT('',(28.001820800321,-2.623877725192,
    24.359188257138));
#7674 = CARTESIAN_POINT('',(28.00217440785,-2.592113322896,
    24.35917149569));
#7675 = CARTESIAN_POINT('',(28.002491211612,-2.560354539049,
    24.359157103829));
#7676 = CARTESIAN_POINT('',(28.002982895574,-2.528601302616,
    24.359147945066));
#7677 = CARTESIAN_POINT('',(28.003461336474,-2.49685305112,
    24.359136968291));
#7678 = CARTESIAN_POINT('',(28.003791922876,-2.465109018133,
    24.359127233453));
#7679 = CARTESIAN_POINT('',(28.004075034882,-2.433369118349,
    24.359115560691));
#7680 = CARTESIAN_POINT('',(28.004199793925,-2.401632571334,
    24.359102557935));
#7681 = CARTESIAN_POINT('',(27.995981756992,-3.163429802425,
    24.418947128864));
#7682 = CARTESIAN_POINT('',(27.997279856147,-3.131709379669,
    24.418961313803));
#7683 = CARTESIAN_POINT('',(27.999583548801,-3.1000162991,
    24.418979234663));
#7684 = CARTESIAN_POINT('',(27.995229925058,-3.068196981606,
    24.419004304866));
#7685 = CARTESIAN_POINT('',(28.00836345473,-3.036749389356,
    24.419037941707));
#7686 = CARTESIAN_POINT('',(27.993928732279,-3.004732611602,
    24.419065389356));
#7687 = CARTESIAN_POINT('',(28.003609530531,-2.973230736837,
    24.419122687562));
#7688 = CARTESIAN_POINT('',(28.004101481044,-2.94150202417,
    24.419120573676));
#7689 = CARTESIAN_POINT('',(28.00092543898,-2.87797290373,
    24.419166273735));
#7690 = CARTESIAN_POINT('',(27.994610679069,-2.846231254742,
    24.419381746073));
#7691 = CARTESIAN_POINT('',(28.006020140496,-2.814448785153,
    24.418968247243));
#7692 = CARTESIAN_POINT('',(27.999489600896,-2.782762255859,
    24.419292534503));
#7693 = CARTESIAN_POINT('',(28.001431410442,-2.750886796408,
    24.419053042065));
#7694 = CARTESIAN_POINT('',(28.001653211956,-2.719164518842,
    24.419102482506));
#7695 = CARTESIAN_POINT('',(28.001848940588,-2.687381187184,
    24.41906314242));
#7696 = CARTESIAN_POINT('',(28.002662612572,-2.623849351368,
    24.419019637842));
#7697 = CARTESIAN_POINT('',(28.003170964292,-2.59208811203,
    24.419001258981));
#7698 = CARTESIAN_POINT('',(28.003631222091,-2.560332097461,
    24.418985599692));
#7699 = CARTESIAN_POINT('',(28.004237783099,-2.528581729377,
    24.418974824064));
#7700 = CARTESIAN_POINT('',(28.00478419834,-2.49683608059,
    24.418963029686));
#7701 = CARTESIAN_POINT('',(28.005209079718,-2.465094596417,
    24.418952453279));
#7702 = CARTESIAN_POINT('',(28.005572394534,-2.433357102526,
    24.418940337072));
#7703 = CARTESIAN_POINT('',(28.005788497201,-2.40162293093,
    24.418926886159));
#7704 = CARTESIAN_POINT('',(27.994344644849,-3.163368443574,
    24.478787001358));
#7705 = CARTESIAN_POINT('',(27.99586143688,-3.131650885947,
    24.478799518842));
#7706 = CARTESIAN_POINT('',(27.995122387906,-3.099888401574,
    24.478811082567));
#7707 = CARTESIAN_POINT('',(28.007681485539,-3.068440558505,
    24.478858872499));
#7708 = CARTESIAN_POINT('',(27.98350261553,-3.036168393341,
    24.478836765929));
#7709 = CARTESIAN_POINT('',(28.018388293543,-3.005236730015,
    24.478943167199));
#7710 = CARTESIAN_POINT('',(27.994764368043,-2.973008118664,
    24.478946307937));
#7711 = CARTESIAN_POINT('',(27.997701757315,-2.941400872546,
    24.479061009381));
#7712 = CARTESIAN_POINT('',(28.002445690258,-2.87805001701,
    24.479123498642));
#7713 = CARTESIAN_POINT('',(28.01121670487,-2.846174707417,
    24.478663890414));
#7714 = CARTESIAN_POINT('',(27.997578125315,-2.81465731546,
    24.479455197326));
#7715 = CARTESIAN_POINT('',(28.000331494231,-2.782416236572,
    24.478650867768));
#7716 = CARTESIAN_POINT('',(28.003943005624,-2.751032069297,
    24.479079357426));
#7717 = CARTESIAN_POINT('',(28.001316980061,-2.719074859652,
    24.47887928778));
#7718 = CARTESIAN_POINT('',(28.002714368371,-2.687348109713,
    24.478883567992));
#7719 = CARTESIAN_POINT('',(28.003898945425,-2.623823931363,
    24.478838148722));
#7720 = CARTESIAN_POINT('',(28.004555767349,-2.592066563695,
    24.478819374499));
#7721 = CARTESIAN_POINT('',(28.005162413744,-2.560313957143,
    24.47880346272));
#7722 = CARTESIAN_POINT('',(28.005848842473,-2.528566495236,
    24.478791745117));
#7723 = CARTESIAN_POINT('',(28.006482435791,-2.496823620089,
    24.478779904166));
#7724 = CARTESIAN_POINT('',(28.006988522401,-2.465084688578,
    24.478769033904));
#7725 = CARTESIAN_POINT('',(28.007430334176,-2.433349587297,
    24.478756978333));
#7726 = CARTESIAN_POINT('',(28.007729670765,-2.401617742026,
    24.478743463291));
#7727 = CARTESIAN_POINT('',(27.9923872621,-3.163307457035,
    24.538635152896));
#7728 = CARTESIAN_POINT('',(27.99406987723,-3.131591748168,
    24.538646195115));
#7729 = CARTESIAN_POINT('',(27.997968394328,-3.099940051177,
    24.538673444438));
#7730 = CARTESIAN_POINT('',(27.988045914085,-3.067940911305,
    24.538629010008));
#7731 = CARTESIAN_POINT('',(28.016893397973,-3.036952431082,
    24.538813611393));
#7732 = CARTESIAN_POINT('',(27.981033373234,-3.004296009723,
    24.538623260843));
#7733 = CARTESIAN_POINT('',(28.013664516576,-2.973422197501,
    24.538854342264));
#7734 = CARTESIAN_POINT('',(28.005237675851,-2.941481258981,
    24.538831429205));
#7735 = CARTESIAN_POINT('',(28.001825885965,-2.877893522841,
    24.538807164775));
#7736 = CARTESIAN_POINT('',(27.997451084305,-2.846403708198,
    24.539329138474));
#7737 = CARTESIAN_POINT('',(27.995270953541,-2.813973639424,
    24.538428752154));
#7738 = CARTESIAN_POINT('',(28.011989087253,-2.783035442113,
    24.539054780034));
#7739 = CARTESIAN_POINT('',(27.995464688615,-2.750623566832,
    24.538661706225));
#7740 = CARTESIAN_POINT('',(28.005425649152,-2.719144470972,
    24.538738358089));
#7741 = CARTESIAN_POINT('',(28.004100153848,-2.687323437536,
    24.538694657804));
#7742 = CARTESIAN_POINT('',(28.005603533794,-2.623806888305,
    24.53864878859));
#7743 = CARTESIAN_POINT('',(28.006379763894,-2.592053110613,
    24.538630138967));
#7744 = CARTESIAN_POINT('',(28.007116691143,-2.560303761062,
    24.53861440034));
#7745 = CARTESIAN_POINT('',(28.007870424544,-2.52855895562,
    24.538602100243));
#7746 = CARTESIAN_POINT('',(28.008572610217,-2.496818497457,
    24.538590307675));
#7747 = CARTESIAN_POINT('',(28.009157473111,-2.465081812873,
    24.538579285241));
#7748 = CARTESIAN_POINT('',(28.009664908341,-2.433348801143,
    24.538567361987));
#7749 = CARTESIAN_POINT('',(28.010036766582,-2.401619014029,
    24.538553929607));
#7750 = CARTESIAN_POINT('',(27.99023306137,-3.163252916962,
    24.598496282211));
#7751 = CARTESIAN_POINT('',(27.992049154174,-3.131539109074,
    24.598506922533));
#7752 = CARTESIAN_POINT('',(27.992525817718,-3.099793638206,
    24.59850839075));
#7753 = CARTESIAN_POINT('',(28.000772772078,-3.068282294508,
    24.598594058761));
#7754 = CARTESIAN_POINT('',(27.98729503017,-3.036154412981,
    24.598474928625));
#7755 = CARTESIAN_POINT('',(28.009903136142,-3.005060770388,
    24.598696192183));
#7756 = CARTESIAN_POINT('',(27.993439775312,-2.972879109279,
    24.59858809901));
#7757 = CARTESIAN_POINT('',(28.002616310123,-2.941382788931,
    24.598653609992));
#7758 = CARTESIAN_POINT('',(28.001653722564,-2.877938818847,
    24.598765710327));
#7759 = CARTESIAN_POINT('',(27.997128621874,-2.84586981828,
    24.598457110794));
#7760 = CARTESIAN_POINT('',(28.014224131575,-2.81479427276,
    24.598876740076));
#7761 = CARTESIAN_POINT('',(27.991137415695,-2.782217476733,
    24.598453048538));
#7762 = CARTESIAN_POINT('',(28.011639216172,-2.751043072227,
    24.598622549232));
#7763 = CARTESIAN_POINT('',(28.003318476942,-2.71902261277,
    24.598520691736));
#7764 = CARTESIAN_POINT('',(28.006097060281,-2.68731427774,
    24.59850434535));
#7765 = CARTESIAN_POINT('',(28.007814763688,-2.623802909551,
    24.598457495406));
#7766 = CARTESIAN_POINT('',(28.008674003204,-2.592051580322,
    24.598438448279));
#7767 = CARTESIAN_POINT('',(28.009506835374,-2.560304557502,
    24.598422504193));
#7768 = CARTESIAN_POINT('',(28.010316512549,-2.528561752308,
    24.59840938921));
#7769 = CARTESIAN_POINT('',(28.011059824574,-2.496822999614,
    24.598397297159));
#7770 = CARTESIAN_POINT('',(28.011715097328,-2.465087994431,
    24.598385881804));
#7771 = CARTESIAN_POINT('',(28.012272615631,-2.433356559805,
    24.598373838451));
#7772 = CARTESIAN_POINT('',(28.012705230464,-2.401628389713,
    24.598360365508));
#7773 = CARTESIAN_POINT('',(27.988058026501,-3.163209714786,
    24.658372006873));
#7774 = CARTESIAN_POINT('',(27.990023622734,-3.131499046053,
    24.658383495911));
#7775 = CARTESIAN_POINT('',(27.991909236162,-3.099792291208,
    24.658396929256));
#7776 = CARTESIAN_POINT('',(27.993940364811,-3.06810490309,
    24.658428454526));
#7777 = CARTESIAN_POINT('',(27.995636485928,-3.036398192173,
    24.658435573957));
#7778 = CARTESIAN_POINT('',(27.997777137869,-3.004740240651,
    24.658496316572));
#7779 = CARTESIAN_POINT('',(27.999053977119,-2.973026078928,
    24.658499665369));
#7780 = CARTESIAN_POINT('',(28.001295637423,-2.941377021163,
    24.658569533238));
#7781 = CARTESIAN_POINT('',(28.003447318673,-2.8779298304,
    24.658578355985));
#7782 = CARTESIAN_POINT('',(28.003886679667,-2.846125612066,
    24.658491341316));
#7783 = CARTESIAN_POINT('',(28.005418030946,-2.814391690773,
    24.658470817951));
#7784 = CARTESIAN_POINT('',(28.005328869917,-2.782604221593,
    24.658430885189));
#7785 = CARTESIAN_POINT('',(28.007020385749,-2.75084977625,
    24.658381870612));
#7786 = CARTESIAN_POINT('',(28.007645500631,-2.719081501428,
    24.658349675652));
#7787 = CARTESIAN_POINT('',(28.008646700674,-2.687323983348,
    24.658319847246));
#7788 = CARTESIAN_POINT('',(28.010499211451,-2.623814382372,
    24.658269444647));
#7789 = CARTESIAN_POINT('',(28.011416179489,-2.592064101802,
    24.65824872558));
#7790 = CARTESIAN_POINT('',(28.012305640867,-2.560318171788,
    24.65823154947));
#7791 = CARTESIAN_POINT('',(28.013149516787,-2.528576412871,
    24.658216967929));
#7792 = CARTESIAN_POINT('',(28.013929868683,-2.496838635477,
    24.658204023015));
#7793 = CARTESIAN_POINT('',(28.014628898595,-2.465104639941,
    24.658191747805));
#7794 = CARTESIAN_POINT('',(28.015228948796,-2.433374216481,
    24.658179165842));
#7795 = CARTESIAN_POINT('',(28.015712502075,-2.401647145219,
    24.658165291533));
#7796 = CARTESIAN_POINT('',(27.986077575291,-3.16317998853,
    24.718258940118));
#7797 = CARTESIAN_POINT('',(27.988225798003,-3.131473281069,
    24.718271505102));
#7798 = CARTESIAN_POINT('',(27.990312862283,-3.099771761672,
    24.718287420348));
#7799 = CARTESIAN_POINT('',(27.992503849975,-3.068082747283,
    24.718312622336));
#7800 = CARTESIAN_POINT('',(27.994620984843,-3.036397408987,
    24.718339873171));
#7801 = CARTESIAN_POINT('',(27.996653888489,-3.00471433364,
    24.718368634459));
#7802 = CARTESIAN_POINT('',(27.998828923646,-2.973041180029,
    24.718405737002));
#7803 = CARTESIAN_POINT('',(28.001237624959,-2.941374429546,
    24.718446846352));
#7804 = CARTESIAN_POINT('',(28.004810809327,-2.877940033215,
    24.71843060203));
#7805 = CARTESIAN_POINT('',(28.006204111436,-2.8461696304,
    24.718361600487));
#7806 = CARTESIAN_POINT('',(28.00731497854,-2.814400332456,
    24.718305347491));
#7807 = CARTESIAN_POINT('',(28.008341947232,-2.782636709573,
    24.718262452479));
#7808 = CARTESIAN_POINT('',(28.009402011666,-2.750871909641,
    24.718219192476));
#7809 = CARTESIAN_POINT('',(28.010480019915,-2.719106660289,
    24.718175793193));
#7810 = CARTESIAN_POINT('',(28.011496690659,-2.687348955958,
    24.718144305143));
#7811 = CARTESIAN_POINT('',(28.013493809688,-2.623839903978,
    24.718087844388));
#7812 = CARTESIAN_POINT('',(28.014468897241,-2.592089987716,
    24.718064495618));
#7813 = CARTESIAN_POINT('',(28.015406075397,-2.560344482889,
    24.718045041877));
#7814 = CARTESIAN_POINT('',(28.016290906717,-2.528603191207,
    24.718028496586));
#7815 = CARTESIAN_POINT('',(28.017108953769,-2.496865914374,
    24.718013873167));
#7816 = CARTESIAN_POINT('',(28.01784577911,-2.4651324541,24.718000185041
    ));
#7817 = CARTESIAN_POINT('',(28.018486945309,-2.433402612092,
    24.717986445628));
#7818 = CARTESIAN_POINT('',(28.019018014926,-2.401676190057,
    24.717971668351));
#7819 = ADVANCED_FACE('',(#7820),#7854,.F.);
#7820 = FACE_BOUND('',#7821,.F.);
#7821 = EDGE_LOOP('',(#7822,#7823,#7848,#7853));
#7822 = ORIENTED_EDGE('',*,*,#7283,.F.);
#7823 = ORIENTED_EDGE('',*,*,#7824,.T.);
#7824 = EDGE_CURVE('',#7190,#7825,#7827,.T.);
#7825 = VERTEX_POINT('',#7826);
#7826 = CARTESIAN_POINT('',(30.763942230871,4.312238421119,
    19.527858940829));
#7827 = B_SPLINE_CURVE_WITH_KNOTS('',7,(#7828,#7829,#7830,#7831,#7832,
    #7833,#7834,#7835,#7836,#7837,#7838,#7839,#7840,#7841,#7842,#7843,
    #7844,#7845,#7846,#7847),.UNSPECIFIED.,.F.,.F.,(8,6,6,8),(
    0.293373083377,7.471641541504,9.177895767258,9.290916710911),
  .UNSPECIFIED.);
#7828 = CARTESIAN_POINT('',(28.002670227788,-2.673004002448,
    24.163386498119));
#7829 = CARTESIAN_POINT('',(27.984014972585,-1.865907541379,
    23.592797965348));
#7830 = CARTESIAN_POINT('',(28.041235466346,-1.065060780622,
    23.0225538556));
#7831 = CARTESIAN_POINT('',(28.174523308294,-0.263487128575,
    22.452601381333));
#7832 = CARTESIAN_POINT('',(28.384851555262,0.538047680645,
    21.88694573418));
#7833 = CARTESIAN_POINT('',(28.691115205646,1.349440031447,
    21.325687553444));
#7834 = CARTESIAN_POINT('',(29.099419248739,2.152107581144,
    20.789624476203));
#7835 = CARTESIAN_POINT('',(29.759907427158,3.126893085434,
    20.188013782446));
#7836 = CARTESIAN_POINT('',(29.894299705812,3.313351640115,
    20.075141501943));
#7837 = CARTESIAN_POINT('',(30.033570247649,3.498466297497,
    19.966312239129));
#7838 = CARTESIAN_POINT('',(30.188483872184,3.684763500952,
    19.857971527644));
#7839 = CARTESIAN_POINT('',(30.338627869876,3.866551986895,
    19.758958044924));
#7840 = CARTESIAN_POINT('',(30.515370230773,4.053192424514,
    19.656820920722));
#7841 = CARTESIAN_POINT('',(30.696145265787,4.241700126662,
    19.562386462812));
#7842 = CARTESIAN_POINT('',(30.707395715492,4.253424070027,
    19.556551644019));
#7843 = CARTESIAN_POINT('',(30.718665974143,4.265161037522,
    19.550748775065));
#7844 = CARTESIAN_POINT('',(30.729955898373,4.276910992762,
    19.54497796311));
#7845 = CARTESIAN_POINT('',(30.741265344816,4.288673899365,
    19.539239315313));
#7846 = CARTESIAN_POINT('',(30.752594170104,4.300449720945,
    19.533532938833));
#7847 = CARTESIAN_POINT('',(30.763942230871,4.312238421119,
    19.527858940829));
#7848 = ORIENTED_EDGE('',*,*,#7849,.F.);
#7849 = EDGE_CURVE('',#5690,#7825,#7850,.T.);
#7850 = B_SPLINE_CURVE_WITH_KNOTS('',1,(#7851,#7852),.UNSPECIFIED.,.F.,
  .F.,(2,2),(0.,8.997543627533),.PIECEWISE_BEZIER_KNOTS.);
#7851 = CARTESIAN_POINT('',(30.928932188135,3.936291501015,
    19.030107201733));
#7852 = CARTESIAN_POINT('',(30.763942230871,4.312238421119,
    19.527858940829));
#7853 = ORIENTED_EDGE('',*,*,#5697,.F.);
#7854 = B_SPLINE_SURFACE_WITH_KNOTS('',1,7,(
    (#7855,#7856,#7857,#7858,#7859,#7860,#7861,#7862,#7863,#7864,#7865
      ,#7866,#7867,#7868,#7869,#7870,#7871,#7872,#7873,#7874)
    ,(#7875,#7876,#7877,#7878,#7879,#7880,#7881,#7882,#7883,#7884,#7885
      ,#7886,#7887,#7888,#7889,#7890,#7891,#7892,#7893,#7894
  )),.UNSPECIFIED.,.F.,.F.,.F.,(2,2),(8,6,6,8),(0.,8.997543627533),(
    0.293373083377,7.471641541504,9.177895767258,9.290916710911),
  .UNSPECIFIED.);
#7855 = CARTESIAN_POINT('',(28.,-3.13477631085,23.51012382089));
#7856 = CARTESIAN_POINT('',(28.,-2.327320817466,22.939433042229));
#7857 = CARTESIAN_POINT('',(28.075845963117,-1.523776012353,
    22.373621545522));
#7858 = CARTESIAN_POINT('',(28.227749580611,-0.71721986715,
    21.812694016211));
#7859 = CARTESIAN_POINT('',(28.456680426939,9.1624119455E-02,
    21.260342661619));
#7860 = CARTESIAN_POINT('',(28.781542903912,0.913020267233,
    20.718135485534));
#7861 = CARTESIAN_POINT('',(29.207980967241,1.728141313637,
    20.20603004216));
#7862 = CARTESIAN_POINT('',(29.890516430406,2.720974170257,
    19.64078260296));
#7863 = CARTESIAN_POINT('',(30.028602565313,2.910863977725,
    19.535298307105));
#7864 = CARTESIAN_POINT('',(30.174665813251,3.100440550722,
    19.433504377987));
#7865 = CARTESIAN_POINT('',(30.327611113381,3.288538668423,
    19.334509339263));
#7866 = CARTESIAN_POINT('',(30.491670240797,3.477938489774,
    19.241086401138));
#7867 = CARTESIAN_POINT('',(30.660836855818,3.662651193643,
    19.151528252193));
#7868 = CARTESIAN_POINT('',(30.855514638491,3.862125057184,
    19.062527199747));
#7869 = CARTESIAN_POINT('',(30.867649468563,3.874508754284,
    19.057033863203));
#7870 = CARTESIAN_POINT('',(30.879824906982,3.886883744945,
    19.05157640108));
#7871 = CARTESIAN_POINT('',(30.892040925949,3.89924977206,
    19.046154908624));
#7872 = CARTESIAN_POINT('',(30.904297497662,3.911606578516,
    19.040769481083));
#7873 = CARTESIAN_POINT('',(30.916594594324,3.923953907204,
    19.035420213703));
#7874 = CARTESIAN_POINT('',(30.928932188135,3.936291501015,
    19.030107201733));
#7875 = CARTESIAN_POINT('',(28.002670227788,-2.673004002448,
    24.163386498119));
#7876 = CARTESIAN_POINT('',(27.984014972585,-1.865907541379,
    23.592797965348));
#7877 = CARTESIAN_POINT('',(28.041235466346,-1.065060780622,
    23.0225538556));
#7878 = CARTESIAN_POINT('',(28.174523308294,-0.263487128575,
    22.452601381333));
#7879 = CARTESIAN_POINT('',(28.384851555262,0.538047680645,
    21.88694573418));
#7880 = CARTESIAN_POINT('',(28.691115205646,1.349440031447,
    21.325687553444));
#7881 = CARTESIAN_POINT('',(29.099419248739,2.152107581144,
    20.789624476203));
#7882 = CARTESIAN_POINT('',(29.759907427158,3.126893085434,
    20.188013782446));
#7883 = CARTESIAN_POINT('',(29.894299705812,3.313351640115,
    20.075141501943));
#7884 = CARTESIAN_POINT('',(30.033570247649,3.498466297497,
    19.966312239129));
#7885 = CARTESIAN_POINT('',(30.188483872184,3.684763500952,
    19.857971527644));
#7886 = CARTESIAN_POINT('',(30.338627869876,3.866551986895,
    19.758958044924));
#7887 = CARTESIAN_POINT('',(30.515370230773,4.053192424514,
    19.656820920722));
#7888 = CARTESIAN_POINT('',(30.696145265787,4.241700126662,
    19.562386462812));
#7889 = CARTESIAN_POINT('',(30.707395715492,4.253424070027,
    19.556551644019));
#7890 = CARTESIAN_POINT('',(30.718665974143,4.265161037522,
    19.550748775065));
#7891 = CARTESIAN_POINT('',(30.729955898373,4.276910992762,
    19.54497796311));
#7892 = CARTESIAN_POINT('',(30.741265344816,4.288673899365,
    19.539239315313));
#7893 = CARTESIAN_POINT('',(30.752594170104,4.300449720945,
    19.533532938833));
#7894 = CARTESIAN_POINT('',(30.763942230871,4.312238421119,
    19.527858940829));
#7895 = ADVANCED_FACE('',(#7896),#7907,.F.);
#7896 = FACE_BOUND('',#7897,.F.);
#7897 = EDGE_LOOP('',(#7898,#7899,#7900,#7906));
#7898 = ORIENTED_EDGE('',*,*,#5757,.F.);
#7899 = ORIENTED_EDGE('',*,*,#7100,.T.);
#7900 = ORIENTED_EDGE('',*,*,#7901,.T.);
#7901 = EDGE_CURVE('',#7093,#5821,#7902,.T.);
#7902 = LINE('',#7903,#7904);
#7903 = CARTESIAN_POINT('',(38.080253536895,11.346147959319,
    13.5791587509));
#7904 = VECTOR('',#7905,1.);
#7905 = DIRECTION('',(-0.122466748786,0.648519770116,-0.751281573853));
#7906 = ORIENTED_EDGE('',*,*,#5832,.F.);
#7907 = PLANE('',#7908);
#7908 = AXIS2_PLACEMENT_3D('',#7909,#7910,#7911);
#7909 = CARTESIAN_POINT('',(30.762364504351,4.028258926775,8.45511768653
    ));
#7910 = DIRECTION('',(-0.763833970132,0.421737532424,0.488564345626));
#7911 = DIRECTION('',(0.633687274225,0.633687274225,0.44371260628));
#7912 = ADVANCED_FACE('',(#7913),#7923,.F.);
#7913 = FACE_BOUND('',#7914,.F.);
#7914 = EDGE_LOOP('',(#7915,#7920,#7921,#7922));
#7915 = ORIENTED_EDGE('',*,*,#7916,.F.);
#7916 = EDGE_CURVE('',#6404,#5813,#7917,.T.);
#7917 = B_SPLINE_CURVE_WITH_KNOTS('',1,(#7918,#7919),.UNSPECIFIED.,.F.,
  .F.,(2,2),(0.,2.259322798854),.PIECEWISE_BEZIER_KNOTS.);
#7918 = CARTESIAN_POINT('',(39.,13.25,14.4));
#7919 = CARTESIAN_POINT('',(38.672339182284,13.25,13.77056942546));
#7920 = ORIENTED_EDGE('',*,*,#6403,.T.);
#7921 = ORIENTED_EDGE('',*,*,#6369,.T.);
#7922 = ORIENTED_EDGE('',*,*,#5812,.F.);
#7923 = PLANE('',#7924);
#7924 = AXIS2_PLACEMENT_3D('',#7925,#7926,#7927);
#7925 = CARTESIAN_POINT('',(38.836169591142,13.25,14.08528471273));
#7926 = DIRECTION('',(-0.887010833178,8.E-17,0.461748613235));
#7927 = DIRECTION('',(-1.931433363258E-17,1.,-2.103569353186E-16));
#7928 = ADVANCED_FACE('',(#7929),#7935,.T.);
#7929 = FACE_BOUND('',#7930,.T.);
#7930 = EDGE_LOOP('',(#7931,#7932,#7933,#7934));
#7931 = ORIENTED_EDGE('',*,*,#7901,.T.);
#7932 = ORIENTED_EDGE('',*,*,#5820,.T.);
#7933 = ORIENTED_EDGE('',*,*,#7916,.F.);
#7934 = ORIENTED_EDGE('',*,*,#7145,.F.);
#7935 = B_SPLINE_SURFACE_WITH_KNOTS('',1,6,(
    (#7936,#7937,#7938,#7939,#7940,#7941,#7942)
    ,(#7943,#7944,#7945,#7946,#7947,#7948,#7949
  )),.UNSPECIFIED.,.F.,.F.,.F.,(2,2),(7,7),(0.,2.259322798854),(
    19.739679131313,21.999001930167),.PIECEWISE_BEZIER_KNOTS.);
#7936 = CARTESIAN_POINT('',(38.12132034356,11.12867965644,
    13.831086198435));
#7937 = CARTESIAN_POINT('',(38.391089795176,11.398449108056,
    14.019933776424));
#7938 = CARTESIAN_POINT('',(38.620247871951,11.71007473967,
    14.172059497861));
#7939 = CARTESIAN_POINT('',(38.808655021779,12.063241415335,
    14.290151838368));
#7940 = CARTESIAN_POINT('',(38.938313624339,12.454888704144,
    14.364062634311));
#7941 = CARTESIAN_POINT('',(39.,12.856702921847,14.4));
#7942 = CARTESIAN_POINT('',(39.,13.25,14.4));
#7943 = CARTESIAN_POINT('',(38.03909977773,11.563529281389,
    13.327170420899));
#7944 = CARTESIAN_POINT('',(38.251335434982,11.775870637769,
    13.475779427984));
#7945 = CARTESIAN_POINT('',(38.420553061382,12.02905862143,
    13.594266885587));
#7946 = CARTESIAN_POINT('',(38.547916419469,12.314179767686,
    13.683447669011));
#7947 = CARTESIAN_POINT('',(38.632043311351,12.622973711098,
    13.742353952873));
#7948 = CARTESIAN_POINT('',(38.672339182284,12.940007458339,
    13.77056942546));
#7949 = CARTESIAN_POINT('',(38.672339182284,13.25,13.77056942546));
#7950 = ADVANCED_FACE('',(#7951),#7962,.T.);
#7951 = FACE_BOUND('',#7952,.F.);
#7952 = EDGE_LOOP('',(#7953,#7954,#7955,#7961));
#7953 = ORIENTED_EDGE('',*,*,#5849,.F.);
#7954 = ORIENTED_EDGE('',*,*,#6125,.T.);
#7955 = ORIENTED_EDGE('',*,*,#7956,.T.);
#7956 = EDGE_CURVE('',#6118,#5873,#7957,.T.);
#7957 = LINE('',#7958,#7959);
#7958 = CARTESIAN_POINT('',(-27.12132034356,-29.87132034356,0.4));
#7959 = VECTOR('',#7960,1.);
#7960 = DIRECTION('',(0.5,0.5,-0.707106781187));
#7961 = ORIENTED_EDGE('',*,*,#5872,.F.);
#7962 = CONICAL_SURFACE('',#7963,3.,0.785398163397);
#7963 = AXIS2_PLACEMENT_3D('',#7964,#7965,#7966);
#7964 = CARTESIAN_POINT('',(-25.,-27.75,0.4));
#7965 = DIRECTION('',(0.,0.,1.));
#7966 = DIRECTION('',(-1.,0.,0.));
#7967 = ADVANCED_FACE('',(#7968),#7979,.T.);
#7968 = FACE_BOUND('',#7969,.F.);
#7969 = EDGE_LOOP('',(#7970,#7971,#7972,#7978));
#7970 = ORIENTED_EDGE('',*,*,#7956,.F.);
#7971 = ORIENTED_EDGE('',*,*,#6937,.T.);
#7972 = ORIENTED_EDGE('',*,*,#7973,.T.);
#7973 = EDGE_CURVE('',#6930,#5882,#7974,.T.);
#7974 = LINE('',#7975,#7976);
#7975 = CARTESIAN_POINT('',(-24.72989898732,-31.97989898732,0.2));
#7976 = VECTOR('',#7977,1.);
#7977 = DIRECTION('',(0.5,0.5,-0.707106781187));
#7978 = ORIENTED_EDGE('',*,*,#5881,.F.);
#7979 = PLANE('',#7980);
#7980 = AXIS2_PLACEMENT_3D('',#7981,#7982,#7983);
#7981 = CARTESIAN_POINT('',(-26.97989898732,-29.72989898732,0.2));
#7982 = DIRECTION('',(-0.5,-0.5,-0.707106781187));
#7983 = DIRECTION('',(-0.707106781187,0.707106781187,5.551115123126E-17)
  );
#7984 = ADVANCED_FACE('',(#7985),#7996,.T.);
#7985 = FACE_BOUND('',#7986,.F.);
#7986 = EDGE_LOOP('',(#7987,#7988,#7989,#7995));
#7987 = ORIENTED_EDGE('',*,*,#7973,.F.);
#7988 = ORIENTED_EDGE('',*,*,#6961,.T.);
#7989 = ORIENTED_EDGE('',*,*,#7990,.T.);
#7990 = EDGE_CURVE('',#6954,#5890,#7991,.T.);
#7991 = LINE('',#7992,#7993);
#7992 = CARTESIAN_POINT('',(-22.75,-33.,0.4));
#7993 = VECTOR('',#7994,1.);
#7994 = DIRECTION('',(8.9E-16,0.707106781187,-0.707106781187));
#7995 = ORIENTED_EDGE('',*,*,#5889,.F.);
#7996 = CONICAL_SURFACE('',#7997,3.,0.785398163397);
#7997 = AXIS2_PLACEMENT_3D('',#7998,#7999,#8000);
#7998 = CARTESIAN_POINT('',(-22.75,-30.,0.4));
#7999 = DIRECTION('',(0.,0.,1.));
#8000 = DIRECTION('',(-0.707106781187,-0.707106781187,0.));
#8001 = ADVANCED_FACE('',(#8002),#8013,.T.);
#8002 = FACE_BOUND('',#8003,.F.);
#8003 = EDGE_LOOP('',(#8004,#8010,#8011,#8012));
#8004 = ORIENTED_EDGE('',*,*,#8005,.F.);
#8005 = EDGE_CURVE('',#7053,#5975,#8006,.T.);
#8006 = LINE('',#8007,#8008);
#8007 = CARTESIAN_POINT('',(24.87132034356,-32.12132034356,0.4));
#8008 = VECTOR('',#8009,1.);
#8009 = DIRECTION('',(-0.5,0.5,-0.707106781187));
#8010 = ORIENTED_EDGE('',*,*,#7078,.T.);
#8011 = ORIENTED_EDGE('',*,*,#7165,.T.);
#8012 = ORIENTED_EDGE('',*,*,#5983,.F.);
#8013 = PLANE('',#8014);
#8014 = AXIS2_PLACEMENT_3D('',#8015,#8016,#8017);
#8015 = CARTESIAN_POINT('',(24.729898987322,-31.97989898732,0.2));
#8016 = DIRECTION('',(0.5,-0.5,-0.707106781187));
#8017 = DIRECTION('',(-0.707106781187,-0.707106781187,1.110223024625E-16
    ));
#8018 = ADVANCED_FACE('',(#8019),#8030,.T.);
#8019 = FACE_BOUND('',#8020,.F.);
#8020 = EDGE_LOOP('',(#8021,#8022,#8023,#8029));
#8021 = ORIENTED_EDGE('',*,*,#7990,.F.);
#8022 = ORIENTED_EDGE('',*,*,#7036,.T.);
#8023 = ORIENTED_EDGE('',*,*,#8024,.T.);
#8024 = EDGE_CURVE('',#7029,#5899,#8025,.T.);
#8025 = LINE('',#8026,#8027);
#8026 = CARTESIAN_POINT('',(-18.25,-32.8,0.2));
#8027 = VECTOR('',#8028,1.);
#8028 = DIRECTION('',(0.,0.707106781187,-0.707106781187));
#8029 = ORIENTED_EDGE('',*,*,#5898,.F.);
#8030 = PLANE('',#8031);
#8031 = AXIS2_PLACEMENT_3D('',#8032,#8033,#8034);
#8032 = CARTESIAN_POINT('',(-22.75,-32.8,0.2));
#8033 = DIRECTION('',(1.E-17,-0.707106781187,-0.707106781187));
#8034 = DIRECTION('',(-1.,-7.071067811865E-18,-7.071067811865E-18));
#8035 = ADVANCED_FACE('',(#8036),#8047,.T.);
#8036 = FACE_BOUND('',#8037,.F.);
#8037 = EDGE_LOOP('',(#8038,#8044,#8045,#8046));
#8038 = ORIENTED_EDGE('',*,*,#8039,.F.);
#8039 = EDGE_CURVE('',#6979,#5967,#8040,.T.);
#8040 = LINE('',#8041,#8042);
#8041 = CARTESIAN_POINT('',(22.75,-32.8,0.2));
#8042 = VECTOR('',#8043,1.);
#8043 = DIRECTION('',(0.,0.707106781187,-0.707106781187));
#8044 = ORIENTED_EDGE('',*,*,#7060,.T.);
#8045 = ORIENTED_EDGE('',*,*,#8005,.T.);
#8046 = ORIENTED_EDGE('',*,*,#5974,.F.);
#8047 = CONICAL_SURFACE('',#8048,3.,0.785398163397);
#8048 = AXIS2_PLACEMENT_3D('',#8049,#8050,#8051);
#8049 = CARTESIAN_POINT('',(22.75,-30.,0.4));
#8050 = DIRECTION('',(0.,0.,1.));
#8051 = DIRECTION('',(0.,-1.,0.));
#8052 = ADVANCED_FACE('',(#8053),#8072,.T.);
#8053 = FACE_BOUND('',#8054,.F.);
#8054 = EDGE_LOOP('',(#8055,#8056,#8065,#8071));
#8055 = ORIENTED_EDGE('',*,*,#8024,.F.);
#8056 = ORIENTED_EDGE('',*,*,#8057,.T.);
#8057 = EDGE_CURVE('',#7029,#8058,#8060,.T.);
#8058 = VERTEX_POINT('',#8059);
#8059 = CARTESIAN_POINT('',(-17.75,-32.5,0.4));
#8060 = CIRCLE('',#8061,0.5);
#8061 = AXIS2_PLACEMENT_3D('',#8062,#8063,#8064);
#8062 = CARTESIAN_POINT('',(-18.25,-32.5,0.4));
#8063 = DIRECTION('',(-0.,0.,1.));
#8064 = DIRECTION('',(0.,-1.,0.));
#8065 = ORIENTED_EDGE('',*,*,#8066,.T.);
#8066 = EDGE_CURVE('',#8058,#5907,#8067,.T.);
#8067 = LINE('',#8068,#8069);
#8068 = CARTESIAN_POINT('',(-17.75,-32.5,0.4));
#8069 = VECTOR('',#8070,1.);
#8070 = DIRECTION('',(-0.707106781187,4.E-17,-0.707106781187));
#8071 = ORIENTED_EDGE('',*,*,#5906,.F.);
#8072 = CONICAL_SURFACE('',#8073,0.5,0.785398163397);
#8073 = AXIS2_PLACEMENT_3D('',#8074,#8075,#8076);
#8074 = CARTESIAN_POINT('',(-18.25,-32.5,0.4));
#8075 = DIRECTION('',(0.,0.,1.));
#8076 = DIRECTION('',(0.,-1.,0.));
#8077 = ADVANCED_FACE('',(#8078),#8089,.T.);
#8078 = FACE_BOUND('',#8079,.F.);
#8079 = EDGE_LOOP('',(#8080,#8086,#8087,#8088));
#8080 = ORIENTED_EDGE('',*,*,#8081,.F.);
#8081 = EDGE_CURVE('',#6987,#5958,#8082,.T.);
#8082 = LINE('',#8083,#8084);
#8083 = CARTESIAN_POINT('',(18.25,-33.,0.4));
#8084 = VECTOR('',#8085,1.);
#8085 = DIRECTION('',(4.E-17,0.707106781187,-0.707106781187));
#8086 = ORIENTED_EDGE('',*,*,#6986,.T.);
#8087 = ORIENTED_EDGE('',*,*,#8039,.T.);
#8088 = ORIENTED_EDGE('',*,*,#5966,.F.);
#8089 = PLANE('',#8090);
#8090 = AXIS2_PLACEMENT_3D('',#8091,#8092,#8093);
#8091 = CARTESIAN_POINT('',(18.25,-32.8,0.2));
#8092 = DIRECTION('',(1.E-17,-0.707106781187,-0.707106781187));
#8093 = DIRECTION('',(-1.,-7.071067811865E-18,-7.071067811865E-18));
#8094 = ADVANCED_FACE('',(#8095),#8113,.T.);
#8095 = FACE_BOUND('',#8096,.F.);
#8096 = EDGE_LOOP('',(#8097,#8098,#8106,#8112));
#8097 = ORIENTED_EDGE('',*,*,#8066,.F.);
#8098 = ORIENTED_EDGE('',*,*,#8099,.T.);
#8099 = EDGE_CURVE('',#8058,#8100,#8102,.T.);
#8100 = VERTEX_POINT('',#8101);
#8101 = CARTESIAN_POINT('',(-17.75,-32.49,0.4));
#8102 = LINE('',#8103,#8104);
#8103 = CARTESIAN_POINT('',(-17.75,-32.5,0.4));
#8104 = VECTOR('',#8105,1.);
#8105 = DIRECTION('',(0.,1.,-2.2E-16));
#8106 = ORIENTED_EDGE('',*,*,#8107,.T.);
#8107 = EDGE_CURVE('',#8100,#5916,#8108,.T.);
#8108 = LINE('',#8109,#8110);
#8109 = CARTESIAN_POINT('',(-17.95,-32.49,0.2));
#8110 = VECTOR('',#8111,1.);
#8111 = DIRECTION('',(-0.707106781187,-1.6E-16,-0.707106781187));
#8112 = ORIENTED_EDGE('',*,*,#5915,.F.);
#8113 = PLANE('',#8114);
#8114 = AXIS2_PLACEMENT_3D('',#8115,#8116,#8117);
#8115 = CARTESIAN_POINT('',(-17.95,-32.5,0.2));
#8116 = DIRECTION('',(0.707106781187,1.E-17,-0.707106781187));
#8117 = DIRECTION('',(1.220710678119E-16,-1.,1.079289321881E-16));
#8118 = ADVANCED_FACE('',(#8119),#8138,.T.);
#8119 = FACE_BOUND('',#8120,.F.);
#8120 = EDGE_LOOP('',(#8121,#8129,#8136,#8137));
#8121 = ORIENTED_EDGE('',*,*,#8122,.F.);
#8122 = EDGE_CURVE('',#8123,#5950,#8125,.T.);
#8123 = VERTEX_POINT('',#8124);
#8124 = CARTESIAN_POINT('',(17.75,-32.5,0.4));
#8125 = LINE('',#8126,#8127);
#8126 = CARTESIAN_POINT('',(17.95,-32.5,0.2));
#8127 = VECTOR('',#8128,1.);
#8128 = DIRECTION('',(0.707106781187,-1.6E-16,-0.707106781187));
#8129 = ORIENTED_EDGE('',*,*,#8130,.T.);
#8130 = EDGE_CURVE('',#8123,#6987,#8131,.T.);
#8131 = CIRCLE('',#8132,0.5);
#8132 = AXIS2_PLACEMENT_3D('',#8133,#8134,#8135);
#8133 = CARTESIAN_POINT('',(18.25,-32.5,0.4));
#8134 = DIRECTION('',(0.,0.,1.));
#8135 = DIRECTION('',(-1.,0.,0.));
#8136 = ORIENTED_EDGE('',*,*,#8081,.T.);
#8137 = ORIENTED_EDGE('',*,*,#5957,.F.);
#8138 = CONICAL_SURFACE('',#8139,0.5,0.785398163397);
#8139 = AXIS2_PLACEMENT_3D('',#8140,#8141,#8142);
#8140 = CARTESIAN_POINT('',(18.25,-32.5,0.4));
#8141 = DIRECTION('',(0.,0.,1.));
#8142 = DIRECTION('',(-1.,0.,0.));
#8143 = ADVANCED_FACE('',(#8144),#8163,.F.);
#8144 = FACE_BOUND('',#8145,.F.);
#8145 = EDGE_LOOP('',(#8146,#8147,#8156,#8162));
#8146 = ORIENTED_EDGE('',*,*,#8107,.F.);
#8147 = ORIENTED_EDGE('',*,*,#8148,.T.);
#8148 = EDGE_CURVE('',#8100,#8149,#8151,.T.);
#8149 = VERTEX_POINT('',#8150);
#8150 = CARTESIAN_POINT('',(-13.26,-28.,0.4));
#8151 = CIRCLE('',#8152,4.49);
#8152 = AXIS2_PLACEMENT_3D('',#8153,#8154,#8155);
#8153 = CARTESIAN_POINT('',(-13.26,-32.49,0.4));
#8154 = DIRECTION('',(-0.,0.,-1.));
#8155 = DIRECTION('',(-1.,-1.58E-15,0.));
#8156 = ORIENTED_EDGE('',*,*,#8157,.T.);
#8157 = EDGE_CURVE('',#8149,#5924,#8158,.T.);
#8158 = LINE('',#8159,#8160);
#8159 = CARTESIAN_POINT('',(-13.26,-28.,0.4));
#8160 = VECTOR('',#8161,1.);
#8161 = DIRECTION('',(-1.16E-15,0.707106781187,-0.707106781187));
#8162 = ORIENTED_EDGE('',*,*,#5923,.F.);
#8163 = CONICAL_SURFACE('',#8164,4.49,0.785398163397);
#8164 = AXIS2_PLACEMENT_3D('',#8165,#8166,#8167);
#8165 = CARTESIAN_POINT('',(-13.26,-32.49,0.4));
#8166 = DIRECTION('',(-0.,-0.,-1.));
#8167 = DIRECTION('',(-1.,-1.58E-15,0.));
#8168 = ADVANCED_FACE('',(#8169),#8187,.T.);
#8169 = FACE_BOUND('',#8170,.F.);
#8170 = EDGE_LOOP('',(#8171,#8179,#8185,#8186));
#8171 = ORIENTED_EDGE('',*,*,#8172,.F.);
#8172 = EDGE_CURVE('',#8173,#5941,#8175,.T.);
#8173 = VERTEX_POINT('',#8174);
#8174 = CARTESIAN_POINT('',(17.75,-32.49,0.4));
#8175 = LINE('',#8176,#8177);
#8176 = CARTESIAN_POINT('',(17.75,-32.49,0.4));
#8177 = VECTOR('',#8178,1.);
#8178 = DIRECTION('',(0.707106781187,1.E-17,-0.707106781187));
#8179 = ORIENTED_EDGE('',*,*,#8180,.T.);
#8180 = EDGE_CURVE('',#8173,#8123,#8181,.T.);
#8181 = LINE('',#8182,#8183);
#8182 = CARTESIAN_POINT('',(17.75,-32.49,0.4));
#8183 = VECTOR('',#8184,1.);
#8184 = DIRECTION('',(0.,-1.,2.2E-16));
#8185 = ORIENTED_EDGE('',*,*,#8122,.T.);
#8186 = ORIENTED_EDGE('',*,*,#5949,.F.);
#8187 = PLANE('',#8188);
#8188 = AXIS2_PLACEMENT_3D('',#8189,#8190,#8191);
#8189 = CARTESIAN_POINT('',(17.95,-32.49,0.2));
#8190 = DIRECTION('',(-0.707106781187,-1.E-17,-0.707106781187));
#8191 = DIRECTION('',(1.079289321881E-16,1.,-1.220710678119E-16));
#8192 = ADVANCED_FACE('',(#8193),#8211,.T.);
#8193 = FACE_BOUND('',#8194,.F.);
#8194 = EDGE_LOOP('',(#8195,#8196,#8204,#8210));
#8195 = ORIENTED_EDGE('',*,*,#8157,.F.);
#8196 = ORIENTED_EDGE('',*,*,#8197,.T.);
#8197 = EDGE_CURVE('',#8149,#8198,#8200,.T.);
#8198 = VERTEX_POINT('',#8199);
#8199 = CARTESIAN_POINT('',(13.26,-28.,0.4));
#8200 = LINE('',#8201,#8202);
#8201 = CARTESIAN_POINT('',(-13.26,-28.,0.4));
#8202 = VECTOR('',#8203,1.);
#8203 = DIRECTION('',(1.,0.,0.));
#8204 = ORIENTED_EDGE('',*,*,#8205,.T.);
#8205 = EDGE_CURVE('',#8198,#5933,#8206,.T.);
#8206 = LINE('',#8207,#8208);
#8207 = CARTESIAN_POINT('',(13.26,-27.8,0.2));
#8208 = VECTOR('',#8209,1.);
#8209 = DIRECTION('',(0.,0.707106781187,-0.707106781187));
#8210 = ORIENTED_EDGE('',*,*,#5932,.F.);
#8211 = PLANE('',#8212);
#8212 = AXIS2_PLACEMENT_3D('',#8213,#8214,#8215);
#8213 = CARTESIAN_POINT('',(-13.26,-27.8,0.2));
#8214 = DIRECTION('',(1.E-17,-0.707106781187,-0.707106781187));
#8215 = DIRECTION('',(-1.,-7.071067811865E-18,-7.071067811865E-18));
#8216 = ADVANCED_FACE('',(#8217),#8229,.F.);
#8217 = FACE_BOUND('',#8218,.F.);
#8218 = EDGE_LOOP('',(#8219,#8220,#8227,#8228));
#8219 = ORIENTED_EDGE('',*,*,#8205,.F.);
#8220 = ORIENTED_EDGE('',*,*,#8221,.T.);
#8221 = EDGE_CURVE('',#8198,#8173,#8222,.T.);
#8222 = CIRCLE('',#8223,4.49);
#8223 = AXIS2_PLACEMENT_3D('',#8224,#8225,#8226);
#8224 = CARTESIAN_POINT('',(13.26,-32.49,0.4));
#8225 = DIRECTION('',(0.,0.,-1.));
#8226 = DIRECTION('',(-4.E-16,1.,0.));
#8227 = ORIENTED_EDGE('',*,*,#8172,.T.);
#8228 = ORIENTED_EDGE('',*,*,#5940,.F.);
#8229 = CONICAL_SURFACE('',#8230,4.49,0.785398163397);
#8230 = AXIS2_PLACEMENT_3D('',#8231,#8232,#8233);
#8231 = CARTESIAN_POINT('',(13.26,-32.49,0.4));
#8232 = DIRECTION('',(-0.,-0.,-1.));
#8233 = DIRECTION('',(-4.E-16,1.,0.));
#8234 = ADVANCED_FACE('',(#8235),#8246,.F.);
#8235 = FACE_BOUND('',#8236,.F.);
#8236 = EDGE_LOOP('',(#8237,#8243,#8244,#8245));
#8237 = ORIENTED_EDGE('',*,*,#8238,.F.);
#8238 = EDGE_CURVE('',#6006,#6692,#8239,.T.);
#8239 = LINE('',#8240,#8241);
#8240 = CARTESIAN_POINT('',(-13.8,-15.5,0.4));
#8241 = VECTOR('',#8242,1.);
#8242 = DIRECTION('',(-0.707106781187,0.,0.707106781187));
#8243 = ORIENTED_EDGE('',*,*,#6005,.T.);
#8244 = ORIENTED_EDGE('',*,*,#8238,.T.);
#8245 = ORIENTED_EDGE('',*,*,#6701,.F.);
#8246 = CONICAL_SURFACE('',#8247,1.7,0.785398163397);
#8247 = AXIS2_PLACEMENT_3D('',#8248,#8249,#8250);
#8248 = CARTESIAN_POINT('',(-15.5,-15.5,0.4));
#8249 = DIRECTION('',(-0.,-0.,-1.));
#8250 = DIRECTION('',(1.,0.,0.));
#8251 = ADVANCED_FACE('',(#8252),#8263,.F.);
#8252 = FACE_BOUND('',#8253,.F.);
#8253 = EDGE_LOOP('',(#8254,#8260,#8261,#8262));
#8254 = ORIENTED_EDGE('',*,*,#8255,.F.);
#8255 = EDGE_CURVE('',#6037,#6737,#8256,.T.);
#8256 = LINE('',#8257,#8258);
#8257 = CARTESIAN_POINT('',(17.2,-15.5,0.4));
#8258 = VECTOR('',#8259,1.);
#8259 = DIRECTION('',(-0.707106781187,0.,0.707106781187));
#8260 = ORIENTED_EDGE('',*,*,#6036,.T.);
#8261 = ORIENTED_EDGE('',*,*,#8255,.T.);
#8262 = ORIENTED_EDGE('',*,*,#6746,.F.);
#8263 = CONICAL_SURFACE('',#8264,1.7,0.785398163397);
#8264 = AXIS2_PLACEMENT_3D('',#8265,#8266,#8267);
#8265 = CARTESIAN_POINT('',(15.5,-15.5,0.4));
#8266 = DIRECTION('',(-0.,-0.,-1.));
#8267 = DIRECTION('',(1.,0.,0.));
#8268 = ADVANCED_FACE('',(#8269),#8280,.F.);
#8269 = FACE_BOUND('',#8270,.F.);
#8270 = EDGE_LOOP('',(#8271,#8277,#8278,#8279));
#8271 = ORIENTED_EDGE('',*,*,#8272,.F.);
#8272 = EDGE_CURVE('',#6058,#6805,#8273,.T.);
#8273 = LINE('',#8274,#8275);
#8274 = CARTESIAN_POINT('',(17.2,15.5,0.4));
#8275 = VECTOR('',#8276,1.);
#8276 = DIRECTION('',(-0.707106781187,7.4E-16,0.707106781187));
#8277 = ORIENTED_EDGE('',*,*,#6057,.T.);
#8278 = ORIENTED_EDGE('',*,*,#8272,.T.);
#8279 = ORIENTED_EDGE('',*,*,#6814,.F.);
#8280 = CONICAL_SURFACE('',#8281,1.7,0.785398163397);
#8281 = AXIS2_PLACEMENT_3D('',#8282,#8283,#8284);
#8282 = CARTESIAN_POINT('',(15.5,15.5,0.4));
#8283 = DIRECTION('',(-0.,-0.,-1.));
#8284 = DIRECTION('',(1.,-1.04E-15,0.));
#8285 = ADVANCED_FACE('',(#8286),#8297,.F.);
#8286 = FACE_BOUND('',#8287,.F.);
#8287 = EDGE_LOOP('',(#8288,#8294,#8295,#8296));
#8288 = ORIENTED_EDGE('',*,*,#8289,.F.);
#8289 = EDGE_CURVE('',#6089,#6771,#8290,.T.);
#8290 = LINE('',#8291,#8292);
#8291 = CARTESIAN_POINT('',(-13.8,15.5,0.4));
#8292 = VECTOR('',#8293,1.);
#8293 = DIRECTION('',(-0.707106781187,7.4E-16,0.707106781187));
#8294 = ORIENTED_EDGE('',*,*,#6088,.T.);
#8295 = ORIENTED_EDGE('',*,*,#8289,.T.);
#8296 = ORIENTED_EDGE('',*,*,#6780,.F.);
#8297 = CONICAL_SURFACE('',#8298,1.7,0.785398163397);
#8298 = AXIS2_PLACEMENT_3D('',#8299,#8300,#8301);
#8299 = CARTESIAN_POINT('',(-15.5,15.5,0.4));
#8300 = DIRECTION('',(-0.,-0.,-1.));
#8301 = DIRECTION('',(1.,-1.04E-15,0.));
#8302 = ADVANCED_FACE('',(#8303),#8343,.F.);
#8303 = FACE_BOUND('',#8304,.F.);
#8304 = EDGE_LOOP('',(#8305,#8312,#8337,#8342));
#8305 = ORIENTED_EDGE('',*,*,#8306,.T.);
#8306 = EDGE_CURVE('',#6149,#8307,#8309,.T.);
#8307 = VERTEX_POINT('',#8308);
#8308 = CARTESIAN_POINT('',(-27.99999506862,-2.44207880967,
    24.000001041115));
#8309 = B_SPLINE_CURVE_WITH_KNOTS('',1,(#8310,#8311),.UNSPECIFIED.,.F.,
  .F.,(2,2),(0.,8.996918234737),.PIECEWISE_BEZIER_KNOTS.);
#8310 = CARTESIAN_POINT('',(-28.00266617365,-2.903666266639,
    24.653133453619));
#8311 = CARTESIAN_POINT('',(-27.99999506862,-2.44207880967,
    24.000001041115));
#8312 = ORIENTED_EDGE('',*,*,#8313,.T.);
#8313 = EDGE_CURVE('',#8307,#8314,#8316,.T.);
#8314 = VERTEX_POINT('',#8315);
#8315 = CARTESIAN_POINT('',(-30.76394206888,4.312238322979,
    28.472140978176));
#8316 = B_SPLINE_CURVE_WITH_KNOTS('',7,(#8317,#8318,#8319,#8320,#8321,
    #8322,#8323,#8324,#8325,#8326,#8327,#8328,#8329,#8330,#8331,#8332,
    #8333,#8334,#8335,#8336),.UNSPECIFIED.,.F.,.F.,(8,6,6,8),(
    0.29340538824,7.47084142117,9.177297171422,9.290323622977),
  .UNSPECIFIED.);
#8317 = CARTESIAN_POINT('',(-28.00267022779,-2.673003984604,
    23.83661350156));
#8318 = CARTESIAN_POINT('',(-27.98403269931,-1.866674495016,
    24.406659844942));
#8319 = CARTESIAN_POINT('',(-28.04110753529,-1.066130146173,
    24.976683294261));
#8320 = CARTESIAN_POINT('',(-28.1743018795,-0.264131426696,
    25.546938612653));
#8321 = CARTESIAN_POINT('',(-28.3846484206,0.537668391829,
    26.112805764507));
#8322 = CARTESIAN_POINT('',(-28.69111839582,1.349479998707,
    26.674348454652));
#8323 = CARTESIAN_POINT('',(-29.09944261231,2.152122279435,
    27.210380634794));
#8324 = CARTESIAN_POINT('',(-29.75985578985,3.126821455984,
    27.81194302661));
#8325 = CARTESIAN_POINT('',(-29.89425460415,3.313292050613,
    27.924823320793));
#8326 = CARTESIAN_POINT('',(-30.03352585411,3.49841132618,
    28.033655809156));
#8327 = CARTESIAN_POINT('',(-30.18845267028,3.684727139203,
    28.142008610031));
#8328 = CARTESIAN_POINT('',(-30.33860413819,3.866526373153,
    28.241028042675));
#8329 = CARTESIAN_POINT('',(-30.51535844017,4.053179962873,
    28.343172914155));
#8330 = CARTESIAN_POINT('',(-30.69614513912,4.241700005621,
    28.437613471409));
#8331 = CARTESIAN_POINT('',(-30.7073955828,4.253423953429,
    28.443448287492));
#8332 = CARTESIAN_POINT('',(-30.71866583549,4.265160925108,
    28.449251153806));
#8333 = CARTESIAN_POINT('',(-30.72995575381,4.276910884281,
    28.455021963194));
#8334 = CARTESIAN_POINT('',(-30.74126519439,4.288673794569,
    28.46076060849));
#8335 = CARTESIAN_POINT('',(-30.75259401387,4.300449619595,
    28.466466982539));
#8336 = CARTESIAN_POINT('',(-30.76394206888,4.312238322979,
    28.472140978176));
#8337 = ORIENTED_EDGE('',*,*,#8338,.F.);
#8338 = EDGE_CURVE('',#6141,#8314,#8339,.T.);
#8339 = B_SPLINE_CURVE_WITH_KNOTS('',1,(#8340,#8341),.UNSPECIFIED.,.F.,
  .F.,(2,2),(0.,8.996918234737),.PIECEWISE_BEZIER_KNOTS.);
#8340 = CARTESIAN_POINT('',(-30.92893218813,3.936291501015,
    28.969892782431));
#8341 = CARTESIAN_POINT('',(-30.76394206888,4.312238322979,
    28.472140978176));
#8342 = ORIENTED_EDGE('',*,*,#6148,.F.);
#8343 = B_SPLINE_SURFACE_WITH_KNOTS('',1,7,(
    (#8344,#8345,#8346,#8347,#8348,#8349,#8350,#8351,#8352,#8353,#8354
      ,#8355,#8356,#8357,#8358,#8359,#8360,#8361,#8362,#8363)
    ,(#8364,#8365,#8366,#8367,#8368,#8369,#8370,#8371,#8372,#8373,#8374
      ,#8375,#8376,#8377,#8378,#8379,#8380,#8381,#8382,#8383
  )),.UNSPECIFIED.,.F.,.F.,.F.,(2,2),(8,6,6,8),(0.,8.996918234737),(
    0.29340538824,7.47084142117,9.177297171422,9.290323622977),
  .UNSPECIFIED.);
#8344 = CARTESIAN_POINT('',(-28.,-3.13477631085,24.489876166163));
#8345 = CARTESIAN_POINT('',(-28.,-2.328088491208,25.060024404843));
#8346 = CARTESIAN_POINT('',(-28.07569374539,-1.524848273388,
    25.625624529056));
#8347 = CARTESIAN_POINT('',(-28.22751080401,-0.717879100569,
    26.186863095432));
#8348 = CARTESIAN_POINT('',(-28.45647257177,9.12473348182E-02,
    26.739420385885));
#8349 = CARTESIAN_POINT('',(-28.78154534014,0.913062467774,
    27.281890572322));
#8350 = CARTESIAN_POINT('',(-29.20800461941,1.72815652781,
    27.793973786307));
#8351 = CARTESIAN_POINT('',(-29.89046317364,2.720901262978,
    28.359176891806));
#8352 = CARTESIAN_POINT('',(-30.02855594035,2.910803143321,
    28.464668701883));
#8353 = CARTESIAN_POINT('',(-30.17462046344,3.100384364062,
    28.566466414781));
#8354 = CARTESIAN_POINT('',(-30.32757869193,3.288501633628,
    28.665472174087));
#8355 = CARTESIAN_POINT('',(-30.49164637827,3.477912309981,
    28.758901009287));
#8356 = CARTESIAN_POINT('',(-30.66082430311,3.66263833364,
    28.848466048824));
#8357 = CARTESIAN_POINT('',(-30.85551466968,3.862125089019,
    28.937472811881));
#8358 = CARTESIAN_POINT('',(-30.86764949461,3.874508780765,
    28.942966143574));
#8359 = CARTESIAN_POINT('',(-30.87982492787,3.886883766093,
    28.948423600961));
#8360 = CARTESIAN_POINT('',(-30.89204094165,3.899249787891,
    28.953845088792));
#8361 = CARTESIAN_POINT('',(-30.90429750815,3.911606589051,
    28.959230511815));
#8362 = CARTESIAN_POINT('',(-30.91659459958,3.923953912463,
    28.964579774779));
#8363 = CARTESIAN_POINT('',(-30.92893218813,3.936291501015,
    28.969892782431));
#8364 = CARTESIAN_POINT('',(-28.00267022779,-2.673003984604,
    23.83661350156));
#8365 = CARTESIAN_POINT('',(-27.98403269931,-1.866674495016,
    24.406659844942));
#8366 = CARTESIAN_POINT('',(-28.04110753529,-1.066130146173,
    24.976683294261));
#8367 = CARTESIAN_POINT('',(-28.1743018795,-0.264131426696,
    25.546938612653));
#8368 = CARTESIAN_POINT('',(-28.3846484206,0.537668391829,
    26.112805764507));
#8369 = CARTESIAN_POINT('',(-28.69111839582,1.349479998707,
    26.674348454652));
#8370 = CARTESIAN_POINT('',(-29.09944261231,2.152122279435,
    27.210380634794));
#8371 = CARTESIAN_POINT('',(-29.75985578985,3.126821455984,
    27.81194302661));
#8372 = CARTESIAN_POINT('',(-29.89425460415,3.313292050613,
    27.924823320793));
#8373 = CARTESIAN_POINT('',(-30.03352585411,3.49841132618,
    28.033655809156));
#8374 = CARTESIAN_POINT('',(-30.18845267028,3.684727139203,
    28.142008610031));
#8375 = CARTESIAN_POINT('',(-30.33860413819,3.866526373153,
    28.241028042675));
#8376 = CARTESIAN_POINT('',(-30.51535844017,4.053179962873,
    28.343172914155));
#8377 = CARTESIAN_POINT('',(-30.69614513912,4.241700005621,
    28.437613471409));
#8378 = CARTESIAN_POINT('',(-30.7073955828,4.253423953429,
    28.443448287492));
#8379 = CARTESIAN_POINT('',(-30.71866583549,4.265160925108,
    28.449251153806));
#8380 = CARTESIAN_POINT('',(-30.72995575381,4.276910884281,
    28.455021963194));
#8381 = CARTESIAN_POINT('',(-30.74126519439,4.288673794569,
    28.46076060849));
#8382 = CARTESIAN_POINT('',(-30.75259401387,4.300449619595,
    28.466466982539));
#8383 = CARTESIAN_POINT('',(-30.76394206888,4.312238322979,
    28.472140978176));
#8384 = ADVANCED_FACE('',(#8385),#8395,.T.);
#8385 = FACE_BOUND('',#8386,.T.);
#8386 = EDGE_LOOP('',(#8387,#8388,#8393,#8394));
#8387 = ORIENTED_EDGE('',*,*,#8306,.T.);
#8388 = ORIENTED_EDGE('',*,*,#8389,.T.);
#8389 = EDGE_CURVE('',#8307,#6219,#8390,.T.);
#8390 = B_SPLINE_CURVE_WITH_KNOTS('',1,(#8391,#8392),.UNSPECIFIED.,.F.,
  .F.,(2,2),(0.,8.993399356808),.PIECEWISE_BEZIER_KNOTS.);
#8391 = CARTESIAN_POINT('',(-28.00000161649,-2.44207880967,
    24.000001360069));
#8392 = CARTESIAN_POINT('',(-28.00267261393,-2.903666719057,
    23.346869069102));
#8393 = ORIENTED_EDGE('',*,*,#6218,.T.);
#8394 = ORIENTED_EDGE('',*,*,#6173,.T.);
#8395 = B_SPLINE_SURFACE_WITH_KNOTS('',8,8,(
    (#8396,#8397,#8398,#8399,#8400,#8401,#8402,#8403,#8404,#8405,#8406
      ,#8407,#8408,#8409,#8410,#8411,#8412,#8413,#8414,#8415,#8416,#8417
      ,#8418)
    ,(#8419,#8420,#8421,#8422,#8423,#8424,#8425,#8426,#8427,#8428,#8429
      ,#8430,#8431,#8432,#8433,#8434,#8435,#8436,#8437,#8438,#8439,#8440
      ,#8441)
    ,(#8442,#8443,#8444,#8445,#8446,#8447,#8448,#8449,#8450,#8451,#8452
      ,#8453,#8454,#8455,#8456,#8457,#8458,#8459,#8460,#8461,#8462,#8463
      ,#8464)
    ,(#8465,#8466,#8467,#8468,#8469,#8470,#8471,#8472,#8473,#8474,#8475
      ,#8476,#8477,#8478,#8479,#8480,#8481,#8482,#8483,#8484,#8485,#8486
      ,#8487)
    ,(#8488,#8489,#8490,#8491,#8492,#8493,#8494,#8495,#8496,#8497,#8498
      ,#8499,#8500,#8501,#8502,#8503,#8504,#8505,#8506,#8507,#8508,#8509
      ,#8510)
    ,(#8511,#8512,#8513,#8514,#8515,#8516,#8517,#8518,#8519,#8520,#8521
      ,#8522,#8523,#8524,#8525,#8526,#8527,#8528,#8529,#8530,#8531,#8532
      ,#8533)
    ,(#8534,#8535,#8536,#8537,#8538,#8539,#8540,#8541,#8542,#8543,#8544
      ,#8545,#8546,#8547,#8548,#8549,#8550,#8551,#8552,#8553,#8554,#8555
      ,#8556)
    ,(#8557,#8558,#8559,#8560,#8561,#8562,#8563,#8564,#8565,#8566,#8567
      ,#8568,#8569,#8570,#8571,#8572,#8573,#8574,#8575,#8576,#8577,#8578
      ,#8579)
    ,(#8580,#8581,#8582,#8583,#8584,#8585,#8586,#8587,#8588,#8589,#8590
      ,#8591,#8592,#8593,#8594,#8595,#8596,#8597,#8598,#8599,#8600,#8601
      ,#8602)
    ,(#8603,#8604,#8605,#8606,#8607,#8608,#8609,#8610,#8611,#8612,#8613
      ,#8614,#8615,#8616,#8617,#8618,#8619,#8620,#8621,#8622,#8623,#8624
      ,#8625)
    ,(#8626,#8627,#8628,#8629,#8630,#8631,#8632,#8633,#8634,#8635,#8636
      ,#8637,#8638,#8639,#8640,#8641,#8642,#8643,#8644,#8645,#8646,#8647
      ,#8648)
    ,(#8649,#8650,#8651,#8652,#8653,#8654,#8655,#8656,#8657,#8658,#8659
      ,#8660,#8661,#8662,#8663,#8664,#8665,#8666,#8667,#8668,#8669,#8670
      ,#8671)
    ,(#8672,#8673,#8674,#8675,#8676,#8677,#8678,#8679,#8680,#8681,#8682
      ,#8683,#8684,#8685,#8686,#8687,#8688,#8689,#8690,#8691,#8692,#8693
      ,#8694)
    ,(#8695,#8696,#8697,#8698,#8699,#8700,#8701,#8702,#8703,#8704,#8705
      ,#8706,#8707,#8708,#8709,#8710,#8711,#8712,#8713,#8714,#8715,#8716
      ,#8717)
    ,(#8718,#8719,#8720,#8721,#8722,#8723,#8724,#8725,#8726,#8727,#8728
      ,#8729,#8730,#8731,#8732,#8733,#8734,#8735,#8736,#8737,#8738,#8739
      ,#8740)
    ,(#8741,#8742,#8743,#8744,#8745,#8746,#8747,#8748,#8749,#8750,#8751
      ,#8752,#8753,#8754,#8755,#8756,#8757,#8758,#8759,#8760,#8761,#8762
      ,#8763)
    ,(#8764,#8765,#8766,#8767,#8768,#8769,#8770,#8771,#8772,#8773,#8774
      ,#8775,#8776,#8777,#8778,#8779,#8780,#8781,#8782,#8783,#8784,#8785
      ,#8786)
    ,(#8787,#8788,#8789,#8790,#8791,#8792,#8793,#8794,#8795,#8796,#8797
      ,#8798,#8799,#8800,#8801,#8802,#8803,#8804,#8805,#8806,#8807,#8808
      ,#8809)
    ,(#8810,#8811,#8812,#8813,#8814,#8815,#8816,#8817,#8818,#8819,#8820
      ,#8821,#8822,#8823,#8824,#8825,#8826,#8827,#8828,#8829,#8830,#8831
      ,#8832)
    ,(#8833,#8834,#8835,#8836,#8837,#8838,#8839,#8840,#8841,#8842,#8843
      ,#8844,#8845,#8846,#8847,#8848,#8849,#8850,#8851,#8852,#8853,#8854
      ,#8855)
    ,(#8856,#8857,#8858,#8859,#8860,#8861,#8862,#8863,#8864,#8865,#8866
      ,#8867,#8868,#8869,#8870,#8871,#8872,#8873,#8874,#8875,#8876,#8877
      ,#8878)
    ,(#8879,#8880,#8881,#8882,#8883,#8884,#8885,#8886,#8887,#8888,#8889
      ,#8890,#8891,#8892,#8893,#8894,#8895,#8896,#8897,#8898,#8899,#8900
      ,#8901)
    ,(#8902,#8903,#8904,#8905,#8906,#8907,#8908,#8909,#8910,#8911,#8912
      ,#8913,#8914,#8915,#8916,#8917,#8918,#8919,#8920,#8921,#8922,#8923
      ,#8924
    )),.UNSPECIFIED.,.F.,.F.,.F.,(9,7,7,9),(9,7,7,9),(-0.718446431267,
    -0.239481892678,0.239482645912,0.718447184502),(-0.317606267102,
    -6.361666491087E-02,0.19037293728,0.444362539472),.UNSPECIFIED.);
#8396 = CARTESIAN_POINT('',(-27.98606999327,-3.163183765879,
    23.281740492458));
#8397 = CARTESIAN_POINT('',(-27.9882158682,-3.13147676599,
    23.281728171958));
#8398 = CARTESIAN_POINT('',(-27.99030238483,-3.099774918683,
    23.281712544967));
#8399 = CARTESIAN_POINT('',(-27.99249168484,-3.068085435657,
    23.281687729025));
#8400 = CARTESIAN_POINT('',(-27.99460925244,-3.036399623273,
    23.281660894102));
#8401 = CARTESIAN_POINT('',(-27.99664481355,-3.004716089634,
    23.281632561404));
#8402 = CARTESIAN_POINT('',(-27.99882010698,-2.973042361122,
    23.281595945709));
#8403 = CARTESIAN_POINT('',(-28.00122352807,-2.941374908371,
    23.281555341245));
#8404 = CARTESIAN_POINT('',(-28.00479976066,-2.877940255013,
    23.28157176095));
#8405 = CARTESIAN_POINT('',(-28.00619652012,-2.846170323277,
    23.28164028206));
#8406 = CARTESIAN_POINT('',(-28.00730324306,-2.814401394478,
    23.281696025131));
#8407 = CARTESIAN_POINT('',(-28.00832453832,-2.782638038917,
    23.281738434559));
#8408 = CARTESIAN_POINT('',(-28.00938259513,-2.750873532726,
    23.281781163634));
#8409 = CARTESIAN_POINT('',(-28.01046030164,-2.719108587559,
    23.281823980819));
#8410 = CARTESIAN_POINT('',(-28.01147319026,-2.687351066439,
    23.281854907184));
#8411 = CARTESIAN_POINT('',(-28.01346722909,-2.62384230507,
    23.281910262643));
#8412 = CARTESIAN_POINT('',(-28.01444103519,-2.592092471689,
    23.281933073147));
#8413 = CARTESIAN_POINT('',(-28.01537854586,-2.560346985411,
    23.281952013145));
#8414 = CARTESIAN_POINT('',(-28.01626667899,-2.528605646034,
    23.281968079352));
#8415 = CARTESIAN_POINT('',(-28.01709235248,-2.496868253355,
    23.28198226849));
#8416 = CARTESIAN_POINT('',(-28.01784248422,-2.465134607174,
    23.281995577272));
#8417 = CARTESIAN_POINT('',(-28.01850399209,-2.433404507288,
    23.28200900242));
#8418 = CARTESIAN_POINT('',(-28.01906379399,-2.401677753497,
    23.28202354065));
#8419 = CARTESIAN_POINT('',(-27.98805993827,-3.163213414872,
    23.341627424291));
#8420 = CARTESIAN_POINT('',(-27.9900237148,-3.131502485534,
    23.341616156577));
#8421 = CARTESIAN_POINT('',(-27.99190965684,-3.099795454663,
    23.341602977984));
#8422 = CARTESIAN_POINT('',(-27.99393707189,-3.068107527801,
    23.341571876007));
#8423 = CARTESIAN_POINT('',(-27.99564106697,-3.036400661582,
    23.341565006988));
#8424 = CARTESIAN_POINT('',(-27.99777269868,-3.00474180703,
    23.341504918195));
#8425 = CARTESIAN_POINT('',(-27.99906533571,-2.973027654627,
    23.341501808697));
#8426 = CARTESIAN_POINT('',(-28.00129513179,-2.94137760569,
    23.341432610078));
#8427 = CARTESIAN_POINT('',(-28.00345281086,-2.877930156259,
    23.341424095679));
#8428 = CARTESIAN_POINT('',(-28.00390177915,-2.846126739768,
    23.341510446584));
#8429 = CARTESIAN_POINT('',(-28.00540291115,-2.814392621846,
    23.341530584203));
#8430 = CARTESIAN_POINT('',(-28.00534174026,-2.782605869697,
    23.341570342046));
#8431 = CARTESIAN_POINT('',(-28.00700584446,-2.75085142999,
    23.341618555278));
#8432 = CARTESIAN_POINT('',(-28.0076414968,-2.719083555681,
    23.341650373911));
#8433 = CARTESIAN_POINT('',(-28.00863649931,-2.687326202422,
    23.341679642179));
#8434 = CARTESIAN_POINT('',(-28.01048508355,-2.623816899376,
    23.341729004267));
#8435 = CARTESIAN_POINT('',(-28.01140014419,-2.592066709582,
    23.341749211929));
#8436 = CARTESIAN_POINT('',(-28.01228911417,-2.560320808984,
    23.341765897126));
#8437 = CARTESIAN_POINT('',(-28.01313533116,-2.528579015137,
    23.341780019808));
#8438 = CARTESIAN_POINT('',(-28.01392232984,-2.496841135741,
    23.341792549256));
#8439 = CARTESIAN_POINT('',(-28.01463384169,-2.465106968563,
    23.341804463676));
#8440 = CARTESIAN_POINT('',(-28.01525379513,-2.433376301518,
    23.341816750625));
#8441 = CARTESIAN_POINT('',(-28.01576631549,-2.401648912604,
    23.341830406667));
#8442 = CARTESIAN_POINT('',(-27.9902399828,-3.16325637887,
    23.401503212161));
#8443 = CARTESIAN_POINT('',(-27.99205434657,-3.131542332559,
    23.401492770916));
#8444 = CARTESIAN_POINT('',(-27.99254470008,-3.099796979169,
    23.401491455269));
#8445 = CARTESIAN_POINT('',(-28.00071964903,-3.068283241218,
    23.40140658942));
#8446 = CARTESIAN_POINT('',(-27.98740880793,-3.03615958849,
    23.401525034279));
#8447 = CARTESIAN_POINT('',(-28.0097903845,-3.005059179473,23.401305599)
  );
#8448 = CARTESIAN_POINT('',(-27.99352149102,-2.97288225123,
    23.401413074156));
#8449 = CARTESIAN_POINT('',(-28.0026232399,-2.941383633262,
    23.40134819929));
#8450 = CARTESIAN_POINT('',(-28.00168556332,-2.877939097711,
    23.401237248912));
#8451 = CARTESIAN_POINT('',(-27.9971757536,-2.845873180223,
    23.401542546332));
#8452 = CARTESIAN_POINT('',(-28.01409868196,-2.814790846824,
    23.401126979561));
#8453 = CARTESIAN_POINT('',(-27.99130677948,-2.782223239606,
    23.401547308659));
#8454 = CARTESIAN_POINT('',(-28.01153936705,-2.751042314825,
    23.401378411789));
#8455 = CARTESIAN_POINT('',(-28.00334849787,-2.719025169516,
    23.401479649226));
#8456 = CARTESIAN_POINT('',(-28.00609557902,-2.687316422905,
    23.401495486463));
#8457 = CARTESIAN_POINT('',(-28.00780937561,-2.623805380985,
    23.40154135544));
#8458 = CARTESIAN_POINT('',(-28.00866655563,-2.592054175058,
    23.401559895601));
#8459 = CARTESIAN_POINT('',(-28.00949961147,-2.56030722023,
    23.40157534285));
#8460 = CARTESIAN_POINT('',(-28.0103108967,-2.528564427304,
    23.401587984629));
#8461 = CARTESIAN_POINT('',(-28.01105971502,-2.496825603893,
    23.401599656125));
#8462 = CARTESIAN_POINT('',(-28.01172731664,-2.465090449624,
    23.401610730644));
#8463 = CARTESIAN_POINT('',(-28.0123035324,-2.433358769431,
    23.401622523844));
#8464 = CARTESIAN_POINT('',(-28.0127640512,-2.401630251653,
    23.401635861702));
#8465 = CARTESIAN_POINT('',(-27.99239571926,-3.163310529777,
    23.461364486004));
#8466 = CARTESIAN_POINT('',(-27.99407628522,-3.131594589676,
    23.461353627188));
#8467 = CARTESIAN_POINT('',(-27.99795417212,-3.09994206958,
    23.461326738001));
#8468 = CARTESIAN_POINT('',(-27.98813084182,-3.067945348175,
    23.461370822212));
#8469 = CARTESIAN_POINT('',(-28.0167365285,-3.036949760127,
    23.461188181532));
#8470 = CARTESIAN_POINT('',(-27.98121453025,-3.004302147605,
    23.461376741523));
#8471 = CARTESIAN_POINT('',(-28.01354432506,-2.973419776926,
    23.461147995895));
#8472 = CARTESIAN_POINT('',(-28.00522124492,-2.94148081505,
    23.461170923957));
#8473 = CARTESIAN_POINT('',(-28.00175928661,-2.877893195334,
    23.461193672733));
#8474 = CARTESIAN_POINT('',(-27.99739747937,-2.846400143991,
    23.460676127996));
#8475 = CARTESIAN_POINT('',(-27.99557096163,-2.813982204335,
    23.461573099394));
#8476 = CARTESIAN_POINT('',(-28.01162551351,-2.783028344287,
    23.460945202899));
#8477 = CARTESIAN_POINT('',(-27.99569937182,-2.750629463794,
    23.461340951769));
#8478 = CARTESIAN_POINT('',(-28.00536924578,-2.719144950917,
    23.461261905135));
#8479 = CARTESIAN_POINT('',(-28.00410347432,-2.687325325584,
    23.46130559405));
#8480 = CARTESIAN_POINT('',(-28.00560363825,-2.62380916701,
    23.461350529543));
#8481 = CARTESIAN_POINT('',(-28.00637752002,-2.592055545011,
    23.461368686952));
#8482 = CARTESIAN_POINT('',(-28.00711568467,-2.56030629297,
    23.461383948854));
#8483 = CARTESIAN_POINT('',(-28.00787009241,-2.528561532054,
    23.461395780025));
#8484 = CARTESIAN_POINT('',(-28.00857468518,-2.496821030097,
    23.461407159538));
#8485 = CARTESIAN_POINT('',(-28.00917276848,-2.46508422301,
    23.461417858868));
#8486 = CARTESIAN_POINT('',(-28.00969765715,-2.433350990328,
    23.461429544613));
#8487 = CARTESIAN_POINT('',(-28.01009776096,-2.401620879582,
    23.461442858389));
#8488 = CARTESIAN_POINT('',(-27.99435242478,-3.163371022238,
    23.521212849493));
#8489 = CARTESIAN_POINT('',(-27.99586685103,-3.131653237306,
    23.521200504824));
#8490 = CARTESIAN_POINT('',(-27.99514574918,-3.0998909512,
    23.521189084385));
#8491 = CARTESIAN_POINT('',(-28.00760282406,-3.068440314844,
    23.521141982817));
#8492 = CARTESIAN_POINT('',(-27.98365605588,-3.036173239319,
    23.521163627803));
#8493 = CARTESIAN_POINT('',(-28.01822276153,-3.005233712,23.521058659239
    ));
#8494 = CARTESIAN_POINT('',(-27.99485148386,-2.973010063463,
    23.521055447136));
#8495 = CARTESIAN_POINT('',(-27.99772089133,-2.941401161292,
    23.520941125796));
#8496 = CARTESIAN_POINT('',(-28.00250971044,-2.878049927908,
    23.520880677967));
#8497 = CARTESIAN_POINT('',(-28.01124186736,-2.846176792914,
    23.521336918498));
#8498 = CARTESIAN_POINT('',(-27.99732733246,-2.814650903699,
    23.520546845425));
#8499 = CARTESIAN_POINT('',(-28.00067743661,-2.782423885284,
    23.52135288281));
#8500 = CARTESIAN_POINT('',(-28.00373234567,-2.751028787416,
    23.520920680352));
#8501 = CARTESIAN_POINT('',(-28.00138242283,-2.71907717178,
    23.52112230947));
#8502 = CARTESIAN_POINT('',(-28.00271939527,-2.68734961864,
    23.52111715031));
#8503 = CARTESIAN_POINT('',(-28.00390206741,-2.623825906562,
    23.521161675514));
#8504 = CARTESIAN_POINT('',(-28.00455598906,-2.59206872003,
    23.521179985002));
#8505 = CARTESIAN_POINT('',(-28.00516483761,-2.560316224907,
    23.521195466163));
#8506 = CARTESIAN_POINT('',(-28.00584970782,-2.528568827622,
    23.521206740642));
#8507 = CARTESIAN_POINT('',(-28.00648276598,-2.496825925593,
    23.52121819324));
#8508 = CARTESIAN_POINT('',(-28.00700238611,-2.465086905219,
    23.521228755935));
#8509 = CARTESIAN_POINT('',(-28.00746108037,-2.433351632405,
    23.521240558641));
#8510 = CARTESIAN_POINT('',(-28.00779035748,-2.401619540094,
    23.521253905562));
#8511 = CARTESIAN_POINT('',(-27.99598789792,-3.163431846223,
    23.581052968631));
#8512 = CARTESIAN_POINT('',(-27.99728360807,-3.131711208906,
    23.581038946304));
#8513 = CARTESIAN_POINT('',(-27.99957575118,-3.100017652202,
    23.581021257662));
#8514 = CARTESIAN_POINT('',(-27.99527062469,-3.068199077062,
    23.580996372545));
#8515 = CARTESIAN_POINT('',(-28.0082881802,-3.036748590646,
    23.58096333212));
#8516 = CARTESIAN_POINT('',(-27.99400644416,-3.00473464568,
    23.580935993131));
#8517 = CARTESIAN_POINT('',(-28.00357351438,-2.973230096802,
    23.580879213889));
#8518 = CARTESIAN_POINT('',(-28.00409174589,-2.941501485881,
    23.580881792787));
#8519 = CARTESIAN_POINT('',(-28.0008948334,-2.877972139967,
    23.580835695921));
#8520 = CARTESIAN_POINT('',(-27.99460179627,-2.846229839921,
    23.58062156865));
#8521 = CARTESIAN_POINT('',(-28.00615319066,-2.814451470276,
    23.581035128692));
#8522 = CARTESIAN_POINT('',(-27.99931008323,-2.782758970258,
    23.580708193676));
#8523 = CARTESIAN_POINT('',(-28.00154757249,-2.750889205521,
    23.580949994317));
#8524 = CARTESIAN_POINT('',(-28.00162679083,-2.719164779783,
    23.580898809926));
#8525 = CARTESIAN_POINT('',(-28.00185366534,-2.687382279024,
    23.580938033621));
#8526 = CARTESIAN_POINT('',(-28.00266699887,-2.623850966779,
    23.580980688533));
#8527 = CARTESIAN_POINT('',(-28.00317202165,-2.592089930846,
    23.580998632796));
#8528 = CARTESIAN_POINT('',(-28.00363547507,-2.560334038681,
    23.581013907967));
#8529 = CARTESIAN_POINT('',(-28.0042379925,-2.528583761159,
    23.581024270218));
#8530 = CARTESIAN_POINT('',(-28.00478139028,-2.496838101971,
    23.581035700054));
#8531 = CARTESIAN_POINT('',(-28.00521937377,-2.465096567432,
    23.581045985878));
#8532 = CARTESIAN_POINT('',(-28.00559917064,-2.433358952828,
    23.581057835243));
#8533 = CARTESIAN_POINT('',(-28.0058469064,-2.401624611663,
    23.581071068266));
#8534 = CARTESIAN_POINT('',(-27.99724529507,-3.163487379589,
    23.640890660268));
#8535 = CARTESIAN_POINT('',(-27.99829460264,-3.131762734907,
    23.640875800071));
#8536 = CARTESIAN_POINT('',(-27.9989875401,-3.100036923617,
    23.640857247273));
#8537 = CARTESIAN_POINT('',(-28.00100951088,-3.068348236208,
    23.64083559133));
#8538 = CARTESIAN_POINT('',(-27.9991016101,-3.036592094635,
    23.640800635373));
#8539 = CARTESIAN_POINT('',(-28.00256553577,-3.004948145767,
    23.640770410643));
#8540 = CARTESIAN_POINT('',(-28.0010801317,-2.97320836877,23.64073137164
    ));
#8541 = CARTESIAN_POINT('',(-28.00064216486,-2.941486725839,
    23.640689411123));
#8542 = CARTESIAN_POINT('',(-28.0013565996,-2.878034250645,
    23.640658980414));
#8543 = CARTESIAN_POINT('',(-28.00296532638,-2.846288072574,
    23.640706837234));
#8544 = CARTESIAN_POINT('',(-27.99928542554,-2.814508243965,
    23.640624771498));
#8545 = CARTESIAN_POINT('',(-28.00186406261,-2.782731675629,
    23.64074367114));
#8546 = CARTESIAN_POINT('',(-28.00075324907,-2.750969640886,
    23.640708033843));
#8547 = CARTESIAN_POINT('',(-28.00119490585,-2.71918634554,
    23.64075640477));
#8548 = CARTESIAN_POINT('',(-28.00133380754,-2.687415644205,
    23.640773974884));
#8549 = CARTESIAN_POINT('',(-28.00182524668,-2.623878985364,
    23.640812522771));
#8550 = CARTESIAN_POINT('',(-28.00217580447,-2.592114811407,
    23.640828873073));
#8551 = CARTESIAN_POINT('',(-28.00249686034,-2.560356173601,
    23.640842905904));
#8552 = CARTESIAN_POINT('',(-28.00298463522,-2.528603068962,
    23.640851667331));
#8553 = CARTESIAN_POINT('',(-28.00345605141,-2.496854837493,
    23.640862283972));
#8554 = CARTESIAN_POINT('',(-28.00379964295,-2.465110789651,
    23.640871747633));
#8555 = CARTESIAN_POINT('',(-28.00409775438,-2.433370797636,
    23.640883166796));
#8556 = CARTESIAN_POINT('',(-28.0042546262,-2.401634107524,
    23.640895967738));
#8557 = CARTESIAN_POINT('',(-27.99814596711,-3.163533940664,
    23.700730980704));
#8558 = CARTESIAN_POINT('',(-27.99896739334,-3.131804775657,
    23.700716712918));
#8559 = CARTESIAN_POINT('',(-27.99966832341,-3.10007837539,
    23.700700224283));
#8560 = CARTESIAN_POINT('',(-28.00024135246,-3.068359764149,
    23.700679024268));
#8561 = CARTESIAN_POINT('',(-28.00066504449,-3.036648062791,
    23.700652853088));
#8562 = CARTESIAN_POINT('',(-28.00092644888,-3.004939090459,
    23.700623216794));
#8563 = CARTESIAN_POINT('',(-28.00103647213,-2.973227337989,
    23.700593215461));
#8564 = CARTESIAN_POINT('',(-28.00103810333,-2.941507313148,
    23.70056766583));
#8565 = CARTESIAN_POINT('',(-28.0009768866,-2.878041202038,
    23.70053936822));
#8566 = CARTESIAN_POINT('',(-28.00091087214,-2.846293495913,
    23.700538356841));
#8567 = CARTESIAN_POINT('',(-28.00085195804,-2.814534055111,
    23.700548019167));
#8568 = CARTESIAN_POINT('',(-28.0008237497,-2.782766097868,
    23.700565026525));
#8569 = CARTESIAN_POINT('',(-28.00083646923,-2.75099298247,
    23.700585773463));
#8570 = CARTESIAN_POINT('',(-28.00089247298,-2.719218045009,
    23.700606966808));
#8571 = CARTESIAN_POINT('',(-28.00099176935,-2.687444437081,
    23.700626213721));
#8572 = CARTESIAN_POINT('',(-28.00128330348,-2.623905489994,
    23.700659007529));
#8573 = CARTESIAN_POINT('',(-28.00150228731,-2.592139437477,
    23.700672647226));
#8574 = CARTESIAN_POINT('',(-28.00169998615,-2.560378970113,
    23.700684321854));
#8575 = CARTESIAN_POINT('',(-28.0020293366,-2.52862335422,
    23.700691225248));
#8576 = CARTESIAN_POINT('',(-28.00245604888,-2.496873050476,
    23.700699678708));
#8577 = CARTESIAN_POINT('',(-28.00270651267,-2.465126756987,
    23.70070759632));
#8578 = CARTESIAN_POINT('',(-28.00292311557,-2.433384601834,
    23.700717869248));
#8579 = CARTESIAN_POINT('',(-28.00298288828,-2.401645675681,
    23.700729781428));
#8580 = CARTESIAN_POINT('',(-27.99945862468,-3.16360874096,
    23.820421647729));
#8581 = CARTESIAN_POINT('',(-27.99986635524,-3.131870310494,
    23.820410426212));
#8582 = CARTESIAN_POINT('',(-28.00013598886,-3.100132679366,
    23.8203994858));
#8583 = CARTESIAN_POINT('',(-28.00032287464,-3.068402726941,
    23.820386374075));
#8584 = CARTESIAN_POINT('',(-28.00045684938,-3.036681580475,
    23.82037043899));
#8585 = CARTESIAN_POINT('',(-28.00054645617,-3.004965896886,
    23.820352708267));
#8586 = CARTESIAN_POINT('',(-28.00059030864,-2.973249772797,23.820335475
    ));
#8587 = CARTESIAN_POINT('',(-28.00059560043,-2.941527282781,
    23.820321589579));
#8588 = CARTESIAN_POINT('',(-28.00061192008,-2.878064008947,
    23.820305326182));
#8589 = CARTESIAN_POINT('',(-28.00061999165,-2.846321846568,
    23.820304391777));
#8590 = CARTESIAN_POINT('',(-28.00061516931,-2.814569693162,
    23.820308462264));
#8591 = CARTESIAN_POINT('',(-28.00059772873,-2.78280859019,
    23.820316331006));
#8592 = CARTESIAN_POINT('',(-28.00057550912,-2.751040248415,
    23.82032718901));
#8593 = CARTESIAN_POINT('',(-28.00055839568,-2.719267210164,
    23.820340035782));
#8594 = CARTESIAN_POINT('',(-28.0005528018,-2.687493011614,
    23.820353091375));
#8595 = CARTESIAN_POINT('',(-28.00055950115,-2.623951678489,
    23.820373323375));
#8596 = CARTESIAN_POINT('',(-28.00059257742,-2.592183226224,
    23.820381836858));
#8597 = CARTESIAN_POINT('',(-28.00061873462,-2.560419119851,
    23.820387891402));
#8598 = CARTESIAN_POINT('',(-28.00066860747,-2.528660455281,
    23.820394007507));
#8599 = CARTESIAN_POINT('',(-28.00082361077,-2.496905904825,
    23.820395967512));
#8600 = CARTESIAN_POINT('',(-28.00113031793,-2.465156041467,
    23.820400229856));
#8601 = CARTESIAN_POINT('',(-28.00112087635,-2.433410176822,
    23.82040769428));
#8602 = CARTESIAN_POINT('',(-28.00098354557,-2.401667522124,
    23.820416704542));
#8603 = CARTESIAN_POINT('',(-27.99984272292,-3.163636663778,
    23.880276368716));
#8604 = CARTESIAN_POINT('',(-28.00005785442,-3.131893883437,
    23.880269046044));
#8605 = CARTESIAN_POINT('',(-28.00006818564,-3.100145587081,
    23.880262571112));
#8606 = CARTESIAN_POINT('',(-28.00018169724,-3.068412285117,
    23.880251666187));
#8607 = CARTESIAN_POINT('',(-28.00031785592,-3.036691055094,
    23.880239485127));
#8608 = CARTESIAN_POINT('',(-28.00037070869,-3.004973436905,
    23.880228914559));
#8609 = CARTESIAN_POINT('',(-28.00036576672,-2.973254461257,
    23.880219415767));
#8610 = CARTESIAN_POINT('',(-28.00041068314,-2.941532811563,
    23.88020940535));
#8611 = CARTESIAN_POINT('',(-28.00046875807,-2.878071426718,
    23.880198947369));
#8612 = CARTESIAN_POINT('',(-28.00050644077,-2.846331296768,
    23.88019843149));
#8613 = CARTESIAN_POINT('',(-28.00052946215,-2.814581858784,
    23.880200842696));
#8614 = CARTESIAN_POINT('',(-28.00053148059,-2.782823569839,
    23.880205526838));
#8615 = CARTESIAN_POINT('',(-28.00051653032,-2.75105755677,
    23.880212297328));
#8616 = CARTESIAN_POINT('',(-28.00049243167,-2.719285958355,
    23.880220774276));
#8617 = CARTESIAN_POINT('',(-28.00046420223,-2.687512267454,
    23.880229719588));
#8618 = CARTESIAN_POINT('',(-28.00039073195,-2.623971078973,
    23.88024303171));
#8619 = CARTESIAN_POINT('',(-28.00044416335,-2.592201941988,
    23.880246478188));
#8620 = CARTESIAN_POINT('',(-28.000084019,-2.560437440987,
    23.880259015988));
#8621 = CARTESIAN_POINT('',(-28.00056895869,-2.528675948404,
    23.880245410314));
#8622 = CARTESIAN_POINT('',(-28.0002513464,-2.496921667564,
    23.880259732438));
#8623 = CARTESIAN_POINT('',(-28.00022064072,-2.465170402256,
    23.880260402912));
#8624 = CARTESIAN_POINT('',(-28.00027737684,-2.433422741809,
    23.880263493105));
#8625 = CARTESIAN_POINT('',(-28.00014537551,-2.401678325971,
    23.880269933097));
#8626 = CARTESIAN_POINT('',(-28.00003931042,-3.16365389561,
    23.940137301606));
#8627 = CARTESIAN_POINT('',(-28.00017846578,-3.131904959597,
    23.940127892953));
#8628 = CARTESIAN_POINT('',(-28.00044896042,-3.100180939972,
    23.940122988038));
#8629 = CARTESIAN_POINT('',(-28.00022284055,-3.068434508012,
    23.940128409224));
#8630 = CARTESIAN_POINT('',(-27.99999928065,-3.036690962168,
    23.940129471412));
#8631 = CARTESIAN_POINT('',(-28.00013371895,-3.004971445518,
    23.94011906147));
#8632 = CARTESIAN_POINT('',(-28.00038621977,-2.973263016462,
    23.940106106678));
#8633 = CARTESIAN_POINT('',(-28.0002890536,-2.941535572289,
    23.940104436629));
#8634 = CARTESIAN_POINT('',(-28.000377954,-2.878075679511,
    23.940099632544));
#8635 = CARTESIAN_POINT('',(-28.00043256107,-2.846336784322,
    23.940099557818));
#8636 = CARTESIAN_POINT('',(-28.00047148368,-2.814588967048,
    23.940100790777));
#8637 = CARTESIAN_POINT('',(-28.00048603907,-2.78283243331,
    23.94010302481));
#8638 = CARTESIAN_POINT('',(-28.00047853066,-2.751068009875,
    23.940106260903));
#8639 = CARTESIAN_POINT('',(-28.00045607688,-2.719297586989,
    23.940110396624));
#8640 = CARTESIAN_POINT('',(-28.00042443838,-2.687524560667,
    23.940114821682));
#8641 = CARTESIAN_POINT('',(-28.00033925529,-2.623983989266,
    23.940121193581));
#8642 = CARTESIAN_POINT('',(-27.99985506052,-2.592215846264,
    23.940130695777));
#8643 = CARTESIAN_POINT('',(-28.00164563113,-2.560445593641,
    23.940100261665));
#8644 = CARTESIAN_POINT('',(-27.99853110604,-2.528694183148,
    23.940166924318));
#8645 = CARTESIAN_POINT('',(-27.99967690575,-2.496927839101,
    23.94011089547));
#8646 = CARTESIAN_POINT('',(-28.00233759674,-2.465176209953,
    23.940109887755));
#8647 = CARTESIAN_POINT('',(-28.00117259921,-2.433429260684,
    23.94012180781));
#8648 = CARTESIAN_POINT('',(-28.00033543989,-2.401685037867,
    23.940128463069));
#8649 = CARTESIAN_POINT('',(-28.00009919525,-3.163659690107,
    24.000001283288));
#8650 = CARTESIAN_POINT('',(-27.99994854875,-3.131909010638,
    24.000001248989));
#8651 = CARTESIAN_POINT('',(-27.99908703496,-3.100099185192,
    24.0000008588));
#8652 = CARTESIAN_POINT('',(-27.99964641724,-3.068382746285,
    24.000001156349));
#8653 = CARTESIAN_POINT('',(-28.0004194611,-3.036700921247,
    24.000001758025));
#8654 = CARTESIAN_POINT('',(-28.00035550736,-3.004985942292,
    24.000002201467));
#8655 = CARTESIAN_POINT('',(-27.99990984055,-2.973246532064,
    24.000002521125));
#8656 = CARTESIAN_POINT('',(-28.0002468639,-2.941536565398,
    24.000003046631));
#8657 = CARTESIAN_POINT('',(-28.00034727594,-2.878077247884,
    24.000003808921));
#8658 = CARTESIAN_POINT('',(-28.00040722985,-2.846338763614,
    24.000004115879));
#8659 = CARTESIAN_POINT('',(-28.00045091814,-2.814591470879,
    24.000004326315));
#8660 = CARTESIAN_POINT('',(-28.00046923838,-2.782835511982,
    24.000004421021));
#8661 = CARTESIAN_POINT('',(-28.00046416341,-2.751071627331,
    24.000004388842));
#8662 = CARTESIAN_POINT('',(-28.00044290435,-2.719301628062,
    24.000004237409));
#8663 = CARTESIAN_POINT('',(-28.00041207528,-2.687528868851,
    24.000003997073));
#8664 = CARTESIAN_POINT('',(-28.00033163721,-2.623988572403,
    24.000003464675));
#8665 = CARTESIAN_POINT('',(-28.00118343273,-2.592218163163,
    24.000003129473));
#8666 = CARTESIAN_POINT('',(-27.99715328201,-2.560459625778,
    24.000002226744));
#8667 = CARTESIAN_POINT('',(-28.00477224597,-2.528682857489,
    24.000006016584));
#8668 = CARTESIAN_POINT('',(-27.99811951404,-2.496947572701,
    23.999994774932));
#8669 = CARTESIAN_POINT('',(-27.99757221236,-2.465190263567,
    24.000008921394));
#8670 = CARTESIAN_POINT('',(-27.99761539922,-2.433440729386,
    24.00000437738));
#8671 = CARTESIAN_POINT('',(-27.99815335868,-2.401692817318,
    24.000003275657));
#8672 = CARTESIAN_POINT('',(-28.00003927378,-3.16365376823,
    24.059865163119));
#8673 = CARTESIAN_POINT('',(-28.00017852014,-3.131905094502,
    24.059874508447));
#8674 = CARTESIAN_POINT('',(-28.00044861865,-3.100181191249,
    24.05987979464));
#8675 = CARTESIAN_POINT('',(-28.00022241151,-3.068434588417,
    24.059874582066));
#8676 = CARTESIAN_POINT('',(-27.99999897134,-3.036690978841,
    24.059873895654));
#8677 = CARTESIAN_POINT('',(-28.00013353524,-3.004971694355,
    24.059885116889));
#8678 = CARTESIAN_POINT('',(-28.00038621353,-2.973263556897,
    24.059899112235));
#8679 = CARTESIAN_POINT('',(-28.00028946453,-2.941536103795,
    24.059901600133));
#8680 = CARTESIAN_POINT('',(-28.0003792234,-2.878076272234,
    24.059907909343));
#8681 = CARTESIAN_POINT('',(-28.00043406261,-2.846337368642,
    24.059908587173));
#8682 = CARTESIAN_POINT('',(-28.00047310591,-2.814589520032,
    24.059907763058));
#8683 = CARTESIAN_POINT('',(-28.00048763456,-2.782832938569,
    24.059905702395));
#8684 = CARTESIAN_POINT('',(-28.00047987826,-2.7510684532,24.05990238424
    ));
#8685 = CARTESIAN_POINT('',(-28.00045692709,-2.719297957325,
    24.05989792052));
#8686 = CARTESIAN_POINT('',(-28.00042464271,-2.687524856221,
    24.059892979753));
#8687 = CARTESIAN_POINT('',(-28.00033849811,-2.623984173055,
    24.059885433832));
#8688 = CARTESIAN_POINT('',(-27.99987279164,-2.592215922031,
    24.059875570738));
#8689 = CARTESIAN_POINT('',(-28.00157530431,-2.560445870083,
    24.059904484021));
#8690 = CARTESIAN_POINT('',(-27.99865420327,-2.528694096617,
    24.059835692744));
#8691 = CARTESIAN_POINT('',(-27.99966973225,-2.496927550602,
    24.059900278367));
#8692 = CARTESIAN_POINT('',(-28.00217648696,-2.465177032118,
    24.059884529712));
#8693 = CARTESIAN_POINT('',(-28.00111983404,-2.433429634596,
    24.05987843938));
#8694 = CARTESIAN_POINT('',(-28.00031594756,-2.40168531588,
    24.059873085812));
#8695 = CARTESIAN_POINT('',(-27.99984253063,-3.163636318244,
    24.119725802915));
#8696 = CARTESIAN_POINT('',(-28.00005790107,-3.131893772,24.119733131555
    ));
#8697 = CARTESIAN_POINT('',(-28.00006855653,-3.100145647131,
    24.119739643498));
#8698 = CARTESIAN_POINT('',(-28.00018167841,-3.068412594632,
    24.119750918613));
#8699 = CARTESIAN_POINT('',(-28.00031737077,-3.03669160751,
    24.11976376952));
#8700 = CARTESIAN_POINT('',(-28.00037028982,-3.004974157154,
    24.119775176864));
#8701 = CARTESIAN_POINT('',(-28.00036590619,-2.973255308262,
    24.119785571516));
#8702 = CARTESIAN_POINT('',(-28.00041140453,-2.94153381285,
    24.119796463507));
#8703 = CARTESIAN_POINT('',(-28.00047102722,-2.878072552811,
    24.119808372052));
#8704 = CARTESIAN_POINT('',(-28.00050924841,-2.846332407855,
    24.119809455248));
#8705 = CARTESIAN_POINT('',(-28.00053260684,-2.814582906012,
    24.119807406537));
#8706 = CARTESIAN_POINT('',(-28.00053464338,-2.782824518233,
    24.119802841665));
#8707 = CARTESIAN_POINT('',(-28.00051924295,-2.751058378723,
    24.119795926014));
#8708 = CARTESIAN_POINT('',(-28.00049416519,-2.719286635135,
    24.119787049222));
#8709 = CARTESIAN_POINT('',(-28.00046457516,-2.687512798922,
    24.119777497996));
#8710 = CARTESIAN_POINT('',(-28.00038857268,-2.623971392218,
    24.119762763032));
#8711 = CARTESIAN_POINT('',(-28.0004362571,-2.592202194033,
    24.119758459857));
#8712 = CARTESIAN_POINT('',(-28.00008846791,-2.56043755408,
    24.119744825587));
#8713 = CARTESIAN_POINT('',(-28.00056687303,-2.528676074098,
    24.11975877804));
#8714 = CARTESIAN_POINT('',(-28.00012634706,-2.496921887466,
    24.119740750659));
#8715 = CARTESIAN_POINT('',(-28.0003283573,-2.465170245236,
    24.119742389911));
#8716 = CARTESIAN_POINT('',(-28.00032046487,-2.433422833206,
    24.119738070305));
#8717 = CARTESIAN_POINT('',(-28.00018992476,-2.401678475629,
    24.119731526184));
#8718 = CARTESIAN_POINT('',(-27.99945803873,-3.163607995721,
    24.179580076959));
#8719 = CARTESIAN_POINT('',(-27.99986623183,-3.13186994828,
    24.179591336839));
#8720 = CARTESIAN_POINT('',(-28.00013641537,-3.100132640021,
    24.17960243434));
#8721 = CARTESIAN_POINT('',(-28.00032310701,-3.068402995333,
    24.179615942831));
#8722 = CARTESIAN_POINT('',(-28.00045656164,-3.03668215975,
    24.179632533507));
#8723 = CARTESIAN_POINT('',(-28.00054597319,-3.00496678102,
    24.179651112899));
#8724 = CARTESIAN_POINT('',(-28.00059025977,-2.97325092559,
    24.179669265932));
#8725 = CARTESIAN_POINT('',(-28.00059643131,-2.941528630394,
    24.179684004697));
#8726 = CARTESIAN_POINT('',(-28.0006146497,-2.878065549705,
    24.179701640892));
#8727 = CARTESIAN_POINT('',(-28.00062357833,-2.84632336643,
    24.179703076241));
#8728 = CARTESIAN_POINT('',(-28.00061931174,-2.81457111152,
    24.179699277456));
#8729 = CARTESIAN_POINT('',(-28.00060188741,-2.782809850793,
    24.179691420586));
#8730 = CARTESIAN_POINT('',(-28.00057896243,-2.751041313536,
    24.179680304473));
#8731 = CARTESIAN_POINT('',(-28.00056038067,-2.719268061499,
    24.179666945941));
#8732 = CARTESIAN_POINT('',(-28.00055274027,-2.687493657843,
    24.179653175193));
#8733 = CARTESIAN_POINT('',(-28.00055518151,-2.623952014407,
    24.179631286845));
#8734 = CARTESIAN_POINT('',(-28.00058773206,-2.592183441191,
    24.179621799921));
#8735 = CARTESIAN_POINT('',(-28.00060834384,-2.560419245714,
    24.179614677448));
#8736 = CARTESIAN_POINT('',(-28.00065362238,-2.528660499569,
    24.179607793055));
#8737 = CARTESIAN_POINT('',(-28.00080606882,-2.496905926265,
    24.179604565992));
#8738 = CARTESIAN_POINT('',(-28.00114492678,-2.46515609883,
    24.179599435764));
#8739 = CARTESIAN_POINT('',(-28.00115638319,-2.43341028355,
    24.179591794243));
#8740 = CARTESIAN_POINT('',(-28.00103814118,-2.401667676163,
    24.17958285436));
#8741 = CARTESIAN_POINT('',(-27.99814387975,-3.16353185136,
    24.299269667035));
#8742 = CARTESIAN_POINT('',(-27.99896610179,-3.131803269377,
    24.299284035795));
#8743 = CARTESIAN_POINT('',(-27.99966809959,-3.100077435701,
    24.299300768861));
#8744 = CARTESIAN_POINT('',(-28.00024172265,-3.068359408349,
    24.299322452043));
#8745 = CARTESIAN_POINT('',(-28.00066526419,-3.036648299428,
    24.299349338907));
#8746 = CARTESIAN_POINT('',(-28.00092615858,-3.004939894906,
    24.299379853001));
#8747 = CARTESIAN_POINT('',(-28.00103609524,-2.973228638965,
    24.299410784623));
#8748 = CARTESIAN_POINT('',(-28.00103855033,-2.941508983056,
    24.299437181771));
#8749 = CARTESIAN_POINT('',(-28.00097891928,-2.878043216006,
    24.299466689465));
#8750 = CARTESIAN_POINT('',(-28.0009137554,-2.846295464852,
    24.299468041705));
#8751 = CARTESIAN_POINT('',(-28.00085489507,-2.814535818412,
    24.299458424624));
#8752 = CARTESIAN_POINT('',(-28.00082561196,-2.782767556501,
    24.299441166416));
#8753 = CARTESIAN_POINT('',(-28.00083623387,-2.750994097457,
    24.2994198961));
#8754 = CARTESIAN_POINT('',(-28.00088957569,-2.719218829149,
    24.29939794796));
#8755 = CARTESIAN_POINT('',(-28.00098637183,-2.687444940026,
    24.299377766524));
#8756 = CARTESIAN_POINT('',(-28.00127504621,-2.623905560248,
    24.299342855613));
#8757 = CARTESIAN_POINT('',(-28.00149614355,-2.592139353719,
    24.299327969881));
#8758 = CARTESIAN_POINT('',(-28.00169024931,-2.560378774586,
    24.299315231881));
#8759 = CARTESIAN_POINT('',(-28.00202389836,-2.528623124935,
    24.299306873885));
#8760 = CARTESIAN_POINT('',(-28.00247888049,-2.496872828163,
    24.299297461866));
#8761 = CARTESIAN_POINT('',(-28.00274645267,-2.465126578539,
    24.29928874413));
#8762 = CARTESIAN_POINT('',(-28.00299626776,-2.43338451901,
    24.299278106728));
#8763 = CARTESIAN_POINT('',(-28.00308500047,-2.401645700908,
    24.299266156923));
#8764 = CARTESIAN_POINT('',(-27.99724243734,-3.163484451701,
    24.359109350774));
#8765 = CARTESIAN_POINT('',(-27.99829262165,-3.131760477845,
    24.359124337236));
#8766 = CARTESIAN_POINT('',(-27.99898207105,-3.100035245327,
    24.359143164886));
#8767 = CARTESIAN_POINT('',(-28.001028397,-3.068347740907,
    24.359165360337));
#8768 = CARTESIAN_POINT('',(-27.99906901094,-3.036591298158,
    24.359201048837));
#8769 = CARTESIAN_POINT('',(-28.00259954614,-3.004949371032,
    24.359232159122));
#8770 = CARTESIAN_POINT('',(-28.00106631457,-2.973209415907,
    24.359272239795));
#8771 = CARTESIAN_POINT('',(-28.00063769561,-2.941488335582,
    24.359314967778));
#8772 = CARTESIAN_POINT('',(-28.00134372064,-2.878036266968,
    24.359346864261));
#8773 = CARTESIAN_POINT('',(-28.00296522595,-2.846289801333,
    24.359298740764));
#8774 = CARTESIAN_POINT('',(-27.99934301597,-2.814511239694,
    24.359380502865));
#8775 = CARTESIAN_POINT('',(-28.00178366085,-2.782731564234,
    24.359262235475));
#8776 = CARTESIAN_POINT('',(-28.00080023029,-2.7509714862,
    24.359296050585));
#8777 = CARTESIAN_POINT('',(-28.00117476859,-2.719186698523,
    24.359247397339));
#8778 = CARTESIAN_POINT('',(-28.00132531702,-2.6874159291,
    24.359228641475));
#8779 = CARTESIAN_POINT('',(-28.00181654641,-2.623878805808,
    24.359187748276));
#8780 = CARTESIAN_POINT('',(-28.00217278079,-2.592114489871,
    24.359170075165));
#8781 = CARTESIAN_POINT('',(-28.00249335677,-2.560355766396,
    24.359154928873));
#8782 = CARTESIAN_POINT('',(-28.00299843793,-2.528602675403,
    24.359144656212));
#8783 = CARTESIAN_POINT('',(-28.00349666334,-2.496854493286,
    24.359133131705));
#8784 = CARTESIAN_POINT('',(-28.00386202134,-2.465110511892,
    24.359122848554));
#8785 = CARTESIAN_POINT('',(-28.00419454494,-2.433370623111,
    24.359110995889));
#8786 = CARTESIAN_POINT('',(-28.00438299323,-2.401634028025,
    24.359098039784));
#8787 = CARTESIAN_POINT('',(-27.99598352489,-3.163427923124,
    24.41894635437));
#8788 = CARTESIAN_POINT('',(-27.99728016084,-3.131708026333,
    24.418960516072));
#8789 = CARTESIAN_POINT('',(-27.99959240131,-3.100015640816,
    24.418978544325));
#8790 = CARTESIAN_POINT('',(-27.99519276043,-3.06819577883,
    24.419003769982));
#8791 = CARTESIAN_POINT('',(-28.0084329321,-3.036750962346,
    24.419038010628));
#8792 = CARTESIAN_POINT('',(-27.99385644411,-3.004731535053,
    24.419065674046));
#8793 = CARTESIAN_POINT('',(-28.00364290107,-2.973232154949,
    24.419123618402));
#8794 = CARTESIAN_POINT('',(-28.00410968801,-2.941503281302,
    24.419122084394));
#8795 = CARTESIAN_POINT('',(-28.00095427134,-2.87797442644,
    24.419167696573));
#8796 = CARTESIAN_POINT('',(-27.99462138093,-2.846233457189,
    24.419384493115));
#8797 = CARTESIAN_POINT('',(-28.0058974484,-2.814447321913,
    24.418971136945));
#8798 = CARTESIAN_POINT('',(-27.99965406735,-2.782766403854,
    24.419292909098));
#8799 = CARTESIAN_POINT('',(-28.00132444126,-2.750886010619,
    24.419055338657));
#8800 = CARTESIAN_POINT('',(-28.00167499142,-2.719165945862,
    24.419102892894));
#8801 = CARTESIAN_POINT('',(-28.00184288098,-2.687382148895,
    24.419063056062));
#8802 = CARTESIAN_POINT('',(-28.00266183278,-2.623850397854,
    24.419017876386));
#8803 = CARTESIAN_POINT('',(-28.00317616222,-2.592089246676,
    24.418998554212));
#8804 = CARTESIAN_POINT('',(-28.00364502661,-2.560333304214,
    24.418982090109));
#8805 = CARTESIAN_POINT('',(-28.0042701695,-2.52858307978,
    24.418970248438));
#8806 = CARTESIAN_POINT('',(-28.00484217248,-2.49683751321,
    24.418957874242));
#8807 = CARTESIAN_POINT('',(-28.00530623578,-2.465096090945,
    24.41894674609));
#8808 = CARTESIAN_POINT('',(-28.00572255997,-2.433358621838,
    24.418934410584));
#8809 = CARTESIAN_POINT('',(-28.00600535823,-2.401624420237,
    24.418920970848));
#8810 = CARTESIAN_POINT('',(-27.99434647394,-3.163366028918,
    24.47878580853));
#8811 = CARTESIAN_POINT('',(-27.99586143267,-3.131649029875,
    24.478798297617));
#8812 = CARTESIAN_POINT('',(-27.99510353213,-3.099886640429,
    24.478809866877));
#8813 = CARTESIAN_POINT('',(-28.00775461934,-3.06844155107,
    24.478858259637));
#8814 = CARTESIAN_POINT('',(-27.98336195083,-3.036164791985,
    24.478835731344));
#8815 = CARTESIAN_POINT('',(-28.01854084691,-3.005240464884,
    24.478943566177));
#8816 = CARTESIAN_POINT('',(-27.99468242996,-2.973007191344,
    24.478946746857));
#8817 = CARTESIAN_POINT('',(-27.99768561901,-2.941401583202,
    24.479061946859));
#8818 = CARTESIAN_POINT('',(-28.0023871597,-2.87805112286,
    24.479126507652));
#8819 = CARTESIAN_POINT('',(-28.01119153641,-2.846173860157,
    24.478663944083));
#8820 = CARTESIAN_POINT('',(-27.99780961966,-2.814664404715,
    24.479456204695));
#8821 = CARTESIAN_POINT('',(-28.00001494075,-2.782410695246,
    24.478653501238));
#8822 = CARTESIAN_POINT('',(-28.00413248368,-2.751036684989,
    24.479078282276));
#8823 = CARTESIAN_POINT('',(-28.00125627313,-2.71907467705,
    24.478879318727));
#8824 = CARTESIAN_POINT('',(-28.00270964899,-2.687348941832,
    24.47888235891));
#8825 = CARTESIAN_POINT('',(-28.0039058592,-2.623824884468,
    24.478835169485));
#8826 = CARTESIAN_POINT('',(-28.00457247646,-2.59206762029,
    24.478815433538));
#8827 = CARTESIAN_POINT('',(-28.00519339722,-2.560315111799,
    24.478798671757));
#8828 = CARTESIAN_POINT('',(-28.00590186227,-2.528567795162,
    24.47878595402));
#8829 = CARTESIAN_POINT('',(-28.00656743736,-2.496825023963,
    24.478773481793));
#8830 = CARTESIAN_POINT('',(-28.00711658171,-2.465086172522,
    24.478762056797));
#8831 = CARTESIAN_POINT('',(-28.00761487953,-2.433351116609,
    24.478749734438));
#8832 = CARTESIAN_POINT('',(-28.00798388231,-2.401619263508,
    24.478736193912));
#8833 = CARTESIAN_POINT('',(-27.99238976726,-3.163304509243,
    24.538633609837));
#8834 = CARTESIAN_POINT('',(-27.99406998095,-3.131589384414,
    24.5386446199));
#8835 = CARTESIAN_POINT('',(-27.9979846297,-3.099938740827,
    24.538672064175));
#8836 = CARTESIAN_POINT('',(-27.98797016846,-3.067937597341,
    24.538627228262));
#8837 = CARTESIAN_POINT('',(-28.01703739117,-3.036955775617,
    24.538813671924));
#8838 = CARTESIAN_POINT('',(-27.98086794755,-3.004291334308,
    24.538621665459));
#8839 = CARTESIAN_POINT('',(-28.01377509798,-2.973425445505,
    24.538855049321));
#8840 = CARTESIAN_POINT('',(-28.00525082617,-2.941482635167,
    24.538832231863));
#8841 = CARTESIAN_POINT('',(-28.00188706137,-2.877894985036,
    24.538806676932));
#8842 = CARTESIAN_POINT('',(-27.99750162816,-2.846408257207,
    24.539332618073));
#8843 = CARTESIAN_POINT('',(-27.99499688852,-2.813967241809,
    24.538429359238));
#8844 = CARTESIAN_POINT('',(-28.01231624203,-2.78304346088,
    24.539053345864));
#8845 = CARTESIAN_POINT('',(-27.99525156598,-2.750620069571,
    24.538662504757));
#8846 = CARTESIAN_POINT('',(-28.00547620394,-2.719146137907,
    24.538736574022));
#8847 = CARTESIAN_POINT('',(-28.00410085467,-2.687324114223,
    24.538692399659));
#8848 = CARTESIAN_POINT('',(-28.00562298837,-2.623807742313,
    24.538644673572));
#8849 = CARTESIAN_POINT('',(-28.00641303134,-2.592054088834,
    24.53862504776));
#8850 = CARTESIAN_POINT('',(-28.00716921824,-2.560304865285,
    24.538608413564));
#8851 = CARTESIAN_POINT('',(-28.00794974837,-2.528560212868,
    24.538595167321));
#8852 = CARTESIAN_POINT('',(-28.00868861082,-2.496819879343,
    24.538582696092));
#8853 = CARTESIAN_POINT('',(-28.00932066765,-2.465083295697,
    24.538571110084));
#8854 = CARTESIAN_POINT('',(-28.00988784751,-2.433350350562,
    24.538558876294));
#8855 = CARTESIAN_POINT('',(-28.01033233,-2.40162057942,24.538545379954)
  );
#8856 = CARTESIAN_POINT('',(-27.99023775138,-3.163249493282,
    24.598494487044));
#8857 = CARTESIAN_POINT('',(-27.99205093175,-3.131536298456,
    24.598505097546));
#8858 = CARTESIAN_POINT('',(-27.99251229609,-3.099791044658,
    24.59850654947));
#8859 = CARTESIAN_POINT('',(-28.00082312673,-3.068282129746,
    24.598592885014));
#8860 = CARTESIAN_POINT('',(-27.9871922619,-3.036150555708,
    24.598473066721));
#8861 = CARTESIAN_POINT('',(-28.01000686917,-3.005063216473,
    24.598696076945));
#8862 = CARTESIAN_POINT('',(-27.99336516501,-2.972877276982,
    24.598587446944));
#8863 = CARTESIAN_POINT('',(-28.0026108804,-2.941383142404,
    24.598653604032));
#8864 = CARTESIAN_POINT('',(-28.00162424668,-2.877939804637,
    24.598766885766));
#8865 = CARTESIAN_POINT('',(-27.99708592772,-2.84586810627,
    24.598455391555));
#8866 = CARTESIAN_POINT('',(-28.01433478481,-2.81479891538,
    24.598878440368));
#8867 = CARTESIAN_POINT('',(-27.99098532915,-2.78221396853,
    24.598451639608));
#8868 = CARTESIAN_POINT('',(-28.01172895062,-2.751045736995,
    24.598621276096));
#8869 = CARTESIAN_POINT('',(-28.00329546407,-2.7190225413,
    24.598518461227));
#8870 = CARTESIAN_POINT('',(-28.00610848295,-2.687314858166,
    24.598501150037));
#8871 = CARTESIAN_POINT('',(-28.00785211422,-2.623803713271,
    24.59845235682));
#8872 = CARTESIAN_POINT('',(-28.00872916445,-2.592052523853,
    24.598432316241));
#8873 = CARTESIAN_POINT('',(-28.00958556638,-2.560305648344,
    24.598415431232));
#8874 = CARTESIAN_POINT('',(-28.01042756301,-2.528563004101,
    24.598401407225));
#8875 = CARTESIAN_POINT('',(-28.01121108992,-2.496824392173,
    24.598388592969));
#8876 = CARTESIAN_POINT('',(-28.01191775375,-2.46508950673,
    24.598376598486));
#8877 = CARTESIAN_POINT('',(-28.01253819788,-2.433358157102,
    24.598364204948));
#8878 = CARTESIAN_POINT('',(-28.01304644353,-2.401630025167,
    24.598350627121));
#8879 = CARTESIAN_POINT('',(-27.98806734916,-3.163205911385,
    24.658370067402));
#8880 = CARTESIAN_POINT('',(-27.99002994626,-3.131495898308,
    24.658381536251));
#8881 = CARTESIAN_POINT('',(-27.99191230621,-3.099789743315,
    24.658395036618));
#8882 = CARTESIAN_POINT('',(-27.99394494118,-3.068103116106,
    24.658426850377));
#8883 = CARTESIAN_POINT('',(-27.99563311529,-3.03639675377,
    24.658434147344));
#8884 = CARTESIAN_POINT('',(-27.99778141829,-3.004739762196,
    24.658495497662));
#8885 = CARTESIAN_POINT('',(-27.99904390809,-2.973025699179,
    24.658499089701));
#8886 = CARTESIAN_POINT('',(-28.00129625163,-2.941377625631,
    24.65856962027));
#8887 = CARTESIAN_POINT('',(-28.00344208147,-2.877930857739,
    24.658578772401));
#8888 = CARTESIAN_POINT('',(-28.00387243065,-2.846126016565,
    24.658491155207));
#8889 = CARTESIAN_POINT('',(-28.00543169385,-2.814392461299,
    24.658470128532));
#8890 = CARTESIAN_POINT('',(-28.00531860514,-2.782604547611,
    24.658429791241));
#8891 = CARTESIAN_POINT('',(-28.00703801304,-2.750850358104,
    24.658379680836));
#8892 = CARTESIAN_POINT('',(-28.00765900646,-2.71908198537,
    24.658346692435));
#8893 = CARTESIAN_POINT('',(-28.00867492367,-2.68732459109,
    24.658315835674));
#8894 = CARTESIAN_POINT('',(-28.01056023398,-2.62381522345,
    24.658263404599));
#8895 = CARTESIAN_POINT('',(-28.01149882021,-2.592065086532,
    24.658241668633));
#8896 = CARTESIAN_POINT('',(-28.01241639813,-2.560319315257,
    24.65822351683));
#8897 = CARTESIAN_POINT('',(-28.01329613778,-2.528577718281,
    24.658208043612));
#8898 = CARTESIAN_POINT('',(-28.01412131858,-2.496840094175,
    24.658194332834));
#8899 = CARTESIAN_POINT('',(-28.01487532931,-2.465106231431,
    24.658181458297));
#8900 = CARTESIAN_POINT('',(-28.01554166821,-2.433375908452,
    24.658168483248));
#8901 = CARTESIAN_POINT('',(-28.01610394285,-2.40164889356,
    24.658154460744));
#8902 = CARTESIAN_POINT('',(-27.98609477233,-3.163175907219,
    24.718256942958));
#8903 = CARTESIAN_POINT('',(-27.98824037393,-3.131469907015,
    24.718269498402));
#8904 = CARTESIAN_POINT('',(-27.99032489548,-3.099769058548,
    24.71828549843));
#8905 = CARTESIAN_POINT('',(-27.99251558616,-3.068080770017,
    24.718310935207));
#8906 = CARTESIAN_POINT('',(-27.99463143126,-3.036396095209,
    24.718338499859));
#8907 = CARTESIAN_POINT('',(-27.99666166883,-3.004713612477,
    24.718367627715));
#8908 = CARTESIAN_POINT('',(-27.99883651428,-2.973041115304,
    24.718405181211));
#8909 = CARTESIAN_POINT('',(-28.00125009314,-2.941375114452,
    24.718446770546));
#8910 = CARTESIAN_POINT('',(-28.00482107034,-2.877941188947,
    24.718430653444));
#8911 = CARTESIAN_POINT('',(-28.00621172352,-2.846170485432,
    24.718361163451));
#8912 = CARTESIAN_POINT('',(-28.00732783367,-2.81440103175,
    24.718304277165));
#8913 = CARTESIAN_POINT('',(-28.00836290148,-2.782637391978,
    24.718260648655));
#8914 = CARTESIAN_POINT('',(-28.00942976111,-2.750872578037,
    24.718216512782));
#8915 = CARTESIAN_POINT('',(-28.01051592884,-2.719107317237,
    24.718172110311));
#8916 = CARTESIAN_POINT('',(-28.01154817553,-2.687349712998,
    24.718139576208));
#8917 = CARTESIAN_POINT('',(-28.01358446965,-2.623840884484,
    24.718081006156));
#8918 = CARTESIAN_POINT('',(-28.0145847936,-2.592091108813,
    24.718056611934));
#8919 = CARTESIAN_POINT('',(-28.01555393861,-2.560345761869,
    24.718036159941));
#8920 = CARTESIAN_POINT('',(-28.01647854885,-2.528604633795,
    24.718018701604));
#8921 = CARTESIAN_POINT('',(-28.01734526849,-2.496867514732,
    24.718003288347));
#8922 = CARTESIAN_POINT('',(-28.01814074172,-2.465134194821,
    24.717988971598));
#8923 = CARTESIAN_POINT('',(-28.0188516127,-2.433404464205,
    24.717974802781));
#8924 = CARTESIAN_POINT('',(-28.01946452562,-2.401678113024,
    24.717959833322));
#8925 = ADVANCED_FACE('',(#8926),#8960,.F.);
#8926 = FACE_BOUND('',#8927,.F.);
#8927 = EDGE_LOOP('',(#8928,#8935,#8958,#8959));
#8928 = ORIENTED_EDGE('',*,*,#8929,.T.);
#8929 = EDGE_CURVE('',#6193,#8930,#8932,.T.);
#8930 = VERTEX_POINT('',#8931);
#8931 = CARTESIAN_POINT('',(-30.7639419038,4.312238221434,
    19.527859104363));
#8932 = B_SPLINE_CURVE_WITH_KNOTS('',1,(#8933,#8934),.UNSPECIFIED.,.F.,
  .F.,(2,2),(0.,10.901471710496),.PIECEWISE_BEZIER_KNOTS.);
#8933 = CARTESIAN_POINT('',(-30.92893218813,3.936291501015,
    19.030107234003));
#8934 = CARTESIAN_POINT('',(-30.7639419038,4.312238221434,
    19.527859104363));
#8935 = ORIENTED_EDGE('',*,*,#8936,.T.);
#8936 = EDGE_CURVE('',#8930,#8307,#8937,.T.);
#8937 = B_SPLINE_CURVE_WITH_KNOTS('',7,(#8938,#8939,#8940,#8941,#8942,
    #8943,#8944,#8945,#8946,#8947,#8948,#8949,#8950,#8951,#8952,#8953,
    #8954,#8955,#8956,#8957),.UNSPECIFIED.,.F.,.F.,(8,6,6,8),(
    12.079255610085,12.192317835883,13.899430727276,21.072654966893),
  .UNSPECIFIED.);
#8938 = CARTESIAN_POINT('',(-30.7639419038,4.312238221434,
    19.527859104363));
#8939 = CARTESIAN_POINT('',(-30.75259385449,4.300449514765,
    19.533533097674));
#8940 = CARTESIAN_POINT('',(-30.74126504096,4.288673686436,
    19.539239469231));
#8941 = CARTESIAN_POINT('',(-30.72995560658,4.276910772827,
    19.544978111869));
#8942 = CARTESIAN_POINT('',(-30.71866569472,4.265160810313,
    19.550748918416));
#8943 = CARTESIAN_POINT('',(-30.70739544875,4.253423835275,
    19.55655178171));
#8944 = CARTESIAN_POINT('',(-30.69614501205,4.24169988409,
    19.562386594581));
#8945 = CARTESIAN_POINT('',(-30.5153468057,4.053167665096,
    19.656833169375));
#8946 = CARTESIAN_POINT('',(-30.3385974088,3.866526940595,
    19.758967968908));
#8947 = CARTESIAN_POINT('',(-30.18835338747,3.684587752699,
    19.858081078928));
#8948 = CARTESIAN_POINT('',(-30.03362858693,3.498567778846,
    19.966237363393));
#8949 = CARTESIAN_POINT('',(-29.89402986367,3.312990537854,
    20.075362615004));
#8950 = CARTESIAN_POINT('',(-29.7597740452,3.126707725768,
    20.188128073139));
#8951 = CARTESIAN_POINT('',(-29.10002596201,2.152964694882,
    20.789102123227));
#8952 = CARTESIAN_POINT('',(-28.6899622595,1.34807979472,21.326490597779
    ));
#8953 = CARTESIAN_POINT('',(-28.38562776717,0.538728552378,
    21.886702344628));
#8954 = CARTESIAN_POINT('',(-28.17313515847,-0.266471296038,
    22.454462567539));
#8955 = CARTESIAN_POINT('',(-28.04144135596,-1.066491479808,
    23.023675026802));
#8956 = CARTESIAN_POINT('',(-27.98402957321,-1.866539037761,
    23.593244299014));
#8957 = CARTESIAN_POINT('',(-28.00267022554,-2.673003964435,
    24.163386429353));
#8958 = ORIENTED_EDGE('',*,*,#8389,.T.);
#8959 = ORIENTED_EDGE('',*,*,#6227,.F.);
#8960 = B_SPLINE_SURFACE_WITH_KNOTS('',1,7,(
    (#8961,#8962,#8963,#8964,#8965,#8966,#8967,#8968,#8969,#8970,#8971
      ,#8972,#8973,#8974,#8975,#8976,#8977,#8978,#8979,#8980)
    ,(#8981,#8982,#8983,#8984,#8985,#8986,#8987,#8988,#8989,#8990,#8991
      ,#8992,#8993,#8994,#8995,#8996,#8997,#8998,#8999,#9000
  )),.UNSPECIFIED.,.F.,.F.,.F.,(2,2),(8,6,6,8),(0.,8.993399356808),(
    12.079255610085,12.192317835883,13.899430727276,21.072654966893),
  .UNSPECIFIED.);
#8961 = CARTESIAN_POINT('',(-30.92893218813,3.936291501015,
    19.030107234003));
#8962 = CARTESIAN_POINT('',(-30.91659460411,3.923953916991,
    19.035420237437));
#8963 = CARTESIAN_POINT('',(-30.90429751738,3.911606598318,
    19.040769496044));
#8964 = CARTESIAN_POINT('',(-30.89204095576,3.899249802115,
    19.046154914567));
#8965 = CARTESIAN_POINT('',(-30.87982494704,3.886883785496,
    19.051576397746));
#8966 = CARTESIAN_POINT('',(-30.86764951903,3.874508805579,
    19.057033850325));
#8967 = CARTESIAN_POINT('',(-30.85551469953,3.862125119478,
    19.062527177044));
#8968 = CARTESIAN_POINT('',(-30.66081190519,3.662625632187,
    19.151539580309));
#8969 = CARTESIAN_POINT('',(-30.49163956277,3.477913576943,
    19.241097320086));
#8970 = CARTESIAN_POINT('',(-30.32747843954,3.288357345953,
    19.334602047739));
#8971 = CARTESIAN_POINT('',(-30.17472125107,3.100545725393,
    19.433450043857));
#8972 = CARTESIAN_POINT('',(-30.02833079577,2.91049770784,
    19.535491315414));
#8973 = CARTESIAN_POINT('',(-29.89037745476,2.720780555182,
    19.64088766143));
#8974 = CARTESIAN_POINT('',(-29.2086129385,1.72902467997,20.205537084855
    ));
#8975 = CARTESIAN_POINT('',(-28.78035793461,0.911545210976,
    20.718724743725));
#8976 = CARTESIAN_POINT('',(-28.45745613463,9.2325360565E-02,
    21.260254726891));
#8977 = CARTESIAN_POINT('',(-28.22630633559,-0.720198210487,
    21.814447533837));
#8978 = CARTESIAN_POINT('',(-28.07601435453,-1.525229053651,
    22.374746377227));
#8979 = CARTESIAN_POINT('',(-28.,-2.327952620374,22.93987947265));
#8980 = CARTESIAN_POINT('',(-28.,-3.13477631085,23.510123779037));
#8981 = CARTESIAN_POINT('',(-30.7639419038,4.312238221434,
    19.527859104363));
#8982 = CARTESIAN_POINT('',(-30.75259385449,4.300449514765,
    19.533533097674));
#8983 = CARTESIAN_POINT('',(-30.74126504096,4.288673686436,
    19.539239469231));
#8984 = CARTESIAN_POINT('',(-30.72995560658,4.276910772827,
    19.544978111869));
#8985 = CARTESIAN_POINT('',(-30.71866569472,4.265160810313,
    19.550748918416));
#8986 = CARTESIAN_POINT('',(-30.70739544875,4.253423835275,
    19.55655178171));
#8987 = CARTESIAN_POINT('',(-30.69614501205,4.24169988409,
    19.562386594581));
#8988 = CARTESIAN_POINT('',(-30.5153468057,4.053167665096,
    19.656833169375));
#8989 = CARTESIAN_POINT('',(-30.3385974088,3.866526940595,
    19.758967968908));
#8990 = CARTESIAN_POINT('',(-30.18835338747,3.684587752699,
    19.858081078928));
#8991 = CARTESIAN_POINT('',(-30.03362858693,3.498567778846,
    19.966237363393));
#8992 = CARTESIAN_POINT('',(-29.89402986367,3.312990537854,
    20.075362615004));
#8993 = CARTESIAN_POINT('',(-29.7597740452,3.126707725768,
    20.188128073139));
#8994 = CARTESIAN_POINT('',(-29.10002596201,2.152964694882,
    20.789102123227));
#8995 = CARTESIAN_POINT('',(-28.6899622595,1.34807979472,21.326490597779
    ));
#8996 = CARTESIAN_POINT('',(-28.38562776717,0.538728552378,
    21.886702344628));
#8997 = CARTESIAN_POINT('',(-28.17313515847,-0.266471296038,
    22.454462567539));
#8998 = CARTESIAN_POINT('',(-28.04144135596,-1.066491479808,
    23.023675026802));
#8999 = CARTESIAN_POINT('',(-27.98402957321,-1.866539037761,
    23.593244299014));
#9000 = CARTESIAN_POINT('',(-28.00267022554,-2.673003964435,
    24.163386429353));
#9001 = ADVANCED_FACE('',(#9002),#9012,.F.);
#9002 = FACE_BOUND('',#9003,.F.);
#9003 = EDGE_LOOP('',(#9004,#9009,#9010,#9011));
#9004 = ORIENTED_EDGE('',*,*,#9005,.F.);
#9005 = EDGE_CURVE('',#6855,#6320,#9006,.T.);
#9006 = B_SPLINE_CURVE_WITH_KNOTS('',1,(#9007,#9008),.UNSPECIFIED.,.F.,
  .F.,(2,2),(0.,2.259285476806),.PIECEWISE_BEZIER_KNOTS.);
#9007 = CARTESIAN_POINT('',(-38.12134708153,11.128706394751,
    13.831104915878));
#9008 = CARTESIAN_POINT('',(-38.0391208132,11.56355032778,
    13.327185150099));
#9009 = ORIENTED_EDGE('',*,*,#6913,.T.);
#9010 = ORIENTED_EDGE('',*,*,#6258,.T.);
#9011 = ORIENTED_EDGE('',*,*,#6319,.F.);
#9012 = PLANE('',#9013);
#9013 = AXIS2_PLACEMENT_3D('',#9014,#9015,#9016);
#9014 = CARTESIAN_POINT('',(-37.95475265977,11.2206470822,
    13.491282090689));
#9015 = DIRECTION('',(0.763833970132,0.421737532424,0.488564345626));
#9016 = DIRECTION('',(0.633687274225,-0.633687274225,-0.44371260628));
#9017 = ADVANCED_FACE('',(#9018),#9029,.F.);
#9018 = FACE_BOUND('',#9019,.F.);
#9019 = EDGE_LOOP('',(#9020,#9021,#9022,#9028));
#9020 = ORIENTED_EDGE('',*,*,#6428,.F.);
#9021 = ORIENTED_EDGE('',*,*,#6466,.T.);
#9022 = ORIENTED_EDGE('',*,*,#9023,.T.);
#9023 = EDGE_CURVE('',#6459,#6328,#9024,.T.);
#9024 = LINE('',#9025,#9026);
#9025 = CARTESIAN_POINT('',(-38.83616959114,13.25,14.08528471273));
#9026 = VECTOR('',#9027,1.);
#9027 = DIRECTION('',(0.461748613235,-2.E-16,-0.887010833178));
#9028 = ORIENTED_EDGE('',*,*,#6339,.F.);
#9029 = PLANE('',#9030);
#9030 = AXIS2_PLACEMENT_3D('',#9031,#9032,#9033);
#9031 = CARTESIAN_POINT('',(-38.83616959114,20.8,14.08528471273));
#9032 = DIRECTION('',(0.887010833178,8.E-17,0.461748613235));
#9033 = DIRECTION('',(-1.931433363258E-17,-1.,2.103569353186E-16));
#9034 = ADVANCED_FACE('',(#9035),#9041,.T.);
#9035 = FACE_BOUND('',#9036,.T.);
#9036 = EDGE_LOOP('',(#9037,#9038,#9039,#9040));
#9037 = ORIENTED_EDGE('',*,*,#9023,.T.);
#9038 = ORIENTED_EDGE('',*,*,#6327,.T.);
#9039 = ORIENTED_EDGE('',*,*,#9005,.F.);
#9040 = ORIENTED_EDGE('',*,*,#6862,.F.);
#9041 = B_SPLINE_SURFACE_WITH_KNOTS('',1,6,(
    (#9042,#9043,#9044,#9045,#9046,#9047,#9048)
    ,(#9049,#9050,#9051,#9052,#9053,#9054,#9055
  )),.UNSPECIFIED.,.F.,.F.,.F.,(2,2),(7,7),(0.,2.259285476806),(
    21.611796272713,23.871081749519),.PIECEWISE_BEZIER_KNOTS.);
#9042 = CARTESIAN_POINT('',(-39.,13.25,14.4));
#9043 = CARTESIAN_POINT('',(-39.,12.856709418773,14.4));
#9044 = CARTESIAN_POINT('',(-38.93831563671,12.454901962676,
    14.364063819664));
#9045 = CARTESIAN_POINT('',(-38.80866151217,12.063260865996,
    14.290155506646));
#9046 = CARTESIAN_POINT('',(-38.62026025566,11.710098034909,
    14.17206729447));
#9047 = CARTESIAN_POINT('',(-38.39110874896,11.398474862679,
    14.019946344581));
#9048 = CARTESIAN_POINT('',(-38.12134708153,11.128706394751,
    13.831104915878));
#9049 = CARTESIAN_POINT('',(-38.67233918228,13.25,13.77056942546));
#9050 = CARTESIAN_POINT('',(-38.67233918228,12.940012579146,
    13.77056942546));
#9051 = CARTESIAN_POINT('',(-38.63204463853,12.622984183907,
    13.742354882178));
#9052 = CARTESIAN_POINT('',(-38.54792059894,12.314195074229,
    13.683450595515));
#9053 = CARTESIAN_POINT('',(-38.42056146654,12.029077457927,
    13.594272770945));
#9054 = CARTESIAN_POINT('',(-38.25134941574,11.775891551288,
    13.475789217417));
#9055 = CARTESIAN_POINT('',(-38.0391208132,11.56355032778,
    13.327185150099));
#9056 = ADVANCED_FACE('',(#9057),#9089,.F.);
#9057 = FACE_BOUND('',#9058,.F.);
#9058 = EDGE_LOOP('',(#9059,#9060,#9061,#9074,#9075,#9076));
#9059 = ORIENTED_EDGE('',*,*,#6493,.T.);
#9060 = ORIENTED_EDGE('',*,*,#6482,.T.);
#9061 = ORIENTED_EDGE('',*,*,#9062,.F.);
#9062 = EDGE_CURVE('',#8314,#6485,#9063,.T.);
#9063 = B_SPLINE_CURVE_WITH_KNOTS('',9,(#9064,#9065,#9066,#9067,#9068,
    #9069,#9070,#9071,#9072,#9073),.UNSPECIFIED.,.F.,.F.,(10,10),(
    9.290323622977,20.188347374935),.PIECEWISE_BEZIER_KNOTS.);
#9064 = CARTESIAN_POINT('',(-30.76394206888,4.312238322979,
    28.472140978176));
#9065 = CARTESIAN_POINT('',(-31.61497157874,5.196313563778,
    28.897653343381));
#9066 = CARTESIAN_POINT('',(-32.57035517369,6.15018214772,
    29.147724254952));
#9067 = CARTESIAN_POINT('',(-33.5761715904,7.158655211505,
    29.182217265234));
#9068 = CARTESIAN_POINT('',(-34.57857524072,8.149700553576,
    29.002192603717));
#9069 = CARTESIAN_POINT('',(-35.53390626844,9.078214785652,
    28.595831800856));
#9070 = CARTESIAN_POINT('',(-36.3728003178,9.884157665727,
    27.992488603056));
#9071 = CARTESIAN_POINT('',(-37.06881616415,10.5398808153,
    27.212637001374));
#9072 = CARTESIAN_POINT('',(-37.56449441228,11.002709317664,
    26.2881163789));
#9073 = CARTESIAN_POINT('',(-37.83109513611,11.250625712058,
    25.288611572887));
#9074 = ORIENTED_EDGE('',*,*,#8313,.F.);
#9075 = ORIENTED_EDGE('',*,*,#8936,.F.);
#9076 = ORIENTED_EDGE('',*,*,#9077,.F.);
#9077 = EDGE_CURVE('',#6494,#8930,#9078,.T.);
#9078 = B_SPLINE_CURVE_WITH_KNOTS('',9,(#9079,#9080,#9081,#9082,#9083,
    #9084,#9085,#9086,#9087,#9088),.UNSPECIFIED.,.F.,.F.,(10,10),(
    1.177783899589,12.079255610085),.PIECEWISE_BEZIER_KNOTS.);
#9079 = CARTESIAN_POINT('',(-37.83109513611,11.250625712057,
    22.71138842711));
#9080 = CARTESIAN_POINT('',(-37.56449441263,11.002709317989,
    21.711883622413));
#9081 = CARTESIAN_POINT('',(-37.06881617491,10.539880815632,
    20.787363003568));
#9082 = CARTESIAN_POINT('',(-36.37280027294,9.88415767317,
    20.007511383646));
#9083 = CARTESIAN_POINT('',(-35.53390639085,9.078214776136,
    19.404168259169));
#9084 = CARTESIAN_POINT('',(-34.57857506941,8.149700586023,
    18.99780726149));
#9085 = CARTESIAN_POINT('',(-33.57617174471,7.158655180716,
    18.817782996405));
#9086 = CARTESIAN_POINT('',(-32.57035526282,6.150182195485,
    18.852275344915));
#9087 = CARTESIAN_POINT('',(-31.61497087699,5.196313595196,
    19.102346968226));
#9088 = CARTESIAN_POINT('',(-30.7639419038,4.312238221434,
    19.527859104363));
#9089 = CYLINDRICAL_SURFACE('',#9090,5.);
#9090 = AXIS2_PLACEMENT_3D('',#9091,#9092,#9093);
#9091 = CARTESIAN_POINT('',(-33.,-33.,24.));
#9092 = DIRECTION('',(0.,-1.,2.2E-16));
#9093 = DIRECTION('',(1.,0.,0.));
#9094 = ADVANCED_FACE('',(#9095),#9101,.F.);
#9095 = FACE_BOUND('',#9096,.F.);
#9096 = EDGE_LOOP('',(#9097,#9098,#9099,#9100));
#9097 = ORIENTED_EDGE('',*,*,#8338,.T.);
#9098 = ORIENTED_EDGE('',*,*,#9062,.T.);
#9099 = ORIENTED_EDGE('',*,*,#6522,.F.);
#9100 = ORIENTED_EDGE('',*,*,#6885,.F.);
#9101 = B_SPLINE_SURFACE_WITH_KNOTS('',1,9,(
    (#9102,#9103,#9104,#9105,#9106,#9107,#9108,#9109,#9110,#9111)
    ,(#9112,#9113,#9114,#9115,#9116,#9117,#9118,#9119,#9120,#9121
  )),.UNSPECIFIED.,.F.,.F.,.F.,(2,2),(10,10),(0.,10.898023751958),(
    9.290323622977,20.188347374935),.PIECEWISE_BEZIER_KNOTS.);
#9102 = CARTESIAN_POINT('',(-30.92893218813,3.936291501015,
    28.969892782431));
#9103 = CARTESIAN_POINT('',(-31.85417020756,4.861529520444,
    29.368333422284));
#9104 = CARTESIAN_POINT('',(-32.86198074907,5.869340061954,
    29.570255254975));
#9105 = CARTESIAN_POINT('',(-33.90528429305,6.912643605934,
    29.545841524215));
#9106 = CARTESIAN_POINT('',(-34.92886227433,7.93622158721,29.29735011761
    ));
#9107 = CARTESIAN_POINT('',(-35.88450126414,8.891860577034,
    28.826195779541));
#9108 = CARTESIAN_POINT('',(-36.71381365194,9.721172964823,
    28.161642857959));
#9109 = CARTESIAN_POINT('',(-37.3890500162,10.396409329083,
    27.330582578987));
#9110 = CARTESIAN_POINT('',(-37.86585923173,10.873218544613,
    26.365018106465));
#9111 = CARTESIAN_POINT('',(-38.12132034356,11.12867965644,
    25.33015199917));
#9112 = CARTESIAN_POINT('',(-30.76394206888,4.312238322979,
    28.472140978176));
#9113 = CARTESIAN_POINT('',(-31.61497157874,5.196313563778,
    28.897653343381));
#9114 = CARTESIAN_POINT('',(-32.57035517369,6.15018214772,
    29.147724254952));
#9115 = CARTESIAN_POINT('',(-33.5761715904,7.158655211505,
    29.182217265234));
#9116 = CARTESIAN_POINT('',(-34.57857524072,8.149700553576,
    29.002192603717));
#9117 = CARTESIAN_POINT('',(-35.53390626844,9.078214785652,
    28.595831800856));
#9118 = CARTESIAN_POINT('',(-36.3728003178,9.884157665727,
    27.992488603056));
#9119 = CARTESIAN_POINT('',(-37.06881616415,10.5398808153,
    27.212637001374));
#9120 = CARTESIAN_POINT('',(-37.56449441228,11.002709317664,
    26.2881163789));
#9121 = CARTESIAN_POINT('',(-37.83109513611,11.250625712058,
    25.288611572887));
#9122 = ADVANCED_FACE('',(#9123),#9129,.F.);
#9123 = FACE_BOUND('',#9124,.F.);
#9124 = EDGE_LOOP('',(#9125,#9126,#9127,#9128));
#9125 = ORIENTED_EDGE('',*,*,#6502,.T.);
#9126 = ORIENTED_EDGE('',*,*,#9077,.T.);
#9127 = ORIENTED_EDGE('',*,*,#8929,.F.);
#9128 = ORIENTED_EDGE('',*,*,#6899,.F.);
#9129 = B_SPLINE_SURFACE_WITH_KNOTS('',1,9,(
    (#9130,#9131,#9132,#9133,#9134,#9135,#9136,#9137,#9138,#9139)
    ,(#9140,#9141,#9142,#9143,#9144,#9145,#9146,#9147,#9148,#9149
  )),.UNSPECIFIED.,.F.,.F.,.F.,(2,2),(10,10),(0.,10.901471710496),(
    1.177783899589,12.079255610085),.PIECEWISE_BEZIER_KNOTS.);
#9130 = CARTESIAN_POINT('',(-38.12132034356,11.12867965644,
    22.669848000827));
#9131 = CARTESIAN_POINT('',(-37.86585923206,10.873218544949,
    21.634981894893));
#9132 = CARTESIAN_POINT('',(-37.38905001828,10.396409331167,
    20.669417420054));
#9133 = CARTESIAN_POINT('',(-36.71381365088,9.721172963769,
    19.838357161555));
#9134 = CARTESIAN_POINT('',(-35.88450127574,8.891860588625,
    19.173804188537));
#9135 = CARTESIAN_POINT('',(-34.92886227573,7.936221588623,
    18.702649927865));
#9136 = CARTESIAN_POINT('',(-33.90528428544,6.912643598324,
    18.454158460446));
#9137 = CARTESIAN_POINT('',(-32.86198080826,5.869340121143,
    18.429744676639));
#9138 = CARTESIAN_POINT('',(-31.85416974932,4.861529062201,
    18.631666961588));
#9139 = CARTESIAN_POINT('',(-30.92893218813,3.936291501015,
    19.030107234003));
#9140 = CARTESIAN_POINT('',(-37.83109513611,11.250625712057,
    22.71138842711));
#9141 = CARTESIAN_POINT('',(-37.56449441263,11.002709317989,
    21.711883622413));
#9142 = CARTESIAN_POINT('',(-37.06881617491,10.539880815632,
    20.787363003568));
#9143 = CARTESIAN_POINT('',(-36.37280027294,9.88415767317,
    20.007511383646));
#9144 = CARTESIAN_POINT('',(-35.53390639085,9.078214776136,
    19.404168259169));
#9145 = CARTESIAN_POINT('',(-34.57857506941,8.149700586023,
    18.99780726149));
#9146 = CARTESIAN_POINT('',(-33.57617174471,7.158655180716,
    18.817782996405));
#9147 = CARTESIAN_POINT('',(-32.57035526282,6.150182195485,
    18.852275344915));
#9148 = CARTESIAN_POINT('',(-31.61497087699,5.196313595196,
    19.102346968226));
#9149 = CARTESIAN_POINT('',(-30.7639419038,4.312238221434,
    19.527859104363));
#9150 = ADVANCED_FACE('',(#9151),#9157,.T.);
#9151 = FACE_BOUND('',#9152,.T.);
#9152 = EDGE_LOOP('',(#9153,#9154,#9155,#9156));
#9153 = ORIENTED_EDGE('',*,*,#6584,.T.);
#9154 = ORIENTED_EDGE('',*,*,#6560,.T.);
#9155 = ORIENTED_EDGE('',*,*,#6608,.T.);
#9156 = ORIENTED_EDGE('',*,*,#6625,.T.);
#9157 = PLANE('',#9158);
#9158 = AXIS2_PLACEMENT_3D('',#9159,#9160,#9161);
#9159 = CARTESIAN_POINT('',(0.,23.,24.));
#9160 = DIRECTION('',(0.,1.,-5.8E-16));
#9161 = DIRECTION('',(0.,5.8E-16,1.));
#9162 = ADVANCED_FACE('',(#9163),#9194,.F.);
#9163 = FACE_BOUND('',#9164,.F.);
#9164 = EDGE_LOOP('',(#9165,#9166,#9179,#9180,#9181));
#9165 = ORIENTED_EDGE('',*,*,#6639,.T.);
#9166 = ORIENTED_EDGE('',*,*,#9167,.F.);
#9167 = EDGE_CURVE('',#7825,#6642,#9168,.T.);
#9168 = B_SPLINE_CURVE_WITH_KNOTS('',9,(#9169,#9170,#9171,#9172,#9173,
    #9174,#9175,#9176,#9177,#9178),.UNSPECIFIED.,.F.,.F.,(10,10),(
    9.290916710911,20.188405064871),.PIECEWISE_BEZIER_KNOTS.);
#9169 = CARTESIAN_POINT('',(30.763942230871,4.312238421119,
    19.527858940829));
#9170 = CARTESIAN_POINT('',(31.61497183494,5.196313070298,
    19.102346567057));
#9171 = CARTESIAN_POINT('',(32.570355170217,6.150182281612,
    18.852275866919));
#9172 = CARTESIAN_POINT('',(33.576171555204,7.158655178749,
    18.817782658507));
#9173 = CARTESIAN_POINT('',(34.578575329128,8.149700602902,
    18.997807441476));
#9174 = CARTESIAN_POINT('',(35.533906237099,9.078214783832,
    19.404168196425));
#9175 = CARTESIAN_POINT('',(36.372800344268,9.884157678987,
    20.007511409185));
#9176 = CARTESIAN_POINT('',(37.068816164664,10.539880818102,
    20.787363005891));
#9177 = CARTESIAN_POINT('',(37.564494413372,11.002709318673,
    21.711883625171));
#9178 = CARTESIAN_POINT('',(37.831095136118,11.250625712057,
    22.711388427112));
#9179 = ORIENTED_EDGE('',*,*,#7824,.F.);
#9180 = ORIENTED_EDGE('',*,*,#7189,.F.);
#9181 = ORIENTED_EDGE('',*,*,#9182,.F.);
#9182 = EDGE_CURVE('',#6640,#7183,#9183,.T.);
#9183 = B_SPLINE_CURVE_WITH_KNOTS('',9,(#9184,#9185,#9186,#9187,#9188,
    #9189,#9190,#9191,#9192,#9193),.UNSPECIFIED.,.F.,.F.,(10,10),(
    1.175445792526,12.055390596556),.PIECEWISE_BEZIER_KNOTS.);
#9184 = CARTESIAN_POINT('',(37.831094825899,11.250625693191,
    25.28861273592));
#9185 = CARTESIAN_POINT('',(37.564490331,11.002706468973,26.28813071364)
  );
#9186 = CARTESIAN_POINT('',(37.068795053602,10.539858507708,
    27.212694029519));
#9187 = CARTESIAN_POINT('',(36.372796557126,9.88420119353,
    27.992342075062));
#9188 = CARTESIAN_POINT('',(35.533897892803,9.078007165262,
    28.596270784366));
#9189 = CARTESIAN_POINT('',(34.57832710396,8.150050856183,
    29.001515403681));
#9190 = CARTESIAN_POINT('',(33.576812689486,7.157979948231,
    29.18287936179));
#9191 = CARTESIAN_POINT('',(32.569277661262,6.152012284451,
    29.147725842453));
#9192 = CARTESIAN_POINT('',(31.613976428516,5.196937659788,
    28.89723897624));
#9193 = CARTESIAN_POINT('',(30.763591958168,4.312015258456,
    28.471965906671));
#9194 = CYLINDRICAL_SURFACE('',#9195,5.);
#9195 = AXIS2_PLACEMENT_3D('',#9196,#9197,#9198);
#9196 = CARTESIAN_POINT('',(33.,-33.,24.));
#9197 = DIRECTION('',(0.,-1.,2.2E-16));
#9198 = DIRECTION('',(1.,0.,0.));
#9199 = ADVANCED_FACE('',(#9200),#9206,.F.);
#9200 = FACE_BOUND('',#9201,.F.);
#9201 = EDGE_LOOP('',(#9202,#9203,#9204,#9205));
#9202 = ORIENTED_EDGE('',*,*,#6650,.T.);
#9203 = ORIENTED_EDGE('',*,*,#9182,.T.);
#9204 = ORIENTED_EDGE('',*,*,#7182,.F.);
#9205 = ORIENTED_EDGE('',*,*,#7121,.F.);
#9206 = B_SPLINE_SURFACE_WITH_KNOTS('',1,9,(
    (#9207,#9208,#9209,#9210,#9211,#9212,#9213,#9214,#9215,#9216)
    ,(#9217,#9218,#9219,#9220,#9221,#9222,#9223,#9224,#9225,#9226
  )),.UNSPECIFIED.,.F.,.F.,.F.,(2,2),(10,10),(0.,10.87994480403),(
    1.175445792526,12.055390596556),.PIECEWISE_BEZIER_KNOTS.);
#9207 = CARTESIAN_POINT('',(38.12132034356,11.12867965644,
    25.330153160383));
#9208 = CARTESIAN_POINT('',(37.865856350468,10.873215663348,
    26.365033013262));
#9209 = CARTESIAN_POINT('',(37.389037199849,10.396396512732,
    27.330624821677));
#9210 = CARTESIAN_POINT('',(36.71380070768,9.721160020557,
    28.161590900567));
#9211 = CARTESIAN_POINT('',(35.884460276211,8.891819589098,
    28.826403510822));
#9212 = CARTESIAN_POINT('',(34.928838783768,7.936198096643,
    29.297040975759));
#9213 = CARTESIAN_POINT('',(33.905224061459,6.912583374344,
    29.546302961512));
#9214 = CARTESIAN_POINT('',(32.861862038872,5.869221351751,
    29.56954942198));
#9215 = CARTESIAN_POINT('',(31.854215968039,4.86157528092,
    29.367981135063));
#9216 = CARTESIAN_POINT('',(30.928932188135,3.936291501015,
    28.969860924156));
#9217 = CARTESIAN_POINT('',(37.831094825899,11.250625693191,
    25.28861273592));
#9218 = CARTESIAN_POINT('',(37.564490331,11.002706468973,26.28813071364)
  );
#9219 = CARTESIAN_POINT('',(37.068795053602,10.539858507708,
    27.212694029519));
#9220 = CARTESIAN_POINT('',(36.372796557126,9.88420119353,
    27.992342075062));
#9221 = CARTESIAN_POINT('',(35.533897892803,9.078007165262,
    28.596270784366));
#9222 = CARTESIAN_POINT('',(34.57832710396,8.150050856183,
    29.001515403681));
#9223 = CARTESIAN_POINT('',(33.576812689486,7.157979948231,
    29.18287936179));
#9224 = CARTESIAN_POINT('',(32.569277661262,6.152012284451,
    29.147725842453));
#9225 = CARTESIAN_POINT('',(31.613976428516,5.196937659788,
    28.89723897624));
#9226 = CARTESIAN_POINT('',(30.763591958168,4.312015258456,
    28.471965906671));
#9227 = ADVANCED_FACE('',(#9228),#9234,.F.);
#9228 = FACE_BOUND('',#9229,.F.);
#9229 = EDGE_LOOP('',(#9230,#9231,#9232,#9233));
#9230 = ORIENTED_EDGE('',*,*,#7849,.T.);
#9231 = ORIENTED_EDGE('',*,*,#9167,.T.);
#9232 = ORIENTED_EDGE('',*,*,#6670,.F.);
#9233 = ORIENTED_EDGE('',*,*,#7107,.F.);
#9234 = B_SPLINE_SURFACE_WITH_KNOTS('',1,9,(
    (#9235,#9236,#9237,#9238,#9239,#9240,#9241,#9242,#9243,#9244)
    ,(#9245,#9246,#9247,#9248,#9249,#9250,#9251,#9252,#9253,#9254
  )),.UNSPECIFIED.,.F.,.F.,.F.,(2,2),(10,10),(0.,10.897488353961),(
    9.290916710911,20.188405064871),.PIECEWISE_BEZIER_KNOTS.);
#9235 = CARTESIAN_POINT('',(30.928932188135,3.936291501015,
    19.030107201733));
#9236 = CARTESIAN_POINT('',(31.854170234652,4.861529547532,
    18.631666396166));
#9237 = CARTESIAN_POINT('',(32.861980798803,5.869340111686,
    18.429744788701));
#9238 = CARTESIAN_POINT('',(33.905284291341,6.912643604217,
    18.454158484142));
#9239 = CARTESIAN_POINT('',(34.928862319897,7.936221632785,
    18.702649868737));
#9240 = CARTESIAN_POINT('',(35.884501260293,8.891860573167,
    19.173804253196));
#9241 = CARTESIAN_POINT('',(36.713813667407,9.721172980292,
    19.838357141599));
#9242 = CARTESIAN_POINT('',(37.389050018617,10.396409331496,
    20.669417431237));
#9243 = CARTESIAN_POINT('',(37.865859232773,10.873218545654,
    21.63498189775));
#9244 = CARTESIAN_POINT('',(38.12132034356,11.12867965644,
    22.669848000829));
#9245 = CARTESIAN_POINT('',(30.763942230871,4.312238421119,
    19.527858940829));
#9246 = CARTESIAN_POINT('',(31.61497183494,5.196313070298,
    19.102346567057));
#9247 = CARTESIAN_POINT('',(32.570355170217,6.150182281612,
    18.852275866919));
#9248 = CARTESIAN_POINT('',(33.576171555204,7.158655178749,
    18.817782658507));
#9249 = CARTESIAN_POINT('',(34.578575329128,8.149700602902,
    18.997807441476));
#9250 = CARTESIAN_POINT('',(35.533906237099,9.078214783832,
    19.404168196425));
#9251 = CARTESIAN_POINT('',(36.372800344268,9.884157678987,
    20.007511409185));
#9252 = CARTESIAN_POINT('',(37.068816164664,10.539880818102,
    20.787363005891));
#9253 = CARTESIAN_POINT('',(37.564494413372,11.002709318673,
    21.711883625171));
#9254 = CARTESIAN_POINT('',(37.831095136118,11.250625712057,
    22.711388427112));
#9255 = ADVANCED_FACE('',(#9256),#9275,.F.);
#9256 = FACE_BOUND('',#9257,.F.);
#9257 = EDGE_LOOP('',(#9258,#9259,#9267,#9274));
#9258 = ORIENTED_EDGE('',*,*,#6719,.F.);
#9259 = ORIENTED_EDGE('',*,*,#9260,.T.);
#9260 = EDGE_CURVE('',#6720,#9261,#9263,.T.);
#9261 = VERTEX_POINT('',#9262);
#9262 = CARTESIAN_POINT('',(1.7,-16.1,26.));
#9263 = LINE('',#9264,#9265);
#9264 = CARTESIAN_POINT('',(1.7,-16.1,34.));
#9265 = VECTOR('',#9266,1.);
#9266 = DIRECTION('',(-0.,-0.,-1.));
#9267 = ORIENTED_EDGE('',*,*,#9268,.T.);
#9268 = EDGE_CURVE('',#9261,#9261,#9269,.T.);
#9269 = CIRCLE('',#9270,1.7);
#9270 = AXIS2_PLACEMENT_3D('',#9271,#9272,#9273);
#9271 = CARTESIAN_POINT('',(0.,-16.1,26.));
#9272 = DIRECTION('',(0.,0.,1.));
#9273 = DIRECTION('',(1.,0.,0.));
#9274 = ORIENTED_EDGE('',*,*,#9260,.F.);
#9275 = CYLINDRICAL_SURFACE('',#9276,1.7);
#9276 = AXIS2_PLACEMENT_3D('',#9277,#9278,#9279);
#9277 = CARTESIAN_POINT('',(0.,-16.1,34.));
#9278 = DIRECTION('',(0.,0.,1.));
#9279 = DIRECTION('',(1.,0.,0.));
#9280 = ADVANCED_FACE('',(#9281),#9300,.F.);
#9281 = FACE_BOUND('',#9282,.F.);
#9282 = EDGE_LOOP('',(#9283,#9291,#9292,#9293));
#9283 = ORIENTED_EDGE('',*,*,#9284,.F.);
#9284 = EDGE_CURVE('',#6830,#9285,#9287,.T.);
#9285 = VERTEX_POINT('',#9286);
#9286 = CARTESIAN_POINT('',(0.9,16.1,24.));
#9287 = LINE('',#9288,#9289);
#9288 = CARTESIAN_POINT('',(0.9,16.1,34.));
#9289 = VECTOR('',#9290,1.);
#9290 = DIRECTION('',(-0.,-0.,-1.));
#9291 = ORIENTED_EDGE('',*,*,#6839,.F.);
#9292 = ORIENTED_EDGE('',*,*,#9284,.T.);
#9293 = ORIENTED_EDGE('',*,*,#9294,.T.);
#9294 = EDGE_CURVE('',#9285,#9285,#9295,.T.);
#9295 = CIRCLE('',#9296,0.9);
#9296 = AXIS2_PLACEMENT_3D('',#9297,#9298,#9299);
#9297 = CARTESIAN_POINT('',(0.,16.1,24.));
#9298 = DIRECTION('',(0.,0.,1.));
#9299 = DIRECTION('',(1.,0.,0.));
#9300 = CYLINDRICAL_SURFACE('',#9301,0.9);
#9301 = AXIS2_PLACEMENT_3D('',#9302,#9303,#9304);
#9302 = CARTESIAN_POINT('',(0.,16.1,34.));
#9303 = DIRECTION('',(0.,0.,1.));
#9304 = DIRECTION('',(1.,0.,0.));
#9305 = ADVANCED_FACE('',(#9306),#9325,.T.);
#9306 = FACE_BOUND('',#9307,.T.);
#9307 = EDGE_LOOP('',(#9308,#9316,#9323,#9324));
#9308 = ORIENTED_EDGE('',*,*,#9309,.F.);
#9309 = EDGE_CURVE('',#9310,#8058,#9312,.T.);
#9310 = VERTEX_POINT('',#9311);
#9311 = CARTESIAN_POINT('',(-17.75,-32.5,22.51));
#9312 = LINE('',#9313,#9314);
#9313 = CARTESIAN_POINT('',(-17.75,-32.5,22.51));
#9314 = VECTOR('',#9315,1.);
#9315 = DIRECTION('',(0.,-2.2E-16,-1.));
#9316 = ORIENTED_EDGE('',*,*,#9317,.T.);
#9317 = EDGE_CURVE('',#9310,#7020,#9318,.T.);
#9318 = CIRCLE('',#9319,0.5);
#9319 = AXIS2_PLACEMENT_3D('',#9320,#9321,#9322);
#9320 = CARTESIAN_POINT('',(-18.25,-32.5,22.51));
#9321 = DIRECTION('',(-1.1E-16,0.,-1.));
#9322 = DIRECTION('',(-1.,0.,1.1E-16));
#9323 = ORIENTED_EDGE('',*,*,#7028,.T.);
#9324 = ORIENTED_EDGE('',*,*,#8057,.T.);
#9325 = CYLINDRICAL_SURFACE('',#9326,0.5);
#9326 = AXIS2_PLACEMENT_3D('',#9327,#9328,#9329);
#9327 = CARTESIAN_POINT('',(-18.25,-32.5,22.51));
#9328 = DIRECTION('',(0.,-2.2E-16,-1.));
#9329 = DIRECTION('',(1.,0.,0.));
#9330 = ADVANCED_FACE('',(#9331),#9351,.T.);
#9331 = FACE_BOUND('',#9332,.F.);
#9332 = EDGE_LOOP('',(#9333,#9342,#9349,#9350));
#9333 = ORIENTED_EDGE('',*,*,#9334,.F.);
#9334 = EDGE_CURVE('',#9335,#7012,#9337,.T.);
#9335 = VERTEX_POINT('',#9336);
#9336 = CARTESIAN_POINT('',(-13.26,-32.5,27.));
#9337 = CIRCLE('',#9338,0.5);
#9338 = AXIS2_PLACEMENT_3D('',#9339,#9340,#9341);
#9339 = CARTESIAN_POINT('',(-13.26,-32.5,27.5));
#9340 = DIRECTION('',(-1.,0.,0.));
#9341 = DIRECTION('',(-0.,-2.2E-16,-1.));
#9342 = ORIENTED_EDGE('',*,*,#9343,.T.);
#9343 = EDGE_CURVE('',#9335,#9310,#9344,.T.);
#9344 = CIRCLE('',#9345,4.49);
#9345 = AXIS2_PLACEMENT_3D('',#9346,#9347,#9348);
#9346 = CARTESIAN_POINT('',(-13.26,-32.5,22.51));
#9347 = DIRECTION('',(-0.,-1.,0.));
#9348 = DIRECTION('',(-4.E-16,0.,1.));
#9349 = ORIENTED_EDGE('',*,*,#9317,.T.);
#9350 = ORIENTED_EDGE('',*,*,#7019,.F.);
#9351 = TOROIDAL_SURFACE('',#9352,4.99,0.5);
#9352 = AXIS2_PLACEMENT_3D('',#9353,#9354,#9355);
#9353 = CARTESIAN_POINT('',(-13.26,-32.5,22.51));
#9354 = DIRECTION('',(0.,1.,0.));
#9355 = DIRECTION('',(-4.E-16,0.,1.));
#9356 = ADVANCED_FACE('',(#9357),#9376,.T.);
#9357 = FACE_BOUND('',#9358,.T.);
#9358 = EDGE_LOOP('',(#9359,#9368,#9369,#9370));
#9359 = ORIENTED_EDGE('',*,*,#9360,.T.);
#9360 = EDGE_CURVE('',#9361,#7003,#9363,.T.);
#9361 = VERTEX_POINT('',#9362);
#9362 = CARTESIAN_POINT('',(13.26,-32.5,27.));
#9363 = CIRCLE('',#9364,0.5);
#9364 = AXIS2_PLACEMENT_3D('',#9365,#9366,#9367);
#9365 = CARTESIAN_POINT('',(13.26,-32.5,27.5));
#9366 = DIRECTION('',(-1.,0.,6.E-17));
#9367 = DIRECTION('',(6.E-17,0.,1.));
#9368 = ORIENTED_EDGE('',*,*,#7011,.T.);
#9369 = ORIENTED_EDGE('',*,*,#9334,.F.);
#9370 = ORIENTED_EDGE('',*,*,#9371,.F.);
#9371 = EDGE_CURVE('',#9361,#9335,#9372,.T.);
#9372 = LINE('',#9373,#9374);
#9373 = CARTESIAN_POINT('',(13.26,-32.5,27.));
#9374 = VECTOR('',#9375,1.);
#9375 = DIRECTION('',(-1.,0.,0.));
#9376 = CYLINDRICAL_SURFACE('',#9377,0.5);
#9377 = AXIS2_PLACEMENT_3D('',#9378,#9379,#9380);
#9378 = CARTESIAN_POINT('',(13.26,-32.5,27.5));
#9379 = DIRECTION('',(-1.,0.,0.));
#9380 = DIRECTION('',(-0.,-2.2E-16,-1.));
#9381 = ADVANCED_FACE('',(#9382),#9401,.T.);
#9382 = FACE_BOUND('',#9383,.T.);
#9383 = EDGE_LOOP('',(#9384,#9392,#9393,#9394));
#9384 = ORIENTED_EDGE('',*,*,#9385,.F.);
#9385 = EDGE_CURVE('',#8123,#9386,#9388,.T.);
#9386 = VERTEX_POINT('',#9387);
#9387 = CARTESIAN_POINT('',(17.75,-32.5,22.51));
#9388 = LINE('',#9389,#9390);
#9389 = CARTESIAN_POINT('',(17.75,-32.5,0.));
#9390 = VECTOR('',#9391,1.);
#9391 = DIRECTION('',(0.,2.2E-16,1.));
#9392 = ORIENTED_EDGE('',*,*,#8130,.T.);
#9393 = ORIENTED_EDGE('',*,*,#6994,.T.);
#9394 = ORIENTED_EDGE('',*,*,#9395,.F.);
#9395 = EDGE_CURVE('',#9386,#6995,#9396,.T.);
#9396 = CIRCLE('',#9397,0.5);
#9397 = AXIS2_PLACEMENT_3D('',#9398,#9399,#9400);
#9398 = CARTESIAN_POINT('',(18.25,-32.5,22.51));
#9399 = DIRECTION('',(0.,2.2E-16,1.));
#9400 = DIRECTION('',(-1.,0.,0.));
#9401 = CYLINDRICAL_SURFACE('',#9402,0.5);
#9402 = AXIS2_PLACEMENT_3D('',#9403,#9404,#9405);
#9403 = CARTESIAN_POINT('',(18.25,-32.5,0.));
#9404 = DIRECTION('',(0.,2.2E-16,1.));
#9405 = DIRECTION('',(-1.,0.,0.));
#9406 = ADVANCED_FACE('',(#9407),#9419,.T.);
#9407 = FACE_BOUND('',#9408,.F.);
#9408 = EDGE_LOOP('',(#9409,#9410,#9417,#9418));
#9409 = ORIENTED_EDGE('',*,*,#9395,.F.);
#9410 = ORIENTED_EDGE('',*,*,#9411,.T.);
#9411 = EDGE_CURVE('',#9386,#9361,#9412,.T.);
#9412 = CIRCLE('',#9413,4.49);
#9413 = AXIS2_PLACEMENT_3D('',#9414,#9415,#9416);
#9414 = CARTESIAN_POINT('',(13.26,-32.5,22.51));
#9415 = DIRECTION('',(0.,-1.,0.));
#9416 = DIRECTION('',(1.,0.,0.));
#9417 = ORIENTED_EDGE('',*,*,#9360,.T.);
#9418 = ORIENTED_EDGE('',*,*,#7002,.F.);
#9419 = TOROIDAL_SURFACE('',#9420,4.99,0.5);
#9420 = AXIS2_PLACEMENT_3D('',#9421,#9422,#9423);
#9421 = CARTESIAN_POINT('',(13.26,-32.5,22.51));
#9422 = DIRECTION('',(0.,1.,0.));
#9423 = DIRECTION('',(1.,0.,0.));
#9424 = ADVANCED_FACE('',(#9425),#9443,.F.);
#9425 = FACE_BOUND('',#9426,.F.);
#9426 = EDGE_LOOP('',(#9427,#9428,#9436,#9442));
#9427 = ORIENTED_EDGE('',*,*,#9309,.F.);
#9428 = ORIENTED_EDGE('',*,*,#9429,.T.);
#9429 = EDGE_CURVE('',#9310,#9430,#9432,.T.);
#9430 = VERTEX_POINT('',#9431);
#9431 = CARTESIAN_POINT('',(-17.75,-32.49,22.51));
#9432 = LINE('',#9433,#9434);
#9433 = CARTESIAN_POINT('',(-17.75,-33.,22.51));
#9434 = VECTOR('',#9435,1.);
#9435 = DIRECTION('',(0.,1.,-2.2E-16));
#9436 = ORIENTED_EDGE('',*,*,#9437,.T.);
#9437 = EDGE_CURVE('',#9430,#8100,#9438,.T.);
#9438 = LINE('',#9439,#9440);
#9439 = CARTESIAN_POINT('',(-17.75,-32.49,27.));
#9440 = VECTOR('',#9441,1.);
#9441 = DIRECTION('',(0.,-2.2E-16,-1.));
#9442 = ORIENTED_EDGE('',*,*,#8099,.F.);
#9443 = PLANE('',#9444);
#9444 = AXIS2_PLACEMENT_3D('',#9445,#9446,#9447);
#9445 = CARTESIAN_POINT('',(-17.75,-33.,27.));
#9446 = DIRECTION('',(-1.,0.,0.));
#9447 = DIRECTION('',(-0.,-2.2E-16,-1.));
#9448 = ADVANCED_FACE('',(#9449),#9468,.F.);
#9449 = FACE_BOUND('',#9450,.T.);
#9450 = EDGE_LOOP('',(#9451,#9452,#9453,#9461));
#9451 = ORIENTED_EDGE('',*,*,#9437,.T.);
#9452 = ORIENTED_EDGE('',*,*,#8148,.T.);
#9453 = ORIENTED_EDGE('',*,*,#9454,.F.);
#9454 = EDGE_CURVE('',#9455,#8149,#9457,.T.);
#9455 = VERTEX_POINT('',#9456);
#9456 = CARTESIAN_POINT('',(-13.26,-28.,22.51));
#9457 = LINE('',#9458,#9459);
#9458 = CARTESIAN_POINT('',(-13.26,-28.,27.));
#9459 = VECTOR('',#9460,1.);
#9460 = DIRECTION('',(0.,-2.2E-16,-1.));
#9461 = ORIENTED_EDGE('',*,*,#9462,.F.);
#9462 = EDGE_CURVE('',#9430,#9455,#9463,.T.);
#9463 = CIRCLE('',#9464,4.49);
#9464 = AXIS2_PLACEMENT_3D('',#9465,#9466,#9467);
#9465 = CARTESIAN_POINT('',(-13.26,-32.49,22.51));
#9466 = DIRECTION('',(0.,0.,-1.));
#9467 = DIRECTION('',(0.,1.,0.));
#9468 = CYLINDRICAL_SURFACE('',#9469,4.49);
#9469 = AXIS2_PLACEMENT_3D('',#9470,#9471,#9472);
#9470 = CARTESIAN_POINT('',(-13.26,-32.49,27.));
#9471 = DIRECTION('',(0.,-2.2E-16,-1.));
#9472 = DIRECTION('',(0.,1.,-2.2E-16));
#9473 = ADVANCED_FACE('',(#9474),#9492,.F.);
#9474 = FACE_BOUND('',#9475,.F.);
#9475 = EDGE_LOOP('',(#9476,#9477,#9478,#9486));
#9476 = ORIENTED_EDGE('',*,*,#9385,.F.);
#9477 = ORIENTED_EDGE('',*,*,#8180,.F.);
#9478 = ORIENTED_EDGE('',*,*,#9479,.T.);
#9479 = EDGE_CURVE('',#8173,#9480,#9482,.T.);
#9480 = VERTEX_POINT('',#9481);
#9481 = CARTESIAN_POINT('',(17.75,-32.49,22.51));
#9482 = LINE('',#9483,#9484);
#9483 = CARTESIAN_POINT('',(17.75,-32.49,2.9E-16));
#9484 = VECTOR('',#9485,1.);
#9485 = DIRECTION('',(0.,2.2E-16,1.));
#9486 = ORIENTED_EDGE('',*,*,#9487,.F.);
#9487 = EDGE_CURVE('',#9386,#9480,#9488,.T.);
#9488 = LINE('',#9489,#9490);
#9489 = CARTESIAN_POINT('',(17.75,-33.,22.51));
#9490 = VECTOR('',#9491,1.);
#9491 = DIRECTION('',(0.,1.,-2.2E-16));
#9492 = PLANE('',#9493);
#9493 = AXIS2_PLACEMENT_3D('',#9494,#9495,#9496);
#9494 = CARTESIAN_POINT('',(17.75,-33.,0.));
#9495 = DIRECTION('',(1.,0.,0.));
#9496 = DIRECTION('',(0.,2.2E-16,1.));
#9497 = ADVANCED_FACE('',(#9498),#9516,.F.);
#9498 = FACE_BOUND('',#9499,.F.);
#9499 = EDGE_LOOP('',(#9500,#9501,#9509,#9515));
#9500 = ORIENTED_EDGE('',*,*,#9454,.F.);
#9501 = ORIENTED_EDGE('',*,*,#9502,.F.);
#9502 = EDGE_CURVE('',#9503,#9455,#9505,.T.);
#9503 = VERTEX_POINT('',#9504);
#9504 = CARTESIAN_POINT('',(13.26,-28.,22.51));
#9505 = LINE('',#9506,#9507);
#9506 = CARTESIAN_POINT('',(17.75,-28.,22.51));
#9507 = VECTOR('',#9508,1.);
#9508 = DIRECTION('',(-1.,0.,0.));
#9509 = ORIENTED_EDGE('',*,*,#9510,.F.);
#9510 = EDGE_CURVE('',#8198,#9503,#9511,.T.);
#9511 = LINE('',#9512,#9513);
#9512 = CARTESIAN_POINT('',(13.26,-28.,-7.E-16));
#9513 = VECTOR('',#9514,1.);
#9514 = DIRECTION('',(0.,2.2E-16,1.));
#9515 = ORIENTED_EDGE('',*,*,#8197,.F.);
#9516 = PLANE('',#9517);
#9517 = AXIS2_PLACEMENT_3D('',#9518,#9519,#9520);
#9518 = CARTESIAN_POINT('',(0.,-28.,13.5));
#9519 = DIRECTION('',(0.,1.,-2.6E-16));
#9520 = DIRECTION('',(0.,2.6E-16,1.));
#9521 = ADVANCED_FACE('',(#9522),#9534,.F.);
#9522 = FACE_BOUND('',#9523,.F.);
#9523 = EDGE_LOOP('',(#9524,#9525,#9526,#9527));
#9524 = ORIENTED_EDGE('',*,*,#9479,.F.);
#9525 = ORIENTED_EDGE('',*,*,#8221,.F.);
#9526 = ORIENTED_EDGE('',*,*,#9510,.T.);
#9527 = ORIENTED_EDGE('',*,*,#9528,.F.);
#9528 = EDGE_CURVE('',#9480,#9503,#9529,.T.);
#9529 = CIRCLE('',#9530,4.49);
#9530 = AXIS2_PLACEMENT_3D('',#9531,#9532,#9533);
#9531 = CARTESIAN_POINT('',(13.26,-32.49,22.51));
#9532 = DIRECTION('',(0.,-0.,1.));
#9533 = DIRECTION('',(0.,1.,0.));
#9534 = CYLINDRICAL_SURFACE('',#9535,4.49);
#9535 = AXIS2_PLACEMENT_3D('',#9536,#9537,#9538);
#9536 = CARTESIAN_POINT('',(13.26,-32.49,2.9E-16));
#9537 = DIRECTION('',(0.,2.2E-16,1.));
#9538 = DIRECTION('',(1.,0.,0.));
#9539 = ADVANCED_FACE('',(#9540),#9543,.T.);
#9540 = FACE_BOUND('',#9541,.T.);
#9541 = EDGE_LOOP('',(#9542));
#9542 = ORIENTED_EDGE('',*,*,#9268,.T.);
#9543 = PLANE('',#9544);
#9544 = AXIS2_PLACEMENT_3D('',#9545,#9546,#9547);
#9545 = CARTESIAN_POINT('',(5.E-17,-16.1,26.));
#9546 = DIRECTION('',(0.,0.,1.));
#9547 = DIRECTION('',(1.,0.,0.));
#9548 = ADVANCED_FACE('',(#9549),#9552,.T.);
#9549 = FACE_BOUND('',#9550,.T.);
#9550 = EDGE_LOOP('',(#9551));
#9551 = ORIENTED_EDGE('',*,*,#9294,.T.);
#9552 = PLANE('',#9553);
#9553 = AXIS2_PLACEMENT_3D('',#9554,#9555,#9556);
#9554 = CARTESIAN_POINT('',(7.E-17,16.1,24.));
#9555 = DIRECTION('',(0.,0.,1.));
#9556 = DIRECTION('',(1.,0.,0.));
#9557 = ADVANCED_FACE('',(#9558),#9577,.F.);
#9558 = FACE_BOUND('',#9559,.F.);
#9559 = EDGE_LOOP('',(#9560,#9561,#9562,#9570));
#9560 = ORIENTED_EDGE('',*,*,#9429,.F.);
#9561 = ORIENTED_EDGE('',*,*,#9343,.F.);
#9562 = ORIENTED_EDGE('',*,*,#9563,.T.);
#9563 = EDGE_CURVE('',#9335,#9564,#9566,.T.);
#9564 = VERTEX_POINT('',#9565);
#9565 = CARTESIAN_POINT('',(-13.26,-32.49,27.));
#9566 = LINE('',#9567,#9568);
#9567 = CARTESIAN_POINT('',(-13.26,-33.,27.));
#9568 = VECTOR('',#9569,1.);
#9569 = DIRECTION('',(0.,1.,-2.2E-16));
#9570 = ORIENTED_EDGE('',*,*,#9571,.F.);
#9571 = EDGE_CURVE('',#9430,#9564,#9572,.T.);
#9572 = CIRCLE('',#9573,4.49);
#9573 = AXIS2_PLACEMENT_3D('',#9574,#9575,#9576);
#9574 = CARTESIAN_POINT('',(-13.26,-32.49,22.51));
#9575 = DIRECTION('',(0.,1.,-6.E-17));
#9576 = DIRECTION('',(0.,6.E-17,1.));
#9577 = CYLINDRICAL_SURFACE('',#9578,4.49);
#9578 = AXIS2_PLACEMENT_3D('',#9579,#9580,#9581);
#9579 = CARTESIAN_POINT('',(-13.26,-33.,22.51));
#9580 = DIRECTION('',(0.,1.,-2.2E-16));
#9581 = DIRECTION('',(-1.,0.,0.));
#9582 = ADVANCED_FACE('',(#9583),#9601,.F.);
#9583 = FACE_BOUND('',#9584,.F.);
#9584 = EDGE_LOOP('',(#9585,#9593,#9599,#9600));
#9585 = ORIENTED_EDGE('',*,*,#9586,.T.);
#9586 = EDGE_CURVE('',#9361,#9587,#9589,.T.);
#9587 = VERTEX_POINT('',#9588);
#9588 = CARTESIAN_POINT('',(13.26,-32.49,27.));
#9589 = LINE('',#9590,#9591);
#9590 = CARTESIAN_POINT('',(13.26,-33.,27.));
#9591 = VECTOR('',#9592,1.);
#9592 = DIRECTION('',(0.,1.,-2.2E-16));
#9593 = ORIENTED_EDGE('',*,*,#9594,.T.);
#9594 = EDGE_CURVE('',#9587,#9564,#9595,.T.);
#9595 = LINE('',#9596,#9597);
#9596 = CARTESIAN_POINT('',(17.75,-32.49,27.));
#9597 = VECTOR('',#9598,1.);
#9598 = DIRECTION('',(-1.,0.,0.));
#9599 = ORIENTED_EDGE('',*,*,#9563,.F.);
#9600 = ORIENTED_EDGE('',*,*,#9371,.F.);
#9601 = PLANE('',#9602);
#9602 = AXIS2_PLACEMENT_3D('',#9603,#9604,#9605);
#9603 = CARTESIAN_POINT('',(17.75,-33.,27.));
#9604 = DIRECTION('',(0.,2.2E-16,1.));
#9605 = DIRECTION('',(-1.,0.,0.));
#9606 = ADVANCED_FACE('',(#9607),#9619,.F.);
#9607 = FACE_BOUND('',#9608,.T.);
#9608 = EDGE_LOOP('',(#9609,#9610,#9611,#9612));
#9609 = ORIENTED_EDGE('',*,*,#9487,.F.);
#9610 = ORIENTED_EDGE('',*,*,#9411,.T.);
#9611 = ORIENTED_EDGE('',*,*,#9586,.T.);
#9612 = ORIENTED_EDGE('',*,*,#9613,.F.);
#9613 = EDGE_CURVE('',#9480,#9587,#9614,.T.);
#9614 = CIRCLE('',#9615,4.49);
#9615 = AXIS2_PLACEMENT_3D('',#9616,#9617,#9618);
#9616 = CARTESIAN_POINT('',(13.26,-32.49,22.51));
#9617 = DIRECTION('',(-0.,-1.,-8.3E-16));
#9618 = DIRECTION('',(0.,-8.3E-16,1.));
#9619 = CYLINDRICAL_SURFACE('',#9620,4.49);
#9620 = AXIS2_PLACEMENT_3D('',#9621,#9622,#9623);
#9621 = CARTESIAN_POINT('',(13.26,-33.,22.51));
#9622 = DIRECTION('',(0.,1.,-2.2E-16));
#9623 = DIRECTION('',(1.,0.,0.));
#9624 = ADVANCED_FACE('',(#9625),#9636,.F.);
#9625 = FACE_BOUND('',#9626,.F.);
#9626 = EDGE_LOOP('',(#9627,#9628,#9629));
#9627 = ORIENTED_EDGE('',*,*,#9462,.F.);
#9628 = ORIENTED_EDGE('',*,*,#9571,.T.);
#9629 = ORIENTED_EDGE('',*,*,#9630,.F.);
#9630 = EDGE_CURVE('',#9455,#9564,#9631,.T.);
#9631 = CIRCLE('',#9632,4.49);
#9632 = AXIS2_PLACEMENT_3D('',#9633,#9634,#9635);
#9633 = CARTESIAN_POINT('',(-13.26,-32.49,22.51));
#9634 = DIRECTION('',(1.,0.,0.));
#9635 = DIRECTION('',(0.,1.,0.));
#9636 = SPHERICAL_SURFACE('',#9637,4.49);
#9637 = AXIS2_PLACEMENT_3D('',#9638,#9639,#9640);
#9638 = CARTESIAN_POINT('',(-13.26,-32.49,22.51));
#9639 = DIRECTION('',(1.,0.,0.));
#9640 = DIRECTION('',(0.,1.,0.));
#9641 = ADVANCED_FACE('',(#9642),#9654,.F.);
#9642 = FACE_BOUND('',#9643,.T.);
#9643 = EDGE_LOOP('',(#9644,#9645,#9652,#9653));
#9644 = ORIENTED_EDGE('',*,*,#9502,.F.);
#9645 = ORIENTED_EDGE('',*,*,#9646,.T.);
#9646 = EDGE_CURVE('',#9503,#9587,#9647,.T.);
#9647 = CIRCLE('',#9648,4.49);
#9648 = AXIS2_PLACEMENT_3D('',#9649,#9650,#9651);
#9649 = CARTESIAN_POINT('',(13.26,-32.49,22.51));
#9650 = DIRECTION('',(1.,0.,0.));
#9651 = DIRECTION('',(0.,1.,0.));
#9652 = ORIENTED_EDGE('',*,*,#9594,.T.);
#9653 = ORIENTED_EDGE('',*,*,#9630,.F.);
#9654 = CYLINDRICAL_SURFACE('',#9655,4.49);
#9655 = AXIS2_PLACEMENT_3D('',#9656,#9657,#9658);
#9656 = CARTESIAN_POINT('',(17.75,-32.49,22.51));
#9657 = DIRECTION('',(-1.,0.,0.));
#9658 = DIRECTION('',(0.,1.,-2.6E-16));
#9659 = ADVANCED_FACE('',(#9660),#9665,.F.);
#9660 = FACE_BOUND('',#9661,.T.);
#9661 = EDGE_LOOP('',(#9662,#9663,#9664));
#9662 = ORIENTED_EDGE('',*,*,#9528,.F.);
#9663 = ORIENTED_EDGE('',*,*,#9613,.T.);
#9664 = ORIENTED_EDGE('',*,*,#9646,.F.);
#9665 = SPHERICAL_SURFACE('',#9666,4.49);
#9666 = AXIS2_PLACEMENT_3D('',#9667,#9668,#9669);
#9667 = CARTESIAN_POINT('',(13.26,-32.49,22.51));
#9668 = DIRECTION('',(-1.,0.,0.));
#9669 = DIRECTION('',(0.,1.,0.));
#9670 = ( GEOMETRIC_REPRESENTATION_CONTEXT(3) 
GLOBAL_UNCERTAINTY_ASSIGNED_CONTEXT((#9674)) 
GLOBAL_UNIT_ASSIGNED_CONTEXT((#9671,#9672,#9673)) REPRESENTATION_CONTEXT
('Context #1','3D Context with UNIT and UNCERTAINTY') );
#9671 = ( LENGTH_UNIT() NAMED_UNIT(*) SI_UNIT(.MILLI.,.METRE.) );
#9672 = ( NAMED_UNIT(*) PLANE_ANGLE_UNIT() SI_UNIT($,.RADIAN.) );
#9673 = ( NAMED_UNIT(*) SI_UNIT($,.STERADIAN.) SOLID_ANGLE_UNIT() );
#9674 = UNCERTAINTY_MEASURE_WITH_UNIT(LENGTH_MEASURE(2.E-05),#9671,
  'distance_accuracy_value','confusion accuracy');
#9675 = PRODUCT_RELATED_PRODUCT_CATEGORY('part',$,(#7));
#9676 = MECHANICAL_DESIGN_GEOMETRIC_PRESENTATION_REPRESENTATION('',(
    #9677),#9670);
#9677 = STYLED_ITEM('color',(#9678),#15);
#9678 = PRESENTATION_STYLE_ASSIGNMENT((#9679,#9685));
#9679 = SURFACE_STYLE_USAGE(.BOTH.,#9680);
#9680 = SURFACE_SIDE_STYLE('',(#9681));
#9681 = SURFACE_STYLE_FILL_AREA(#9682);
#9682 = FILL_AREA_STYLE('',(#9683));
#9683 = FILL_AREA_STYLE_COLOUR('',#9684);
#9684 = COLOUR_RGB('',0.678431390124,0.709803936702,0.741176476869);
#9685 = CURVE_STYLE('',#9686,POSITIVE_LENGTH_MEASURE(0.1),#9687);
#9686 = DRAUGHTING_PRE_DEFINED_CURVE_FONT('continuous');
#9687 = COLOUR_RGB('',9.803921802644E-02,9.803921802644E-02,
  9.803921802644E-02);
ENDSEC;
END-ISO-10303-21;
