ISO-10303-21;
HEADER;
FILE_DESCRIPTION(('FreeCAD Model'),'2;1');
FILE_NAME('Open CASCADE Shape Model','2026-07-13T12:48:57',(''),(''),
  'Open CASCADE STEP processor 7.8','FreeCAD','Unknown');
FILE_SCHEMA(('AUTOMOTIVE_DESIGN { 1 0 10303 214 1 1 1 1 }'));
ENDSEC;
DATA;
#1 = APPLICATION_PROTOCOL_DEFINITION('international standard',
  'automotive_design',2000,#2);
#2 = APPLICATION_CONTEXT(
  'core data for automotive mechanical design processes');
#3 = SHAPE_DEFINITION_REPRESENTATION(#4,#10);
#4 = PRODUCT_DEFINITION_SHAPE('','',#5);
#5 = PRODUCT_DEFINITION('design','',#6,#9);
#6 = PRODUCT_DEFINITION_FORMATION('','',#7);
#7 = PRODUCT('VoronLogoHorizontalMounted','VoronLogoHorizontalMounted',
  '',(#8));
#8 = PRODUCT_CONTEXT('',#2,'mechanical');
#9 = PRODUCT_DEFINITION_CONTEXT('part definition',#2,'design');
#10 = ADVANCED_BREP_SHAPE_REPRESENTATION('',(#11,#15),#2138);
#11 = AXIS2_PLACEMENT_3D('',#12,#13,#14);
#12 = CARTESIAN_POINT('',(0.,0.,0.));
#13 = DIRECTION('',(0.,0.,1.));
#14 = DIRECTION('',(1.,0.,-0.));
#15 = MANIFOLD_SOLID_BREP('',#16);
#16 = CLOSED_SHELL('',(#17,#144,#273,#501,#527,#649,#804,#823,#869,#900,
    #925,#950,#974,#998,#1023,#1048,#1065,#1152,#1183,#1207,#1231,#1248,
    #1279,#1303,#1327,#1344,#1375,#1399,#1423,#1440,#1462,#1479,#1496,
    #1513,#1530,#1547,#1564,#1576,#1628,#1662,#1686,#1713,#1730,#1761,
    #1814,#1824,#1848,#1894,#1904,#1916,#1928,#1940,#1956,#1972,#1988,
    #2004,#2035,#2059,#2083,#2100,#2113,#2126));
#17 = ADVANCED_FACE('',(#18),#139,.F.);
#18 = FACE_BOUND('',#19,.T.);
#19 = EDGE_LOOP('',(#20,#30,#37,#38,#67,#76,#85,#94,#103,#112));
#20 = ORIENTED_EDGE('',*,*,#21,.F.);
#21 = EDGE_CURVE('',#22,#24,#26,.T.);
#22 = VERTEX_POINT('',#23);
#23 = CARTESIAN_POINT('',(21.6,10.,0.));
#24 = VERTEX_POINT('',#25);
#25 = CARTESIAN_POINT('',(21.6,10.,5.658333752317));
#26 = LINE('',#27,#28);
#27 = CARTESIAN_POINT('',(21.6,10.,0.));
#28 = VECTOR('',#29,1.);
#29 = DIRECTION('',(0.,0.,1.));
#30 = ORIENTED_EDGE('',*,*,#31,.F.);
#31 = EDGE_CURVE('',#22,#22,#32,.T.);
#32 = CIRCLE('',#33,1.6);
#33 = AXIS2_PLACEMENT_3D('',#34,#35,#36);
#34 = CARTESIAN_POINT('',(20.,10.,0.));
#35 = DIRECTION('',(0.,0.,1.));
#36 = DIRECTION('',(1.,0.,0.));
#37 = ORIENTED_EDGE('',*,*,#21,.T.);
#38 = ORIENTED_EDGE('',*,*,#39,.F.);
#39 = EDGE_CURVE('',#40,#24,#42,.T.);
#40 = VERTEX_POINT('',#41);
#41 = CARTESIAN_POINT('',(20.163061909715,11.591669979901,7.779298953811
    ));
#42 = B_SPLINE_CURVE_WITH_KNOTS('',12,(#43,#44,#45,#46,#47,#48,#49,#50,
    #51,#52,#53,#54,#55,#56,#57,#58,#59,#60,#61,#62,#63,#64,#65,#66),
  .UNSPECIFIED.,.F.,.F.,(13,11,13),(-0.393852801571,-0.159390335892,
    2.763512687472),.UNSPECIFIED.);
#43 = CARTESIAN_POINT('',(19.857270841756,11.601266625337,8.230682724986
    ));
#44 = CARTESIAN_POINT('',(19.870294502101,11.601156288461,8.21145916457)
  );
#45 = CARTESIAN_POINT('',(19.883318162446,11.601045951584,8.192235604155
    ));
#46 = CARTESIAN_POINT('',(19.896341822791,11.600935614708,8.173012043739
    ));
#47 = CARTESIAN_POINT('',(19.909365483136,11.600825277832,8.153788483324
    ));
#48 = CARTESIAN_POINT('',(19.92238914348,11.600714940955,8.134564922908)
  );
#49 = CARTESIAN_POINT('',(19.935412803825,11.600604604079,8.115341362493
    ));
#50 = CARTESIAN_POINT('',(19.94843646417,11.600494267202,8.096117802077)
  );
#51 = CARTESIAN_POINT('',(19.961460124514,11.600383930326,8.076894241662
    ));
#52 = CARTESIAN_POINT('',(19.974483784859,11.60027359345,8.057670681246)
  );
#53 = CARTESIAN_POINT('',(19.987507445204,11.600163256573,8.038447120831
    ));
#54 = CARTESIAN_POINT('',(20.000531105548,11.600052919697,8.019223560415
    ));
#55 = CARTESIAN_POINT('',(20.175912933058,11.598567079118,7.760351394859
    ));
#56 = CARTESIAN_POINT('',(20.337076688198,11.579415386855,7.522326631415
    ));
#57 = CARTESIAN_POINT('',(20.501062609585,11.540948173892,7.281085449529
    ));
#58 = CARTESIAN_POINT('',(20.649543028754,11.490083559761,7.05755435641)
  );
#59 = CARTESIAN_POINT('',(20.823901577632,11.405967925474,6.808702276093
    ));
#60 = CARTESIAN_POINT('',(20.93939002696,11.32825809044,6.619882651509)
  );
#61 = CARTESIAN_POINT('',(21.129695999815,11.199775363618,6.356971023995
    ));
#62 = CARTESIAN_POINT('',(21.225966740959,11.060118450095,6.194229219518
    ));
#63 = CARTESIAN_POINT('',(21.39709539411,10.902134270588,5.943645392852)
  );
#64 = CARTESIAN_POINT('',(21.532252975863,10.630029327892,5.754022197305
    ));
#65 = CARTESIAN_POINT('',(21.6,10.31524009588,5.658333752317));
#66 = CARTESIAN_POINT('',(21.6,10.,5.658333752317));
#67 = ORIENTED_EDGE('',*,*,#68,.F.);
#68 = EDGE_CURVE('',#69,#40,#71,.T.);
#69 = VERTEX_POINT('',#70);
#70 = CARTESIAN_POINT('',(20.153291632985,11.592639844804,7.880767157236
    ));
#71 = ELLIPSE('',#72,16.693488839397,1.6);
#72 = AXIS2_PLACEMENT_3D('',#73,#74,#75);
#73 = CARTESIAN_POINT('',(20.,10.,9.472761634849));
#74 = DIRECTION('',(-0.995396198367,-0.,-9.584575252022E-02));
#75 = DIRECTION('',(9.584575252022E-02,0.,-0.995396198367));
#76 = ORIENTED_EDGE('',*,*,#77,.T.);
#77 = EDGE_CURVE('',#69,#78,#80,.T.);
#78 = VERTEX_POINT('',#79);
#79 = CARTESIAN_POINT('',(20.141810816041,11.59370313812,8.));
#80 = ELLIPSE('',#81,16.693488839397,1.6);
#81 = AXIS2_PLACEMENT_3D('',#82,#83,#84);
#82 = CARTESIAN_POINT('',(20.,10.,9.472761634849));
#83 = DIRECTION('',(0.995396198367,-0.,9.584575252022E-02));
#84 = DIRECTION('',(9.584575252022E-02,0.,-0.995396198367));
#85 = ORIENTED_EDGE('',*,*,#86,.T.);
#86 = EDGE_CURVE('',#78,#87,#89,.T.);
#87 = VERTEX_POINT('',#88);
#88 = CARTESIAN_POINT('',(20.141810816041,8.40629686188,8.));
#89 = CIRCLE('',#90,1.6);
#90 = AXIS2_PLACEMENT_3D('',#91,#92,#93);
#91 = CARTESIAN_POINT('',(20.,10.,8.));
#92 = DIRECTION('',(0.,0.,1.));
#93 = DIRECTION('',(1.,0.,0.));
#94 = ORIENTED_EDGE('',*,*,#95,.T.);
#95 = EDGE_CURVE('',#87,#96,#98,.T.);
#96 = VERTEX_POINT('',#97);
#97 = CARTESIAN_POINT('',(20.153291632985,8.407360155196,7.880767157236)
  );
#98 = ELLIPSE('',#99,16.693488839397,1.6);
#99 = AXIS2_PLACEMENT_3D('',#100,#101,#102);
#100 = CARTESIAN_POINT('',(20.,10.,9.472761634849));
#101 = DIRECTION('',(0.995396198367,-0.,9.584575252022E-02));
#102 = DIRECTION('',(9.584575252022E-02,0.,-0.995396198367));
#103 = ORIENTED_EDGE('',*,*,#104,.T.);
#104 = EDGE_CURVE('',#96,#105,#107,.T.);
#105 = VERTEX_POINT('',#106);
#106 = CARTESIAN_POINT('',(20.163061909715,8.408330020099,7.779298953812
    ));
#107 = ELLIPSE('',#108,16.693488839397,1.6);
#108 = AXIS2_PLACEMENT_3D('',#109,#110,#111);
#109 = CARTESIAN_POINT('',(20.,10.,9.472761634849));
#110 = DIRECTION('',(0.995396198367,-0.,9.584575252022E-02));
#111 = DIRECTION('',(9.584575252022E-02,0.,-0.995396198367));
#112 = ORIENTED_EDGE('',*,*,#113,.F.);
#113 = EDGE_CURVE('',#24,#105,#114,.T.);
#114 = B_SPLINE_CURVE_WITH_KNOTS('',12,(#115,#116,#117,#118,#119,#120,
    #121,#122,#123,#124,#125,#126,#127,#128,#129,#130,#131,#132,#133,
    #134,#135,#136,#137,#138),.UNSPECIFIED.,.F.,.F.,(13,11,13),(
    2.763512687472,5.686415710837,5.920878176516),.UNSPECIFIED.);
#115 = CARTESIAN_POINT('',(21.6,10.,5.658333752317));
#116 = CARTESIAN_POINT('',(21.599999999997,9.68475990412,5.658333752316)
  );
#117 = CARTESIAN_POINT('',(21.532252975881,9.369970672112,5.754022197311
    ));
#118 = CARTESIAN_POINT('',(21.397095394054,9.097865729399,5.94364539283)
  );
#119 = CARTESIAN_POINT('',(21.225966741083,8.939881549932,6.194229219574
    ));
#120 = CARTESIAN_POINT('',(21.129695999615,8.800224636341,6.35697102389)
  );
#121 = CARTESIAN_POINT('',(20.939390027208,8.671741909607,6.61988265165)
  );
#122 = CARTESIAN_POINT('',(20.823901577399,8.594032074484,6.808702275952
    ));
#123 = CARTESIAN_POINT('',(20.649543028918,8.509916440268,7.057554356515
    ));
#124 = CARTESIAN_POINT('',(20.501062609501,8.459051826093,7.281085449472
    ));
#125 = CARTESIAN_POINT('',(20.337076688228,8.42058461315,7.522326631437)
  );
#126 = CARTESIAN_POINT('',(20.175912933052,8.401432920881,7.760351394854
    ));
#127 = CARTESIAN_POINT('',(20.000531105549,8.399947080303,8.019223560416
    ));
#128 = CARTESIAN_POINT('',(19.987507445205,8.399836743427,8.038447120832
    ));
#129 = CARTESIAN_POINT('',(19.974483784861,8.399726406551,8.057670681247
    ));
#130 = CARTESIAN_POINT('',(19.961460124517,8.399616069674,8.076894241663
    ));
#131 = CARTESIAN_POINT('',(19.948436464173,8.399505732798,8.096117802079
    ));
#132 = CARTESIAN_POINT('',(19.935412803828,8.399395395922,8.115341362495
    ));
#133 = CARTESIAN_POINT('',(19.922389143484,8.399285059045,8.13456492291)
  );
#134 = CARTESIAN_POINT('',(19.90936548314,8.399174722169,8.153788483326)
  );
#135 = CARTESIAN_POINT('',(19.896341822795,8.399064385292,8.173012043742
    ));
#136 = CARTESIAN_POINT('',(19.883318162451,8.398954048416,8.192235604158
    ));
#137 = CARTESIAN_POINT('',(19.870294502106,8.398843711539,8.211459164573
    ));
#138 = CARTESIAN_POINT('',(19.857270841762,8.398733374663,8.230682724989
    ));
#139 = CYLINDRICAL_SURFACE('',#140,1.6);
#140 = AXIS2_PLACEMENT_3D('',#141,#142,#143);
#141 = CARTESIAN_POINT('',(20.,10.,0.));
#142 = DIRECTION('',(-0.,-0.,-1.));
#143 = DIRECTION('',(1.,0.,0.));
#144 = ADVANCED_FACE('',(#145),#200,.F.);
#145 = FACE_BOUND('',#146,.F.);
#146 = EDGE_LOOP('',(#147,#155,#184,#199));
#147 = ORIENTED_EDGE('',*,*,#148,.T.);
#148 = EDGE_CURVE('',#24,#149,#151,.T.);
#149 = VERTEX_POINT('',#150);
#150 = CARTESIAN_POINT('',(22.50415424748,10.,6.653729950684));
#151 = ( BOUNDED_CURVE() B_SPLINE_CURVE(2,(#152,#153,#154),
.UNSPECIFIED.,.F.,.F.) B_SPLINE_CURVE_WITH_KNOTS((3,3),(0.,
2.922903023364),.PIECEWISE_BEZIER_KNOTS.) CURVE() 
GEOMETRIC_REPRESENTATION_ITEM() RATIONAL_B_SPLINE_CURVE((1.,
0.740218127487,1.)) REPRESENTATION_ITEM('') );
#152 = CARTESIAN_POINT('',(21.6,10.,5.658333752317));
#153 = CARTESIAN_POINT('',(21.6,10.,6.56666979877));
#154 = CARTESIAN_POINT('',(22.50415424748,10.,6.653729950684));
#155 = ORIENTED_EDGE('',*,*,#156,.T.);
#156 = EDGE_CURVE('',#149,#157,#159,.T.);
#157 = VERTEX_POINT('',#158);
#158 = CARTESIAN_POINT('',(20.147640463548,8.402783124472,7.939456795802
    ));
#159 = B_SPLINE_CURVE_WITH_KNOTS('',12,(#160,#161,#162,#163,#164,#165,
    #166,#167,#168,#169,#170,#171,#172,#173,#174,#175,#176,#177,#178,
    #179,#180,#181,#182,#183),.UNSPECIFIED.,.F.,.F.,(13,11,13),(
    2.763512687472,5.686415710837,5.920878176516),.UNSPECIFIED.);
#160 = CARTESIAN_POINT('',(22.50415424748,10.,6.653729950684));
#161 = CARTESIAN_POINT('',(22.504154247477,9.68475990412,6.653729950683)
  );
#162 = CARTESIAN_POINT('',(22.402413068617,9.369970672111,6.711993749946
    ));
#163 = CARTESIAN_POINT('',(22.200708580455,9.0978657294,6.828354515123)
  );
#164 = CARTESIAN_POINT('',(21.93487643761,8.939881549935,6.974677930478)
  );
#165 = CARTESIAN_POINT('',(21.763656722283,8.800224636336,7.054907349491
    ));
#166 = CARTESIAN_POINT('',(21.483715468822,8.671741909612,7.219138228634
    ));
#167 = CARTESIAN_POINT('',(21.28469605476,8.594032074481,7.315997433023)
  );
#168 = CARTESIAN_POINT('',(21.020278113913,8.509916440269,7.465701854836
    ));
#169 = CARTESIAN_POINT('',(20.783544895989,8.459051826093,7.592074193771
    ));
#170 = CARTESIAN_POINT('',(20.527696986659,8.42058461315,7.732183213893)
  );
#171 = CARTESIAN_POINT('',(20.275321180605,8.401432920881,7.869791340501
    ));
#172 = CARTESIAN_POINT('',(20.000831207914,8.399947080303,8.019553947353
    ));
#173 = CARTESIAN_POINT('',(19.980447886431,8.399836743427,8.030675152735
    ));
#174 = CARTESIAN_POINT('',(19.960064564948,8.399726406551,8.041796358116
    ));
#175 = CARTESIAN_POINT('',(19.939681243465,8.399616069674,8.052917563498
    ));
#176 = CARTESIAN_POINT('',(19.919297921982,8.399505732798,8.06403876888)
  );
#177 = CARTESIAN_POINT('',(19.898914600499,8.399395395922,8.075159974262
    ));
#178 = CARTESIAN_POINT('',(19.878531279016,8.399285059045,8.086281179643
    ));
#179 = CARTESIAN_POINT('',(19.858147957533,8.399174722169,8.097402385025
    ));
#180 = CARTESIAN_POINT('',(19.83776463605,8.399064385292,8.108523590407)
  );
#181 = CARTESIAN_POINT('',(19.817381314567,8.398954048416,8.119644795789
    ));
#182 = CARTESIAN_POINT('',(19.796997993084,8.398843711539,8.13076600117)
  );
#183 = CARTESIAN_POINT('',(19.7766146716,8.398733374663,8.141887206552)
  );
#184 = ORIENTED_EDGE('',*,*,#185,.F.);
#185 = EDGE_CURVE('',#105,#157,#186,.T.);
#186 = B_SPLINE_CURVE_WITH_KNOTS('',6,(#187,#188,#189,#190,#191,#192,
    #193,#194,#195,#196,#197,#198),.UNSPECIFIED.,.F.,.F.,(7,5,7),(0.,
    0.26056686604,1.),.UNSPECIFIED.);
#187 = CARTESIAN_POINT('',(20.163061909715,8.408330020099,7.779298953812
    ));
#188 = CARTESIAN_POINT('',(20.161913105934,8.408212125856,7.791229737246
    ));
#189 = CARTESIAN_POINT('',(20.160847754225,8.408049684323,7.802293837771
    ));
#190 = CARTESIAN_POINT('',(20.159855437816,8.407856188975,7.812599437706
    ));
#191 = CARTESIAN_POINT('',(20.158927680057,8.407640581445,7.822234570435
    ));
#192 = CARTESIAN_POINT('',(20.158057506035,8.407408879217,7.831271673181
    ));
#193 = CARTESIAN_POINT('',(20.154916270738,8.406476005843,7.863894649056
    ));
#194 = CARTESIAN_POINT('',(20.153009708985,8.405694810842,7.88369504992)
  );
#195 = CARTESIAN_POINT('',(20.151385029775,8.404924265273,7.900567988652
    ));
#196 = CARTESIAN_POINT('',(20.149977700255,8.404173933167,7.915183664532
    ));
#197 = CARTESIAN_POINT('',(20.148740052,8.403458539835,7.928037133106));
#198 = CARTESIAN_POINT('',(20.14764027605,8.402778864164,7.939458743053)
  );
#199 = ORIENTED_EDGE('',*,*,#113,.F.);
#200 = ( BOUNDED_SURFACE() B_SPLINE_SURFACE(2,12,(
    (#201,#202,#203,#204,#205,#206,#207,#208,#209,#210,#211,#212,#213
      ,#214,#215,#216,#217,#218,#219,#220,#221,#222,#223,#224)
    ,(#225,#226,#227,#228,#229,#230,#231,#232,#233,#234,#235,#236,#237
      ,#238,#239,#240,#241,#242,#243,#244,#245,#246,#247,#248)
    ,(#249,#250,#251,#252,#253,#254,#255,#256,#257,#258,#259,#260,#261
      ,#262,#263,#264,#265,#266,#267,#268,#269,#270,#271,#272
)),.UNSPECIFIED.,.F.,.F.,.F.) B_SPLINE_SURFACE_WITH_KNOTS((3,3),(13,11,
    13),(0.,2.922903023364),(2.763512687472,5.686415710837,
5.920878176516),.UNSPECIFIED.) GEOMETRIC_REPRESENTATION_ITEM() 
RATIONAL_B_SPLINE_SURFACE((
    (1.,1.,1.,1.,1.,1.,1.,1.,1.,1.,1.,1.,1.,1.,1.,1.,1.,1.,1.,1.,1.,1.
      ,1.,1.)
    ,(0.740218127487,0.740218127487,0.763134910007,0.808303227933
      ,0.865568185018,0.8832353107,0.928647474753,0.944229798524
      ,0.969427528198,0.983275134764,0.99418442459,0.99959513583
      ,1.000014952068,1.000040458959,1.000060297652,1.000074468147
      ,1.000082970444,1.000085804543,1.000082970444,1.000074468147
      ,1.000060297652,1.000040458959,1.000014952068,0.999983776979)
    ,(1.,1.,1.,1.,1.,1.,1.,1.,1.,1.,1.,1.,1.,1.,1.,1.,1.,1.,1.,1.,1.,1.
,1.,1.))) REPRESENTATION_ITEM('') SURFACE() );
#201 = CARTESIAN_POINT('',(21.6,10.,5.658333752317));
#202 = CARTESIAN_POINT('',(21.599999999997,9.68475990412,5.658333752316)
  );
#203 = CARTESIAN_POINT('',(21.532252975881,9.369970672112,5.754022197311
    ));
#204 = CARTESIAN_POINT('',(21.397095394054,9.097865729399,5.94364539283)
  );
#205 = CARTESIAN_POINT('',(21.225966741083,8.939881549932,6.194229219574
    ));
#206 = CARTESIAN_POINT('',(21.129695999615,8.800224636341,6.35697102389)
  );
#207 = CARTESIAN_POINT('',(20.939390027208,8.671741909607,6.61988265165)
  );
#208 = CARTESIAN_POINT('',(20.823901577399,8.594032074484,6.808702275952
    ));
#209 = CARTESIAN_POINT('',(20.649543028918,8.509916440268,7.057554356515
    ));
#210 = CARTESIAN_POINT('',(20.501062609501,8.459051826093,7.281085449472
    ));
#211 = CARTESIAN_POINT('',(20.337076688228,8.42058461315,7.522326631437)
  );
#212 = CARTESIAN_POINT('',(20.175912933052,8.401432920881,7.760351394854
    ));
#213 = CARTESIAN_POINT('',(20.000531105549,8.399947080303,8.019223560416
    ));
#214 = CARTESIAN_POINT('',(19.987507445205,8.399836743427,8.038447120832
    ));
#215 = CARTESIAN_POINT('',(19.974483784861,8.399726406551,8.057670681247
    ));
#216 = CARTESIAN_POINT('',(19.961460124517,8.399616069674,8.076894241663
    ));
#217 = CARTESIAN_POINT('',(19.948436464173,8.399505732798,8.096117802079
    ));
#218 = CARTESIAN_POINT('',(19.935412803828,8.399395395922,8.115341362495
    ));
#219 = CARTESIAN_POINT('',(19.922389143484,8.399285059045,8.13456492291)
  );
#220 = CARTESIAN_POINT('',(19.90936548314,8.399174722169,8.153788483326)
  );
#221 = CARTESIAN_POINT('',(19.896341822795,8.399064385292,8.173012043742
    ));
#222 = CARTESIAN_POINT('',(19.883318162451,8.398954048416,8.192235604158
    ));
#223 = CARTESIAN_POINT('',(19.870294502106,8.398843711539,8.211459164573
    ));
#224 = CARTESIAN_POINT('',(19.857270841762,8.398733374663,8.230682724989
    ));
#225 = CARTESIAN_POINT('',(21.6,10.,6.56666979877));
#226 = CARTESIAN_POINT('',(21.6,9.792012306685,6.56666979877));
#227 = CARTESIAN_POINT('',(21.578883455365,9.596006044734,6.585850717441
    ));
#228 = CARTESIAN_POINT('',(21.540897520664,9.409131344358,6.620354711174
    ));
#229 = CARTESIAN_POINT('',(21.472505438358,9.189281605039,6.682477704873
    ));
#230 = CARTESIAN_POINT('',(21.321358792363,8.991739858873,6.819769651621
    ));
#231 = CARTESIAN_POINT('',(21.205456174924,8.851510743479,6.925048177093
    ));
#232 = CARTESIAN_POINT('',(21.019827628577,8.686686162231,7.093661276788
    ));
#233 = CARTESIAN_POINT('',(20.841984337437,8.585198722891,7.255202748928
    ));
#234 = CARTESIAN_POINT('',(20.642647733024,8.490695761474,7.436267371978
    ));
#235 = CARTESIAN_POINT('',(20.434802191652,8.432874259751,7.625060969356
    ));
#236 = CARTESIAN_POINT('',(20.225690813935,8.402243446581,7.815004371443
    ));
#237 = CARTESIAN_POINT('',(20.000682042691,8.399917183839,8.019387949135
    ));
#238 = CARTESIAN_POINT('',(19.983892398837,8.399743603393,8.034638587855
    ));
#239 = CARTESIAN_POINT('',(19.967015240693,8.399569118176,8.04996871896)
  );
#240 = CARTESIAN_POINT('',(19.950050286497,8.399393725276,8.065378598382
    ));
#241 = CARTESIAN_POINT('',(19.932997251524,8.39921742175,8.08086848475)
  );
#242 = CARTESIAN_POINT('',(19.915855848066,8.399040204622,8.096438639398
    ));
#243 = CARTESIAN_POINT('',(19.898625785415,8.398862070887,8.112089326387
    ));
#244 = CARTESIAN_POINT('',(19.881306769849,8.398683017509,8.127820812515
    ));
#245 = CARTESIAN_POINT('',(19.863898504614,8.398503041419,8.143633367334
    ));
#246 = CARTESIAN_POINT('',(19.846400689909,8.398322139518,8.159527263166
    ));
#247 = CARTESIAN_POINT('',(19.828813022863,8.398140308675,8.175502775116
    ));
#248 = CARTESIAN_POINT('',(19.811135197527,8.397957545726,8.191560181093
    ));
#249 = CARTESIAN_POINT('',(22.50415424748,10.,6.653729950684));
#250 = CARTESIAN_POINT('',(22.504154247477,9.68475990412,6.653729950683)
  );
#251 = CARTESIAN_POINT('',(22.402413068617,9.369970672111,6.711993749946
    ));
#252 = CARTESIAN_POINT('',(22.200708580455,9.0978657294,6.828354515123)
  );
#253 = CARTESIAN_POINT('',(21.93487643761,8.939881549935,6.974677930478)
  );
#254 = CARTESIAN_POINT('',(21.763656722283,8.800224636336,7.054907349491
    ));
#255 = CARTESIAN_POINT('',(21.483715468822,8.671741909612,7.219138228634
    ));
#256 = CARTESIAN_POINT('',(21.28469605476,8.594032074481,7.315997433023)
  );
#257 = CARTESIAN_POINT('',(21.020278113913,8.509916440269,7.465701854836
    ));
#258 = CARTESIAN_POINT('',(20.783544895989,8.459051826093,7.592074193771
    ));
#259 = CARTESIAN_POINT('',(20.527696986659,8.42058461315,7.732183213893)
  );
#260 = CARTESIAN_POINT('',(20.275321180605,8.401432920881,7.869791340501
    ));
#261 = CARTESIAN_POINT('',(20.000831207914,8.399947080303,8.019553947353
    ));
#262 = CARTESIAN_POINT('',(19.980447886431,8.399836743427,8.030675152735
    ));
#263 = CARTESIAN_POINT('',(19.960064564948,8.399726406551,8.041796358116
    ));
#264 = CARTESIAN_POINT('',(19.939681243465,8.399616069674,8.052917563498
    ));
#265 = CARTESIAN_POINT('',(19.919297921982,8.399505732798,8.06403876888)
  );
#266 = CARTESIAN_POINT('',(19.898914600499,8.399395395922,8.075159974262
    ));
#267 = CARTESIAN_POINT('',(19.878531279016,8.399285059045,8.086281179643
    ));
#268 = CARTESIAN_POINT('',(19.858147957533,8.399174722169,8.097402385025
    ));
#269 = CARTESIAN_POINT('',(19.83776463605,8.399064385292,8.108523590407)
  );
#270 = CARTESIAN_POINT('',(19.817381314567,8.398954048416,8.119644795789
    ));
#271 = CARTESIAN_POINT('',(19.796997993084,8.398843711539,8.13076600117)
  );
#272 = CARTESIAN_POINT('',(19.7766146716,8.398733374663,8.141887206552)
  );
#273 = ADVANCED_FACE('',(#274,#344,#391,#394,#428,#462),#496,.F.);
#274 = FACE_BOUND('',#275,.F.);
#275 = EDGE_LOOP('',(#276,#286,#295,#303,#312,#320,#329,#337));
#276 = ORIENTED_EDGE('',*,*,#277,.T.);
#277 = EDGE_CURVE('',#278,#280,#282,.T.);
#278 = VERTEX_POINT('',#279);
#279 = CARTESIAN_POINT('',(4.,2.5,0.));
#280 = VERTEX_POINT('',#281);
#281 = CARTESIAN_POINT('',(35.999999999993,2.5,0.));
#282 = LINE('',#283,#284);
#283 = CARTESIAN_POINT('',(4.,2.5,0.));
#284 = VECTOR('',#285,1.);
#285 = DIRECTION('',(1.,0.,0.));
#286 = ORIENTED_EDGE('',*,*,#287,.T.);
#287 = EDGE_CURVE('',#280,#288,#290,.T.);
#288 = VERTEX_POINT('',#289);
#289 = CARTESIAN_POINT('',(37.499999999993,4.000000000007,0.));
#290 = CIRCLE('',#291,1.5);
#291 = AXIS2_PLACEMENT_3D('',#292,#293,#294);
#292 = CARTESIAN_POINT('',(35.999999999993,4.000000000007,0.));
#293 = DIRECTION('',(-0.,0.,1.));
#294 = DIRECTION('',(1.78E-15,-1.,0.));
#295 = ORIENTED_EDGE('',*,*,#296,.T.);
#296 = EDGE_CURVE('',#288,#297,#299,.T.);
#297 = VERTEX_POINT('',#298);
#298 = CARTESIAN_POINT('',(37.499999999993,15.999999999994,0.));
#299 = LINE('',#300,#301);
#300 = CARTESIAN_POINT('',(37.499999999993,4.000000000006,0.));
#301 = VECTOR('',#302,1.);
#302 = DIRECTION('',(0.,1.,0.));
#303 = ORIENTED_EDGE('',*,*,#304,.T.);
#304 = EDGE_CURVE('',#297,#305,#307,.T.);
#305 = VERTEX_POINT('',#306);
#306 = CARTESIAN_POINT('',(35.999999999993,17.499999999993,0.));
#307 = CIRCLE('',#308,1.5);
#308 = AXIS2_PLACEMENT_3D('',#309,#310,#311);
#309 = CARTESIAN_POINT('',(35.999999999993,15.999999999993,0.));
#310 = DIRECTION('',(0.,-0.,1.));
#311 = DIRECTION('',(1.,4.174E-14,0.));
#312 = ORIENTED_EDGE('',*,*,#313,.T.);
#313 = EDGE_CURVE('',#305,#314,#316,.T.);
#314 = VERTEX_POINT('',#315);
#315 = CARTESIAN_POINT('',(4.,17.499999999993,0.));
#316 = LINE('',#317,#318);
#317 = CARTESIAN_POINT('',(35.999999999993,17.499999999993,0.));
#318 = VECTOR('',#319,1.);
#319 = DIRECTION('',(-1.,0.,0.));
#320 = ORIENTED_EDGE('',*,*,#321,.T.);
#321 = EDGE_CURVE('',#314,#322,#324,.T.);
#322 = VERTEX_POINT('',#323);
#323 = CARTESIAN_POINT('',(2.5,16.,0.));
#324 = CIRCLE('',#325,1.5);
#325 = AXIS2_PLACEMENT_3D('',#326,#327,#328);
#326 = CARTESIAN_POINT('',(4.,16.,0.));
#327 = DIRECTION('',(0.,-0.,1.));
#328 = DIRECTION('',(0.,1.,0.));
#329 = ORIENTED_EDGE('',*,*,#330,.T.);
#330 = EDGE_CURVE('',#322,#331,#333,.T.);
#331 = VERTEX_POINT('',#332);
#332 = CARTESIAN_POINT('',(2.5,4.,0.));
#333 = LINE('',#334,#335);
#334 = CARTESIAN_POINT('',(2.5,16.,0.));
#335 = VECTOR('',#336,1.);
#336 = DIRECTION('',(0.,-1.,0.));
#337 = ORIENTED_EDGE('',*,*,#338,.T.);
#338 = EDGE_CURVE('',#331,#278,#339,.T.);
#339 = CIRCLE('',#340,1.5);
#340 = AXIS2_PLACEMENT_3D('',#341,#342,#343);
#341 = CARTESIAN_POINT('',(4.,4.,0.));
#342 = DIRECTION('',(0.,0.,1.));
#343 = DIRECTION('',(-1.,-3.3E-16,0.));
#344 = FACE_BOUND('',#345,.F.);
#345 = EDGE_LOOP('',(#346,#357,#366,#375,#384));
#346 = ORIENTED_EDGE('',*,*,#347,.T.);
#347 = EDGE_CURVE('',#348,#350,#352,.T.);
#348 = VERTEX_POINT('',#349);
#349 = CARTESIAN_POINT('',(13.968626966597,7.3,0.));
#350 = VERTEX_POINT('',#351);
#351 = CARTESIAN_POINT('',(6.031373033403,7.3,0.));
#352 = CIRCLE('',#353,4.8);
#353 = AXIS2_PLACEMENT_3D('',#354,#355,#356);
#354 = CARTESIAN_POINT('',(10.,10.,0.));
#355 = DIRECTION('',(0.,0.,-1.));
#356 = DIRECTION('',(1.,0.,0.));
#357 = ORIENTED_EDGE('',*,*,#358,.T.);
#358 = EDGE_CURVE('',#350,#359,#361,.T.);
#359 = VERTEX_POINT('',#360);
#360 = CARTESIAN_POINT('',(6.031373033403,12.7,0.));
#361 = CIRCLE('',#362,4.8);
#362 = AXIS2_PLACEMENT_3D('',#363,#364,#365);
#363 = CARTESIAN_POINT('',(10.,10.,0.));
#364 = DIRECTION('',(0.,0.,-1.));
#365 = DIRECTION('',(1.,0.,0.));
#366 = ORIENTED_EDGE('',*,*,#367,.T.);
#367 = EDGE_CURVE('',#359,#368,#370,.T.);
#368 = VERTEX_POINT('',#369);
#369 = CARTESIAN_POINT('',(13.968626966597,12.7,0.));
#370 = CIRCLE('',#371,4.8);
#371 = AXIS2_PLACEMENT_3D('',#372,#373,#374);
#372 = CARTESIAN_POINT('',(10.,10.,0.));
#373 = DIRECTION('',(0.,0.,-1.));
#374 = DIRECTION('',(1.,0.,0.));
#375 = ORIENTED_EDGE('',*,*,#376,.T.);
#376 = EDGE_CURVE('',#368,#377,#379,.T.);
#377 = VERTEX_POINT('',#378);
#378 = CARTESIAN_POINT('',(14.8,10.,0.));
#379 = CIRCLE('',#380,4.8);
#380 = AXIS2_PLACEMENT_3D('',#381,#382,#383);
#381 = CARTESIAN_POINT('',(10.,10.,0.));
#382 = DIRECTION('',(0.,0.,-1.));
#383 = DIRECTION('',(1.,0.,0.));
#384 = ORIENTED_EDGE('',*,*,#385,.T.);
#385 = EDGE_CURVE('',#377,#348,#386,.T.);
#386 = CIRCLE('',#387,4.8);
#387 = AXIS2_PLACEMENT_3D('',#388,#389,#390);
#388 = CARTESIAN_POINT('',(10.,10.,0.));
#389 = DIRECTION('',(0.,0.,-1.));
#390 = DIRECTION('',(1.,0.,0.));
#391 = FACE_BOUND('',#392,.F.);
#392 = EDGE_LOOP('',(#393));
#393 = ORIENTED_EDGE('',*,*,#31,.F.);
#394 = FACE_BOUND('',#395,.F.);
#395 = EDGE_LOOP('',(#396,#406,#414,#422));
#396 = ORIENTED_EDGE('',*,*,#397,.F.);
#397 = EDGE_CURVE('',#398,#400,#402,.T.);
#398 = VERTEX_POINT('',#399);
#399 = CARTESIAN_POINT('',(29.886751345948,5.,-1.E-15));
#400 = VERTEX_POINT('',#401);
#401 = CARTESIAN_POINT('',(27.,10.,-2.E-15));
#402 = LINE('',#403,#404);
#403 = CARTESIAN_POINT('',(29.886751345948,5.,0.));
#404 = VECTOR('',#405,1.);
#405 = DIRECTION('',(-0.5,0.866025403784,0.));
#406 = ORIENTED_EDGE('',*,*,#407,.T.);
#407 = EDGE_CURVE('',#398,#408,#410,.T.);
#408 = VERTEX_POINT('',#409);
#409 = CARTESIAN_POINT('',(27.886751345948,5.,-1.E-15));
#410 = LINE('',#411,#412);
#411 = CARTESIAN_POINT('',(29.886751345948,5.,0.));
#412 = VECTOR('',#413,1.);
#413 = DIRECTION('',(-1.,0.,0.));
#414 = ORIENTED_EDGE('',*,*,#415,.T.);
#415 = EDGE_CURVE('',#408,#416,#418,.T.);
#416 = VERTEX_POINT('',#417);
#417 = CARTESIAN_POINT('',(25.,10.,-2.E-15));
#418 = LINE('',#419,#420);
#419 = CARTESIAN_POINT('',(27.886751345948,5.,0.));
#420 = VECTOR('',#421,1.);
#421 = DIRECTION('',(-0.5,0.866025403784,0.));
#422 = ORIENTED_EDGE('',*,*,#423,.F.);
#423 = EDGE_CURVE('',#400,#416,#424,.T.);
#424 = LINE('',#425,#426);
#425 = CARTESIAN_POINT('',(27.,10.,0.));
#426 = VECTOR('',#427,1.);
#427 = DIRECTION('',(-1.,0.,0.));
#428 = FACE_BOUND('',#429,.F.);
#429 = EDGE_LOOP('',(#430,#440,#448,#456));
#430 = ORIENTED_EDGE('',*,*,#431,.F.);
#431 = EDGE_CURVE('',#432,#434,#436,.T.);
#432 = VERTEX_POINT('',#433);
#433 = CARTESIAN_POINT('',(31.886751345948,5.,-1.E-15));
#434 = VERTEX_POINT('',#435);
#435 = CARTESIAN_POINT('',(33.886751345948,5.,-1.E-15));
#436 = LINE('',#437,#438);
#437 = CARTESIAN_POINT('',(31.886751345948,5.,0.));
#438 = VECTOR('',#439,1.);
#439 = DIRECTION('',(1.,0.,0.));
#440 = ORIENTED_EDGE('',*,*,#441,.T.);
#441 = EDGE_CURVE('',#432,#442,#444,.T.);
#442 = VERTEX_POINT('',#443);
#443 = CARTESIAN_POINT('',(26.113248654052,15.,-4.E-15));
#444 = LINE('',#445,#446);
#445 = CARTESIAN_POINT('',(31.886751345948,5.,0.));
#446 = VECTOR('',#447,1.);
#447 = DIRECTION('',(-0.5,0.866025403784,0.));
#448 = ORIENTED_EDGE('',*,*,#449,.F.);
#449 = EDGE_CURVE('',#450,#442,#452,.T.);
#450 = VERTEX_POINT('',#451);
#451 = CARTESIAN_POINT('',(28.113248654052,15.,-4.E-15));
#452 = LINE('',#453,#454);
#453 = CARTESIAN_POINT('',(28.113248654052,15.,0.));
#454 = VECTOR('',#455,1.);
#455 = DIRECTION('',(-1.,0.,0.));
#456 = ORIENTED_EDGE('',*,*,#457,.F.);
#457 = EDGE_CURVE('',#434,#450,#458,.T.);
#458 = LINE('',#459,#460);
#459 = CARTESIAN_POINT('',(33.886751345948,5.,0.));
#460 = VECTOR('',#461,1.);
#461 = DIRECTION('',(-0.5,0.866025403784,0.));
#462 = FACE_BOUND('',#463,.F.);
#463 = EDGE_LOOP('',(#464,#474,#482,#490));
#464 = ORIENTED_EDGE('',*,*,#465,.F.);
#465 = EDGE_CURVE('',#466,#468,#470,.T.);
#466 = VERTEX_POINT('',#467);
#467 = CARTESIAN_POINT('',(35.,10.,-2.E-15));
#468 = VERTEX_POINT('',#469);
#469 = CARTESIAN_POINT('',(32.113248654052,15.,-4.E-15));
#470 = LINE('',#471,#472);
#471 = CARTESIAN_POINT('',(35.,10.,0.));
#472 = VECTOR('',#473,1.);
#473 = DIRECTION('',(-0.5,0.866025403784,0.));
#474 = ORIENTED_EDGE('',*,*,#475,.T.);
#475 = EDGE_CURVE('',#466,#476,#478,.T.);
#476 = VERTEX_POINT('',#477);
#477 = CARTESIAN_POINT('',(33.,10.,-2.E-15));
#478 = LINE('',#479,#480);
#479 = CARTESIAN_POINT('',(35.,10.,0.));
#480 = VECTOR('',#481,1.);
#481 = DIRECTION('',(-1.,0.,0.));
#482 = ORIENTED_EDGE('',*,*,#483,.T.);
#483 = EDGE_CURVE('',#476,#484,#486,.T.);
#484 = VERTEX_POINT('',#485);
#485 = CARTESIAN_POINT('',(30.113248654052,15.,-4.E-15));
#486 = LINE('',#487,#488);
#487 = CARTESIAN_POINT('',(33.,10.,0.));
#488 = VECTOR('',#489,1.);
#489 = DIRECTION('',(-0.5,0.866025403784,0.));
#490 = ORIENTED_EDGE('',*,*,#491,.T.);
#491 = EDGE_CURVE('',#484,#468,#492,.T.);
#492 = LINE('',#493,#494);
#493 = CARTESIAN_POINT('',(30.113248654052,15.,0.));
#494 = VECTOR('',#495,1.);
#495 = DIRECTION('',(1.,0.,0.));
#496 = PLANE('',#497);
#497 = AXIS2_PLACEMENT_3D('',#498,#499,#500);
#498 = CARTESIAN_POINT('',(18.962230723403,9.999999999998,0.));
#499 = DIRECTION('',(0.,0.,1.));
#500 = DIRECTION('',(1.,0.,0.));
#501 = ADVANCED_FACE('',(#502),#522,.T.);
#502 = FACE_BOUND('',#503,.T.);
#503 = EDGE_LOOP('',(#504,#513,#514,#515,#516));
#504 = ORIENTED_EDGE('',*,*,#505,.T.);
#505 = EDGE_CURVE('',#506,#157,#508,.T.);
#506 = VERTEX_POINT('',#507);
#507 = CARTESIAN_POINT('',(20.141810816041,8.400350895029,8.));
#508 = CIRCLE('',#509,1.6);
#509 = AXIS2_PLACEMENT_3D('',#510,#511,#512);
#510 = CARTESIAN_POINT('',(20.138599281067,10.,8.033353065951));
#511 = DIRECTION('',(0.995396198367,-0.,9.584575252022E-02));
#512 = DIRECTION('',(0.,1.,0.));
#513 = ORIENTED_EDGE('',*,*,#185,.F.);
#514 = ORIENTED_EDGE('',*,*,#104,.F.);
#515 = ORIENTED_EDGE('',*,*,#95,.F.);
#516 = ORIENTED_EDGE('',*,*,#517,.F.);
#517 = EDGE_CURVE('',#506,#87,#518,.T.);
#518 = LINE('',#519,#520);
#519 = CARTESIAN_POINT('',(20.141810816041,9.999999999999,8.));
#520 = VECTOR('',#521,1.);
#521 = DIRECTION('',(0.,1.,0.));
#522 = PLANE('',#523);
#523 = AXIS2_PLACEMENT_3D('',#524,#525,#526);
#524 = CARTESIAN_POINT('',(20.138599281067,10.,8.033353065951));
#525 = DIRECTION('',(0.995396198367,0.,9.584575252022E-02));
#526 = DIRECTION('',(-9.584575252022E-02,0.,0.995396198367));
#527 = ADVANCED_FACE('',(#528),#576,.F.);
#528 = FACE_BOUND('',#529,.F.);
#529 = EDGE_LOOP('',(#530,#547,#574,#575));
#530 = ORIENTED_EDGE('',*,*,#531,.T.);
#531 = EDGE_CURVE('',#40,#532,#534,.T.);
#532 = VERTEX_POINT('',#533);
#533 = CARTESIAN_POINT('',(20.147640463548,11.597216875528,
    7.939456795802));
#534 = B_SPLINE_CURVE_WITH_KNOTS('',6,(#535,#536,#537,#538,#539,#540,
    #541,#542,#543,#544,#545,#546),.UNSPECIFIED.,.F.,.F.,(7,5,7),(0.,
    0.260566866039,1.),.UNSPECIFIED.);
#535 = CARTESIAN_POINT('',(20.163061909715,11.591669979901,
    7.779298953811));
#536 = CARTESIAN_POINT('',(20.161913105934,11.591787874143,
    7.791229737246));
#537 = CARTESIAN_POINT('',(20.160847754225,11.591950315677,
    7.802293837771));
#538 = CARTESIAN_POINT('',(20.159855437817,11.592143811025,
    7.812599437705));
#539 = CARTESIAN_POINT('',(20.158927680057,11.592359418555,
    7.822234570435));
#540 = CARTESIAN_POINT('',(20.158057506035,11.592591120783,7.83127167318
    ));
#541 = CARTESIAN_POINT('',(20.154916270739,11.593523994157,
    7.863894649055));
#542 = CARTESIAN_POINT('',(20.153009708985,11.594305189158,7.88369504992
    ));
#543 = CARTESIAN_POINT('',(20.151385029775,11.595075734727,
    7.900567988651));
#544 = CARTESIAN_POINT('',(20.149977700255,11.595826066833,
    7.915183664532));
#545 = CARTESIAN_POINT('',(20.148740052,11.596541460165,7.928037133106)
  );
#546 = CARTESIAN_POINT('',(20.14764027605,11.597221135836,7.939458743053
    ));
#547 = ORIENTED_EDGE('',*,*,#548,.T.);
#548 = EDGE_CURVE('',#532,#149,#549,.T.);
#549 = B_SPLINE_CURVE_WITH_KNOTS('',12,(#550,#551,#552,#553,#554,#555,
    #556,#557,#558,#559,#560,#561,#562,#563,#564,#565,#566,#567,#568,
    #569,#570,#571,#572,#573),.UNSPECIFIED.,.F.,.F.,(13,11,13),(
    -0.393852801571,-0.159390335892,2.763512687472),.UNSPECIFIED.);
#550 = CARTESIAN_POINT('',(19.776614671597,11.601266625337,
    8.141887206547));
#551 = CARTESIAN_POINT('',(19.79699799308,11.601156288461,8.130766001166
    ));
#552 = CARTESIAN_POINT('',(19.817381314564,11.601045951585,
    8.119644795784));
#553 = CARTESIAN_POINT('',(19.837764636047,11.600935614708,
    8.108523590403));
#554 = CARTESIAN_POINT('',(19.85814795753,11.600825277832,8.097402385022
    ));
#555 = CARTESIAN_POINT('',(19.878531279013,11.600714940955,8.08628117964
    ));
#556 = CARTESIAN_POINT('',(19.898914600496,11.600604604079,
    8.075159974259));
#557 = CARTESIAN_POINT('',(19.91929792198,11.600494267202,8.064038768878
    ));
#558 = CARTESIAN_POINT('',(19.939681243463,11.600383930326,
    8.052917563496));
#559 = CARTESIAN_POINT('',(19.960064564946,11.60027359345,8.041796358115
    ));
#560 = CARTESIAN_POINT('',(19.980447886429,11.600163256573,
    8.030675152734));
#561 = CARTESIAN_POINT('',(20.000831207912,11.600052919697,
    8.019553947352));
#562 = CARTESIAN_POINT('',(20.275321180611,11.598567079118,
    7.869791340506));
#563 = CARTESIAN_POINT('',(20.527696986628,11.579415386855,
    7.732183213871));
#564 = CARTESIAN_POINT('',(20.783544896074,11.540948173891,
    7.592074193831));
#565 = CARTESIAN_POINT('',(21.020278113747,11.490083559763,
    7.465701854723));
#566 = CARTESIAN_POINT('',(21.284696054995,11.405967925471,
    7.315997433177));
#567 = CARTESIAN_POINT('',(21.483715468566,11.328258090445,
    7.219138228482));
#568 = CARTESIAN_POINT('',(21.763656722495,11.199775363613,
    7.054907349602));
#569 = CARTESIAN_POINT('',(21.934876437475,11.060118450097,
    6.974677930419));
#570 = CARTESIAN_POINT('',(22.200708580518,10.902134270589,
    6.828354515146));
#571 = CARTESIAN_POINT('',(22.402413068597,10.63002932789,6.711993749939
    ));
#572 = CARTESIAN_POINT('',(22.50415424748,10.31524009588,6.653729950684)
  );
#573 = CARTESIAN_POINT('',(22.50415424748,10.,6.653729950684));
#574 = ORIENTED_EDGE('',*,*,#148,.F.);
#575 = ORIENTED_EDGE('',*,*,#39,.F.);
#576 = ( BOUNDED_SURFACE() B_SPLINE_SURFACE(2,12,(
    (#577,#578,#579,#580,#581,#582,#583,#584,#585,#586,#587,#588,#589
      ,#590,#591,#592,#593,#594,#595,#596,#597,#598,#599,#600)
    ,(#601,#602,#603,#604,#605,#606,#607,#608,#609,#610,#611,#612,#613
      ,#614,#615,#616,#617,#618,#619,#620,#621,#622,#623,#624)
    ,(#625,#626,#627,#628,#629,#630,#631,#632,#633,#634,#635,#636,#637
      ,#638,#639,#640,#641,#642,#643,#644,#645,#646,#647,#648
)),.UNSPECIFIED.,.F.,.F.,.F.) B_SPLINE_SURFACE_WITH_KNOTS((3,3),(13,11,
    13),(0.,2.922903023364),(-0.393852801571,-0.159390335892,
2.763512687472),.UNSPECIFIED.) GEOMETRIC_REPRESENTATION_ITEM() 
RATIONAL_B_SPLINE_SURFACE((
    (1.,1.,1.,1.,1.,1.,1.,1.,1.,1.,1.,1.,1.,1.,1.,1.,1.,1.,1.,1.,1.,1.
      ,1.,1.)
    ,(0.999983776979,1.000014952068,1.000040458959,1.000060297652
      ,1.000074468147,1.000082970444,1.000085804543,1.000082970444
      ,1.000074468147,1.000060297652,1.000040458959,1.000014952068
      ,0.99959513583,0.99418442459,0.983275134765,0.969427528197
      ,0.944229798526,0.928647474751,0.883235310701,0.865568185018
      ,0.808303227933,0.763134910007,0.740218127487,0.740218127487)
    ,(1.,1.,1.,1.,1.,1.,1.,1.,1.,1.,1.,1.,1.,1.,1.,1.,1.,1.,1.,1.,1.,1.
,1.,1.))) REPRESENTATION_ITEM('') SURFACE() );
#577 = CARTESIAN_POINT('',(19.857270841756,11.601266625337,
    8.230682724986));
#578 = CARTESIAN_POINT('',(19.870294502101,11.601156288461,8.21145916457
    ));
#579 = CARTESIAN_POINT('',(19.883318162446,11.601045951584,
    8.192235604155));
#580 = CARTESIAN_POINT('',(19.896341822791,11.600935614708,
    8.173012043739));
#581 = CARTESIAN_POINT('',(19.909365483136,11.600825277832,
    8.153788483324));
#582 = CARTESIAN_POINT('',(19.92238914348,11.600714940955,8.134564922908
    ));
#583 = CARTESIAN_POINT('',(19.935412803825,11.600604604079,
    8.115341362493));
#584 = CARTESIAN_POINT('',(19.94843646417,11.600494267202,8.096117802077
    ));
#585 = CARTESIAN_POINT('',(19.961460124514,11.600383930326,
    8.076894241662));
#586 = CARTESIAN_POINT('',(19.974483784859,11.60027359345,8.057670681246
    ));
#587 = CARTESIAN_POINT('',(19.987507445204,11.600163256573,
    8.038447120831));
#588 = CARTESIAN_POINT('',(20.000531105548,11.600052919697,
    8.019223560415));
#589 = CARTESIAN_POINT('',(20.175912933058,11.598567079118,
    7.760351394859));
#590 = CARTESIAN_POINT('',(20.337076688198,11.579415386855,
    7.522326631415));
#591 = CARTESIAN_POINT('',(20.501062609585,11.540948173892,
    7.281085449529));
#592 = CARTESIAN_POINT('',(20.649543028754,11.490083559761,7.05755435641
    ));
#593 = CARTESIAN_POINT('',(20.823901577632,11.405967925474,
    6.808702276093));
#594 = CARTESIAN_POINT('',(20.93939002696,11.32825809044,6.619882651509)
  );
#595 = CARTESIAN_POINT('',(21.129695999815,11.199775363618,
    6.356971023995));
#596 = CARTESIAN_POINT('',(21.225966740959,11.060118450095,
    6.194229219518));
#597 = CARTESIAN_POINT('',(21.39709539411,10.902134270588,5.943645392852
    ));
#598 = CARTESIAN_POINT('',(21.532252975863,10.630029327892,
    5.754022197305));
#599 = CARTESIAN_POINT('',(21.6,10.31524009588,5.658333752317));
#600 = CARTESIAN_POINT('',(21.6,10.,5.658333752317));
#601 = CARTESIAN_POINT('',(19.811135197522,11.602042454274,
    8.191560181088));
#602 = CARTESIAN_POINT('',(19.828813022859,11.601859691325,
    8.175502775112));
#603 = CARTESIAN_POINT('',(19.846400689905,11.601677860482,
    8.159527263162));
#604 = CARTESIAN_POINT('',(19.863898504611,11.601496958581,8.14363336733
    ));
#605 = CARTESIAN_POINT('',(19.881306769846,11.601316982491,
    8.127820812512));
#606 = CARTESIAN_POINT('',(19.898625785412,11.601137929113,
    8.112089326384));
#607 = CARTESIAN_POINT('',(19.915855848063,11.600959795378,
    8.096438639396));
#608 = CARTESIAN_POINT('',(19.932997251522,11.60078257825,8.080868484748
    ));
#609 = CARTESIAN_POINT('',(19.950050286495,11.600606274724,
    8.065378598381));
#610 = CARTESIAN_POINT('',(19.967015240691,11.600430881824,
    8.049968718959));
#611 = CARTESIAN_POINT('',(19.983892398836,11.600256396607,
    8.034638587854));
#612 = CARTESIAN_POINT('',(20.00068204269,11.600082816161,8.019387949134
    ));
#613 = CARTESIAN_POINT('',(20.225690813938,11.597756553419,
    7.815004371447));
#614 = CARTESIAN_POINT('',(20.434802191635,11.56712574025,7.625060969338
    ));
#615 = CARTESIAN_POINT('',(20.642647733073,11.509304238526,
    7.436267372026));
#616 = CARTESIAN_POINT('',(20.841984337347,11.414801277109,
    7.255202748839));
#617 = CARTESIAN_POINT('',(21.019827628697,11.313313837772,
    7.093661276911));
#618 = CARTESIAN_POINT('',(21.20545617481,11.148489256516,6.925048176971
    ));
#619 = CARTESIAN_POINT('',(21.321358792443,11.008260141133,
    6.819769651712));
#620 = CARTESIAN_POINT('',(21.47250543832,10.810718394957,6.682477704827
    ));
#621 = CARTESIAN_POINT('',(21.540897520676,10.590868655644,6.62035471119
    ));
#622 = CARTESIAN_POINT('',(21.578883455363,10.403993955266,
    6.585850717438));
#623 = CARTESIAN_POINT('',(21.6,10.207987693315,6.56666979877));
#624 = CARTESIAN_POINT('',(21.6,10.,6.56666979877));
#625 = CARTESIAN_POINT('',(19.776614671597,11.601266625337,
    8.141887206547));
#626 = CARTESIAN_POINT('',(19.79699799308,11.601156288461,8.130766001166
    ));
#627 = CARTESIAN_POINT('',(19.817381314564,11.601045951585,
    8.119644795784));
#628 = CARTESIAN_POINT('',(19.837764636047,11.600935614708,
    8.108523590403));
#629 = CARTESIAN_POINT('',(19.85814795753,11.600825277832,8.097402385022
    ));
#630 = CARTESIAN_POINT('',(19.878531279013,11.600714940955,8.08628117964
    ));
#631 = CARTESIAN_POINT('',(19.898914600496,11.600604604079,
    8.075159974259));
#632 = CARTESIAN_POINT('',(19.91929792198,11.600494267202,8.064038768878
    ));
#633 = CARTESIAN_POINT('',(19.939681243463,11.600383930326,
    8.052917563496));
#634 = CARTESIAN_POINT('',(19.960064564946,11.60027359345,8.041796358115
    ));
#635 = CARTESIAN_POINT('',(19.980447886429,11.600163256573,
    8.030675152734));
#636 = CARTESIAN_POINT('',(20.000831207912,11.600052919697,
    8.019553947352));
#637 = CARTESIAN_POINT('',(20.275321180611,11.598567079118,
    7.869791340506));
#638 = CARTESIAN_POINT('',(20.527696986628,11.579415386855,
    7.732183213871));
#639 = CARTESIAN_POINT('',(20.783544896074,11.540948173891,
    7.592074193831));
#640 = CARTESIAN_POINT('',(21.020278113747,11.490083559763,
    7.465701854723));
#641 = CARTESIAN_POINT('',(21.284696054995,11.405967925471,
    7.315997433177));
#642 = CARTESIAN_POINT('',(21.483715468566,11.328258090445,
    7.219138228482));
#643 = CARTESIAN_POINT('',(21.763656722495,11.199775363613,
    7.054907349602));
#644 = CARTESIAN_POINT('',(21.934876437475,11.060118450097,
    6.974677930419));
#645 = CARTESIAN_POINT('',(22.200708580518,10.902134270589,
    6.828354515146));
#646 = CARTESIAN_POINT('',(22.402413068597,10.63002932789,6.711993749939
    ));
#647 = CARTESIAN_POINT('',(22.50415424748,10.31524009588,6.653729950684)
  );
#648 = CARTESIAN_POINT('',(22.50415424748,10.,6.653729950684));
#649 = ADVANCED_FACE('',(#650,#720,#731),#799,.T.);
#650 = FACE_BOUND('',#651,.T.);
#651 = EDGE_LOOP('',(#652,#662,#671,#679,#688,#696,#705,#713));
#652 = ORIENTED_EDGE('',*,*,#653,.T.);
#653 = EDGE_CURVE('',#654,#656,#658,.T.);
#654 = VERTEX_POINT('',#655);
#655 = CARTESIAN_POINT('',(4.,0.,8.));
#656 = VERTEX_POINT('',#657);
#657 = CARTESIAN_POINT('',(35.999999999993,3.289E-12,8.));
#658 = LINE('',#659,#660);
#659 = CARTESIAN_POINT('',(4.,0.,8.));
#660 = VECTOR('',#661,1.);
#661 = DIRECTION('',(1.,0.,0.));
#662 = ORIENTED_EDGE('',*,*,#663,.T.);
#663 = EDGE_CURVE('',#656,#664,#666,.T.);
#664 = VERTEX_POINT('',#665);
#665 = CARTESIAN_POINT('',(39.999999999993,4.000000000006,8.));
#666 = CIRCLE('',#667,4.);
#667 = AXIS2_PLACEMENT_3D('',#668,#669,#670);
#668 = CARTESIAN_POINT('',(35.999999999993,4.000000000007,8.));
#669 = DIRECTION('',(0.,0.,1.));
#670 = DIRECTION('',(1.,0.,0.));
#671 = ORIENTED_EDGE('',*,*,#672,.T.);
#672 = EDGE_CURVE('',#664,#673,#675,.T.);
#673 = VERTEX_POINT('',#674);
#674 = CARTESIAN_POINT('',(39.999999999993,15.999999999994,8.));
#675 = LINE('',#676,#677);
#676 = CARTESIAN_POINT('',(39.999999999993,4.000000000006,8.));
#677 = VECTOR('',#678,1.);
#678 = DIRECTION('',(0.,1.,0.));
#679 = ORIENTED_EDGE('',*,*,#680,.T.);
#680 = EDGE_CURVE('',#673,#681,#683,.T.);
#681 = VERTEX_POINT('',#682);
#682 = CARTESIAN_POINT('',(35.999999999993,19.999999999993,8.));
#683 = CIRCLE('',#684,4.);
#684 = AXIS2_PLACEMENT_3D('',#685,#686,#687);
#685 = CARTESIAN_POINT('',(35.999999999993,15.999999999993,8.));
#686 = DIRECTION('',(0.,0.,1.));
#687 = DIRECTION('',(1.,0.,0.));
#688 = ORIENTED_EDGE('',*,*,#689,.T.);
#689 = EDGE_CURVE('',#681,#690,#692,.T.);
#690 = VERTEX_POINT('',#691);
#691 = CARTESIAN_POINT('',(4.,19.999999999997,8.));
#692 = LINE('',#693,#694);
#693 = CARTESIAN_POINT('',(35.999999999993,19.999999999993,8.));
#694 = VECTOR('',#695,1.);
#695 = DIRECTION('',(-1.,0.,0.));
#696 = ORIENTED_EDGE('',*,*,#697,.T.);
#697 = EDGE_CURVE('',#690,#698,#700,.T.);
#698 = VERTEX_POINT('',#699);
#699 = CARTESIAN_POINT('',(0.,16.,8.));
#700 = CIRCLE('',#701,4.);
#701 = AXIS2_PLACEMENT_3D('',#702,#703,#704);
#702 = CARTESIAN_POINT('',(4.,16.,8.));
#703 = DIRECTION('',(0.,0.,1.));
#704 = DIRECTION('',(1.,0.,0.));
#705 = ORIENTED_EDGE('',*,*,#706,.T.);
#706 = EDGE_CURVE('',#698,#707,#709,.T.);
#707 = VERTEX_POINT('',#708);
#708 = CARTESIAN_POINT('',(0.,4.,8.));
#709 = LINE('',#710,#711);
#710 = CARTESIAN_POINT('',(0.,16.,8.));
#711 = VECTOR('',#712,1.);
#712 = DIRECTION('',(0.,-1.,0.));
#713 = ORIENTED_EDGE('',*,*,#714,.T.);
#714 = EDGE_CURVE('',#707,#654,#715,.T.);
#715 = CIRCLE('',#716,4.);
#716 = AXIS2_PLACEMENT_3D('',#717,#718,#719);
#717 = CARTESIAN_POINT('',(4.,4.,8.));
#718 = DIRECTION('',(0.,0.,1.));
#719 = DIRECTION('',(1.,0.,0.));
#720 = FACE_BOUND('',#721,.T.);
#721 = EDGE_LOOP('',(#722));
#722 = ORIENTED_EDGE('',*,*,#723,.F.);
#723 = EDGE_CURVE('',#724,#724,#726,.T.);
#724 = VERTEX_POINT('',#725);
#725 = CARTESIAN_POINT('',(12.7,10.,8.));
#726 = CIRCLE('',#727,2.7);
#727 = AXIS2_PLACEMENT_3D('',#728,#729,#730);
#728 = CARTESIAN_POINT('',(10.,10.,8.));
#729 = DIRECTION('',(0.,0.,1.));
#730 = DIRECTION('',(1.,0.,0.));
#731 = FACE_BOUND('',#732,.T.);
#732 = EDGE_LOOP('',(#733,#734,#742,#751,#759,#767,#775,#783,#791,#798)
  );
#733 = ORIENTED_EDGE('',*,*,#86,.F.);
#734 = ORIENTED_EDGE('',*,*,#735,.T.);
#735 = EDGE_CURVE('',#78,#736,#738,.T.);
#736 = VERTEX_POINT('',#737);
#737 = CARTESIAN_POINT('',(20.141810816041,11.599649104971,8.));
#738 = LINE('',#739,#740);
#739 = CARTESIAN_POINT('',(20.141810816041,9.999999999999,8.));
#740 = VECTOR('',#741,1.);
#741 = DIRECTION('',(0.,1.,0.));
#742 = ORIENTED_EDGE('',*,*,#743,.F.);
#743 = EDGE_CURVE('',#744,#736,#746,.T.);
#744 = VERTEX_POINT('',#745);
#745 = CARTESIAN_POINT('',(23.,11.570182437273,8.));
#746 = ELLIPSE('',#747,16.693488839397,1.6);
#747 = AXIS2_PLACEMENT_3D('',#748,#749,#750);
#748 = CARTESIAN_POINT('',(19.792214447327,10.,8.));
#749 = DIRECTION('',(-0.,0.,1.));
#750 = DIRECTION('',(1.,-1.E-16,0.));
#751 = ORIENTED_EDGE('',*,*,#752,.F.);
#752 = EDGE_CURVE('',#753,#744,#755,.T.);
#753 = VERTEX_POINT('',#754);
#754 = CARTESIAN_POINT('',(23.,13.,8.));
#755 = LINE('',#756,#757);
#756 = CARTESIAN_POINT('',(23.,13.,8.));
#757 = VECTOR('',#758,1.);
#758 = DIRECTION('',(0.,-1.,0.));
#759 = ORIENTED_EDGE('',*,*,#760,.F.);
#760 = EDGE_CURVE('',#761,#753,#763,.T.);
#761 = VERTEX_POINT('',#762);
#762 = CARTESIAN_POINT('',(38.,13.,8.));
#763 = LINE('',#764,#765);
#764 = CARTESIAN_POINT('',(38.,13.,8.));
#765 = VECTOR('',#766,1.);
#766 = DIRECTION('',(-1.,0.,0.));
#767 = ORIENTED_EDGE('',*,*,#768,.F.);
#768 = EDGE_CURVE('',#769,#761,#771,.T.);
#769 = VERTEX_POINT('',#770);
#770 = CARTESIAN_POINT('',(38.,7.,8.));
#771 = LINE('',#772,#773);
#772 = CARTESIAN_POINT('',(38.,7.,8.));
#773 = VECTOR('',#774,1.);
#774 = DIRECTION('',(0.,1.,0.));
#775 = ORIENTED_EDGE('',*,*,#776,.F.);
#776 = EDGE_CURVE('',#777,#769,#779,.T.);
#777 = VERTEX_POINT('',#778);
#778 = CARTESIAN_POINT('',(23.,7.,8.));
#779 = LINE('',#780,#781);
#780 = CARTESIAN_POINT('',(23.,7.,8.));
#781 = VECTOR('',#782,1.);
#782 = DIRECTION('',(1.,0.,0.));
#783 = ORIENTED_EDGE('',*,*,#784,.F.);
#784 = EDGE_CURVE('',#785,#777,#787,.T.);
#785 = VERTEX_POINT('',#786);
#786 = CARTESIAN_POINT('',(23.,8.429817562727,8.));
#787 = LINE('',#788,#789);
#788 = CARTESIAN_POINT('',(23.,13.,8.));
#789 = VECTOR('',#790,1.);
#790 = DIRECTION('',(0.,-1.,0.));
#791 = ORIENTED_EDGE('',*,*,#792,.F.);
#792 = EDGE_CURVE('',#506,#785,#793,.T.);
#793 = ELLIPSE('',#794,16.693488839397,1.6);
#794 = AXIS2_PLACEMENT_3D('',#795,#796,#797);
#795 = CARTESIAN_POINT('',(19.792214447327,10.,8.));
#796 = DIRECTION('',(-0.,0.,1.));
#797 = DIRECTION('',(1.,-1.E-16,0.));
#798 = ORIENTED_EDGE('',*,*,#517,.T.);
#799 = PLANE('',#800);
#800 = AXIS2_PLACEMENT_3D('',#801,#802,#803);
#801 = CARTESIAN_POINT('',(18.962230723403,9.999999999998,8.));
#802 = DIRECTION('',(0.,0.,1.));
#803 = DIRECTION('',(1.,0.,0.));
#804 = ADVANCED_FACE('',(#805),#818,.T.);
#805 = FACE_BOUND('',#806,.T.);
#806 = EDGE_LOOP('',(#807,#814,#815,#816,#817));
#807 = ORIENTED_EDGE('',*,*,#808,.T.);
#808 = EDGE_CURVE('',#532,#736,#809,.T.);
#809 = CIRCLE('',#810,1.6);
#810 = AXIS2_PLACEMENT_3D('',#811,#812,#813);
#811 = CARTESIAN_POINT('',(20.138599281067,10.,8.033353065951));
#812 = DIRECTION('',(0.995396198367,-0.,9.584575252022E-02));
#813 = DIRECTION('',(0.,1.,0.));
#814 = ORIENTED_EDGE('',*,*,#735,.F.);
#815 = ORIENTED_EDGE('',*,*,#77,.F.);
#816 = ORIENTED_EDGE('',*,*,#68,.T.);
#817 = ORIENTED_EDGE('',*,*,#531,.T.);
#818 = PLANE('',#819);
#819 = AXIS2_PLACEMENT_3D('',#820,#821,#822);
#820 = CARTESIAN_POINT('',(20.138599281067,10.,8.033353065951));
#821 = DIRECTION('',(0.995396198367,0.,9.584575252022E-02));
#822 = DIRECTION('',(-9.584575252022E-02,0.,0.995396198367));
#823 = ADVANCED_FACE('',(#824),#864,.F.);
#824 = FACE_BOUND('',#825,.F.);
#825 = EDGE_LOOP('',(#826,#827,#828,#837,#845,#852,#853,#860,#861,#862,
    #863));
#826 = ORIENTED_EDGE('',*,*,#808,.T.);
#827 = ORIENTED_EDGE('',*,*,#743,.F.);
#828 = ORIENTED_EDGE('',*,*,#829,.T.);
#829 = EDGE_CURVE('',#744,#830,#832,.T.);
#830 = VERTEX_POINT('',#831);
#831 = CARTESIAN_POINT('',(23.,11.6,8.308874617689));
#832 = ELLIPSE('',#833,1.607400151442,1.6);
#833 = AXIS2_PLACEMENT_3D('',#834,#835,#836);
#834 = CARTESIAN_POINT('',(23.,10.,8.308874617689));
#835 = DIRECTION('',(1.,0.,0.));
#836 = DIRECTION('',(0.,-1.04E-15,1.));
#837 = ORIENTED_EDGE('',*,*,#838,.F.);
#838 = EDGE_CURVE('',#839,#830,#841,.T.);
#839 = VERTEX_POINT('',#840);
#840 = CARTESIAN_POINT('',(38.,11.6,9.753210340652));
#841 = LINE('',#842,#843);
#842 = CARTESIAN_POINT('',(39.051127050043,11.6,9.854422363835));
#843 = VECTOR('',#844,1.);
#844 = DIRECTION('',(-0.995396198367,1.1E-16,-9.584575252022E-02));
#845 = ORIENTED_EDGE('',*,*,#846,.T.);
#846 = EDGE_CURVE('',#839,#839,#847,.T.);
#847 = ELLIPSE('',#848,1.607400151442,1.6);
#848 = AXIS2_PLACEMENT_3D('',#849,#850,#851);
#849 = CARTESIAN_POINT('',(38.,10.,9.753210340652));
#850 = DIRECTION('',(-1.,0.,0.));
#851 = DIRECTION('',(0.,-1.04E-15,1.));
#852 = ORIENTED_EDGE('',*,*,#838,.T.);
#853 = ORIENTED_EDGE('',*,*,#854,.T.);
#854 = EDGE_CURVE('',#830,#785,#855,.T.);
#855 = ELLIPSE('',#856,1.607400151442,1.6);
#856 = AXIS2_PLACEMENT_3D('',#857,#858,#859);
#857 = CARTESIAN_POINT('',(23.,10.,8.308874617689));
#858 = DIRECTION('',(1.,0.,0.));
#859 = DIRECTION('',(0.,-1.04E-15,1.));
#860 = ORIENTED_EDGE('',*,*,#792,.F.);
#861 = ORIENTED_EDGE('',*,*,#505,.T.);
#862 = ORIENTED_EDGE('',*,*,#156,.F.);
#863 = ORIENTED_EDGE('',*,*,#548,.F.);
#864 = CYLINDRICAL_SURFACE('',#865,1.6);
#865 = AXIS2_PLACEMENT_3D('',#866,#867,#868);
#866 = CARTESIAN_POINT('',(39.051127050043,10.,9.854422363835));
#867 = DIRECTION('',(0.995396198367,-1.E-16,9.584575252022E-02));
#868 = DIRECTION('',(1.110446194928E-16,1.,-1.098994145833E-16));
#869 = ADVANCED_FACE('',(#870),#895,.T.);
#870 = FACE_BOUND('',#871,.F.);
#871 = EDGE_LOOP('',(#872,#880,#888,#894));
#872 = ORIENTED_EDGE('',*,*,#873,.F.);
#873 = EDGE_CURVE('',#874,#278,#876,.T.);
#874 = VERTEX_POINT('',#875);
#875 = CARTESIAN_POINT('',(4.,0.,2.5));
#876 = LINE('',#877,#878);
#877 = CARTESIAN_POINT('',(4.,1.25,1.25));
#878 = VECTOR('',#879,1.);
#879 = DIRECTION('',(0.,0.707106781187,-0.707106781187));
#880 = ORIENTED_EDGE('',*,*,#881,.T.);
#881 = EDGE_CURVE('',#874,#882,#884,.T.);
#882 = VERTEX_POINT('',#883);
#883 = CARTESIAN_POINT('',(35.999999999993,0.,2.5));
#884 = LINE('',#885,#886);
#885 = CARTESIAN_POINT('',(4.,0.,2.5));
#886 = VECTOR('',#887,1.);
#887 = DIRECTION('',(1.,0.,0.));
#888 = ORIENTED_EDGE('',*,*,#889,.T.);
#889 = EDGE_CURVE('',#882,#280,#890,.T.);
#890 = LINE('',#891,#892);
#891 = CARTESIAN_POINT('',(35.999999999993,1.25,1.25));
#892 = VECTOR('',#893,1.);
#893 = DIRECTION('',(0.,0.707106781187,-0.707106781187));
#894 = ORIENTED_EDGE('',*,*,#277,.F.);
#895 = PLANE('',#896);
#896 = AXIS2_PLACEMENT_3D('',#897,#898,#899);
#897 = CARTESIAN_POINT('',(4.,1.25,1.25));
#898 = DIRECTION('',(0.,-0.707106781187,-0.707106781187));
#899 = DIRECTION('',(-1.,-0.,-0.));
#900 = ADVANCED_FACE('',(#901),#920,.T.);
#901 = FACE_BOUND('',#902,.F.);
#902 = EDGE_LOOP('',(#903,#911,#918,#919));
#903 = ORIENTED_EDGE('',*,*,#904,.F.);
#904 = EDGE_CURVE('',#905,#331,#907,.T.);
#905 = VERTEX_POINT('',#906);
#906 = CARTESIAN_POINT('',(0.,4.,2.5));
#907 = LINE('',#908,#909);
#908 = CARTESIAN_POINT('',(1.25,4.,1.25));
#909 = VECTOR('',#910,1.);
#910 = DIRECTION('',(0.707106781187,0.,-0.707106781187));
#911 = ORIENTED_EDGE('',*,*,#912,.T.);
#912 = EDGE_CURVE('',#905,#874,#913,.T.);
#913 = CIRCLE('',#914,4.);
#914 = AXIS2_PLACEMENT_3D('',#915,#916,#917);
#915 = CARTESIAN_POINT('',(4.,4.,2.5));
#916 = DIRECTION('',(0.,0.,1.));
#917 = DIRECTION('',(-1.,-3.3E-16,0.));
#918 = ORIENTED_EDGE('',*,*,#873,.T.);
#919 = ORIENTED_EDGE('',*,*,#338,.F.);
#920 = CONICAL_SURFACE('',#921,4.,0.785398163397);
#921 = AXIS2_PLACEMENT_3D('',#922,#923,#924);
#922 = CARTESIAN_POINT('',(4.,4.,2.5));
#923 = DIRECTION('',(0.,0.,1.));
#924 = DIRECTION('',(-1.,-3.3E-16,0.));
#925 = ADVANCED_FACE('',(#926),#945,.T.);
#926 = FACE_BOUND('',#927,.F.);
#927 = EDGE_LOOP('',(#928,#929,#938,#944));
#928 = ORIENTED_EDGE('',*,*,#889,.F.);
#929 = ORIENTED_EDGE('',*,*,#930,.T.);
#930 = EDGE_CURVE('',#882,#931,#933,.T.);
#931 = VERTEX_POINT('',#932);
#932 = CARTESIAN_POINT('',(39.999999999993,4.000000000006,2.5));
#933 = CIRCLE('',#934,4.);
#934 = AXIS2_PLACEMENT_3D('',#935,#936,#937);
#935 = CARTESIAN_POINT('',(35.999999999993,4.000000000007,2.5));
#936 = DIRECTION('',(-0.,0.,1.));
#937 = DIRECTION('',(1.78E-15,-1.,0.));
#938 = ORIENTED_EDGE('',*,*,#939,.T.);
#939 = EDGE_CURVE('',#931,#288,#940,.T.);
#940 = LINE('',#941,#942);
#941 = CARTESIAN_POINT('',(39.999999999993,4.000000000006,2.5));
#942 = VECTOR('',#943,1.);
#943 = DIRECTION('',(-0.707106781187,3.019E-14,-0.707106781187));
#944 = ORIENTED_EDGE('',*,*,#287,.F.);
#945 = CONICAL_SURFACE('',#946,4.,0.785398163397);
#946 = AXIS2_PLACEMENT_3D('',#947,#948,#949);
#947 = CARTESIAN_POINT('',(35.999999999993,4.000000000007,2.5));
#948 = DIRECTION('',(0.,0.,1.));
#949 = DIRECTION('',(1.78E-15,-1.,0.));
#950 = ADVANCED_FACE('',(#951),#969,.T.);
#951 = FACE_BOUND('',#952,.F.);
#952 = EDGE_LOOP('',(#953,#961,#967,#968));
#953 = ORIENTED_EDGE('',*,*,#954,.F.);
#954 = EDGE_CURVE('',#955,#322,#957,.T.);
#955 = VERTEX_POINT('',#956);
#956 = CARTESIAN_POINT('',(0.,16.,2.5));
#957 = LINE('',#958,#959);
#958 = CARTESIAN_POINT('',(0.,16.,2.5));
#959 = VECTOR('',#960,1.);
#960 = DIRECTION('',(0.707106781187,-4.E-17,-0.707106781187));
#961 = ORIENTED_EDGE('',*,*,#962,.T.);
#962 = EDGE_CURVE('',#955,#905,#963,.T.);
#963 = LINE('',#964,#965);
#964 = CARTESIAN_POINT('',(0.,16.,2.5));
#965 = VECTOR('',#966,1.);
#966 = DIRECTION('',(0.,-1.,0.));
#967 = ORIENTED_EDGE('',*,*,#904,.T.);
#968 = ORIENTED_EDGE('',*,*,#330,.F.);
#969 = PLANE('',#970);
#970 = AXIS2_PLACEMENT_3D('',#971,#972,#973);
#971 = CARTESIAN_POINT('',(1.25,16.,1.25));
#972 = DIRECTION('',(-0.707106781187,0.,-0.707106781187));
#973 = DIRECTION('',(0.,1.,0.));
#974 = ADVANCED_FACE('',(#975),#993,.T.);
#975 = FACE_BOUND('',#976,.F.);
#976 = EDGE_LOOP('',(#977,#978,#986,#992));
#977 = ORIENTED_EDGE('',*,*,#939,.F.);
#978 = ORIENTED_EDGE('',*,*,#979,.T.);
#979 = EDGE_CURVE('',#931,#980,#982,.T.);
#980 = VERTEX_POINT('',#981);
#981 = CARTESIAN_POINT('',(39.999999999993,15.999999999994,2.5));
#982 = LINE('',#983,#984);
#983 = CARTESIAN_POINT('',(39.999999999993,4.000000000006,2.5));
#984 = VECTOR('',#985,1.);
#985 = DIRECTION('',(0.,1.,0.));
#986 = ORIENTED_EDGE('',*,*,#987,.T.);
#987 = EDGE_CURVE('',#980,#297,#988,.T.);
#988 = LINE('',#989,#990);
#989 = CARTESIAN_POINT('',(38.749999999993,15.999999999994,1.25));
#990 = VECTOR('',#991,1.);
#991 = DIRECTION('',(-0.707106781187,0.,-0.707106781187));
#992 = ORIENTED_EDGE('',*,*,#296,.F.);
#993 = PLANE('',#994);
#994 = AXIS2_PLACEMENT_3D('',#995,#996,#997);
#995 = CARTESIAN_POINT('',(38.749999999993,4.000000000006,1.25));
#996 = DIRECTION('',(0.707106781187,0.,-0.707106781187));
#997 = DIRECTION('',(-0.,-1.,-0.));
#998 = ADVANCED_FACE('',(#999),#1018,.T.);
#999 = FACE_BOUND('',#1000,.F.);
#1000 = EDGE_LOOP('',(#1001,#1009,#1016,#1017));
#1001 = ORIENTED_EDGE('',*,*,#1002,.F.);
#1002 = EDGE_CURVE('',#1003,#314,#1005,.T.);
#1003 = VERTEX_POINT('',#1004);
#1004 = CARTESIAN_POINT('',(4.,19.999999999993,2.5));
#1005 = LINE('',#1006,#1007);
#1006 = CARTESIAN_POINT('',(4.,18.749999999993,1.25));
#1007 = VECTOR('',#1008,1.);
#1008 = DIRECTION('',(-0.,-0.707106781187,-0.707106781187));
#1009 = ORIENTED_EDGE('',*,*,#1010,.T.);
#1010 = EDGE_CURVE('',#1003,#955,#1011,.T.);
#1011 = CIRCLE('',#1012,4.);
#1012 = AXIS2_PLACEMENT_3D('',#1013,#1014,#1015);
#1013 = CARTESIAN_POINT('',(4.,16.,2.5));
#1014 = DIRECTION('',(0.,-0.,1.));
#1015 = DIRECTION('',(0.,1.,0.));
#1016 = ORIENTED_EDGE('',*,*,#954,.T.);
#1017 = ORIENTED_EDGE('',*,*,#321,.F.);
#1018 = CONICAL_SURFACE('',#1019,4.,0.785398163397);
#1019 = AXIS2_PLACEMENT_3D('',#1020,#1021,#1022);
#1020 = CARTESIAN_POINT('',(4.,16.,2.5));
#1021 = DIRECTION('',(0.,0.,1.));
#1022 = DIRECTION('',(0.,1.,0.));
#1023 = ADVANCED_FACE('',(#1024),#1043,.T.);
#1024 = FACE_BOUND('',#1025,.F.);
#1025 = EDGE_LOOP('',(#1026,#1027,#1036,#1042));
#1026 = ORIENTED_EDGE('',*,*,#987,.F.);
#1027 = ORIENTED_EDGE('',*,*,#1028,.T.);
#1028 = EDGE_CURVE('',#980,#1029,#1031,.T.);
#1029 = VERTEX_POINT('',#1030);
#1030 = CARTESIAN_POINT('',(35.999999999993,19.999999999993,2.5));
#1031 = CIRCLE('',#1032,4.);
#1032 = AXIS2_PLACEMENT_3D('',#1033,#1034,#1035);
#1033 = CARTESIAN_POINT('',(35.999999999993,15.999999999993,2.5));
#1034 = DIRECTION('',(0.,-0.,1.));
#1035 = DIRECTION('',(1.,4.174E-14,0.));
#1036 = ORIENTED_EDGE('',*,*,#1037,.T.);
#1037 = EDGE_CURVE('',#1029,#305,#1038,.T.);
#1038 = LINE('',#1039,#1040);
#1039 = CARTESIAN_POINT('',(35.999999999993,19.999999999993,2.5));
#1040 = VECTOR('',#1041,1.);
#1041 = DIRECTION('',(-1.14E-15,-0.707106781187,-0.707106781187));
#1042 = ORIENTED_EDGE('',*,*,#304,.F.);
#1043 = CONICAL_SURFACE('',#1044,4.,0.785398163397);
#1044 = AXIS2_PLACEMENT_3D('',#1045,#1046,#1047);
#1045 = CARTESIAN_POINT('',(35.999999999993,15.999999999993,2.5));
#1046 = DIRECTION('',(0.,0.,1.));
#1047 = DIRECTION('',(1.,4.174E-14,0.));
#1048 = ADVANCED_FACE('',(#1049),#1060,.T.);
#1049 = FACE_BOUND('',#1050,.F.);
#1050 = EDGE_LOOP('',(#1051,#1052,#1058,#1059));
#1051 = ORIENTED_EDGE('',*,*,#1037,.F.);
#1052 = ORIENTED_EDGE('',*,*,#1053,.T.);
#1053 = EDGE_CURVE('',#1029,#1003,#1054,.T.);
#1054 = LINE('',#1055,#1056);
#1055 = CARTESIAN_POINT('',(35.999999999993,19.999999999993,2.5));
#1056 = VECTOR('',#1057,1.);
#1057 = DIRECTION('',(-1.,0.,0.));
#1058 = ORIENTED_EDGE('',*,*,#1002,.T.);
#1059 = ORIENTED_EDGE('',*,*,#313,.F.);
#1060 = PLANE('',#1061);
#1061 = AXIS2_PLACEMENT_3D('',#1062,#1063,#1064);
#1062 = CARTESIAN_POINT('',(35.999999999993,18.749999999993,1.25));
#1063 = DIRECTION('',(0.,0.707106781187,-0.707106781187));
#1064 = DIRECTION('',(1.,0.,0.));
#1065 = ADVANCED_FACE('',(#1066),#1147,.F.);
#1066 = FACE_BOUND('',#1067,.F.);
#1067 = EDGE_LOOP('',(#1068,#1079,#1087,#1096,#1101,#1102,#1103,#1104,
    #1105,#1106,#1107,#1115,#1124,#1132,#1141));
#1068 = ORIENTED_EDGE('',*,*,#1069,.T.);
#1069 = EDGE_CURVE('',#1070,#1072,#1074,.T.);
#1070 = VERTEX_POINT('',#1071);
#1071 = CARTESIAN_POINT('',(6.031373033403,7.3,4.2));
#1072 = VERTEX_POINT('',#1073);
#1073 = CARTESIAN_POINT('',(6.031373033403,12.7,4.2));
#1074 = CIRCLE('',#1075,4.8);
#1075 = AXIS2_PLACEMENT_3D('',#1076,#1077,#1078);
#1076 = CARTESIAN_POINT('',(10.,10.,4.2));
#1077 = DIRECTION('',(0.,0.,-1.));
#1078 = DIRECTION('',(1.,0.,0.));
#1079 = ORIENTED_EDGE('',*,*,#1080,.F.);
#1080 = EDGE_CURVE('',#1081,#1072,#1083,.T.);
#1081 = VERTEX_POINT('',#1082);
#1082 = CARTESIAN_POINT('',(6.031373033403,12.7,4.));
#1083 = LINE('',#1084,#1085);
#1084 = CARTESIAN_POINT('',(6.031373033403,12.7,0.));
#1085 = VECTOR('',#1086,1.);
#1086 = DIRECTION('',(0.,0.,1.));
#1087 = ORIENTED_EDGE('',*,*,#1088,.T.);
#1088 = EDGE_CURVE('',#1081,#1089,#1091,.T.);
#1089 = VERTEX_POINT('',#1090);
#1090 = CARTESIAN_POINT('',(13.968626966597,12.7,4.));
#1091 = CIRCLE('',#1092,4.8);
#1092 = AXIS2_PLACEMENT_3D('',#1093,#1094,#1095);
#1093 = CARTESIAN_POINT('',(10.,10.,4.));
#1094 = DIRECTION('',(0.,0.,-1.));
#1095 = DIRECTION('',(1.,0.,0.));
#1096 = ORIENTED_EDGE('',*,*,#1097,.T.);
#1097 = EDGE_CURVE('',#1089,#368,#1098,.T.);
#1098 = B_SPLINE_CURVE_WITH_KNOTS('',1,(#1099,#1100),.UNSPECIFIED.,.F.,
  .F.,(2,2),(-4.,0.),.PIECEWISE_BEZIER_KNOTS.);
#1099 = CARTESIAN_POINT('',(13.968626966597,12.7,4.));
#1100 = CARTESIAN_POINT('',(13.968626966597,12.7,0.));
#1101 = ORIENTED_EDGE('',*,*,#367,.F.);
#1102 = ORIENTED_EDGE('',*,*,#358,.F.);
#1103 = ORIENTED_EDGE('',*,*,#347,.F.);
#1104 = ORIENTED_EDGE('',*,*,#385,.F.);
#1105 = ORIENTED_EDGE('',*,*,#376,.F.);
#1106 = ORIENTED_EDGE('',*,*,#1097,.F.);
#1107 = ORIENTED_EDGE('',*,*,#1108,.T.);
#1108 = EDGE_CURVE('',#1089,#1109,#1111,.T.);
#1109 = VERTEX_POINT('',#1110);
#1110 = CARTESIAN_POINT('',(13.968626966597,12.7,4.2));
#1111 = LINE('',#1112,#1113);
#1112 = CARTESIAN_POINT('',(13.968626966597,12.7,0.));
#1113 = VECTOR('',#1114,1.);
#1114 = DIRECTION('',(0.,0.,1.));
#1115 = ORIENTED_EDGE('',*,*,#1116,.T.);
#1116 = EDGE_CURVE('',#1109,#1117,#1119,.T.);
#1117 = VERTEX_POINT('',#1118);
#1118 = CARTESIAN_POINT('',(13.968626966597,7.3,4.2));
#1119 = CIRCLE('',#1120,4.8);
#1120 = AXIS2_PLACEMENT_3D('',#1121,#1122,#1123);
#1121 = CARTESIAN_POINT('',(10.,10.,4.2));
#1122 = DIRECTION('',(0.,0.,-1.));
#1123 = DIRECTION('',(1.,0.,0.));
#1124 = ORIENTED_EDGE('',*,*,#1125,.F.);
#1125 = EDGE_CURVE('',#1126,#1117,#1128,.T.);
#1126 = VERTEX_POINT('',#1127);
#1127 = CARTESIAN_POINT('',(13.968626966597,7.3,4.));
#1128 = LINE('',#1129,#1130);
#1129 = CARTESIAN_POINT('',(13.968626966597,7.3,0.));
#1130 = VECTOR('',#1131,1.);
#1131 = DIRECTION('',(0.,0.,1.));
#1132 = ORIENTED_EDGE('',*,*,#1133,.T.);
#1133 = EDGE_CURVE('',#1126,#1134,#1136,.T.);
#1134 = VERTEX_POINT('',#1135);
#1135 = CARTESIAN_POINT('',(6.031373033403,7.3,4.));
#1136 = CIRCLE('',#1137,4.8);
#1137 = AXIS2_PLACEMENT_3D('',#1138,#1139,#1140);
#1138 = CARTESIAN_POINT('',(10.,10.,4.));
#1139 = DIRECTION('',(0.,0.,-1.));
#1140 = DIRECTION('',(1.,0.,0.));
#1141 = ORIENTED_EDGE('',*,*,#1142,.T.);
#1142 = EDGE_CURVE('',#1134,#1070,#1143,.T.);
#1143 = LINE('',#1144,#1145);
#1144 = CARTESIAN_POINT('',(6.031373033403,7.3,0.));
#1145 = VECTOR('',#1146,1.);
#1146 = DIRECTION('',(0.,0.,1.));
#1147 = CYLINDRICAL_SURFACE('',#1148,4.8);
#1148 = AXIS2_PLACEMENT_3D('',#1149,#1150,#1151);
#1149 = CARTESIAN_POINT('',(10.,10.,0.));
#1150 = DIRECTION('',(0.,0.,-1.));
#1151 = DIRECTION('',(1.,0.,0.));
#1152 = ADVANCED_FACE('',(#1153),#1178,.T.);
#1153 = FACE_BOUND('',#1154,.T.);
#1154 = EDGE_LOOP('',(#1155,#1163,#1171,#1177));
#1155 = ORIENTED_EDGE('',*,*,#1156,.T.);
#1156 = EDGE_CURVE('',#398,#1157,#1159,.T.);
#1157 = VERTEX_POINT('',#1158);
#1158 = CARTESIAN_POINT('',(29.886751345948,5.,1.));
#1159 = LINE('',#1160,#1161);
#1160 = CARTESIAN_POINT('',(29.886751345948,5.,-1.22E-15));
#1161 = VECTOR('',#1162,1.);
#1162 = DIRECTION('',(0.,1.2E-16,1.));
#1163 = ORIENTED_EDGE('',*,*,#1164,.T.);
#1164 = EDGE_CURVE('',#1157,#1165,#1167,.T.);
#1165 = VERTEX_POINT('',#1166);
#1166 = CARTESIAN_POINT('',(27.,10.,1.));
#1167 = LINE('',#1168,#1169);
#1168 = CARTESIAN_POINT('',(29.886751345948,5.,1.));
#1169 = VECTOR('',#1170,1.);
#1170 = DIRECTION('',(-0.5,0.866025403784,0.));
#1171 = ORIENTED_EDGE('',*,*,#1172,.F.);
#1172 = EDGE_CURVE('',#400,#1165,#1173,.T.);
#1173 = LINE('',#1174,#1175);
#1174 = CARTESIAN_POINT('',(27.,10.,-2.45E-15));
#1175 = VECTOR('',#1176,1.);
#1176 = DIRECTION('',(0.,1.2E-16,1.));
#1177 = ORIENTED_EDGE('',*,*,#397,.F.);
#1178 = PLANE('',#1179);
#1179 = AXIS2_PLACEMENT_3D('',#1180,#1181,#1182);
#1180 = CARTESIAN_POINT('',(29.886751345948,5.,-1.22E-15));
#1181 = DIRECTION('',(-0.866025403784,-0.5,6.E-17));
#1182 = DIRECTION('',(-0.5,0.866025403784,-2.1E-16));
#1183 = ADVANCED_FACE('',(#1184),#1202,.T.);
#1184 = FACE_BOUND('',#1185,.T.);
#1185 = EDGE_LOOP('',(#1186,#1187,#1195,#1201));
#1186 = ORIENTED_EDGE('',*,*,#1172,.T.);
#1187 = ORIENTED_EDGE('',*,*,#1188,.T.);
#1188 = EDGE_CURVE('',#1165,#1189,#1191,.T.);
#1189 = VERTEX_POINT('',#1190);
#1190 = CARTESIAN_POINT('',(25.,10.,1.));
#1191 = LINE('',#1192,#1193);
#1192 = CARTESIAN_POINT('',(27.,10.,1.));
#1193 = VECTOR('',#1194,1.);
#1194 = DIRECTION('',(-1.,0.,0.));
#1195 = ORIENTED_EDGE('',*,*,#1196,.F.);
#1196 = EDGE_CURVE('',#416,#1189,#1197,.T.);
#1197 = LINE('',#1198,#1199);
#1198 = CARTESIAN_POINT('',(25.,10.,-2.45E-15));
#1199 = VECTOR('',#1200,1.);
#1200 = DIRECTION('',(0.,1.2E-16,1.));
#1201 = ORIENTED_EDGE('',*,*,#423,.F.);
#1202 = PLANE('',#1203);
#1203 = AXIS2_PLACEMENT_3D('',#1204,#1205,#1206);
#1204 = CARTESIAN_POINT('',(27.,10.,-2.45E-15));
#1205 = DIRECTION('',(0.,-1.,1.2E-16));
#1206 = DIRECTION('',(-1.,0.,0.));
#1207 = ADVANCED_FACE('',(#1208),#1226,.F.);
#1208 = FACE_BOUND('',#1209,.F.);
#1209 = EDGE_LOOP('',(#1210,#1218,#1224,#1225));
#1210 = ORIENTED_EDGE('',*,*,#1211,.T.);
#1211 = EDGE_CURVE('',#408,#1212,#1214,.T.);
#1212 = VERTEX_POINT('',#1213);
#1213 = CARTESIAN_POINT('',(27.886751345948,5.,1.));
#1214 = LINE('',#1215,#1216);
#1215 = CARTESIAN_POINT('',(27.886751345948,5.,-1.22E-15));
#1216 = VECTOR('',#1217,1.);
#1217 = DIRECTION('',(0.,1.2E-16,1.));
#1218 = ORIENTED_EDGE('',*,*,#1219,.T.);
#1219 = EDGE_CURVE('',#1212,#1189,#1220,.T.);
#1220 = LINE('',#1221,#1222);
#1221 = CARTESIAN_POINT('',(27.886751345948,5.,1.));
#1222 = VECTOR('',#1223,1.);
#1223 = DIRECTION('',(-0.5,0.866025403784,0.));
#1224 = ORIENTED_EDGE('',*,*,#1196,.F.);
#1225 = ORIENTED_EDGE('',*,*,#415,.F.);
#1226 = PLANE('',#1227);
#1227 = AXIS2_PLACEMENT_3D('',#1228,#1229,#1230);
#1228 = CARTESIAN_POINT('',(27.886751345948,5.,-1.22E-15));
#1229 = DIRECTION('',(-0.866025403784,-0.5,6.E-17));
#1230 = DIRECTION('',(-0.5,0.866025403784,-2.1E-16));
#1231 = ADVANCED_FACE('',(#1232),#1243,.F.);
#1232 = FACE_BOUND('',#1233,.F.);
#1233 = EDGE_LOOP('',(#1234,#1235,#1241,#1242));
#1234 = ORIENTED_EDGE('',*,*,#1156,.T.);
#1235 = ORIENTED_EDGE('',*,*,#1236,.T.);
#1236 = EDGE_CURVE('',#1157,#1212,#1237,.T.);
#1237 = LINE('',#1238,#1239);
#1238 = CARTESIAN_POINT('',(29.886751345948,5.,1.));
#1239 = VECTOR('',#1240,1.);
#1240 = DIRECTION('',(-1.,0.,0.));
#1241 = ORIENTED_EDGE('',*,*,#1211,.F.);
#1242 = ORIENTED_EDGE('',*,*,#407,.F.);
#1243 = PLANE('',#1244);
#1244 = AXIS2_PLACEMENT_3D('',#1245,#1246,#1247);
#1245 = CARTESIAN_POINT('',(29.886751345948,5.,-1.22E-15));
#1246 = DIRECTION('',(0.,-1.,1.2E-16));
#1247 = DIRECTION('',(-1.,0.,0.));
#1248 = ADVANCED_FACE('',(#1249),#1274,.T.);
#1249 = FACE_BOUND('',#1250,.T.);
#1250 = EDGE_LOOP('',(#1251,#1259,#1267,#1273));
#1251 = ORIENTED_EDGE('',*,*,#1252,.T.);
#1252 = EDGE_CURVE('',#432,#1253,#1255,.T.);
#1253 = VERTEX_POINT('',#1254);
#1254 = CARTESIAN_POINT('',(31.886751345948,5.,1.));
#1255 = LINE('',#1256,#1257);
#1256 = CARTESIAN_POINT('',(31.886751345948,5.,-1.22E-15));
#1257 = VECTOR('',#1258,1.);
#1258 = DIRECTION('',(0.,1.2E-16,1.));
#1259 = ORIENTED_EDGE('',*,*,#1260,.T.);
#1260 = EDGE_CURVE('',#1253,#1261,#1263,.T.);
#1261 = VERTEX_POINT('',#1262);
#1262 = CARTESIAN_POINT('',(33.886751345948,5.,1.));
#1263 = LINE('',#1264,#1265);
#1264 = CARTESIAN_POINT('',(31.886751345948,5.,1.));
#1265 = VECTOR('',#1266,1.);
#1266 = DIRECTION('',(1.,0.,0.));
#1267 = ORIENTED_EDGE('',*,*,#1268,.F.);
#1268 = EDGE_CURVE('',#434,#1261,#1269,.T.);
#1269 = LINE('',#1270,#1271);
#1270 = CARTESIAN_POINT('',(33.886751345948,5.,-1.22E-15));
#1271 = VECTOR('',#1272,1.);
#1272 = DIRECTION('',(0.,1.2E-16,1.));
#1273 = ORIENTED_EDGE('',*,*,#431,.F.);
#1274 = PLANE('',#1275);
#1275 = AXIS2_PLACEMENT_3D('',#1276,#1277,#1278);
#1276 = CARTESIAN_POINT('',(31.886751345948,5.,-1.22E-15));
#1277 = DIRECTION('',(0.,1.,-1.2E-16));
#1278 = DIRECTION('',(1.,0.,0.));
#1279 = ADVANCED_FACE('',(#1280),#1298,.T.);
#1280 = FACE_BOUND('',#1281,.T.);
#1281 = EDGE_LOOP('',(#1282,#1283,#1291,#1297));
#1282 = ORIENTED_EDGE('',*,*,#1268,.T.);
#1283 = ORIENTED_EDGE('',*,*,#1284,.T.);
#1284 = EDGE_CURVE('',#1261,#1285,#1287,.T.);
#1285 = VERTEX_POINT('',#1286);
#1286 = CARTESIAN_POINT('',(28.113248654052,15.,1.));
#1287 = LINE('',#1288,#1289);
#1288 = CARTESIAN_POINT('',(33.886751345948,5.,1.));
#1289 = VECTOR('',#1290,1.);
#1290 = DIRECTION('',(-0.5,0.866025403784,0.));
#1291 = ORIENTED_EDGE('',*,*,#1292,.F.);
#1292 = EDGE_CURVE('',#450,#1285,#1293,.T.);
#1293 = LINE('',#1294,#1295);
#1294 = CARTESIAN_POINT('',(28.113248654052,15.,-3.67E-15));
#1295 = VECTOR('',#1296,1.);
#1296 = DIRECTION('',(0.,1.2E-16,1.));
#1297 = ORIENTED_EDGE('',*,*,#457,.F.);
#1298 = PLANE('',#1299);
#1299 = AXIS2_PLACEMENT_3D('',#1300,#1301,#1302);
#1300 = CARTESIAN_POINT('',(33.886751345948,5.,-1.22E-15));
#1301 = DIRECTION('',(-0.866025403784,-0.5,6.E-17));
#1302 = DIRECTION('',(-0.5,0.866025403784,-2.1E-16));
#1303 = ADVANCED_FACE('',(#1304),#1322,.T.);
#1304 = FACE_BOUND('',#1305,.T.);
#1305 = EDGE_LOOP('',(#1306,#1307,#1315,#1321));
#1306 = ORIENTED_EDGE('',*,*,#1292,.T.);
#1307 = ORIENTED_EDGE('',*,*,#1308,.T.);
#1308 = EDGE_CURVE('',#1285,#1309,#1311,.T.);
#1309 = VERTEX_POINT('',#1310);
#1310 = CARTESIAN_POINT('',(26.113248654052,15.,1.));
#1311 = LINE('',#1312,#1313);
#1312 = CARTESIAN_POINT('',(28.113248654052,15.,1.));
#1313 = VECTOR('',#1314,1.);
#1314 = DIRECTION('',(-1.,0.,0.));
#1315 = ORIENTED_EDGE('',*,*,#1316,.F.);
#1316 = EDGE_CURVE('',#442,#1309,#1317,.T.);
#1317 = LINE('',#1318,#1319);
#1318 = CARTESIAN_POINT('',(26.113248654052,15.,-3.67E-15));
#1319 = VECTOR('',#1320,1.);
#1320 = DIRECTION('',(0.,1.2E-16,1.));
#1321 = ORIENTED_EDGE('',*,*,#449,.F.);
#1322 = PLANE('',#1323);
#1323 = AXIS2_PLACEMENT_3D('',#1324,#1325,#1326);
#1324 = CARTESIAN_POINT('',(28.113248654052,15.,-3.67E-15));
#1325 = DIRECTION('',(0.,-1.,1.2E-16));
#1326 = DIRECTION('',(-1.,0.,0.));
#1327 = ADVANCED_FACE('',(#1328),#1339,.F.);
#1328 = FACE_BOUND('',#1329,.F.);
#1329 = EDGE_LOOP('',(#1330,#1331,#1337,#1338));
#1330 = ORIENTED_EDGE('',*,*,#1252,.T.);
#1331 = ORIENTED_EDGE('',*,*,#1332,.T.);
#1332 = EDGE_CURVE('',#1253,#1309,#1333,.T.);
#1333 = LINE('',#1334,#1335);
#1334 = CARTESIAN_POINT('',(31.886751345948,5.,1.));
#1335 = VECTOR('',#1336,1.);
#1336 = DIRECTION('',(-0.5,0.866025403784,0.));
#1337 = ORIENTED_EDGE('',*,*,#1316,.F.);
#1338 = ORIENTED_EDGE('',*,*,#441,.F.);
#1339 = PLANE('',#1340);
#1340 = AXIS2_PLACEMENT_3D('',#1341,#1342,#1343);
#1341 = CARTESIAN_POINT('',(31.886751345948,5.,-1.22E-15));
#1342 = DIRECTION('',(-0.866025403784,-0.5,6.E-17));
#1343 = DIRECTION('',(-0.5,0.866025403784,-2.1E-16));
#1344 = ADVANCED_FACE('',(#1345),#1370,.T.);
#1345 = FACE_BOUND('',#1346,.T.);
#1346 = EDGE_LOOP('',(#1347,#1355,#1363,#1369));
#1347 = ORIENTED_EDGE('',*,*,#1348,.T.);
#1348 = EDGE_CURVE('',#466,#1349,#1351,.T.);
#1349 = VERTEX_POINT('',#1350);
#1350 = CARTESIAN_POINT('',(35.,10.,1.));
#1351 = LINE('',#1352,#1353);
#1352 = CARTESIAN_POINT('',(35.,10.,-2.45E-15));
#1353 = VECTOR('',#1354,1.);
#1354 = DIRECTION('',(0.,1.2E-16,1.));
#1355 = ORIENTED_EDGE('',*,*,#1356,.T.);
#1356 = EDGE_CURVE('',#1349,#1357,#1359,.T.);
#1357 = VERTEX_POINT('',#1358);
#1358 = CARTESIAN_POINT('',(32.113248654052,15.,1.));
#1359 = LINE('',#1360,#1361);
#1360 = CARTESIAN_POINT('',(35.,10.,1.));
#1361 = VECTOR('',#1362,1.);
#1362 = DIRECTION('',(-0.5,0.866025403784,0.));
#1363 = ORIENTED_EDGE('',*,*,#1364,.F.);
#1364 = EDGE_CURVE('',#468,#1357,#1365,.T.);
#1365 = LINE('',#1366,#1367);
#1366 = CARTESIAN_POINT('',(32.113248654052,15.,-3.67E-15));
#1367 = VECTOR('',#1368,1.);
#1368 = DIRECTION('',(0.,1.2E-16,1.));
#1369 = ORIENTED_EDGE('',*,*,#465,.F.);
#1370 = PLANE('',#1371);
#1371 = AXIS2_PLACEMENT_3D('',#1372,#1373,#1374);
#1372 = CARTESIAN_POINT('',(35.,10.,-2.45E-15));
#1373 = DIRECTION('',(-0.866025403784,-0.5,6.E-17));
#1374 = DIRECTION('',(-0.5,0.866025403784,-2.1E-16));
#1375 = ADVANCED_FACE('',(#1376),#1394,.F.);
#1376 = FACE_BOUND('',#1377,.F.);
#1377 = EDGE_LOOP('',(#1378,#1386,#1392,#1393));
#1378 = ORIENTED_EDGE('',*,*,#1379,.T.);
#1379 = EDGE_CURVE('',#484,#1380,#1382,.T.);
#1380 = VERTEX_POINT('',#1381);
#1381 = CARTESIAN_POINT('',(30.113248654052,15.,1.));
#1382 = LINE('',#1383,#1384);
#1383 = CARTESIAN_POINT('',(30.113248654052,15.,-3.67E-15));
#1384 = VECTOR('',#1385,1.);
#1385 = DIRECTION('',(0.,1.2E-16,1.));
#1386 = ORIENTED_EDGE('',*,*,#1387,.T.);
#1387 = EDGE_CURVE('',#1380,#1357,#1388,.T.);
#1388 = LINE('',#1389,#1390);
#1389 = CARTESIAN_POINT('',(30.113248654052,15.,1.));
#1390 = VECTOR('',#1391,1.);
#1391 = DIRECTION('',(1.,0.,0.));
#1392 = ORIENTED_EDGE('',*,*,#1364,.F.);
#1393 = ORIENTED_EDGE('',*,*,#491,.F.);
#1394 = PLANE('',#1395);
#1395 = AXIS2_PLACEMENT_3D('',#1396,#1397,#1398);
#1396 = CARTESIAN_POINT('',(30.113248654052,15.,-3.67E-15));
#1397 = DIRECTION('',(0.,1.,-1.2E-16));
#1398 = DIRECTION('',(1.,0.,0.));
#1399 = ADVANCED_FACE('',(#1400),#1418,.F.);
#1400 = FACE_BOUND('',#1401,.F.);
#1401 = EDGE_LOOP('',(#1402,#1410,#1416,#1417));
#1402 = ORIENTED_EDGE('',*,*,#1403,.T.);
#1403 = EDGE_CURVE('',#476,#1404,#1406,.T.);
#1404 = VERTEX_POINT('',#1405);
#1405 = CARTESIAN_POINT('',(33.,10.,1.));
#1406 = LINE('',#1407,#1408);
#1407 = CARTESIAN_POINT('',(33.,10.,-2.45E-15));
#1408 = VECTOR('',#1409,1.);
#1409 = DIRECTION('',(0.,1.2E-16,1.));
#1410 = ORIENTED_EDGE('',*,*,#1411,.T.);
#1411 = EDGE_CURVE('',#1404,#1380,#1412,.T.);
#1412 = LINE('',#1413,#1414);
#1413 = CARTESIAN_POINT('',(33.,10.,1.));
#1414 = VECTOR('',#1415,1.);
#1415 = DIRECTION('',(-0.5,0.866025403784,0.));
#1416 = ORIENTED_EDGE('',*,*,#1379,.F.);
#1417 = ORIENTED_EDGE('',*,*,#483,.F.);
#1418 = PLANE('',#1419);
#1419 = AXIS2_PLACEMENT_3D('',#1420,#1421,#1422);
#1420 = CARTESIAN_POINT('',(33.,10.,-2.45E-15));
#1421 = DIRECTION('',(-0.866025403784,-0.5,6.E-17));
#1422 = DIRECTION('',(-0.5,0.866025403784,-2.1E-16));
#1423 = ADVANCED_FACE('',(#1424),#1435,.F.);
#1424 = FACE_BOUND('',#1425,.F.);
#1425 = EDGE_LOOP('',(#1426,#1427,#1433,#1434));
#1426 = ORIENTED_EDGE('',*,*,#1348,.T.);
#1427 = ORIENTED_EDGE('',*,*,#1428,.T.);
#1428 = EDGE_CURVE('',#1349,#1404,#1429,.T.);
#1429 = LINE('',#1430,#1431);
#1430 = CARTESIAN_POINT('',(35.,10.,1.));
#1431 = VECTOR('',#1432,1.);
#1432 = DIRECTION('',(-1.,0.,0.));
#1433 = ORIENTED_EDGE('',*,*,#1403,.F.);
#1434 = ORIENTED_EDGE('',*,*,#475,.F.);
#1435 = PLANE('',#1436);
#1436 = AXIS2_PLACEMENT_3D('',#1437,#1438,#1439);
#1437 = CARTESIAN_POINT('',(35.,10.,-2.45E-15));
#1438 = DIRECTION('',(0.,-1.,1.2E-16));
#1439 = DIRECTION('',(-1.,0.,0.));
#1440 = ADVANCED_FACE('',(#1441),#1457,.F.);
#1441 = FACE_BOUND('',#1442,.F.);
#1442 = EDGE_LOOP('',(#1443,#1449,#1450,#1456));
#1443 = ORIENTED_EDGE('',*,*,#1444,.T.);
#1444 = EDGE_CURVE('',#874,#654,#1445,.T.);
#1445 = LINE('',#1446,#1447);
#1446 = CARTESIAN_POINT('',(4.,0.,0.));
#1447 = VECTOR('',#1448,1.);
#1448 = DIRECTION('',(0.,0.,1.));
#1449 = ORIENTED_EDGE('',*,*,#653,.T.);
#1450 = ORIENTED_EDGE('',*,*,#1451,.F.);
#1451 = EDGE_CURVE('',#882,#656,#1452,.T.);
#1452 = LINE('',#1453,#1454);
#1453 = CARTESIAN_POINT('',(35.999999999993,3.28892E-12,0.));
#1454 = VECTOR('',#1455,1.);
#1455 = DIRECTION('',(0.,0.,1.));
#1456 = ORIENTED_EDGE('',*,*,#881,.F.);
#1457 = PLANE('',#1458);
#1458 = AXIS2_PLACEMENT_3D('',#1459,#1460,#1461);
#1459 = CARTESIAN_POINT('',(4.,0.,0.));
#1460 = DIRECTION('',(0.,1.,0.));
#1461 = DIRECTION('',(1.,0.,0.));
#1462 = ADVANCED_FACE('',(#1463),#1474,.T.);
#1463 = FACE_BOUND('',#1464,.F.);
#1464 = EDGE_LOOP('',(#1465,#1471,#1472,#1473));
#1465 = ORIENTED_EDGE('',*,*,#1466,.T.);
#1466 = EDGE_CURVE('',#905,#707,#1467,.T.);
#1467 = LINE('',#1468,#1469);
#1468 = CARTESIAN_POINT('',(0.,4.,0.));
#1469 = VECTOR('',#1470,1.);
#1470 = DIRECTION('',(0.,0.,1.));
#1471 = ORIENTED_EDGE('',*,*,#714,.T.);
#1472 = ORIENTED_EDGE('',*,*,#1444,.F.);
#1473 = ORIENTED_EDGE('',*,*,#912,.F.);
#1474 = CYLINDRICAL_SURFACE('',#1475,4.);
#1475 = AXIS2_PLACEMENT_3D('',#1476,#1477,#1478);
#1476 = CARTESIAN_POINT('',(4.,4.,0.));
#1477 = DIRECTION('',(-0.,-0.,-1.));
#1478 = DIRECTION('',(1.,0.,0.));
#1479 = ADVANCED_FACE('',(#1480),#1491,.T.);
#1480 = FACE_BOUND('',#1481,.F.);
#1481 = EDGE_LOOP('',(#1482,#1483,#1484,#1490));
#1482 = ORIENTED_EDGE('',*,*,#1451,.T.);
#1483 = ORIENTED_EDGE('',*,*,#663,.T.);
#1484 = ORIENTED_EDGE('',*,*,#1485,.F.);
#1485 = EDGE_CURVE('',#931,#664,#1486,.T.);
#1486 = LINE('',#1487,#1488);
#1487 = CARTESIAN_POINT('',(39.999999999993,4.000000000006,0.));
#1488 = VECTOR('',#1489,1.);
#1489 = DIRECTION('',(0.,0.,1.));
#1490 = ORIENTED_EDGE('',*,*,#930,.F.);
#1491 = CYLINDRICAL_SURFACE('',#1492,4.);
#1492 = AXIS2_PLACEMENT_3D('',#1493,#1494,#1495);
#1493 = CARTESIAN_POINT('',(35.999999999993,4.000000000007,0.));
#1494 = DIRECTION('',(-0.,-0.,-1.));
#1495 = DIRECTION('',(1.,0.,0.));
#1496 = ADVANCED_FACE('',(#1497),#1508,.F.);
#1497 = FACE_BOUND('',#1498,.F.);
#1498 = EDGE_LOOP('',(#1499,#1505,#1506,#1507));
#1499 = ORIENTED_EDGE('',*,*,#1500,.T.);
#1500 = EDGE_CURVE('',#955,#698,#1501,.T.);
#1501 = LINE('',#1502,#1503);
#1502 = CARTESIAN_POINT('',(0.,16.,0.));
#1503 = VECTOR('',#1504,1.);
#1504 = DIRECTION('',(0.,0.,1.));
#1505 = ORIENTED_EDGE('',*,*,#706,.T.);
#1506 = ORIENTED_EDGE('',*,*,#1466,.F.);
#1507 = ORIENTED_EDGE('',*,*,#962,.F.);
#1508 = PLANE('',#1509);
#1509 = AXIS2_PLACEMENT_3D('',#1510,#1511,#1512);
#1510 = CARTESIAN_POINT('',(0.,16.,0.));
#1511 = DIRECTION('',(1.,0.,0.));
#1512 = DIRECTION('',(0.,-1.,0.));
#1513 = ADVANCED_FACE('',(#1514),#1525,.F.);
#1514 = FACE_BOUND('',#1515,.F.);
#1515 = EDGE_LOOP('',(#1516,#1517,#1518,#1524));
#1516 = ORIENTED_EDGE('',*,*,#1485,.T.);
#1517 = ORIENTED_EDGE('',*,*,#672,.T.);
#1518 = ORIENTED_EDGE('',*,*,#1519,.F.);
#1519 = EDGE_CURVE('',#980,#673,#1520,.T.);
#1520 = LINE('',#1521,#1522);
#1521 = CARTESIAN_POINT('',(39.999999999993,15.999999999994,0.));
#1522 = VECTOR('',#1523,1.);
#1523 = DIRECTION('',(0.,0.,1.));
#1524 = ORIENTED_EDGE('',*,*,#979,.F.);
#1525 = PLANE('',#1526);
#1526 = AXIS2_PLACEMENT_3D('',#1527,#1528,#1529);
#1527 = CARTESIAN_POINT('',(39.999999999993,4.000000000006,0.));
#1528 = DIRECTION('',(-1.,0.,0.));
#1529 = DIRECTION('',(0.,1.,0.));
#1530 = ADVANCED_FACE('',(#1531),#1542,.T.);
#1531 = FACE_BOUND('',#1532,.F.);
#1532 = EDGE_LOOP('',(#1533,#1539,#1540,#1541));
#1533 = ORIENTED_EDGE('',*,*,#1534,.T.);
#1534 = EDGE_CURVE('',#1003,#690,#1535,.T.);
#1535 = LINE('',#1536,#1537);
#1536 = CARTESIAN_POINT('',(4.,19.999999999997,0.));
#1537 = VECTOR('',#1538,1.);
#1538 = DIRECTION('',(0.,0.,1.));
#1539 = ORIENTED_EDGE('',*,*,#697,.T.);
#1540 = ORIENTED_EDGE('',*,*,#1500,.F.);
#1541 = ORIENTED_EDGE('',*,*,#1010,.F.);
#1542 = CYLINDRICAL_SURFACE('',#1543,4.);
#1543 = AXIS2_PLACEMENT_3D('',#1544,#1545,#1546);
#1544 = CARTESIAN_POINT('',(4.,16.,0.));
#1545 = DIRECTION('',(-0.,-0.,-1.));
#1546 = DIRECTION('',(1.,0.,0.));
#1547 = ADVANCED_FACE('',(#1548),#1559,.T.);
#1548 = FACE_BOUND('',#1549,.F.);
#1549 = EDGE_LOOP('',(#1550,#1551,#1552,#1558));
#1550 = ORIENTED_EDGE('',*,*,#1519,.T.);
#1551 = ORIENTED_EDGE('',*,*,#680,.T.);
#1552 = ORIENTED_EDGE('',*,*,#1553,.F.);
#1553 = EDGE_CURVE('',#1029,#681,#1554,.T.);
#1554 = LINE('',#1555,#1556);
#1555 = CARTESIAN_POINT('',(35.999999999993,19.999999999993,0.));
#1556 = VECTOR('',#1557,1.);
#1557 = DIRECTION('',(0.,0.,1.));
#1558 = ORIENTED_EDGE('',*,*,#1028,.F.);
#1559 = CYLINDRICAL_SURFACE('',#1560,4.);
#1560 = AXIS2_PLACEMENT_3D('',#1561,#1562,#1563);
#1561 = CARTESIAN_POINT('',(35.999999999993,15.999999999993,0.));
#1562 = DIRECTION('',(-0.,-0.,-1.));
#1563 = DIRECTION('',(1.,0.,0.));
#1564 = ADVANCED_FACE('',(#1565),#1571,.F.);
#1565 = FACE_BOUND('',#1566,.F.);
#1566 = EDGE_LOOP('',(#1567,#1568,#1569,#1570));
#1567 = ORIENTED_EDGE('',*,*,#1553,.T.);
#1568 = ORIENTED_EDGE('',*,*,#689,.T.);
#1569 = ORIENTED_EDGE('',*,*,#1534,.F.);
#1570 = ORIENTED_EDGE('',*,*,#1053,.F.);
#1571 = PLANE('',#1572);
#1572 = AXIS2_PLACEMENT_3D('',#1573,#1574,#1575);
#1573 = CARTESIAN_POINT('',(35.999999999993,19.999999999993,0.));
#1574 = DIRECTION('',(0.,-1.,0.));
#1575 = DIRECTION('',(-1.,0.,0.));
#1576 = ADVANCED_FACE('',(#1577),#1623,.F.);
#1577 = FACE_BOUND('',#1578,.T.);
#1578 = EDGE_LOOP('',(#1579,#1590,#1596,#1597,#1598,#1607,#1616));
#1579 = ORIENTED_EDGE('',*,*,#1580,.T.);
#1580 = EDGE_CURVE('',#1581,#1583,#1585,.T.);
#1581 = VERTEX_POINT('',#1582);
#1582 = CARTESIAN_POINT('',(10.,12.7,4.4));
#1583 = VERTEX_POINT('',#1584);
#1584 = CARTESIAN_POINT('',(12.7,10.,4.4));
#1585 = CIRCLE('',#1586,2.7);
#1586 = AXIS2_PLACEMENT_3D('',#1587,#1588,#1589);
#1587 = CARTESIAN_POINT('',(10.,10.,4.4));
#1588 = DIRECTION('',(0.,0.,-1.));
#1589 = DIRECTION('',(1.,0.,0.));
#1590 = ORIENTED_EDGE('',*,*,#1591,.T.);
#1591 = EDGE_CURVE('',#1583,#724,#1592,.T.);
#1592 = LINE('',#1593,#1594);
#1593 = CARTESIAN_POINT('',(12.7,10.,0.));
#1594 = VECTOR('',#1595,1.);
#1595 = DIRECTION('',(0.,0.,1.));
#1596 = ORIENTED_EDGE('',*,*,#723,.T.);
#1597 = ORIENTED_EDGE('',*,*,#1591,.F.);
#1598 = ORIENTED_EDGE('',*,*,#1599,.T.);
#1599 = EDGE_CURVE('',#1583,#1600,#1602,.T.);
#1600 = VERTEX_POINT('',#1601);
#1601 = CARTESIAN_POINT('',(10.,7.3,4.4));
#1602 = CIRCLE('',#1603,2.7);
#1603 = AXIS2_PLACEMENT_3D('',#1604,#1605,#1606);
#1604 = CARTESIAN_POINT('',(10.,10.,4.4));
#1605 = DIRECTION('',(0.,0.,-1.));
#1606 = DIRECTION('',(1.,0.,0.));
#1607 = ORIENTED_EDGE('',*,*,#1608,.T.);
#1608 = EDGE_CURVE('',#1600,#1609,#1611,.T.);
#1609 = VERTEX_POINT('',#1610);
#1610 = CARTESIAN_POINT('',(7.3,10.,4.4));
#1611 = CIRCLE('',#1612,2.7);
#1612 = AXIS2_PLACEMENT_3D('',#1613,#1614,#1615);
#1613 = CARTESIAN_POINT('',(10.,10.,4.4));
#1614 = DIRECTION('',(0.,0.,-1.));
#1615 = DIRECTION('',(1.,0.,0.));
#1616 = ORIENTED_EDGE('',*,*,#1617,.T.);
#1617 = EDGE_CURVE('',#1609,#1581,#1618,.T.);
#1618 = CIRCLE('',#1619,2.7);
#1619 = AXIS2_PLACEMENT_3D('',#1620,#1621,#1622);
#1620 = CARTESIAN_POINT('',(10.,10.,4.4));
#1621 = DIRECTION('',(0.,0.,-1.));
#1622 = DIRECTION('',(1.,0.,0.));
#1623 = CYLINDRICAL_SURFACE('',#1624,2.7);
#1624 = AXIS2_PLACEMENT_3D('',#1625,#1626,#1627);
#1625 = CARTESIAN_POINT('',(10.,10.,0.));
#1626 = DIRECTION('',(-0.,-0.,-1.));
#1627 = DIRECTION('',(1.,0.,0.));
#1628 = ADVANCED_FACE('',(#1629),#1657,.F.);
#1629 = FACE_BOUND('',#1630,.F.);
#1630 = EDGE_LOOP('',(#1631,#1639,#1647,#1653,#1654,#1655,#1656));
#1631 = ORIENTED_EDGE('',*,*,#1632,.T.);
#1632 = EDGE_CURVE('',#753,#1633,#1635,.T.);
#1633 = VERTEX_POINT('',#1634);
#1634 = CARTESIAN_POINT('',(23.,13.,11.5));
#1635 = LINE('',#1636,#1637);
#1636 = CARTESIAN_POINT('',(23.,13.,8.));
#1637 = VECTOR('',#1638,1.);
#1638 = DIRECTION('',(0.,0.,1.));
#1639 = ORIENTED_EDGE('',*,*,#1640,.T.);
#1640 = EDGE_CURVE('',#1633,#1641,#1643,.T.);
#1641 = VERTEX_POINT('',#1642);
#1642 = CARTESIAN_POINT('',(23.,7.,11.5));
#1643 = LINE('',#1644,#1645);
#1644 = CARTESIAN_POINT('',(23.,13.,11.5));
#1645 = VECTOR('',#1646,1.);
#1646 = DIRECTION('',(0.,-1.,0.));
#1647 = ORIENTED_EDGE('',*,*,#1648,.F.);
#1648 = EDGE_CURVE('',#777,#1641,#1649,.T.);
#1649 = LINE('',#1650,#1651);
#1650 = CARTESIAN_POINT('',(23.,7.,8.));
#1651 = VECTOR('',#1652,1.);
#1652 = DIRECTION('',(0.,0.,1.));
#1653 = ORIENTED_EDGE('',*,*,#784,.F.);
#1654 = ORIENTED_EDGE('',*,*,#854,.F.);
#1655 = ORIENTED_EDGE('',*,*,#829,.F.);
#1656 = ORIENTED_EDGE('',*,*,#752,.F.);
#1657 = PLANE('',#1658);
#1658 = AXIS2_PLACEMENT_3D('',#1659,#1660,#1661);
#1659 = CARTESIAN_POINT('',(23.,13.,8.));
#1660 = DIRECTION('',(1.,0.,0.));
#1661 = DIRECTION('',(0.,-1.,0.));
#1662 = ADVANCED_FACE('',(#1663),#1681,.F.);
#1663 = FACE_BOUND('',#1664,.F.);
#1664 = EDGE_LOOP('',(#1665,#1666,#1674,#1680));
#1665 = ORIENTED_EDGE('',*,*,#1648,.T.);
#1666 = ORIENTED_EDGE('',*,*,#1667,.T.);
#1667 = EDGE_CURVE('',#1641,#1668,#1670,.T.);
#1668 = VERTEX_POINT('',#1669);
#1669 = CARTESIAN_POINT('',(38.,7.,11.5));
#1670 = LINE('',#1671,#1672);
#1671 = CARTESIAN_POINT('',(23.,7.,11.5));
#1672 = VECTOR('',#1673,1.);
#1673 = DIRECTION('',(1.,0.,0.));
#1674 = ORIENTED_EDGE('',*,*,#1675,.F.);
#1675 = EDGE_CURVE('',#769,#1668,#1676,.T.);
#1676 = LINE('',#1677,#1678);
#1677 = CARTESIAN_POINT('',(38.,7.,8.));
#1678 = VECTOR('',#1679,1.);
#1679 = DIRECTION('',(0.,0.,1.));
#1680 = ORIENTED_EDGE('',*,*,#776,.F.);
#1681 = PLANE('',#1682);
#1682 = AXIS2_PLACEMENT_3D('',#1683,#1684,#1685);
#1683 = CARTESIAN_POINT('',(23.,7.,8.));
#1684 = DIRECTION('',(0.,1.,0.));
#1685 = DIRECTION('',(1.,0.,0.));
#1686 = ADVANCED_FACE('',(#1687,#1705),#1708,.F.);
#1687 = FACE_BOUND('',#1688,.F.);
#1688 = EDGE_LOOP('',(#1689,#1690,#1698,#1704));
#1689 = ORIENTED_EDGE('',*,*,#1675,.T.);
#1690 = ORIENTED_EDGE('',*,*,#1691,.T.);
#1691 = EDGE_CURVE('',#1668,#1692,#1694,.T.);
#1692 = VERTEX_POINT('',#1693);
#1693 = CARTESIAN_POINT('',(38.,13.,11.5));
#1694 = LINE('',#1695,#1696);
#1695 = CARTESIAN_POINT('',(38.,7.,11.5));
#1696 = VECTOR('',#1697,1.);
#1697 = DIRECTION('',(0.,1.,0.));
#1698 = ORIENTED_EDGE('',*,*,#1699,.F.);
#1699 = EDGE_CURVE('',#761,#1692,#1700,.T.);
#1700 = LINE('',#1701,#1702);
#1701 = CARTESIAN_POINT('',(38.,13.,8.));
#1702 = VECTOR('',#1703,1.);
#1703 = DIRECTION('',(0.,0.,1.));
#1704 = ORIENTED_EDGE('',*,*,#768,.F.);
#1705 = FACE_BOUND('',#1706,.F.);
#1706 = EDGE_LOOP('',(#1707));
#1707 = ORIENTED_EDGE('',*,*,#846,.F.);
#1708 = PLANE('',#1709);
#1709 = AXIS2_PLACEMENT_3D('',#1710,#1711,#1712);
#1710 = CARTESIAN_POINT('',(38.,7.,8.));
#1711 = DIRECTION('',(-1.,0.,0.));
#1712 = DIRECTION('',(0.,1.,0.));
#1713 = ADVANCED_FACE('',(#1714),#1725,.F.);
#1714 = FACE_BOUND('',#1715,.F.);
#1715 = EDGE_LOOP('',(#1716,#1717,#1723,#1724));
#1716 = ORIENTED_EDGE('',*,*,#1699,.T.);
#1717 = ORIENTED_EDGE('',*,*,#1718,.T.);
#1718 = EDGE_CURVE('',#1692,#1633,#1719,.T.);
#1719 = LINE('',#1720,#1721);
#1720 = CARTESIAN_POINT('',(38.,13.,11.5));
#1721 = VECTOR('',#1722,1.);
#1722 = DIRECTION('',(-1.,0.,0.));
#1723 = ORIENTED_EDGE('',*,*,#1632,.F.);
#1724 = ORIENTED_EDGE('',*,*,#760,.F.);
#1725 = PLANE('',#1726);
#1726 = AXIS2_PLACEMENT_3D('',#1727,#1728,#1729);
#1727 = CARTESIAN_POINT('',(38.,13.,8.));
#1728 = DIRECTION('',(0.,-1.,0.));
#1729 = DIRECTION('',(-1.,0.,0.));
#1730 = ADVANCED_FACE('',(#1731),#1756,.F.);
#1731 = FACE_BOUND('',#1732,.T.);
#1732 = EDGE_LOOP('',(#1733,#1734,#1742,#1750));
#1733 = ORIENTED_EDGE('',*,*,#1069,.T.);
#1734 = ORIENTED_EDGE('',*,*,#1735,.F.);
#1735 = EDGE_CURVE('',#1736,#1072,#1738,.T.);
#1736 = VERTEX_POINT('',#1737);
#1737 = CARTESIAN_POINT('',(7.3,12.7,4.2));
#1738 = LINE('',#1739,#1740);
#1739 = CARTESIAN_POINT('',(7.3,12.7,4.2));
#1740 = VECTOR('',#1741,1.);
#1741 = DIRECTION('',(-1.,0.,0.));
#1742 = ORIENTED_EDGE('',*,*,#1743,.T.);
#1743 = EDGE_CURVE('',#1736,#1744,#1746,.T.);
#1744 = VERTEX_POINT('',#1745);
#1745 = CARTESIAN_POINT('',(7.3,7.3,4.2));
#1746 = LINE('',#1747,#1748);
#1747 = CARTESIAN_POINT('',(7.3,12.7,4.2));
#1748 = VECTOR('',#1749,1.);
#1749 = DIRECTION('',(0.,-1.,0.));
#1750 = ORIENTED_EDGE('',*,*,#1751,.T.);
#1751 = EDGE_CURVE('',#1744,#1070,#1752,.T.);
#1752 = LINE('',#1753,#1754);
#1753 = CARTESIAN_POINT('',(7.3,7.3,4.2));
#1754 = VECTOR('',#1755,1.);
#1755 = DIRECTION('',(-1.,0.,0.));
#1756 = PLANE('',#1757);
#1757 = AXIS2_PLACEMENT_3D('',#1758,#1759,#1760);
#1758 = CARTESIAN_POINT('',(10.,10.,4.2));
#1759 = DIRECTION('',(0.,0.,1.));
#1760 = DIRECTION('',(1.,0.,0.));
#1761 = ADVANCED_FACE('',(#1762),#1809,.T.);
#1762 = FACE_BOUND('',#1763,.T.);
#1763 = EDGE_LOOP('',(#1764,#1765,#1771,#1772,#1780,#1788,#1794,#1802,
    #1808));
#1764 = ORIENTED_EDGE('',*,*,#1080,.F.);
#1765 = ORIENTED_EDGE('',*,*,#1766,.F.);
#1766 = EDGE_CURVE('',#1089,#1081,#1767,.T.);
#1767 = LINE('',#1768,#1769);
#1768 = CARTESIAN_POINT('',(10.,12.7,4.));
#1769 = VECTOR('',#1770,1.);
#1770 = DIRECTION('',(-1.,0.,0.));
#1771 = ORIENTED_EDGE('',*,*,#1108,.T.);
#1772 = ORIENTED_EDGE('',*,*,#1773,.F.);
#1773 = EDGE_CURVE('',#1774,#1109,#1776,.T.);
#1774 = VERTEX_POINT('',#1775);
#1775 = CARTESIAN_POINT('',(12.7,12.7,4.2));
#1776 = LINE('',#1777,#1778);
#1777 = CARTESIAN_POINT('',(12.7,12.7,4.2));
#1778 = VECTOR('',#1779,1.);
#1779 = DIRECTION('',(1.,0.,0.));
#1780 = ORIENTED_EDGE('',*,*,#1781,.T.);
#1781 = EDGE_CURVE('',#1774,#1782,#1784,.T.);
#1782 = VERTEX_POINT('',#1783);
#1783 = CARTESIAN_POINT('',(12.7,12.7,4.4));
#1784 = LINE('',#1785,#1786);
#1785 = CARTESIAN_POINT('',(12.7,12.7,0.));
#1786 = VECTOR('',#1787,1.);
#1787 = DIRECTION('',(0.,0.,1.));
#1788 = ORIENTED_EDGE('',*,*,#1789,.F.);
#1789 = EDGE_CURVE('',#1581,#1782,#1790,.T.);
#1790 = LINE('',#1791,#1792);
#1791 = CARTESIAN_POINT('',(7.3,12.7,4.4));
#1792 = VECTOR('',#1793,1.);
#1793 = DIRECTION('',(1.,0.,0.));
#1794 = ORIENTED_EDGE('',*,*,#1795,.F.);
#1795 = EDGE_CURVE('',#1796,#1581,#1798,.T.);
#1796 = VERTEX_POINT('',#1797);
#1797 = CARTESIAN_POINT('',(7.3,12.7,4.4));
#1798 = LINE('',#1799,#1800);
#1799 = CARTESIAN_POINT('',(7.3,12.7,4.4));
#1800 = VECTOR('',#1801,1.);
#1801 = DIRECTION('',(1.,0.,0.));
#1802 = ORIENTED_EDGE('',*,*,#1803,.F.);
#1803 = EDGE_CURVE('',#1736,#1796,#1804,.T.);
#1804 = LINE('',#1805,#1806);
#1805 = CARTESIAN_POINT('',(7.3,12.7,0.));
#1806 = VECTOR('',#1807,1.);
#1807 = DIRECTION('',(0.,0.,1.));
#1808 = ORIENTED_EDGE('',*,*,#1735,.T.);
#1809 = PLANE('',#1810);
#1810 = AXIS2_PLACEMENT_3D('',#1811,#1812,#1813);
#1811 = CARTESIAN_POINT('',(10.,12.7,2.179434208399));
#1812 = DIRECTION('',(-0.,-1.,-0.));
#1813 = DIRECTION('',(0.,0.,-1.));
#1814 = ADVANCED_FACE('',(#1815),#1819,.F.);
#1815 = FACE_BOUND('',#1816,.F.);
#1816 = EDGE_LOOP('',(#1817,#1818));
#1817 = ORIENTED_EDGE('',*,*,#1766,.F.);
#1818 = ORIENTED_EDGE('',*,*,#1088,.F.);
#1819 = PLANE('',#1820);
#1820 = AXIS2_PLACEMENT_3D('',#1821,#1822,#1823);
#1821 = CARTESIAN_POINT('',(10.,10.,4.));
#1822 = DIRECTION('',(0.,0.,1.));
#1823 = DIRECTION('',(1.,0.,0.));
#1824 = ADVANCED_FACE('',(#1825),#1843,.F.);
#1825 = FACE_BOUND('',#1826,.T.);
#1826 = EDGE_LOOP('',(#1827,#1828,#1836,#1842));
#1827 = ORIENTED_EDGE('',*,*,#1116,.T.);
#1828 = ORIENTED_EDGE('',*,*,#1829,.T.);
#1829 = EDGE_CURVE('',#1117,#1830,#1832,.T.);
#1830 = VERTEX_POINT('',#1831);
#1831 = CARTESIAN_POINT('',(12.7,7.3,4.2));
#1832 = LINE('',#1833,#1834);
#1833 = CARTESIAN_POINT('',(13.968626966597,7.3,4.2));
#1834 = VECTOR('',#1835,1.);
#1835 = DIRECTION('',(-1.,0.,0.));
#1836 = ORIENTED_EDGE('',*,*,#1837,.T.);
#1837 = EDGE_CURVE('',#1830,#1774,#1838,.T.);
#1838 = LINE('',#1839,#1840);
#1839 = CARTESIAN_POINT('',(12.7,7.3,4.2));
#1840 = VECTOR('',#1841,1.);
#1841 = DIRECTION('',(0.,1.,0.));
#1842 = ORIENTED_EDGE('',*,*,#1773,.T.);
#1843 = PLANE('',#1844);
#1844 = AXIS2_PLACEMENT_3D('',#1845,#1846,#1847);
#1845 = CARTESIAN_POINT('',(10.,10.,4.2));
#1846 = DIRECTION('',(0.,0.,1.));
#1847 = DIRECTION('',(1.,0.,0.));
#1848 = ADVANCED_FACE('',(#1849),#1889,.T.);
#1849 = FACE_BOUND('',#1850,.T.);
#1850 = EDGE_LOOP('',(#1851,#1857,#1858,#1859,#1867,#1873,#1881,#1887,
    #1888));
#1851 = ORIENTED_EDGE('',*,*,#1852,.F.);
#1852 = EDGE_CURVE('',#1134,#1126,#1853,.T.);
#1853 = LINE('',#1854,#1855);
#1854 = CARTESIAN_POINT('',(10.,7.3,4.));
#1855 = VECTOR('',#1856,1.);
#1856 = DIRECTION('',(1.,0.,0.));
#1857 = ORIENTED_EDGE('',*,*,#1142,.T.);
#1858 = ORIENTED_EDGE('',*,*,#1751,.F.);
#1859 = ORIENTED_EDGE('',*,*,#1860,.T.);
#1860 = EDGE_CURVE('',#1744,#1861,#1863,.T.);
#1861 = VERTEX_POINT('',#1862);
#1862 = CARTESIAN_POINT('',(7.3,7.3,4.4));
#1863 = LINE('',#1864,#1865);
#1864 = CARTESIAN_POINT('',(7.3,7.3,0.));
#1865 = VECTOR('',#1866,1.);
#1866 = DIRECTION('',(0.,0.,1.));
#1867 = ORIENTED_EDGE('',*,*,#1868,.F.);
#1868 = EDGE_CURVE('',#1600,#1861,#1869,.T.);
#1869 = LINE('',#1870,#1871);
#1870 = CARTESIAN_POINT('',(12.7,7.3,4.4));
#1871 = VECTOR('',#1872,1.);
#1872 = DIRECTION('',(-1.,0.,0.));
#1873 = ORIENTED_EDGE('',*,*,#1874,.F.);
#1874 = EDGE_CURVE('',#1875,#1600,#1877,.T.);
#1875 = VERTEX_POINT('',#1876);
#1876 = CARTESIAN_POINT('',(12.7,7.3,4.4));
#1877 = LINE('',#1878,#1879);
#1878 = CARTESIAN_POINT('',(12.7,7.3,4.4));
#1879 = VECTOR('',#1880,1.);
#1880 = DIRECTION('',(-1.,0.,0.));
#1881 = ORIENTED_EDGE('',*,*,#1882,.F.);
#1882 = EDGE_CURVE('',#1830,#1875,#1883,.T.);
#1883 = LINE('',#1884,#1885);
#1884 = CARTESIAN_POINT('',(12.7,7.3,0.));
#1885 = VECTOR('',#1886,1.);
#1886 = DIRECTION('',(0.,0.,1.));
#1887 = ORIENTED_EDGE('',*,*,#1829,.F.);
#1888 = ORIENTED_EDGE('',*,*,#1125,.F.);
#1889 = PLANE('',#1890);
#1890 = AXIS2_PLACEMENT_3D('',#1891,#1892,#1893);
#1891 = CARTESIAN_POINT('',(10.,7.3,2.179434208399));
#1892 = DIRECTION('',(0.,1.,0.));
#1893 = DIRECTION('',(0.,0.,1.));
#1894 = ADVANCED_FACE('',(#1895),#1899,.F.);
#1895 = FACE_BOUND('',#1896,.F.);
#1896 = EDGE_LOOP('',(#1897,#1898));
#1897 = ORIENTED_EDGE('',*,*,#1133,.F.);
#1898 = ORIENTED_EDGE('',*,*,#1852,.F.);
#1899 = PLANE('',#1900);
#1900 = AXIS2_PLACEMENT_3D('',#1901,#1902,#1903);
#1901 = CARTESIAN_POINT('',(10.,10.,4.));
#1902 = DIRECTION('',(0.,0.,1.));
#1903 = DIRECTION('',(1.,0.,0.));
#1904 = ADVANCED_FACE('',(#1905),#1911,.F.);
#1905 = FACE_BOUND('',#1906,.F.);
#1906 = EDGE_LOOP('',(#1907,#1908,#1909,#1910));
#1907 = ORIENTED_EDGE('',*,*,#1164,.T.);
#1908 = ORIENTED_EDGE('',*,*,#1188,.T.);
#1909 = ORIENTED_EDGE('',*,*,#1219,.F.);
#1910 = ORIENTED_EDGE('',*,*,#1236,.F.);
#1911 = PLANE('',#1912);
#1912 = AXIS2_PLACEMENT_3D('',#1913,#1914,#1915);
#1913 = CARTESIAN_POINT('',(30.,10.,1.));
#1914 = DIRECTION('',(0.,2.4E-16,1.));
#1915 = DIRECTION('',(0.,1.,-2.4E-16));
#1916 = ADVANCED_FACE('',(#1917),#1923,.F.);
#1917 = FACE_BOUND('',#1918,.F.);
#1918 = EDGE_LOOP('',(#1919,#1920,#1921,#1922));
#1919 = ORIENTED_EDGE('',*,*,#1260,.T.);
#1920 = ORIENTED_EDGE('',*,*,#1284,.T.);
#1921 = ORIENTED_EDGE('',*,*,#1308,.T.);
#1922 = ORIENTED_EDGE('',*,*,#1332,.F.);
#1923 = PLANE('',#1924);
#1924 = AXIS2_PLACEMENT_3D('',#1925,#1926,#1927);
#1925 = CARTESIAN_POINT('',(30.,10.,1.));
#1926 = DIRECTION('',(0.,2.4E-16,1.));
#1927 = DIRECTION('',(0.,1.,-2.4E-16));
#1928 = ADVANCED_FACE('',(#1929),#1935,.F.);
#1929 = FACE_BOUND('',#1930,.F.);
#1930 = EDGE_LOOP('',(#1931,#1932,#1933,#1934));
#1931 = ORIENTED_EDGE('',*,*,#1356,.T.);
#1932 = ORIENTED_EDGE('',*,*,#1387,.F.);
#1933 = ORIENTED_EDGE('',*,*,#1411,.F.);
#1934 = ORIENTED_EDGE('',*,*,#1428,.F.);
#1935 = PLANE('',#1936);
#1936 = AXIS2_PLACEMENT_3D('',#1937,#1938,#1939);
#1937 = CARTESIAN_POINT('',(30.,10.,1.));
#1938 = DIRECTION('',(0.,2.4E-16,1.));
#1939 = DIRECTION('',(0.,1.,-2.4E-16));
#1940 = ADVANCED_FACE('',(#1941),#1951,.F.);
#1941 = FACE_BOUND('',#1942,.F.);
#1942 = EDGE_LOOP('',(#1943,#1944,#1945));
#1943 = ORIENTED_EDGE('',*,*,#1789,.F.);
#1944 = ORIENTED_EDGE('',*,*,#1580,.T.);
#1945 = ORIENTED_EDGE('',*,*,#1946,.F.);
#1946 = EDGE_CURVE('',#1782,#1583,#1947,.T.);
#1947 = LINE('',#1948,#1949);
#1948 = CARTESIAN_POINT('',(12.7,12.7,4.4));
#1949 = VECTOR('',#1950,1.);
#1950 = DIRECTION('',(0.,-1.,0.));
#1951 = PLANE('',#1952);
#1952 = AXIS2_PLACEMENT_3D('',#1953,#1954,#1955);
#1953 = CARTESIAN_POINT('',(10.,10.,4.4));
#1954 = DIRECTION('',(0.,0.,1.));
#1955 = DIRECTION('',(1.,0.,0.));
#1956 = ADVANCED_FACE('',(#1957),#1967,.F.);
#1957 = FACE_BOUND('',#1958,.F.);
#1958 = EDGE_LOOP('',(#1959,#1965,#1966));
#1959 = ORIENTED_EDGE('',*,*,#1960,.F.);
#1960 = EDGE_CURVE('',#1609,#1796,#1961,.T.);
#1961 = LINE('',#1962,#1963);
#1962 = CARTESIAN_POINT('',(7.3,7.3,4.4));
#1963 = VECTOR('',#1964,1.);
#1964 = DIRECTION('',(0.,1.,0.));
#1965 = ORIENTED_EDGE('',*,*,#1617,.T.);
#1966 = ORIENTED_EDGE('',*,*,#1795,.F.);
#1967 = PLANE('',#1968);
#1968 = AXIS2_PLACEMENT_3D('',#1969,#1970,#1971);
#1969 = CARTESIAN_POINT('',(10.,10.,4.4));
#1970 = DIRECTION('',(0.,0.,1.));
#1971 = DIRECTION('',(1.,0.,0.));
#1972 = ADVANCED_FACE('',(#1973),#1983,.F.);
#1973 = FACE_BOUND('',#1974,.F.);
#1974 = EDGE_LOOP('',(#1975,#1981,#1982));
#1975 = ORIENTED_EDGE('',*,*,#1976,.F.);
#1976 = EDGE_CURVE('',#1861,#1609,#1977,.T.);
#1977 = LINE('',#1978,#1979);
#1978 = CARTESIAN_POINT('',(7.3,7.3,4.4));
#1979 = VECTOR('',#1980,1.);
#1980 = DIRECTION('',(0.,1.,0.));
#1981 = ORIENTED_EDGE('',*,*,#1868,.F.);
#1982 = ORIENTED_EDGE('',*,*,#1608,.T.);
#1983 = PLANE('',#1984);
#1984 = AXIS2_PLACEMENT_3D('',#1985,#1986,#1987);
#1985 = CARTESIAN_POINT('',(10.,10.,4.4));
#1986 = DIRECTION('',(0.,0.,1.));
#1987 = DIRECTION('',(1.,0.,0.));
#1988 = ADVANCED_FACE('',(#1989),#1999,.F.);
#1989 = FACE_BOUND('',#1990,.F.);
#1990 = EDGE_LOOP('',(#1991,#1992,#1993));
#1991 = ORIENTED_EDGE('',*,*,#1599,.T.);
#1992 = ORIENTED_EDGE('',*,*,#1874,.F.);
#1993 = ORIENTED_EDGE('',*,*,#1994,.F.);
#1994 = EDGE_CURVE('',#1583,#1875,#1995,.T.);
#1995 = LINE('',#1996,#1997);
#1996 = CARTESIAN_POINT('',(12.7,12.7,4.4));
#1997 = VECTOR('',#1998,1.);
#1998 = DIRECTION('',(0.,-1.,0.));
#1999 = PLANE('',#2000);
#2000 = AXIS2_PLACEMENT_3D('',#2001,#2002,#2003);
#2001 = CARTESIAN_POINT('',(10.,10.,4.4));
#2002 = DIRECTION('',(0.,0.,1.));
#2003 = DIRECTION('',(1.,0.,0.));
#2004 = ADVANCED_FACE('',(#2005),#2030,.F.);
#2005 = FACE_BOUND('',#2006,.T.);
#2006 = EDGE_LOOP('',(#2007,#2015,#2016,#2024));
#2007 = ORIENTED_EDGE('',*,*,#2008,.F.);
#2008 = EDGE_CURVE('',#1633,#2009,#2011,.T.);
#2009 = VERTEX_POINT('',#2010);
#2010 = CARTESIAN_POINT('',(23.5,12.5,12.));
#2011 = LINE('',#2012,#2013);
#2012 = CARTESIAN_POINT('',(25.666666666667,10.333333333333,
    14.166666666667));
#2013 = VECTOR('',#2014,1.);
#2014 = DIRECTION('',(0.57735026919,-0.57735026919,0.57735026919));
#2015 = ORIENTED_EDGE('',*,*,#1640,.T.);
#2016 = ORIENTED_EDGE('',*,*,#2017,.T.);
#2017 = EDGE_CURVE('',#1641,#2018,#2020,.T.);
#2018 = VERTEX_POINT('',#2019);
#2019 = CARTESIAN_POINT('',(23.5,7.5,12.));
#2020 = LINE('',#2021,#2022);
#2021 = CARTESIAN_POINT('',(24.166666666667,8.166666666667,
    12.666666666667));
#2022 = VECTOR('',#2023,1.);
#2023 = DIRECTION('',(0.57735026919,0.57735026919,0.57735026919));
#2024 = ORIENTED_EDGE('',*,*,#2025,.F.);
#2025 = EDGE_CURVE('',#2009,#2018,#2026,.T.);
#2026 = LINE('',#2027,#2028);
#2027 = CARTESIAN_POINT('',(23.5,13.,12.));
#2028 = VECTOR('',#2029,1.);
#2029 = DIRECTION('',(0.,-1.,0.));
#2030 = PLANE('',#2031);
#2031 = AXIS2_PLACEMENT_3D('',#2032,#2033,#2034);
#2032 = CARTESIAN_POINT('',(23.25,13.,11.75));
#2033 = DIRECTION('',(0.707106781187,0.,-0.707106781187));
#2034 = DIRECTION('',(0.,1.,0.));
#2035 = ADVANCED_FACE('',(#2036),#2054,.F.);
#2036 = FACE_BOUND('',#2037,.T.);
#2037 = EDGE_LOOP('',(#2038,#2039,#2040,#2048));
#2038 = ORIENTED_EDGE('',*,*,#2017,.F.);
#2039 = ORIENTED_EDGE('',*,*,#1667,.T.);
#2040 = ORIENTED_EDGE('',*,*,#2041,.T.);
#2041 = EDGE_CURVE('',#1668,#2042,#2044,.T.);
#2042 = VERTEX_POINT('',#2043);
#2043 = CARTESIAN_POINT('',(37.5,7.5,12.));
#2044 = LINE('',#2045,#2046);
#2045 = CARTESIAN_POINT('',(35.333333333333,9.666666666667,
    14.166666666667));
#2046 = VECTOR('',#2047,1.);
#2047 = DIRECTION('',(-0.57735026919,0.57735026919,0.57735026919));
#2048 = ORIENTED_EDGE('',*,*,#2049,.F.);
#2049 = EDGE_CURVE('',#2018,#2042,#2050,.T.);
#2050 = LINE('',#2051,#2052);
#2051 = CARTESIAN_POINT('',(23.,7.5,12.));
#2052 = VECTOR('',#2053,1.);
#2053 = DIRECTION('',(1.,0.,0.));
#2054 = PLANE('',#2055);
#2055 = AXIS2_PLACEMENT_3D('',#2056,#2057,#2058);
#2056 = CARTESIAN_POINT('',(23.,7.25,11.75));
#2057 = DIRECTION('',(0.,0.707106781187,-0.707106781187));
#2058 = DIRECTION('',(-1.,-0.,-0.));
#2059 = ADVANCED_FACE('',(#2060),#2078,.F.);
#2060 = FACE_BOUND('',#2061,.T.);
#2061 = EDGE_LOOP('',(#2062,#2063,#2064,#2072));
#2062 = ORIENTED_EDGE('',*,*,#2041,.F.);
#2063 = ORIENTED_EDGE('',*,*,#1691,.T.);
#2064 = ORIENTED_EDGE('',*,*,#2065,.T.);
#2065 = EDGE_CURVE('',#1692,#2066,#2068,.T.);
#2066 = VERTEX_POINT('',#2067);
#2067 = CARTESIAN_POINT('',(37.5,12.5,12.));
#2068 = LINE('',#2069,#2070);
#2069 = CARTESIAN_POINT('',(36.833333333333,11.833333333333,
    12.666666666667));
#2070 = VECTOR('',#2071,1.);
#2071 = DIRECTION('',(-0.57735026919,-0.57735026919,0.57735026919));
#2072 = ORIENTED_EDGE('',*,*,#2073,.F.);
#2073 = EDGE_CURVE('',#2042,#2066,#2074,.T.);
#2074 = LINE('',#2075,#2076);
#2075 = CARTESIAN_POINT('',(37.5,7.,12.));
#2076 = VECTOR('',#2077,1.);
#2077 = DIRECTION('',(0.,1.,0.));
#2078 = PLANE('',#2079);
#2079 = AXIS2_PLACEMENT_3D('',#2080,#2081,#2082);
#2080 = CARTESIAN_POINT('',(37.75,7.,11.75));
#2081 = DIRECTION('',(-0.707106781187,0.,-0.707106781187));
#2082 = DIRECTION('',(-0.,-1.,-0.));
#2083 = ADVANCED_FACE('',(#2084),#2095,.F.);
#2084 = FACE_BOUND('',#2085,.T.);
#2085 = EDGE_LOOP('',(#2086,#2087,#2088,#2089));
#2086 = ORIENTED_EDGE('',*,*,#2065,.F.);
#2087 = ORIENTED_EDGE('',*,*,#1718,.T.);
#2088 = ORIENTED_EDGE('',*,*,#2008,.T.);
#2089 = ORIENTED_EDGE('',*,*,#2090,.F.);
#2090 = EDGE_CURVE('',#2066,#2009,#2091,.T.);
#2091 = LINE('',#2092,#2093);
#2092 = CARTESIAN_POINT('',(38.,12.5,12.));
#2093 = VECTOR('',#2094,1.);
#2094 = DIRECTION('',(-1.,0.,0.));
#2095 = PLANE('',#2096);
#2096 = AXIS2_PLACEMENT_3D('',#2097,#2098,#2099);
#2097 = CARTESIAN_POINT('',(38.,12.75,11.75));
#2098 = DIRECTION('',(0.,-0.707106781187,-0.707106781187));
#2099 = DIRECTION('',(1.,0.,0.));
#2100 = ADVANCED_FACE('',(#2101),#2108,.T.);
#2101 = FACE_BOUND('',#2102,.T.);
#2102 = EDGE_LOOP('',(#2103,#2104,#2105,#2106,#2107));
#2103 = ORIENTED_EDGE('',*,*,#1860,.F.);
#2104 = ORIENTED_EDGE('',*,*,#1743,.F.);
#2105 = ORIENTED_EDGE('',*,*,#1803,.T.);
#2106 = ORIENTED_EDGE('',*,*,#1960,.F.);
#2107 = ORIENTED_EDGE('',*,*,#1976,.F.);
#2108 = PLANE('',#2109);
#2109 = AXIS2_PLACEMENT_3D('',#2110,#2111,#2112);
#2110 = CARTESIAN_POINT('',(7.3,10.,2.2));
#2111 = DIRECTION('',(1.,0.,0.));
#2112 = DIRECTION('',(0.,0.,1.));
#2113 = ADVANCED_FACE('',(#2114),#2121,.T.);
#2114 = FACE_BOUND('',#2115,.T.);
#2115 = EDGE_LOOP('',(#2116,#2117,#2118,#2119,#2120));
#2116 = ORIENTED_EDGE('',*,*,#1781,.F.);
#2117 = ORIENTED_EDGE('',*,*,#1837,.F.);
#2118 = ORIENTED_EDGE('',*,*,#1882,.T.);
#2119 = ORIENTED_EDGE('',*,*,#1994,.F.);
#2120 = ORIENTED_EDGE('',*,*,#1946,.F.);
#2121 = PLANE('',#2122);
#2122 = AXIS2_PLACEMENT_3D('',#2123,#2124,#2125);
#2123 = CARTESIAN_POINT('',(12.7,10.,2.2));
#2124 = DIRECTION('',(-1.,-0.,-0.));
#2125 = DIRECTION('',(0.,0.,-1.));
#2126 = ADVANCED_FACE('',(#2127),#2133,.T.);
#2127 = FACE_BOUND('',#2128,.T.);
#2128 = EDGE_LOOP('',(#2129,#2130,#2131,#2132));
#2129 = ORIENTED_EDGE('',*,*,#2049,.T.);
#2130 = ORIENTED_EDGE('',*,*,#2073,.T.);
#2131 = ORIENTED_EDGE('',*,*,#2090,.T.);
#2132 = ORIENTED_EDGE('',*,*,#2025,.T.);
#2133 = PLANE('',#2134);
#2134 = AXIS2_PLACEMENT_3D('',#2135,#2136,#2137);
#2135 = CARTESIAN_POINT('',(30.5,10.,12.));
#2136 = DIRECTION('',(0.,0.,1.));
#2137 = DIRECTION('',(1.,0.,0.));
#2138 = ( GEOMETRIC_REPRESENTATION_CONTEXT(3) 
GLOBAL_UNCERTAINTY_ASSIGNED_CONTEXT((#2142)) 
GLOBAL_UNIT_ASSIGNED_CONTEXT((#2139,#2140,#2141)) REPRESENTATION_CONTEXT
('Context #1','3D Context with UNIT and UNCERTAINTY') );
#2139 = ( LENGTH_UNIT() NAMED_UNIT(*) SI_UNIT(.MILLI.,.METRE.) );
#2140 = ( NAMED_UNIT(*) PLANE_ANGLE_UNIT() SI_UNIT($,.RADIAN.) );
#2141 = ( NAMED_UNIT(*) SI_UNIT($,.STERADIAN.) SOLID_ANGLE_UNIT() );
#2142 = UNCERTAINTY_MEASURE_WITH_UNIT(LENGTH_MEASURE(5.E-06),#2139,
  'distance_accuracy_value','confusion accuracy');
#2143 = PRODUCT_RELATED_PRODUCT_CATEGORY('part',$,(#7));
#2144 = MECHANICAL_DESIGN_GEOMETRIC_PRESENTATION_REPRESENTATION('',(
    #2145),#2138);
#2145 = STYLED_ITEM('color',(#2146),#15);
#2146 = PRESENTATION_STYLE_ASSIGNMENT((#2147,#2153));
#2147 = SURFACE_STYLE_USAGE(.BOTH.,#2148);
#2148 = SURFACE_SIDE_STYLE('',(#2149));
#2149 = SURFACE_STYLE_FILL_AREA(#2150);
#2150 = FILL_AREA_STYLE('',(#2151));
#2151 = FILL_AREA_STYLE_COLOUR('',#2152);
#2152 = COLOUR_RGB('',0.678431390124,0.709803936702,0.741176476869);
#2153 = CURVE_STYLE('',#2154,POSITIVE_LENGTH_MEASURE(0.1),#2155);
#2154 = DRAUGHTING_PRE_DEFINED_CURVE_FONT('continuous');
#2155 = COLOUR_RGB('',9.803921802644E-02,9.803921802644E-02,
  9.803921802644E-02);
ENDSEC;
END-ISO-10303-21;
