ISO-10303-21;
HEADER;
FILE_DESCRIPTION(('FreeCAD Model'),'2;1');
FILE_NAME('Open CASCADE Shape Model','2026-07-13T14:22:50',(''),(''),
  'Open CASCADE STEP processor 7.8','FreeCAD','Unknown');
FILE_SCHEMA(('AUTOMOTIVE_DESIGN { 1 0 10303 214 1 1 1 1 }'));
ENDSEC;
DATA;
#1 = APPLICATION_PROTOCOL_DEFINITION('international standard',
  'automotive_design',2000,#2);
#2 = APPLICATION_CONTEXT(
  'core data for automotive mechanical design processes');
#3 = SHAPE_DEFINITION_REPRESENTATION(#4,#10);
#4 = PRODUCT_DEFINITION_SHAPE('','',#5);
#5 = PRODUCT_DEFINITION('design','',#6,#9);
#6 = PRODUCT_DEFINITION_FORMATION('','',#7);
#7 = PRODUCT('ExhaustToFanAdapter','ExhaustToFanAdapter','',(#8));
#8 = PRODUCT_CONTEXT('',#2,'mechanical');
#9 = PRODUCT_DEFINITION_CONTEXT('part definition',#2,'design');
#10 = ADVANCED_BREP_SHAPE_REPRESENTATION('',(#11,#15),#5516);
#11 = AXIS2_PLACEMENT_3D('',#12,#13,#14);
#12 = CARTESIAN_POINT('',(0.,0.,0.));
#13 = DIRECTION('',(0.,0.,1.));
#14 = DIRECTION('',(1.,0.,-0.));
#15 = MANIFOLD_SOLID_BREP('',#16);
#16 = CLOSED_SHELL('',(#17,#468,#740,#813,#886,#943,#1000,#1109,#1218,
    #1275,#1332,#1441,#1550,#1607,#1664,#1741,#1814,#1947,#2069,#2094,
    #2126,#2150,#2174,#2199,#2224,#2248,#2272,#2290,#2315,#2368,#2402,
    #2436,#2470,#2504,#2540,#2576,#2619,#2662,#2698,#2734,#2768,#2802,
    #2836,#2870,#2904,#2932,#2957,#2989,#3013,#3037,#3062,#3087,#3111,
    #3135,#3153,#3178,#3225,#3272,#3319,#3366,#3386,#3562,#3582,#3614,
    #3639,#3664,#3689,#3721,#3739,#3764,#3789,#3814,#3839,#3857,#3882,
    #3907,#3938,#3963,#3988,#4012,#4036,#4061,#4086,#4110,#4134,#4159,
    #4184,#4208,#4232,#4257,#4282,#4299,#4324,#4341,#4358,#4429,#4446,
    #4463,#4480,#4497,#4536,#4561,#4586,#4610,#4634,#4659,#4684,#4708,
    #4732,#4757,#4782,#4806,#4830,#4855,#4880,#4897,#5066,#5098,#5126,
    #5150,#5174,#5200,#5226,#5254,#5282,#5308,#5334,#5362,#5390,#5416,
    #5442,#5466,#5490));
#17 = ADVANCED_FACE('',(#18,#371,#382,#452),#463,.T.);
#18 = FACE_BOUND('',#19,.T.);
#19 = EDGE_LOOP('',(#20,#57,#76,#91,#119,#134,#162,#177,#196,#215,#234,
    #253,#268,#296,#311,#339,#354));
#20 = ORIENTED_EDGE('',*,*,#21,.F.);
#21 = EDGE_CURVE('',#22,#24,#26,.T.);
#22 = VERTEX_POINT('',#23);
#23 = CARTESIAN_POINT('',(-14.46422407735,38.136091387036,4.));
#24 = VERTEX_POINT('',#25);
#25 = CARTESIAN_POINT('',(-14.46387912714,16.4435179078,4.));
#26 = ( BOUNDED_CURVE() B_SPLINE_CURVE(10,(#27,#28,#29,#30,#31,#32,#33,
    #34,#35,#36,#37,#38,#39,#40,#41,#42,#43,#44,#45,#46,#47,#48,#49,#50,
    #51,#52,#53,#54,#55,#56),.UNSPECIFIED.,.F.,.F.) 
B_SPLINE_CURVE_WITH_KNOTS((11,10,9,11),(-0.291582847516,0.,
20.85269800325,21.15904759039),.UNSPECIFIED.) CURVE() 
GEOMETRIC_REPRESENTATION_ITEM() RATIONAL_B_SPLINE_CURVE((1.046633712282,
    1.04678698718,1.046941225027,1.047096498448,1.047252880061,
    1.047410442492,1.047569258357,1.047729400282,1.047890940886,
    1.048053952791,1.04821850862,1.057272452973,1.063501905366,
    1.066546445081,1.068782959746,1.069063912454,1.068745914448,
    1.066706759519,1.063652226584,1.057318446491,1.048041668621,
    1.047903371183,1.047761567563,1.047616714763,1.047469248628,
    1.047319583838,1.047168113915,1.047015211217,1.046861226945,
1.046706491136)) REPRESENTATION_ITEM('') );
#27 = CARTESIAN_POINT('',(-14.46422407735,38.136091387036,4.));
#28 = CARTESIAN_POINT('',(-14.46927527811,38.095311481585,4.));
#29 = CARTESIAN_POINT('',(-14.4742480871,38.054510661618,4.));
#30 = CARTESIAN_POINT('',(-14.47914381979,38.013680542485,4.));
#31 = CARTESIAN_POINT('',(-14.48396378993,37.972812755973,4.));
#32 = CARTESIAN_POINT('',(-14.48870930964,37.931898950449,4.));
#33 = CARTESIAN_POINT('',(-14.49338168945,37.890930790891,4.));
#34 = CARTESIAN_POINT('',(-14.49798223828,37.849899959103,4.));
#35 = CARTESIAN_POINT('',(-14.50251226353,37.808798153754,4.));
#36 = CARTESIAN_POINT('',(-14.5069730711,37.767617090588,4.));
#37 = CARTESIAN_POINT('',(-14.51136596542,37.726348502534,4.));
#38 = CARTESIAN_POINT('',(-14.78440664878,35.65893599274,4.));
#39 = CARTESIAN_POINT('',(-15.03652812161,33.576136744612,4.));
#40 = CARTESIAN_POINT('',(-15.22517989181,31.481717844472,4.));
#41 = CARTESIAN_POINT('',(-15.33681220214,29.395263099665,4.));
#42 = CARTESIAN_POINT('',(-15.37941645381,27.306330213843,4.));
#43 = CARTESIAN_POINT('',(-15.33671746078,25.218015056699,4.));
#44 = CARTESIAN_POINT('',(-15.22898027474,23.138011192834,4.));
#45 = CARTESIAN_POINT('',(-15.03655065956,21.025180180763,4.));
#46 = CARTESIAN_POINT('',(-14.78645091708,18.931036834012,4.));
#47 = CARTESIAN_POINT('',(-14.50536672339,16.773981095435,4.));
#48 = CARTESIAN_POINT('',(-14.50115577028,16.741140614326,4.));
#49 = CARTESIAN_POINT('',(-14.49684363878,16.707089130352,4.));
#50 = CARTESIAN_POINT('',(-14.49243335828,16.671943850908,4.));
#51 = CARTESIAN_POINT('',(-14.48792636356,16.635812874372,4.));
#52 = CARTESIAN_POINT('',(-14.48332249372,16.598795187589,4.));
#53 = CARTESIAN_POINT('',(-14.47861999098,16.56098066175,4.));
#54 = CARTESIAN_POINT('',(-14.4738154994,16.522450047103,4.));
#55 = CARTESIAN_POINT('',(-14.46890406354,16.483274966455,4.));
#56 = CARTESIAN_POINT('',(-14.46387912714,16.4435179078,4.));
#57 = ORIENTED_EDGE('',*,*,#58,.F.);
#58 = EDGE_CURVE('',#59,#22,#61,.T.);
#59 = VERTEX_POINT('',#60);
#60 = CARTESIAN_POINT('',(-13.78050330705,40.140064138429,4.));
#61 = ( BOUNDED_CURVE() B_SPLINE_CURVE(7,(#62,#63,#64,#65,#66,#67,#68,
    #69,#70,#71,#72,#73,#74,#75),.UNSPECIFIED.,.F.,.F.) 
B_SPLINE_CURVE_WITH_KNOTS((8,6,8),(119.78441869261,119.88798814364,
121.37664120703),.UNSPECIFIED.) CURVE() GEOMETRIC_REPRESENTATION_ITEM() 
RATIONAL_B_SPLINE_CURVE((1.,1.,1.,1.,1.,1.,1.,1.,1.,1.,1.,1.,1.,1.)) 
REPRESENTATION_ITEM('') );
#62 = CARTESIAN_POINT('',(-13.78049022124,40.140085088385,4.));
#63 = CARTESIAN_POINT('',(-13.78882287484,40.126803872833,4.));
#64 = CARTESIAN_POINT('',(-13.79710108908,40.113480872337,4.));
#65 = CARTESIAN_POINT('',(-13.80532481185,40.100116082464,4.));
#66 = CARTESIAN_POINT('',(-13.81349399104,40.086709498778,4.));
#67 = CARTESIAN_POINT('',(-13.82160857454,40.073261116844,4.));
#68 = CARTESIAN_POINT('',(-13.82966851024,40.059770932227,4.));
#69 = CARTESIAN_POINT('',(-13.95273681421,39.851737176233,4.));
#70 = CARTESIAN_POINT('',(-14.08400071208,39.598052178047,4.));
#71 = CARTESIAN_POINT('',(-14.20678858538,39.316499486866,4.));
#72 = CARTESIAN_POINT('',(-14.30335007322,39.024008576684,4.));
#73 = CARTESIAN_POINT('',(-14.37927660912,38.730274327773,4.));
#74 = CARTESIAN_POINT('',(-14.43273377125,38.434023189822,4.));
#75 = CARTESIAN_POINT('',(-14.46423423726,38.136092261695,4.));
#76 = ORIENTED_EDGE('',*,*,#77,.F.);
#77 = EDGE_CURVE('',#78,#59,#80,.T.);
#78 = VERTEX_POINT('',#79);
#79 = CARTESIAN_POINT('',(-8.434463365242,48.3472297077,4.));
#80 = ( BOUNDED_CURVE() B_SPLINE_CURVE(9,(#81,#82,#83,#84,#85,#86,#87,
#88,#89,#90),.UNSPECIFIED.,.F.,.F.) B_SPLINE_CURVE_WITH_KNOTS((10,10),(
110.11224947856,119.7844420058),.PIECEWISE_BEZIER_KNOTS.) CURVE() 
GEOMETRIC_REPRESENTATION_ITEM() RATIONAL_B_SPLINE_CURVE((1.,1.,1.,1.,1.,
1.,1.,1.,1.,1.)) REPRESENTATION_ITEM('') );
#81 = CARTESIAN_POINT('',(-8.434394293179,48.347334930124,4.));
#82 = CARTESIAN_POINT('',(-9.061495192126,47.3969408041,4.));
#83 = CARTESIAN_POINT('',(-9.652610825883,46.492531860634,4.));
#84 = CARTESIAN_POINT('',(-10.25933186642,45.584899083411,4.));
#85 = CARTESIAN_POINT('',(-10.84494386417,44.702236936135,4.));
#86 = CARTESIAN_POINT('',(-11.43433907084,43.809893805863,4.));
#87 = CARTESIAN_POINT('',(-12.0157077643,42.921531441405,4.));
#88 = CARTESIAN_POINT('',(-12.59808648097,42.017590037934,4.));
#89 = CARTESIAN_POINT('',(-13.17929325547,41.106872933469,4.));
#90 = CARTESIAN_POINT('',(-13.78050330705,40.140064138429,4.));
#91 = ORIENTED_EDGE('',*,*,#92,.F.);
#92 = EDGE_CURVE('',#93,#78,#95,.T.);
#93 = VERTEX_POINT('',#94);
#94 = CARTESIAN_POINT('',(-4.770046797336,50.399828789153,4.));
#95 = ( BOUNDED_CURVE() B_SPLINE_CURVE(8,(#96,#97,#98,#99,#100,#101,#102
    ,#103,#104,#105,#106,#107,#108,#109,#110,#111,#112,#113,#114,#115,
#116,#117,#118),.UNSPECIFIED.,.F.,.F.) B_SPLINE_CURVE_WITH_KNOTS((9,7,7,
    9),(106.39575172425,106.42751726995,109.98801109105,110.11236827443)
,.UNSPECIFIED.) CURVE() GEOMETRIC_REPRESENTATION_ITEM() 
RATIONAL_B_SPLINE_CURVE((1.,1.,1.,1.,1.,1.,1.,1.,1.,1.,1.,1.,1.,1.,1.,1.
,1.,1.,1.,1.,1.,1.,1.)) REPRESENTATION_ITEM('') );
#96 = CARTESIAN_POINT('',(-4.770044961232,50.399828823963,4.));
#97 = CARTESIAN_POINT('',(-4.774247159337,50.399750870984,4.));
#98 = CARTESIAN_POINT('',(-4.77844993503,50.399667862536,4.));
#99 = CARTESIAN_POINT('',(-4.782653286801,50.399579798137,4.));
#100 = CARTESIAN_POINT('',(-4.786857213141,50.399486677303,4.));
#101 = CARTESIAN_POINT('',(-4.791061712541,50.399388499548,4.));
#102 = CARTESIAN_POINT('',(-4.795266783492,50.39928526439,4.));
#103 = CARTESIAN_POINT('',(-4.799472424487,50.399176971344,4.));
#104 = CARTESIAN_POINT('',(-5.275138598058,50.386358438433,4.));
#105 = CARTESIAN_POINT('',(-5.801944331722,50.305706571787,4.));
#106 = CARTESIAN_POINT('',(-6.337129832801,50.157118599355,4.));
#107 = CARTESIAN_POINT('',(-6.833912345679,49.917893715933,4.));
#108 = CARTESIAN_POINT('',(-7.306283500542,49.628735117577,4.));
#109 = CARTESIAN_POINT('',(-7.727763069725,49.254070656478,4.));
#110 = CARTESIAN_POINT('',(-8.088661314482,48.845062837549,4.));
#111 = CARTESIAN_POINT('',(-8.369959687494,48.443091973808,4.));
#112 = CARTESIAN_POINT('',(-8.379383414884,48.42949369483,4.));
#113 = CARTESIAN_POINT('',(-8.388737531742,48.415863077328,4.));
#114 = CARTESIAN_POINT('',(-8.398022021132,48.402200258325,4.));
#115 = CARTESIAN_POINT('',(-8.407236866116,48.38850537484,4.));
#116 = CARTESIAN_POINT('',(-8.416382049754,48.374778563893,4.));
#117 = CARTESIAN_POINT('',(-8.425457555109,48.361019962507,4.));
#118 = CARTESIAN_POINT('',(-8.434463365242,48.3472297077,4.));
#119 = ORIENTED_EDGE('',*,*,#120,.F.);
#120 = EDGE_CURVE('',#121,#93,#123,.T.);
#121 = VERTEX_POINT('',#122);
#122 = CARTESIAN_POINT('',(4.770044616999,50.399828849496,4.));
#123 = ( BOUNDED_CURVE() B_SPLINE_CURVE(9,(#124,#125,#126,#127,#128,#129
    ,#130,#131,#132,#133),.UNSPECIFIED.,.F.,.F.) 
B_SPLINE_CURVE_WITH_KNOTS((10,10),(96.95928071483,106.39575345926),
.PIECEWISE_BEZIER_KNOTS.) CURVE() GEOMETRIC_REPRESENTATION_ITEM() 
RATIONAL_B_SPLINE_CURVE((1.,1.,1.,1.,1.,1.,1.,1.,1.,1.)) 
REPRESENTATION_ITEM('') );
#124 = CARTESIAN_POINT('',(4.770046453084,50.399828814686,4.));
#125 = CARTESIAN_POINT('',(3.66048591528,50.421317517624,4.));
#126 = CARTESIAN_POINT('',(2.615035138089,50.427883177705,4.));
#127 = CARTESIAN_POINT('',(1.553267851334,50.440455066117,4.));
#128 = CARTESIAN_POINT('',(0.523524930488,50.443984202215,4.));
#129 = CARTESIAN_POINT('',(-0.523524984801,50.443984192527,4.));
#130 = CARTESIAN_POINT('',(-1.553267805732,50.440455079009,4.));
#131 = CARTESIAN_POINT('',(-2.615035223637,50.427883148428,4.));
#132 = CARTESIAN_POINT('',(-3.660485939146,50.421317548334,4.));
#133 = CARTESIAN_POINT('',(-4.770046797336,50.399828789153,4.));
#134 = ORIENTED_EDGE('',*,*,#135,.F.);
#135 = EDGE_CURVE('',#136,#121,#138,.T.);
#136 = VERTEX_POINT('',#137);
#137 = CARTESIAN_POINT('',(8.434380569809,48.347356238503,4.));
#138 = ( BOUNDED_CURVE() B_SPLINE_CURVE(8,(#139,#140,#141,#142,#143,#144
    ,#145,#146,#147,#148,#149,#150,#151,#152,#153,#154,#155,#156,#157,
    #158,#159,#160,#161),.UNSPECIFIED.,.F.,.F.) 
B_SPLINE_CURVE_WITH_KNOTS((9,7,7,9),(93.2426888277,93.367046415353,
96.927516815211,96.959282449815),.UNSPECIFIED.) CURVE() 
GEOMETRIC_REPRESENTATION_ITEM() RATIONAL_B_SPLINE_CURVE((1.,1.,1.,1.,1.,
    1.,1.,1.,1.,1.,1.,1.,1.,1.,1.,1.,1.,1.,1.,1.,1.,1.,1.)) 
REPRESENTATION_ITEM('') );
#139 = CARTESIAN_POINT('',(8.434449555228,48.347251148793,4.));
#140 = CARTESIAN_POINT('',(8.425443619399,48.361041410643,4.));
#141 = CARTESIAN_POINT('',(8.416367987966,48.374800018728,4.));
#142 = CARTESIAN_POINT('',(8.407222677867,48.388526836018,4.));
#143 = CARTESIAN_POINT('',(8.398007706042,48.402221725485,4.));
#144 = CARTESIAN_POINT('',(8.388723089428,48.415884550099,4.));
#145 = CARTESIAN_POINT('',(8.379368844966,48.429515172831,4.));
#146 = CARTESIAN_POINT('',(8.369944989593,48.443113456654,4.));
#147 = CARTESIAN_POINT('',(8.088645484662,48.845080634563,4.));
#148 = CARTESIAN_POINT('',(7.727747112942,49.254084603922,4.));
#149 = CARTESIAN_POINT('',(7.30626849777,49.628744697407,4.));
#150 = CARTESIAN_POINT('',(6.833899398537,49.917899791317,4.));
#151 = CARTESIAN_POINT('',(6.337119464113,50.157121631623,4.));
#152 = CARTESIAN_POINT('',(5.801937344277,50.305707672018,4.));
#153 = CARTESIAN_POINT('',(5.275135098481,50.386358554541,4.));
#154 = CARTESIAN_POINT('',(4.799472154036,50.399176995913,4.));
#155 = CARTESIAN_POINT('',(4.795266502504,50.399285289176,4.));
#156 = CARTESIAN_POINT('',(4.791061421013,50.399388524526,4.));
#157 = CARTESIAN_POINT('',(4.786856911073,50.399486702444,4.));
#158 = CARTESIAN_POINT('',(4.782652974193,50.399579823417,4.));
#159 = CARTESIAN_POINT('',(4.778449611881,50.399667887927,4.));
#160 = CARTESIAN_POINT('',(4.774246825647,50.399750896459,4.));
#161 = CARTESIAN_POINT('',(4.770044616999,50.399828849496,4.));
#162 = ORIENTED_EDGE('',*,*,#163,.F.);
#163 = EDGE_CURVE('',#164,#136,#166,.T.);
#164 = VERTEX_POINT('',#165);
#165 = CARTESIAN_POINT('',(13.780490232069,40.140085067766,4.));
#166 = ( BOUNDED_CURVE() B_SPLINE_CURVE(9,(#167,#168,#169,#170,#171,#172
    ,#173,#174,#175,#176),.UNSPECIFIED.,.F.,.F.) 
B_SPLINE_CURVE_WITH_KNOTS((10,10),(83.570592088448,93.242807473823),
.PIECEWISE_BEZIER_KNOTS.) CURVE() GEOMETRIC_REPRESENTATION_ITEM() 
RATIONAL_B_SPLINE_CURVE((1.,1.,1.,1.,1.,1.,1.,1.,1.,1.)) 
REPRESENTATION_ITEM('') );
#167 = CARTESIAN_POINT('',(13.780503317938,40.140064117722,4.));
#168 = CARTESIAN_POINT('',(13.179291916121,41.106875110018,4.));
#169 = CARTESIAN_POINT('',(12.598083800275,42.017594332521,4.));
#170 = CARTESIAN_POINT('',(12.015703688387,42.921537894566,4.));
#171 = CARTESIAN_POINT('',(11.434333668368,43.809902288604,4.));
#172 = CARTESIAN_POINT('',(10.844937003074,44.702247591413,4.));
#173 = CARTESIAN_POINT('',(10.259323760868,45.584911681168,4.));
#174 = CARTESIAN_POINT('',(9.652600635976,46.492547443148,4.));
#175 = CARTESIAN_POINT('',(9.061483926185,47.396958681968,4.));
#176 = CARTESIAN_POINT('',(8.434380569809,48.347356238503,4.));
#177 = ORIENTED_EDGE('',*,*,#178,.F.);
#178 = EDGE_CURVE('',#179,#164,#181,.T.);
#179 = VERTEX_POINT('',#180);
#180 = CARTESIAN_POINT('',(14.4641977105,38.136397613712,4.));
#181 = ( BOUNDED_CURVE() B_SPLINE_CURVE(7,(#182,#183,#184,#185,#186,#187
    ,#188,#189,#190,#191,#192,#193,#194,#195),.UNSPECIFIED.,.F.,.F.) 
B_SPLINE_CURVE_WITH_KNOTS((8,6,8),(81.976946357778,83.467045941457,
83.570615401734),.UNSPECIFIED.) CURVE() GEOMETRIC_REPRESENTATION_ITEM() 
RATIONAL_B_SPLINE_CURVE((1.,1.,1.,1.,1.,1.,1.,1.,1.,1.,1.,1.,1.,1.)) 
REPRESENTATION_ITEM('') );
#182 = CARTESIAN_POINT('',(14.464322665723,38.135322529003,4.));
#183 = CARTESIAN_POINT('',(14.435045390378,38.410002834171,4.));
#184 = CARTESIAN_POINT('',(14.383997417427,38.714777511527,4.));
#185 = CARTESIAN_POINT('',(14.306167189426,39.019686917561,4.));
#186 = CARTESIAN_POINT('',(14.206936094567,39.315581852112,4.));
#187 = CARTESIAN_POINT('',(14.084304967712,39.597574678624,4.));
#188 = CARTESIAN_POINT('',(13.952848618422,39.851548182579,4.));
#189 = CARTESIAN_POINT('',(13.829668520671,40.059770912909,4.));
#190 = CARTESIAN_POINT('',(13.821608585096,40.073261097226,4.));
#191 = CARTESIAN_POINT('',(13.813494001702,40.086709478894,4.));
#192 = CARTESIAN_POINT('',(13.805324822596,40.100116062348,4.));
#193 = CARTESIAN_POINT('',(13.797101099883,40.113480852022,4.));
#194 = CARTESIAN_POINT('',(13.788822885672,40.126803852349,4.));
#195 = CARTESIAN_POINT('',(13.780490232069,40.140085067766,4.));
#196 = ORIENTED_EDGE('',*,*,#197,.F.);
#197 = EDGE_CURVE('',#198,#179,#200,.T.);
#198 = VERTEX_POINT('',#199);
#199 = CARTESIAN_POINT('',(15.283070425656,27.289690452113,4.));
#200 = ( BOUNDED_CURVE() B_SPLINE_CURVE(7,(#201,#202,#203,#204,#205,#206
    ,#207,#208,#209,#210,#211,#212,#213,#214),.UNSPECIFIED.,.F.,.F.) 
B_SPLINE_CURVE_WITH_KNOTS((8,6,8),(71.250127292883,81.686810030557,
81.977780052326),.UNSPECIFIED.) CURVE() GEOMETRIC_REPRESENTATION_ITEM() 
RATIONAL_B_SPLINE_CURVE((1.06761652206,1.067611472322,1.066861809936,
    1.065381090755,1.063003709681,1.059631276944,1.054578006594,
    1.047844511,1.047654240667,1.047457719395,1.047256236078,
1.047050984158,1.046843061627,1.046633471025)) REPRESENTATION_ITEM('') 
  );
#201 = CARTESIAN_POINT('',(15.283070425656,27.289690452113,4.));
#202 = CARTESIAN_POINT('',(15.28307052207,28.777162307979,4.));
#203 = CARTESIAN_POINT('',(15.243418929815,30.266562805473,4.));
#204 = CARTESIAN_POINT('',(15.163624472563,31.760235980308,4.));
#205 = CARTESIAN_POINT('',(15.04580928377,33.257192989997,4.));
#206 = CARTESIAN_POINT('',(14.889834310849,34.765261135632,4.));
#207 = CARTESIAN_POINT('',(14.705684466003,36.270991067803,4.));
#208 = CARTESIAN_POINT('',(14.501679033086,37.837153246431,4.));
#209 = CARTESIAN_POINT('',(14.495907082349,37.882479595501,4.));
#210 = CARTESIAN_POINT('',(14.489945388977,37.930015601586,4.));
#211 = CARTESIAN_POINT('',(14.483799990348,37.979434612608,4.));
#212 = CARTESIAN_POINT('',(14.477468645614,38.030454926225,4.));
#213 = CARTESIAN_POINT('',(14.470940826999,38.082839823624,4.));
#214 = CARTESIAN_POINT('',(14.4641977105,38.136397613712,4.));
#215 = ORIENTED_EDGE('',*,*,#216,.F.);
#216 = EDGE_CURVE('',#217,#198,#219,.T.);
#217 = VERTEX_POINT('',#218);
#218 = CARTESIAN_POINT('',(14.464018521672,16.444711990206,4.));
#219 = ( BOUNDED_CURVE() B_SPLINE_CURVE(7,(#220,#221,#222,#223,#224,#225
    ,#226,#227,#228,#229,#230,#231,#232,#233),.UNSPECIFIED.,.F.,.F.) 
B_SPLINE_CURVE_WITH_KNOTS((8,6,8),(60.527762440168,60.834112027307,
71.250127292883),.UNSPECIFIED.) CURVE() GEOMETRIC_REPRESENTATION_ITEM() 
RATIONAL_B_SPLINE_CURVE((1.046706491136,1.046927542284,1.047146982995,
    1.047363681712,1.047576379911,1.047783692101,1.047984105827,
    1.05469984118,1.059716976826,1.06306327156,1.065420554481,
1.066884873292,1.067621561798,1.06761652206)) REPRESENTATION_ITEM('') );
#220 = CARTESIAN_POINT('',(14.46387912714,16.443517907799,4.));
#221 = CARTESIAN_POINT('',(14.47105715301,16.500310108273,4.));
#222 = CARTESIAN_POINT('',(14.477992152343,16.555856622819,4.));
#223 = CARTESIAN_POINT('',(14.484706583005,16.609943169957,4.));
#224 = CARTESIAN_POINT('',(14.491213298755,16.662300583044,4.));
#225 = CARTESIAN_POINT('',(14.497515561041,16.712604871486,4.));
#226 = CARTESIAN_POINT('',(14.503607050033,16.760477268029,4.));
#227 = CARTESIAN_POINT('',(14.707608672438,18.325997107081,4.));
#228 = CARTESIAN_POINT('',(14.891271212425,19.828897925463,4.));
#229 = CARTESIAN_POINT('',(15.046692952585,21.333966775489,4.));
#230 = CARTESIAN_POINT('',(15.16409243906,22.827998437282,4.));
#231 = CARTESIAN_POINT('',(15.243575155632,24.31872190638,4.));
#232 = CARTESIAN_POINT('',(15.283070329434,25.80517822473,4.));
#233 = CARTESIAN_POINT('',(15.283070425656,27.289690452113,4.));
#234 = ORIENTED_EDGE('',*,*,#235,.F.);
#235 = EDGE_CURVE('',#236,#217,#238,.T.);
#236 = VERTEX_POINT('',#237);
#237 = CARTESIAN_POINT('',(13.779965314166,14.442853109546,4.));
#238 = ( BOUNDED_CURVE() B_SPLINE_CURVE(7,(#239,#240,#241,#242,#243,#244
    ,#245,#246,#247,#248,#249,#250,#251,#252),.UNSPECIFIED.,.F.,.F.) 
B_SPLINE_CURVE_WITH_KNOTS((8,6,8),(58.935750049602,59.053876116407,
60.52868180525),.UNSPECIFIED.) CURVE() GEOMETRIC_REPRESENTATION_ITEM() 
RATIONAL_B_SPLINE_CURVE((1.,1.,1.,1.,1.,1.,1.,1.,1.,1.,1.,1.,1.,1.)) 
REPRESENTATION_ITEM('') );
#239 = CARTESIAN_POINT('',(13.779948475997,14.442826165382,4.));
#240 = CARTESIAN_POINT('',(13.789453205605,14.457967829068,4.));
#241 = CARTESIAN_POINT('',(13.798887151844,14.473163817618,4.));
#242 = CARTESIAN_POINT('',(13.808250233304,14.488414139292,4.));
#243 = CARTESIAN_POINT('',(13.817542368574,14.50371880235,4.));
#244 = CARTESIAN_POINT('',(13.826763476244,14.51907781505,4.));
#245 = CARTESIAN_POINT('',(13.835913474903,14.534491185653,4.));
#246 = CARTESIAN_POINT('',(13.958341338093,14.743073844386,4.));
#247 = CARTESIAN_POINT('',(14.087751911173,14.994585826525,4.));
#248 = CARTESIAN_POINT('',(14.208682603056,15.273867597729,4.));
#249 = CARTESIAN_POINT('',(14.306756820961,15.566994091357,4.));
#250 = CARTESIAN_POINT('',(14.38382611949,15.868906592607,4.));
#251 = CARTESIAN_POINT('',(14.434686860254,16.170891320948,4.));
#252 = CARTESIAN_POINT('',(14.464018521672,16.444711990206,4.));
#253 = ORIENTED_EDGE('',*,*,#254,.F.);
#254 = EDGE_CURVE('',#255,#236,#257,.T.);
#255 = VERTEX_POINT('',#256);
#256 = CARTESIAN_POINT('',(8.43468183218,6.243180619361,4.));
#257 = ( BOUNDED_CURVE() B_SPLINE_CURVE(9,(#258,#259,#260,#261,#262,#263
    ,#264,#265,#266,#267),.UNSPECIFIED.,.F.,.F.) 
B_SPLINE_CURVE_WITH_KNOTS((10,10),(49.270758918436,58.935780045285),
.PIECEWISE_BEZIER_KNOTS.) CURVE() GEOMETRIC_REPRESENTATION_ITEM() 
RATIONAL_B_SPLINE_CURVE((1.,1.,1.,1.,1.,1.,1.,1.,1.,1.)) 
REPRESENTATION_ITEM('') );
#258 = CARTESIAN_POINT('',(8.434620927762,6.243087936379,4.));
#259 = CARTESIAN_POINT('',(9.062158580873,7.193118410881,4.));
#260 = CARTESIAN_POINT('',(9.653343706071,8.096786349704,4.));
#261 = CARTESIAN_POINT('',(10.260127183442,9.003584555616,4.));
#262 = CARTESIAN_POINT('',(10.845698008638,9.885374878163,4.));
#263 = CARTESIAN_POINT('',(11.434926008052,10.776747282275,4.));
#264 = CARTESIAN_POINT('',(12.016104862752,11.664227598472,4.));
#265 = CARTESIAN_POINT('',(12.598213917456,12.567214409776,4.));
#266 = CARTESIAN_POINT('',(13.179157229565,13.477145317386,4.));
#267 = CARTESIAN_POINT('',(13.779965314166,14.442853109546,4.));
#268 = ORIENTED_EDGE('',*,*,#269,.F.);
#269 = EDGE_CURVE('',#270,#255,#272,.T.);
#270 = VERTEX_POINT('',#271);
#271 = CARTESIAN_POINT('',(4.769450696158,4.191850331411,4.));
#272 = ( BOUNDED_CURVE() B_SPLINE_CURVE(8,(#273,#274,#275,#276,#277,#278
    ,#279,#280,#281,#282,#283,#284,#285,#286,#287,#288,#289,#290,#291,
    #292,#293,#294,#295),.UNSPECIFIED.,.F.,.F.) 
B_SPLINE_CURVE_WITH_KNOTS((9,7,7,9),(45.560495228713,45.593405242653,
49.153875642512,49.27086351843),.UNSPECIFIED.) CURVE() 
GEOMETRIC_REPRESENTATION_ITEM() RATIONAL_B_SPLINE_CURVE((1.,1.,1.,1.,1.,
    1.,1.,1.,1.,1.,1.,1.,1.,1.,1.,1.,1.,1.,1.,1.,1.,1.,1.)) 
REPRESENTATION_ITEM('') );
#273 = CARTESIAN_POINT('',(4.76944873478,4.191850293783,4.));
#274 = CARTESIAN_POINT('',(4.773804730953,4.191932056964,4.));
#275 = CARTESIAN_POINT('',(4.778161353984,4.192019246146,4.));
#276 = CARTESIAN_POINT('',(4.782518602204,4.192111861894,4.));
#277 = CARTESIAN_POINT('',(4.786876473948,4.192209904774,4.));
#278 = CARTESIAN_POINT('',(4.791234967547,4.192313375351,4.));
#279 = CARTESIAN_POINT('',(4.795594081334,4.192422274191,4.));
#280 = CARTESIAN_POINT('',(4.799953813643,4.192536601859,4.));
#281 = CARTESIAN_POINT('',(5.276051857946,4.205612642482,4.));
#282 = CARTESIAN_POINT('',(5.803778902106,4.286532524884,4.));
#283 = CARTESIAN_POINT('',(6.34003539663,4.435619133812,4.));
#284 = CARTESIAN_POINT('',(6.837760801015,4.675602137274,4.));
#285 = CARTESIAN_POINT('',(7.310892550357,4.965639719696,4.));
#286 = CARTESIAN_POINT('',(7.732817946905,5.341350586819,4.));
#287 = CARTESIAN_POINT('',(8.093700953963,5.75121466409,4.));
#288 = CARTESIAN_POINT('',(8.373995165917,6.15292725208,4.));
#289 = CARTESIAN_POINT('',(8.382850148273,6.165735321327,4.));
#290 = CARTESIAN_POINT('',(8.391643335298,6.178572002803,4.));
#291 = CARTESIAN_POINT('',(8.400374712471,6.191437182957,4.));
#292 = CARTESIAN_POINT('',(8.409044265268,6.20433074824,4.));
#293 = CARTESIAN_POINT('',(8.417651979167,6.217252585101,4.));
#294 = CARTESIAN_POINT('',(8.426197839645,6.230202579992,4.));
#295 = CARTESIAN_POINT('',(8.43468183218,6.243180619361,4.));
#296 = ORIENTED_EDGE('',*,*,#297,.F.);
#297 = EDGE_CURVE('',#298,#270,#300,.T.);
#298 = VERTEX_POINT('',#299);
#299 = CARTESIAN_POINT('',(-4.769448734781,4.191850293783,4.));
#300 = ( BOUNDED_CURVE() B_SPLINE_CURVE(9,(#301,#302,#303,#304,#305,#306
    ,#307,#308,#309,#310),.UNSPECIFIED.,.F.,.F.) 
B_SPLINE_CURVE_WITH_KNOTS((10,10),(36.126312949485,45.560497081072),
.PIECEWISE_BEZIER_KNOTS.) CURVE() GEOMETRIC_REPRESENTATION_ITEM() 
RATIONAL_B_SPLINE_CURVE((1.,1.,1.,1.,1.,1.,1.,1.,1.,1.)) 
REPRESENTATION_ITEM('') );
#301 = CARTESIAN_POINT('',(-4.769450696159,4.191850331411,4.));
#302 = CARTESIAN_POINT('',(-3.659548630872,4.170097839655,4.));
#303 = CARTESIAN_POINT('',(-2.614125863408,4.163353331161,4.));
#304 = CARTESIAN_POINT('',(-1.55270177565,4.150631240664,4.));
#305 = CARTESIAN_POINT('',(-0.523300277197,4.147042147105,4.));
#306 = CARTESIAN_POINT('',(0.523300277197,4.147042147105,4.));
#307 = CARTESIAN_POINT('',(1.552701775649,4.150631240664,4.));
#308 = CARTESIAN_POINT('',(2.614125863408,4.163353331161,4.));
#309 = CARTESIAN_POINT('',(3.659548630872,4.170097839655,4.));
#310 = CARTESIAN_POINT('',(4.769450696158,4.191850331411,4.));
#311 = ORIENTED_EDGE('',*,*,#312,.F.);
#312 = EDGE_CURVE('',#313,#298,#315,.T.);
#313 = VERTEX_POINT('',#314);
#314 = CARTESIAN_POINT('',(-8.434620927762,6.243087936379,4.));
#315 = ( BOUNDED_CURVE() B_SPLINE_CURVE(8,(#316,#317,#318,#319,#320,#321
    ,#322,#323,#324,#325,#326,#327,#328,#329,#330,#331,#332,#333,#334,
    #335,#336,#337,#338),.UNSPECIFIED.,.F.,.F.) 
B_SPLINE_CURVE_WITH_KNOTS((9,7,7,9),(32.415946512127,32.532934388046,
36.093404787905,36.126314801845),.UNSPECIFIED.) CURVE() 
GEOMETRIC_REPRESENTATION_ITEM() RATIONAL_B_SPLINE_CURVE((1.,1.,1.,1.,1.,
    1.,1.,1.,1.,1.,1.,1.,1.,1.,1.,1.,1.,1.,1.,1.,1.,1.,1.)) 
REPRESENTATION_ITEM('') );
#316 = CARTESIAN_POINT('',(-8.434681832181,6.243180619362,4.));
#317 = CARTESIAN_POINT('',(-8.426197839646,6.230202579992,4.));
#318 = CARTESIAN_POINT('',(-8.417651979167,6.217252585102,4.));
#319 = CARTESIAN_POINT('',(-8.409044265268,6.20433074824,4.));
#320 = CARTESIAN_POINT('',(-8.400374712471,6.191437182957,4.));
#321 = CARTESIAN_POINT('',(-8.391643335299,6.178572002803,4.));
#322 = CARTESIAN_POINT('',(-8.382850148273,6.165735321327,4.));
#323 = CARTESIAN_POINT('',(-8.373995165917,6.15292725208,4.));
#324 = CARTESIAN_POINT('',(-8.093700953963,5.75121466409,4.));
#325 = CARTESIAN_POINT('',(-7.732817946905,5.341350586819,4.));
#326 = CARTESIAN_POINT('',(-7.310892550357,4.965639719696,4.));
#327 = CARTESIAN_POINT('',(-6.837760801015,4.675602137274,4.));
#328 = CARTESIAN_POINT('',(-6.34003539663,4.435619133812,4.));
#329 = CARTESIAN_POINT('',(-5.803778902106,4.286532524884,4.));
#330 = CARTESIAN_POINT('',(-5.276051857946,4.205612642482,4.));
#331 = CARTESIAN_POINT('',(-4.799953813643,4.192536601859,4.));
#332 = CARTESIAN_POINT('',(-4.795594081334,4.192422274191,4.));
#333 = CARTESIAN_POINT('',(-4.791234967547,4.192313375351,4.));
#334 = CARTESIAN_POINT('',(-4.786876473948,4.192209904774,4.));
#335 = CARTESIAN_POINT('',(-4.782518602205,4.192111861894,4.));
#336 = CARTESIAN_POINT('',(-4.778161353984,4.192019246146,4.));
#337 = CARTESIAN_POINT('',(-4.773804730954,4.191932056964,4.));
#338 = CARTESIAN_POINT('',(-4.769448734781,4.191850293783,4.));
#339 = ORIENTED_EDGE('',*,*,#340,.F.);
#340 = EDGE_CURVE('',#341,#313,#343,.T.);
#341 = VERTEX_POINT('',#342);
#342 = CARTESIAN_POINT('',(-13.77994847599,14.442826165383,4.));
#343 = ( BOUNDED_CURVE() B_SPLINE_CURVE(9,(#344,#345,#346,#347,#348,#349
    ,#350,#351,#352,#353),.UNSPECIFIED.,.F.,.F.) 
B_SPLINE_CURVE_WITH_KNOTS((10,10),(22.751029985272,32.416051112122),
.PIECEWISE_BEZIER_KNOTS.) CURVE() GEOMETRIC_REPRESENTATION_ITEM() 
RATIONAL_B_SPLINE_CURVE((1.,1.,1.,1.,1.,1.,1.,1.,1.,1.)) 
REPRESENTATION_ITEM('') );
#344 = CARTESIAN_POINT('',(-13.77996531416,14.442853109547,4.));
#345 = CARTESIAN_POINT('',(-13.17915722956,13.477145317387,4.));
#346 = CARTESIAN_POINT('',(-12.59821391745,12.567214409777,4.));
#347 = CARTESIAN_POINT('',(-12.01610486275,11.664227598473,4.));
#348 = CARTESIAN_POINT('',(-11.43492600805,10.776747282275,4.));
#349 = CARTESIAN_POINT('',(-10.84569800863,9.885374878163,4.));
#350 = CARTESIAN_POINT('',(-10.26012718344,9.003584555617,4.));
#351 = CARTESIAN_POINT('',(-9.653343706071,8.096786349704,4.));
#352 = CARTESIAN_POINT('',(-9.062158580874,7.193118410881,4.));
#353 = CARTESIAN_POINT('',(-8.434620927762,6.243087936379,4.));
#354 = ORIENTED_EDGE('',*,*,#355,.F.);
#355 = EDGE_CURVE('',#24,#341,#356,.T.);
#356 = ( BOUNDED_CURVE() B_SPLINE_CURVE(7,(#357,#358,#359,#360,#361,#362
    ,#363,#364,#365,#366,#367,#368,#369,#370),.UNSPECIFIED.,.F.,.F.) 
B_SPLINE_CURVE_WITH_KNOTS((8,6,8),(21.158128225307,22.63293391415,
22.751059980955),.UNSPECIFIED.) CURVE() GEOMETRIC_REPRESENTATION_ITEM() 
RATIONAL_B_SPLINE_CURVE((1.,1.,1.,1.,1.,1.,1.,1.,1.,1.,1.,1.,1.,1.)) 
REPRESENTATION_ITEM('') );
#357 = CARTESIAN_POINT('',(-14.46401852167,16.444711990206,4.));
#358 = CARTESIAN_POINT('',(-14.43468686025,16.170891320949,4.));
#359 = CARTESIAN_POINT('',(-14.38382611949,15.868906592608,4.));
#360 = CARTESIAN_POINT('',(-14.30675682096,15.566994091357,4.));
#361 = CARTESIAN_POINT('',(-14.20868260305,15.27386759773,4.));
#362 = CARTESIAN_POINT('',(-14.08775191117,14.994585826525,4.));
#363 = CARTESIAN_POINT('',(-13.95834133809,14.743073844386,4.));
#364 = CARTESIAN_POINT('',(-13.8359134749,14.534491185653,4.));
#365 = CARTESIAN_POINT('',(-13.82676347624,14.51907781505,4.));
#366 = CARTESIAN_POINT('',(-13.81754236857,14.50371880235,4.));
#367 = CARTESIAN_POINT('',(-13.8082502333,14.488414139293,4.));
#368 = CARTESIAN_POINT('',(-13.79888715184,14.473163817619,4.));
#369 = CARTESIAN_POINT('',(-13.7894532056,14.457967829068,4.));
#370 = CARTESIAN_POINT('',(-13.77994847599,14.442826165383,4.));
#371 = FACE_BOUND('',#372,.T.);
#372 = EDGE_LOOP('',(#373));
#373 = ORIENTED_EDGE('',*,*,#374,.F.);
#374 = EDGE_CURVE('',#375,#375,#377,.T.);
#375 = VERTEX_POINT('',#376);
#376 = CARTESIAN_POINT('',(3.4,54.6,4.));
#377 = CIRCLE('',#378,3.4);
#378 = AXIS2_PLACEMENT_3D('',#379,#380,#381);
#379 = CARTESIAN_POINT('',(0.,54.6,4.));
#380 = DIRECTION('',(0.,0.,1.));
#381 = DIRECTION('',(1.,0.,0.));
#382 = FACE_BOUND('',#383,.T.);
#383 = EDGE_LOOP('',(#384,#395,#403,#412,#420,#429,#437,#446));
#384 = ORIENTED_EDGE('',*,*,#385,.T.);
#385 = EDGE_CURVE('',#386,#388,#390,.T.);
#386 = VERTEX_POINT('',#387);
#387 = CARTESIAN_POINT('',(-5.276052946463,-2.857142857143,4.));
#388 = VERTEX_POINT('',#389);
#389 = CARTESIAN_POINT('',(5.276052946463,-2.857142857143,4.));
#390 = CIRCLE('',#391,6.);
#391 = AXIS2_PLACEMENT_3D('',#392,#393,#394);
#392 = CARTESIAN_POINT('',(0.,0.,4.));
#393 = DIRECTION('',(0.,0.,1.));
#394 = DIRECTION('',(1.,0.,0.));
#395 = ORIENTED_EDGE('',*,*,#396,.T.);
#396 = EDGE_CURVE('',#388,#397,#399,.T.);
#397 = VERTEX_POINT('',#398);
#398 = CARTESIAN_POINT('',(16.707500997132,18.252380952381,4.));
#399 = LINE('',#400,#401);
#400 = CARTESIAN_POINT('',(5.276052946463,-2.857142857143,4.));
#401 = VECTOR('',#402,1.);
#402 = DIRECTION('',(0.47619047619,0.879342157744,0.));
#403 = ORIENTED_EDGE('',*,*,#404,.T.);
#404 = EDGE_CURVE('',#397,#405,#407,.T.);
#405 = VERTEX_POINT('',#406);
#406 = CARTESIAN_POINT('',(16.707500997132,36.347619047619,4.));
#407 = CIRCLE('',#408,19.);
#408 = AXIS2_PLACEMENT_3D('',#409,#410,#411);
#409 = CARTESIAN_POINT('',(0.,27.3,4.));
#410 = DIRECTION('',(0.,0.,1.));
#411 = DIRECTION('',(1.,0.,0.));
#412 = ORIENTED_EDGE('',*,*,#413,.F.);
#413 = EDGE_CURVE('',#414,#405,#416,.T.);
#414 = VERTEX_POINT('',#415);
#415 = CARTESIAN_POINT('',(5.276052946463,57.457142857143,4.));
#416 = LINE('',#417,#418);
#417 = CARTESIAN_POINT('',(5.276052946463,57.457142857143,4.));
#418 = VECTOR('',#419,1.);
#419 = DIRECTION('',(0.47619047619,-0.879342157744,0.));
#420 = ORIENTED_EDGE('',*,*,#421,.T.);
#421 = EDGE_CURVE('',#414,#422,#424,.T.);
#422 = VERTEX_POINT('',#423);
#423 = CARTESIAN_POINT('',(-5.276052946463,57.457142857143,4.));
#424 = CIRCLE('',#425,6.);
#425 = AXIS2_PLACEMENT_3D('',#426,#427,#428);
#426 = CARTESIAN_POINT('',(0.,54.6,4.));
#427 = DIRECTION('',(0.,0.,1.));
#428 = DIRECTION('',(1.,0.,0.));
#429 = ORIENTED_EDGE('',*,*,#430,.T.);
#430 = EDGE_CURVE('',#422,#431,#433,.T.);
#431 = VERTEX_POINT('',#432);
#432 = CARTESIAN_POINT('',(-16.70750099713,36.347619047619,4.));
#433 = LINE('',#434,#435);
#434 = CARTESIAN_POINT('',(-5.276052946463,57.457142857143,4.));
#435 = VECTOR('',#436,1.);
#436 = DIRECTION('',(-0.47619047619,-0.879342157744,0.));
#437 = ORIENTED_EDGE('',*,*,#438,.T.);
#438 = EDGE_CURVE('',#431,#439,#441,.T.);
#439 = VERTEX_POINT('',#440);
#440 = CARTESIAN_POINT('',(-16.70750099713,18.252380952381,4.));
#441 = CIRCLE('',#442,19.);
#442 = AXIS2_PLACEMENT_3D('',#443,#444,#445);
#443 = CARTESIAN_POINT('',(0.,27.3,4.));
#444 = DIRECTION('',(0.,0.,1.));
#445 = DIRECTION('',(1.,0.,0.));
#446 = ORIENTED_EDGE('',*,*,#447,.F.);
#447 = EDGE_CURVE('',#386,#439,#448,.T.);
#448 = LINE('',#449,#450);
#449 = CARTESIAN_POINT('',(-5.276052946463,-2.857142857143,4.));
#450 = VECTOR('',#451,1.);
#451 = DIRECTION('',(-0.47619047619,0.879342157744,0.));
#452 = FACE_BOUND('',#453,.T.);
#453 = EDGE_LOOP('',(#454));
#454 = ORIENTED_EDGE('',*,*,#455,.F.);
#455 = EDGE_CURVE('',#456,#456,#458,.T.);
#456 = VERTEX_POINT('',#457);
#457 = CARTESIAN_POINT('',(3.4,0.,4.));
#458 = CIRCLE('',#459,3.4);
#459 = AXIS2_PLACEMENT_3D('',#460,#461,#462);
#460 = CARTESIAN_POINT('',(0.,0.,4.));
#461 = DIRECTION('',(0.,0.,1.));
#462 = DIRECTION('',(1.,0.,0.));
#463 = PLANE('',#464);
#464 = AXIS2_PLACEMENT_3D('',#465,#466,#467);
#465 = CARTESIAN_POINT('',(-9.807502167581E-17,27.3,4.));
#466 = DIRECTION('',(0.,0.,1.));
#467 = DIRECTION('',(1.,0.,0.));
#468 = ADVANCED_FACE('',(#469),#529,.F.);
#469 = FACE_BOUND('',#470,.F.);
#470 = EDGE_LOOP('',(#471,#483,#518,#528));
#471 = ORIENTED_EDGE('',*,*,#472,.T.);
#472 = EDGE_CURVE('',#22,#473,#475,.T.);
#473 = VERTEX_POINT('',#474);
#474 = CARTESIAN_POINT('',(-13.52349951927,38.055105156206,
    5.329360799468));
#475 = ( BOUNDED_CURVE() B_SPLINE_CURVE(6,(#476,#477,#478,#479,#480,#481
,#482),.UNSPECIFIED.,.F.,.F.) B_SPLINE_CURVE_WITH_KNOTS((7,7),(0.,
21.450630437906),.PIECEWISE_BEZIER_KNOTS.) CURVE() 
GEOMETRIC_REPRESENTATION_ITEM() RATIONAL_B_SPLINE_CURVE((1.046633712282,
    1.014574930187,0.996947381886,0.99117059783,0.996947381886,
1.014574930187,1.046633712282)) REPRESENTATION_ITEM('') );
#476 = CARTESIAN_POINT('',(-14.46422407735,38.136091387036,4.));
#477 = CARTESIAN_POINT('',(-14.13765966607,38.107977715966,4.));
#478 = CARTESIAN_POINT('',(-13.82395716684,38.080971316702,
    4.127182422007));
#479 = CARTESIAN_POINT('',(-13.57513096956,38.059550066798,
    4.366168677236));
#480 = CARTESIAN_POINT('',(-13.43226432549,38.04725079076,4.680693122091
    ));
#481 = CARTESIAN_POINT('',(-13.41594200369,38.045845615027,
    5.019876817717));
#482 = CARTESIAN_POINT('',(-13.52349951927,38.055105156206,
    5.329360799468));
#483 = ORIENTED_EDGE('',*,*,#484,.T.);
#484 = EDGE_CURVE('',#473,#485,#487,.T.);
#485 = VERTEX_POINT('',#486);
#486 = CARTESIAN_POINT('',(-13.52393522867,16.527922502692,
    5.330728486979));
#487 = ( BOUNDED_CURVE() B_SPLINE_CURVE(10,(#488,#489,#490,#491,#492,
    #493,#494,#495,#496,#497,#498,#499,#500,#501,#502,#503,#504,#505,
    #506,#507,#508,#509,#510,#511,#512,#513,#514,#515,#516,#517),
.UNSPECIFIED.,.F.,.F.) B_SPLINE_CURVE_WITH_KNOTS((11,10,9,11),(
    -0.291582847516,0.,20.85269800325,21.15904759039),.UNSPECIFIED.) 
CURVE() GEOMETRIC_REPRESENTATION_ITEM() RATIONAL_B_SPLINE_CURVE((
    1.046633712282,1.04678698718,1.046941225027,1.047096498448,
    1.047252880061,1.047410442492,1.047569258357,1.047729400282,
    1.047890940886,1.048053952791,1.04821850862,1.057272452973,
    1.063501905366,1.066546445081,1.068782959746,1.069063912454,
    1.068745914448,1.066706759519,1.063652226584,1.057318446491,
    1.048041668621,1.047903371183,1.047761567563,1.047616714763,
    1.047469248628,1.047319583838,1.047168113915,1.047015211217,
1.046861226945,1.046706491136)) REPRESENTATION_ITEM('') );
#488 = CARTESIAN_POINT('',(-13.52349951927,38.055105156206,
    5.329360799468));
#489 = CARTESIAN_POINT('',(-13.52885424236,38.022519967007,
    5.332242715297));
#490 = CARTESIAN_POINT('',(-13.53422454956,37.989891633715,
    5.335133850703));
#491 = CARTESIAN_POINT('',(-13.53961191316,37.957212104056,
    5.338035325869));
#492 = CARTESIAN_POINT('',(-13.54501780303,37.924473339871,
    5.340948259451));
#493 = CARTESIAN_POINT('',(-13.55044368654,37.891667317248,5.34387376856
    ));
#494 = CARTESIAN_POINT('',(-13.55589102852,37.858786026602,
    5.346812968741));
#495 = CARTESIAN_POINT('',(-13.56136129128,37.825821472865,
    5.349766973957));
#496 = CARTESIAN_POINT('',(-13.56685593455,37.792765675565,
    5.352736896562));
#497 = CARTESIAN_POINT('',(-13.57237641544,37.759610669034,
    5.355723847277));
#498 = CARTESIAN_POINT('',(-13.57792418841,37.726348502534,
    5.358728935168));
#499 = CARTESIAN_POINT('',(-13.91395284405,35.65893599274,5.522628746448
    ));
#500 = CARTESIAN_POINT('',(-14.23511914308,33.57607312297,5.606120478874
    ));
#501 = CARTESIAN_POINT('',(-14.45640927018,31.482079258764,
    5.638107313918));
#502 = CARTESIAN_POINT('',(-14.59058290707,29.393164899677,
    5.671617659095));
#503 = CARTESIAN_POINT('',(-14.63995596844,27.30468914677,5.664900363064
    ));
#504 = CARTESIAN_POINT('',(-14.59002393786,25.208013168326,
    5.671373998708));
#505 = CARTESIAN_POINT('',(-14.46203165948,23.1289061763,5.639573897546)
  );
#506 = CARTESIAN_POINT('',(-14.23729125731,21.010233967977,5.60845803899
    ));
#507 = CARTESIAN_POINT('',(-13.91505485301,18.928351076811,
    5.523572138076));
#508 = CARTESIAN_POINT('',(-13.57180905078,16.819795802963,
    5.355497448472));
#509 = CARTESIAN_POINT('',(-13.56670920483,16.788551995171,
    5.352963138857));
#510 = CARTESIAN_POINT('',(-13.56153356786,16.756913427726,
    5.350357259849));
#511 = CARTESIAN_POINT('',(-13.55629235832,16.724929458042,
    5.347687581693));
#512 = CARTESIAN_POINT('',(-13.55099496131,16.69264457729,5.344961585996
    ));
#513 = CARTESIAN_POINT('',(-13.54564992809,16.660098406322,5.34218646571
    ));
#514 = CARTESIAN_POINT('',(-13.54026497528,16.627325691067,
    5.339369125034));
#515 = CARTESIAN_POINT('',(-13.53484698409,16.5943562973,5.336516179225)
  );
#516 = CARTESIAN_POINT('',(-13.52940199937,16.561215205069,
    5.333633954352));
#517 = CARTESIAN_POINT('',(-13.52393522867,16.527922502692,
    5.330728486979));
#518 = ORIENTED_EDGE('',*,*,#519,.F.);
#519 = EDGE_CURVE('',#24,#485,#520,.T.);
#520 = ( BOUNDED_CURVE() B_SPLINE_CURVE(6,(#521,#522,#523,#524,#525,#526
,#527),.UNSPECIFIED.,.F.,.F.) B_SPLINE_CURVE_WITH_KNOTS((7,7),(0.,
21.450630437906),.PIECEWISE_BEZIER_KNOTS.) CURVE() 
GEOMETRIC_REPRESENTATION_ITEM() RATIONAL_B_SPLINE_CURVE((1.046706491136,
    1.014596157786,0.996942788291,0.991157473778,0.996942788291,
1.014596157786,1.046706491136)) REPRESENTATION_ITEM('') );
#521 = CARTESIAN_POINT('',(-14.46387912714,16.4435179078,4.));
#522 = CARTESIAN_POINT('',(-14.13715641153,16.472856784831,4.));
#523 = CARTESIAN_POINT('',(-13.82332299776,16.501038235017,
    4.127385239306));
#524 = CARTESIAN_POINT('',(-13.57449500353,16.523382362241,
    4.366728738777));
#525 = CARTESIAN_POINT('',(-13.43182004762,16.536194213964,
    4.681656754174));
#526 = CARTESIAN_POINT('',(-13.41587871928,16.537625705102,
    5.021151127925));
#527 = CARTESIAN_POINT('',(-13.52393522867,16.527922502692,
    5.330728486979));
#528 = ORIENTED_EDGE('',*,*,#21,.F.);
#529 = ( BOUNDED_SURFACE() B_SPLINE_SURFACE(6,10,(
    (#530,#531,#532,#533,#534,#535,#536,#537,#538,#539,#540,#541,#542
      ,#543,#544,#545,#546,#547,#548,#549,#550,#551,#552,#553,#554,#555
      ,#556,#557,#558,#559)
    ,(#560,#561,#562,#563,#564,#565,#566,#567,#568,#569,#570,#571,#572
      ,#573,#574,#575,#576,#577,#578,#579,#580,#581,#582,#583,#584,#585
      ,#586,#587,#588,#589)
    ,(#590,#591,#592,#593,#594,#595,#596,#597,#598,#599,#600,#601,#602
      ,#603,#604,#605,#606,#607,#608,#609,#610,#611,#612,#613,#614,#615
      ,#616,#617,#618,#619)
    ,(#620,#621,#622,#623,#624,#625,#626,#627,#628,#629,#630,#631,#632
      ,#633,#634,#635,#636,#637,#638,#639,#640,#641,#642,#643,#644,#645
      ,#646,#647,#648,#649)
    ,(#650,#651,#652,#653,#654,#655,#656,#657,#658,#659,#660,#661,#662
      ,#663,#664,#665,#666,#667,#668,#669,#670,#671,#672,#673,#674,#675
      ,#676,#677,#678,#679)
    ,(#680,#681,#682,#683,#684,#685,#686,#687,#688,#689,#690,#691,#692
      ,#693,#694,#695,#696,#697,#698,#699,#700,#701,#702,#703,#704,#705
      ,#706,#707,#708,#709)
    ,(#710,#711,#712,#713,#714,#715,#716,#717,#718,#719,#720,#721,#722
      ,#723,#724,#725,#726,#727,#728,#729,#730,#731,#732,#733,#734,#735
      ,#736,#737,#738,#739
)),.UNSPECIFIED.,.F.,.F.,.F.) B_SPLINE_SURFACE_WITH_KNOTS((7,7),(11,10,9
    ,11),(0.,21.450630437906),(-0.291582847516,0.,20.85269800325,
21.15904759039),.UNSPECIFIED.) GEOMETRIC_REPRESENTATION_ITEM() 
RATIONAL_B_SPLINE_SURFACE((
    (1.046633712282,1.04678698718,1.046941225027,1.047096498448
      ,1.047252880061,1.047410442492,1.047569258357,1.047729400282
      ,1.047890940886,1.048053952791,1.04821850862,1.057272452973
      ,1.063501905366,1.066546445081,1.068782959746,1.069063912454
      ,1.068745914448,1.066706759519,1.063652226584,1.057318446491
      ,1.048041668621,1.047903371183,1.047761567563,1.047616714763
      ,1.047469248628,1.047319583838,1.047168113915,1.047015211217
      ,1.046861226945,1.046706491136)
    ,(1.014574930187,1.014619641266,1.014664610195,1.014709857441
      ,1.01475540347,1.014801268749,1.014847473743,1.01489403892
      ,1.014940984745,1.014988331685,1.015036100206,1.017664348241
      ,1.019390877734,1.020200484611,1.020830904196,1.020873883604
      ,1.020821416238,1.020242546252,1.019433599103,1.017678046546
      ,1.014984759825,1.014944590589,1.014903383692,1.01486127029
      ,1.014818375668,1.01477481923,1.014730714508,1.014686169155
      ,1.014641284947,1.014596157786)
    ,(0.996947381886,0.996937706797,0.99692797467,0.996918181054
      ,0.996908321497,0.996898391553,0.996888386764,0.996878302688
      ,0.996868134867,0.996857878855,0.9968475302,0.996278142005
      ,0.995900071213,0.995723966486,0.995586912704,0.99557689544
      ,0.995589015591,0.995714769847,0.995890748515,0.99627519145
      ,0.996858652378,0.99686735357,0.996876278574,0.99688539889
      ,0.996894687305,0.996904117887,0.996913665993,0.996923308264
      ,0.996933022626,0.996942788291)
    ,(0.99117059783,0.991142956326,0.991115149375,0.991087164111
      ,0.991058987664,0.991030607175,0.99100200977,0.990973182589
      ,0.990944112763,0.990914787427,0.990885193713,0.989256932751
      ,0.988165176004,0.987639114997,0.987242792451,0.987203935433
      ,0.987249035426,0.987611641526,0.988138495108,0.989248540249
      ,0.990916998676,0.990941878174,0.990967395169,0.990993468013
      ,0.99102001878,0.991046973247,0.991074260914,0.991101814989
      ,0.991129572398,0.991157473778)
    ,(0.996947381886,0.996937706797,0.99692797467,0.996918181054
      ,0.996908321497,0.996898391553,0.996888386765,0.996878302688
      ,0.996868134867,0.996857878855,0.9968475302,0.996278142005
      ,0.995900071213,0.995723966486,0.995586912704,0.99557689544
      ,0.99558901559,0.995714769847,0.995890748515,0.99627519145
      ,0.996858652378,0.996867353569,0.996876278574,0.99688539889
      ,0.996894687305,0.996904117887,0.996913665994,0.996923308264
      ,0.996933022626,0.996942788291)
    ,(1.014574930187,1.014619641266,1.014664610195,1.014709857441
      ,1.01475540347,1.014801268749,1.014847473743,1.01489403892
      ,1.014940984745,1.014988331685,1.015036100206,1.017664348241
      ,1.019390877734,1.020200484611,1.020830904196,1.020873883604
      ,1.020821416238,1.020242546252,1.019433599103,1.017678046546
      ,1.014984759825,1.014944590589,1.014903383692,1.01486127029
      ,1.014818375668,1.01477481923,1.014730714508,1.014686169155
      ,1.014641284947,1.014596157786)
    ,(1.046633712282,1.04678698718,1.046941225027,1.047096498448
      ,1.047252880061,1.047410442492,1.047569258357,1.047729400282
      ,1.047890940886,1.048053952791,1.04821850862,1.057272452973
      ,1.063501905366,1.066546445081,1.068782959746,1.069063912454
      ,1.068745914448,1.066706759519,1.063652226584,1.057318446491
      ,1.048041668621,1.047903371183,1.047761567563,1.047616714763
      ,1.047469248628,1.047319583838,1.047168113915,1.047015211217
,1.046861226945,1.046706491136))) REPRESENTATION_ITEM('') SURFACE() );
#530 = CARTESIAN_POINT('',(-14.46422407735,38.136091387036,4.));
#531 = CARTESIAN_POINT('',(-14.46927527811,38.095311481585,4.));
#532 = CARTESIAN_POINT('',(-14.4742480871,38.054510661618,4.));
#533 = CARTESIAN_POINT('',(-14.47914381979,38.013680542485,4.));
#534 = CARTESIAN_POINT('',(-14.48396378993,37.972812755973,4.));
#535 = CARTESIAN_POINT('',(-14.48870930964,37.931898950449,4.));
#536 = CARTESIAN_POINT('',(-14.49338168945,37.890930790891,4.));
#537 = CARTESIAN_POINT('',(-14.49798223828,37.849899959103,4.));
#538 = CARTESIAN_POINT('',(-14.50251226353,37.808798153754,4.));
#539 = CARTESIAN_POINT('',(-14.5069730711,37.767617090588,4.));
#540 = CARTESIAN_POINT('',(-14.51136596542,37.726348502534,4.));
#541 = CARTESIAN_POINT('',(-14.78440664878,35.65893599274,4.));
#542 = CARTESIAN_POINT('',(-15.03652812161,33.576136744612,4.));
#543 = CARTESIAN_POINT('',(-15.22517989181,31.481717844472,4.));
#544 = CARTESIAN_POINT('',(-15.33681220214,29.395263099665,4.));
#545 = CARTESIAN_POINT('',(-15.37941645381,27.306330213843,4.));
#546 = CARTESIAN_POINT('',(-15.33671746078,25.218015056699,4.));
#547 = CARTESIAN_POINT('',(-15.22898027474,23.138011192834,4.));
#548 = CARTESIAN_POINT('',(-15.03655065956,21.025180180763,4.));
#549 = CARTESIAN_POINT('',(-14.78645091708,18.931036834012,4.));
#550 = CARTESIAN_POINT('',(-14.50536672339,16.773981095435,4.));
#551 = CARTESIAN_POINT('',(-14.50115577028,16.741140614326,4.));
#552 = CARTESIAN_POINT('',(-14.49684363878,16.707089130352,4.));
#553 = CARTESIAN_POINT('',(-14.49243335828,16.671943850908,4.));
#554 = CARTESIAN_POINT('',(-14.48792636356,16.635812874372,4.));
#555 = CARTESIAN_POINT('',(-14.48332249372,16.598795187589,4.));
#556 = CARTESIAN_POINT('',(-14.47861999098,16.56098066175,4.));
#557 = CARTESIAN_POINT('',(-14.4738154994,16.522450047103,4.));
#558 = CARTESIAN_POINT('',(-14.46890406354,16.483274966455,4.));
#559 = CARTESIAN_POINT('',(-14.46387912714,16.4435179078,4.));
#560 = CARTESIAN_POINT('',(-14.13765966607,38.107977715966,4.));
#561 = CARTESIAN_POINT('',(-14.14191276088,38.069960827468,4.));
#562 = CARTESIAN_POINT('',(-14.14611100092,38.031932587741,4.));
#563 = CARTESIAN_POINT('',(-14.15025556413,37.993885076144,4.));
#564 = CARTESIAN_POINT('',(-14.15434762802,37.955810376531,4.));
#565 = CARTESIAN_POINT('',(-14.15838836963,37.917700577322,4.));
#566 = CARTESIAN_POINT('',(-14.16237896557,37.879547771454,4.));
#567 = CARTESIAN_POINT('',(-14.16632059201,37.841344056517,4.));
#568 = CARTESIAN_POINT('',(-14.17021442467,37.803081534682,4.));
#569 = CARTESIAN_POINT('',(-14.17406163889,37.76475231283,4.));
#570 = CARTESIAN_POINT('',(-14.17786340954,37.726348502534,4.));
#571 = CARTESIAN_POINT('',(-14.42013932025,35.646464277112,4.));
#572 = CARTESIAN_POINT('',(-14.65290965515,33.561590983859,4.));
#573 = CARTESIAN_POINT('',(-14.83072811739,31.473843122668,4.));
#574 = CARTESIAN_POINT('',(-14.93531929922,29.388323660552,4.));
#575 = CARTESIAN_POINT('',(-14.97677557426,27.305374768769,4.));
#576 = CARTESIAN_POINT('',(-14.93519262504,25.218738413421,4.));
#577 = CARTESIAN_POINT('',(-14.83420185472,23.139833082699,4.));
#578 = CARTESIAN_POINT('',(-14.65255623933,21.03341202232,4.));
#579 = CARTESIAN_POINT('',(-14.42169790593,18.945604755796,4.));
#580 = CARTESIAN_POINT('',(-14.17289953429,16.790300457739,4.));
#581 = CARTESIAN_POINT('',(-14.1692116519,16.757990649905,4.));
#582 = CARTESIAN_POINT('',(-14.16545124509,16.724755531797,4.));
#583 = CARTESIAN_POINT('',(-14.16162083212,16.690685294525,4.));
#584 = CARTESIAN_POINT('',(-14.15772171855,16.655862826369,4.));
#585 = CARTESIAN_POINT('',(-14.15375399696,16.620363712002,4.));
#586 = CARTESIAN_POINT('',(-14.14971654667,16.584256231258,4.));
#587 = CARTESIAN_POINT('',(-14.14560703346,16.547601357738,4.));
#588 = CARTESIAN_POINT('',(-14.14142190918,16.510452757033,4.));
#589 = CARTESIAN_POINT('',(-14.13715641153,16.472856784831,4.));
#590 = CARTESIAN_POINT('',(-13.82395716684,38.080971316702,
    4.127182422007));
#591 = CARTESIAN_POINT('',(-13.82748780849,38.045614564603,
    4.127609552838));
#592 = CARTESIAN_POINT('',(-13.83098681569,38.010254446379,
    4.128039430526));
#593 = CARTESIAN_POINT('',(-13.83445524653,37.974883431854,
    4.128472259304));
#594 = CARTESIAN_POINT('',(-13.83789415918,37.939493989937,
    4.128908243416));
#595 = CARTESIAN_POINT('',(-13.84130461188,37.904078588573,
    4.129347587129));
#596 = CARTESIAN_POINT('',(-13.84468766299,37.868629694803,
    4.129790494722));
#597 = CARTESIAN_POINT('',(-13.84804437094,37.833139774676,
    4.130237170496));
#598 = CARTESIAN_POINT('',(-13.85137579428,37.797601293323,
    4.130687818767));
#599 = CARTESIAN_POINT('',(-13.85468299161,37.762006714882,4.13114264387
    ));
#600 = CARTESIAN_POINT('',(-13.85796702165,37.726348502534,
    4.131601850161));
#601 = CARTESIAN_POINT('',(-14.07251818128,35.6398870385,4.156882313168)
  );
#602 = CARTESIAN_POINT('',(-14.28925950775,33.554456242511,
    4.174487400009));
#603 = CARTESIAN_POINT('',(-14.45888753775,31.470134586536,
    4.183173656215));
#604 = CARTESIAN_POINT('',(-14.55749038224,29.384697868736,
    4.189474009217));
#605 = CARTESIAN_POINT('',(-14.59865700033,27.304126531293,
    4.190350133164));
#606 = CARTESIAN_POINT('',(-14.55733676785,25.217136934936,
    4.189367376772));
#607 = CARTESIAN_POINT('',(-14.46212370366,23.137844744956,
    4.183632504584));
#608 = CARTESIAN_POINT('',(-14.28860314563,21.034407146418,
    4.174909903327));
#609 = CARTESIAN_POINT('',(-14.07359293055,18.9537667629,4.157009985101)
  );
#610 = CARTESIAN_POINT('',(-13.85394352847,16.805955322181,
    4.131108378377));
#611 = CARTESIAN_POINT('',(-13.85071625615,16.774155387619,
    4.130722511457));
#612 = CARTESIAN_POINT('',(-13.84744309887,16.741704597646,
    4.130326914757));
#613 = CARTESIAN_POINT('',(-13.84412624944,16.708667455293,
    4.129922867625));
#614 = CARTESIAN_POINT('',(-13.8407670481,16.675102867022,4.129511589643
    ));
#615 = CARTESIAN_POINT('',(-13.83736598258,16.641064142964,
    4.129094240636));
#616 = CARTESIAN_POINT('',(-13.83392268811,16.606598997147,
    4.128671920667));
#617 = CARTESIAN_POINT('',(-13.83043594755,16.571749547836,
    4.128245670044));
#618 = CARTESIAN_POINT('',(-13.82690369138,16.536552317862,
    4.127816469322));
#619 = CARTESIAN_POINT('',(-13.82332299776,16.501038235017,
    4.127385239306));
#620 = CARTESIAN_POINT('',(-13.57513096956,38.059550066798,
    4.366168677236));
#621 = CARTESIAN_POINT('',(-13.57830326072,38.026322823421,
    4.367348259169));
#622 = CARTESIAN_POINT('',(-13.58146482237,37.99309445018,4.368535065076
    ));
#623 = CARTESIAN_POINT('',(-13.58461667352,37.959857632528,
    4.369729647196));
#624 = CARTESIAN_POINT('',(-13.58775983346,37.926605053379,
    4.370932557902));
#625 = CARTESIAN_POINT('',(-13.59089532174,37.893329393038,4.3721443497)
  );
#626 = CARTESIAN_POINT('',(-13.59402415818,37.860023329266,
    4.373365575233));
#627 = CARTESIAN_POINT('',(-13.59714736286,37.826679537159,
    4.374596787284));
#628 = CARTESIAN_POINT('',(-13.60026595617,37.79329068923,4.375838538777
    ));
#629 = CARTESIAN_POINT('',(-13.60338095873,37.759849455301,4.37709138278
    ));
#630 = CARTESIAN_POINT('',(-13.60649339147,37.726348502534,
    4.378355872508));
#631 = CARTESIAN_POINT('',(-13.81182127355,35.637646566036,
    4.448045326888));
#632 = CARTESIAN_POINT('',(-14.0275166896,33.551938479696,4.495221690909
    ));
#633 = CARTESIAN_POINT('',(-14.19721642603,31.468801744847,4.51793040599
    ));
#634 = CARTESIAN_POINT('',(-14.2949046619,29.383137934053,4.535027382379
    ));
#635 = CARTESIAN_POINT('',(-14.33735476959,27.303295036284,
    4.536771653329));
#636 = CARTESIAN_POINT('',(-14.29467696524,25.214959656556,
    4.534754683902));
#637 = CARTESIAN_POINT('',(-14.20056558943,23.135522233961,
    4.519120563119));
#638 = CARTESIAN_POINT('',(-14.02690921257,21.03227893096,4.496373158192
    ));
#639 = CARTESIAN_POINT('',(-13.81254538454,18.956501816615,
    4.448403763489));
#640 = CARTESIAN_POINT('',(-13.60295668461,16.818273348977,4.37699692594
    ));
#641 = CARTESIAN_POINT('',(-13.5998946741,16.786883525,4.375934020417));
#642 = CARTESIAN_POINT('',(-13.59680340911,16.755059964841,
    4.374844011028));
#643 = CARTESIAN_POINT('',(-13.59368556869,16.722847631562,
    4.373730396533));
#644 = CARTESIAN_POINT('',(-13.59054323287,16.690287162377,
    4.372596515409));
#645 = CARTESIAN_POINT('',(-13.58737788271,16.657414869278,
    4.371445545857));
#646 = CARTESIAN_POINT('',(-13.58419040045,16.624262739871,
    4.370280505819));
#647 = CARTESIAN_POINT('',(-13.58098106961,16.590858438188,
    4.369104252997));
#648 = CARTESIAN_POINT('',(-13.57774957514,16.557225305687,4.36791948488
    ));
#649 = CARTESIAN_POINT('',(-13.57449500353,16.523382362241,
    4.366728738777));
#650 = CARTESIAN_POINT('',(-13.43226432549,38.04725079076,4.680693122091
    ));
#651 = CARTESIAN_POINT('',(-13.43563653264,38.015282113672,
    4.682722898198));
#652 = CARTESIAN_POINT('',(-13.43901442793,37.983306015684,
    4.684763979395));
#653 = CARTESIAN_POINT('',(-13.44239910603,37.951315151846,
    4.686817282714));
#654 = CARTESIAN_POINT('',(-13.44579166171,37.91930217635,4.688883725263
    ));
#655 = CARTESIAN_POINT('',(-13.44919318985,37.887259742507,
    4.690964224226));
#656 = CARTESIAN_POINT('',(-13.45260478545,37.855180502765,
    4.693059696871));
#657 = CARTESIAN_POINT('',(-13.45602754359,37.823057108678,
    4.695171060543));
#658 = CARTESIAN_POINT('',(-13.45946255949,37.790882210916,
    4.697299232669));
#659 = CARTESIAN_POINT('',(-13.46291092846,37.758648459248,
    4.699445130762));
#660 = CARTESIAN_POINT('',(-13.46637374594,37.726348502534,
    4.701609672419));
#661 = CARTESIAN_POINT('',(-13.69076760474,35.6398870385,4.820773143028)
  );
#662 = CARTESIAN_POINT('',(-13.92675710091,33.554434639596,
    4.897576743483));
#663 = CARTESIAN_POINT('',(-14.10751181262,31.470259671394,4.93308948068
    ));
#664 = CARTESIAN_POINT('',(-14.21182097025,29.383875576794,
    4.961393844793));
#665 = CARTESIAN_POINT('',(-14.25701308101,27.303174495161,
    4.962676694903));
#666 = CARTESIAN_POINT('',(-14.21146472359,25.212715787711,
    4.960986069075));
#667 = CARTESIAN_POINT('',(-14.11143065135,23.133467565406,
    4.934922178339));
#668 = CARTESIAN_POINT('',(-13.92670785467,21.02761843136,4.899497740228
    ));
#669 = CARTESIAN_POINT('',(-13.69136947069,18.953274593838,
    4.821401147595));
#670 = CARTESIAN_POINT('',(-13.462629864,16.825159332473,4.69928316826)
  );
#671 = CARTESIAN_POINT('',(-13.45928675583,16.794016147475,
    4.697462572294));
#672 = CARTESIAN_POINT('',(-13.45591526563,16.762562763365,
    4.695594613812));
#673 = CARTESIAN_POINT('',(-13.45251973049,16.730834447312,
    4.693685209063));
#674 = CARTESIAN_POINT('',(-13.4491039763,16.698862722367,4.691740012664
    ));
#675 = CARTESIAN_POINT('',(-13.44567131781,16.666675367655,
    4.689764417608));
#676 = CARTESIAN_POINT('',(-13.44222455865,16.634296418716,
    4.687763555265));
#677 = CARTESIAN_POINT('',(-13.43876599138,16.601746167748,
    4.685742295395));
#678 = CARTESIAN_POINT('',(-13.43529739753,16.569041163976,
    4.683705246168));
#679 = CARTESIAN_POINT('',(-13.43182004762,16.536194213964,
    4.681656754174));
#680 = CARTESIAN_POINT('',(-13.41594200369,38.045845615027,
    5.019876817717));
#681 = CARTESIAN_POINT('',(-13.42009301234,38.014087464944,
    5.022561385571));
#682 = CARTESIAN_POINT('',(-13.42425920577,37.982307028209,
    5.025258482962));
#683 = CARTESIAN_POINT('',(-13.42844184974,37.950496691882,
    5.027969255609));
#684 = CARTESIAN_POINT('',(-13.43264220943,37.918648846977,
    5.030694848787));
#685 = CARTESIAN_POINT('',(-13.43686154943,37.886755888531,5.03343640732
    ));
#686 = CARTESIAN_POINT('',(-13.4411011337,37.85481021557,5.036195075574)
  );
#687 = CARTESIAN_POINT('',(-13.44536222563,37.822804231222,
    5.038971997455));
#688 = CARTESIAN_POINT('',(-13.44964608796,37.790730342672,
    5.041768316393));
#689 = CARTESIAN_POINT('',(-13.45395398281,37.758580961271,
    5.044585175342));
#690 = CARTESIAN_POINT('',(-13.45828717166,37.726348502534,
    5.047423716768));
#691 = CARTESIAN_POINT('',(-13.72972509309,35.646464277112,
    5.203191011606));
#692 = CARTESIAN_POINT('',(-14.00452976355,33.56154762554,5.295570755277
    ));
#693 = CARTESIAN_POINT('',(-14.20460191225,31.474092290093,
    5.335555188047));
#694 = CARTESIAN_POINT('',(-14.3222271532,29.386768698846,5.370579995355
    ));
#695 = CARTESIAN_POINT('',(-14.37033823252,27.303811268895,
    5.369008632972));
#696 = CARTESIAN_POINT('',(-14.3217311567,25.210757342203,5.370164555461
    ));
#697 = CARTESIAN_POINT('',(-14.20939013865,23.132180453185,
    5.337553232408));
#698 = CARTESIAN_POINT('',(-14.00549364955,21.02127639343,5.297974470156
    ));
#699 = CARTESIAN_POINT('',(-13.73046623431,18.944270710474,
    5.204041142339));
#700 = CARTESIAN_POINT('',(-13.45361926941,16.825599580058,
    5.044372223805));
#701 = CARTESIAN_POINT('',(-13.44954798582,16.794505262127,
    5.041982322136));
#702 = CARTESIAN_POINT('',(-13.44543184859,16.763112780698,
    5.039528235564));
#703 = CARTESIAN_POINT('',(-13.44127789862,16.731459116958,
    5.037017565605));
#704 = CARTESIAN_POINT('',(-13.43709257619,16.699577304531,
    5.034457597518));
#705 = CARTESIAN_POINT('',(-13.43288172073,16.667496428378,
    5.031855300297));
#706 = CARTESIAN_POINT('',(-13.42865057073,16.635241623429,
    5.029217326632));
#707 = CARTESIAN_POINT('',(-13.42440376347,16.602834073242,
    5.026550012849));
#708 = CARTESIAN_POINT('',(-13.42014533488,16.57029100843,5.023859378832
    ));
#709 = CARTESIAN_POINT('',(-13.41587871928,16.537625705102,
    5.021151127925));
#710 = CARTESIAN_POINT('',(-13.52349951927,38.055105156206,
    5.329360799468));
#711 = CARTESIAN_POINT('',(-13.52885424236,38.022519967007,
    5.332242715297));
#712 = CARTESIAN_POINT('',(-13.53422454956,37.989891633715,
    5.335133850703));
#713 = CARTESIAN_POINT('',(-13.53961191316,37.957212104056,
    5.338035325869));
#714 = CARTESIAN_POINT('',(-13.54501780303,37.924473339871,
    5.340948259451));
#715 = CARTESIAN_POINT('',(-13.55044368654,37.891667317248,5.34387376856
    ));
#716 = CARTESIAN_POINT('',(-13.55589102852,37.858786026602,
    5.346812968741));
#717 = CARTESIAN_POINT('',(-13.56136129128,37.825821472865,
    5.349766973957));
#718 = CARTESIAN_POINT('',(-13.56685593455,37.792765675565,
    5.352736896562));
#719 = CARTESIAN_POINT('',(-13.57237641544,37.759610669034,
    5.355723847277));
#720 = CARTESIAN_POINT('',(-13.57792418841,37.726348502534,
    5.358728935168));
#721 = CARTESIAN_POINT('',(-13.91395284405,35.65893599274,5.522628746448
    ));
#722 = CARTESIAN_POINT('',(-14.23511914308,33.57607312297,5.606120478874
    ));
#723 = CARTESIAN_POINT('',(-14.45640927018,31.482079258764,
    5.638107313918));
#724 = CARTESIAN_POINT('',(-14.59058290707,29.393164899677,
    5.671617659095));
#725 = CARTESIAN_POINT('',(-14.63995596844,27.30468914677,5.664900363064
    ));
#726 = CARTESIAN_POINT('',(-14.59002393786,25.208013168326,
    5.671373998708));
#727 = CARTESIAN_POINT('',(-14.46203165948,23.1289061763,5.639573897546)
  );
#728 = CARTESIAN_POINT('',(-14.23729125731,21.010233967977,5.60845803899
    ));
#729 = CARTESIAN_POINT('',(-13.91505485301,18.928351076811,
    5.523572138076));
#730 = CARTESIAN_POINT('',(-13.57180905078,16.819795802963,
    5.355497448472));
#731 = CARTESIAN_POINT('',(-13.56670920483,16.788551995171,
    5.352963138857));
#732 = CARTESIAN_POINT('',(-13.56153356786,16.756913427726,
    5.350357259849));
#733 = CARTESIAN_POINT('',(-13.55629235832,16.724929458042,
    5.347687581693));
#734 = CARTESIAN_POINT('',(-13.55099496131,16.69264457729,5.344961585996
    ));
#735 = CARTESIAN_POINT('',(-13.54564992809,16.660098406322,5.34218646571
    ));
#736 = CARTESIAN_POINT('',(-13.54026497528,16.627325691067,
    5.339369125034));
#737 = CARTESIAN_POINT('',(-13.53484698409,16.5943562973,5.336516179225)
  );
#738 = CARTESIAN_POINT('',(-13.52940199937,16.561215205069,
    5.333633954352));
#739 = CARTESIAN_POINT('',(-13.52393522867,16.527922502692,
    5.330728486979));
#740 = ADVANCED_FACE('',(#741),#770,.F.);
#741 = FACE_BOUND('',#742,.F.);
#742 = EDGE_LOOP('',(#743,#751,#768,#769));
#743 = ORIENTED_EDGE('',*,*,#744,.T.);
#744 = EDGE_CURVE('',#59,#745,#747,.T.);
#745 = VERTEX_POINT('',#746);
#746 = CARTESIAN_POINT('',(-12.93279624862,39.694792226024,
    5.288315221788));
#747 = ( BOUNDED_CURVE() B_SPLINE_CURVE(2,(#748,#749,#750),
.UNSPECIFIED.,.F.,.F.) B_SPLINE_CURVE_WITH_KNOTS((3,3),(0.,
9.672192527241),.PIECEWISE_BEZIER_KNOTS.) CURVE() 
GEOMETRIC_REPRESENTATION_ITEM() RATIONAL_B_SPLINE_CURVE((1.,
0.596525262756,1.)) REPRESENTATION_ITEM('') );
#748 = CARTESIAN_POINT('',(-13.78050330705,40.140064138429,4.));
#749 = CARTESIAN_POINT('',(-12.58937616147,39.514405242753,4.));
#750 = CARTESIAN_POINT('',(-12.93279624862,39.694792226024,
    5.288315221788));
#751 = ORIENTED_EDGE('',*,*,#752,.T.);
#752 = EDGE_CURVE('',#745,#473,#753,.T.);
#753 = ( BOUNDED_CURVE() B_SPLINE_CURVE(7,(#754,#755,#756,#757,#758,#759
    ,#760,#761,#762,#763,#764,#765,#766,#767),.UNSPECIFIED.,.F.,.F.) 
B_SPLINE_CURVE_WITH_KNOTS((8,6,8),(119.78441869261,119.88798814364,
121.37664120703),.UNSPECIFIED.) CURVE() GEOMETRIC_REPRESENTATION_ITEM() 
RATIONAL_B_SPLINE_CURVE((1.,1.,1.,1.,1.,1.,1.,1.,1.,1.,1.,1.,1.,1.)) 
REPRESENTATION_ITEM('') );
#754 = CARTESIAN_POINT('',(-12.93286218717,39.694853621036,
    5.288609868756));
#755 = CARTESIAN_POINT('',(-12.94095703567,39.682122609344,
    5.288760237125));
#756 = CARTESIAN_POINT('',(-12.94899651235,39.669356453488,5.28891657171
    ));
#757 = CARTESIAN_POINT('',(-12.95698055528,39.656555195405,
    5.289078841025));
#758 = CARTESIAN_POINT('',(-12.96490910251,39.643718877029,
    5.289247013586));
#759 = CARTESIAN_POINT('',(-12.97278209208,39.630847540296,
    5.289421057908));
#760 = CARTESIAN_POINT('',(-12.98059946206,39.61794122714,5.289600942505
    ));
#761 = CARTESIAN_POINT('',(-13.09992359632,39.418989261499,
    5.292455695422));
#762 = CARTESIAN_POINT('',(-13.20875392254,39.211538287731,5.2971423643)
  );
#763 = CARTESIAN_POINT('',(-13.30489229219,38.989986139203,
    5.301621209314));
#764 = CARTESIAN_POINT('',(-13.38436804139,38.762448466847,
    5.307374095082));
#765 = CARTESIAN_POINT('',(-13.44759542409,38.529584179924,
    5.313093932309));
#766 = CARTESIAN_POINT('',(-13.49359482951,38.293495845114,
    5.319133273021));
#767 = CARTESIAN_POINT('',(-13.52206268624,38.054981460391,
    5.325167351306));
#768 = ORIENTED_EDGE('',*,*,#472,.F.);
#769 = ORIENTED_EDGE('',*,*,#58,.F.);
#770 = ( BOUNDED_SURFACE() B_SPLINE_SURFACE(2,7,(
    (#771,#772,#773,#774,#775,#776,#777,#778,#779,#780,#781,#782,#783
      ,#784)
    ,(#785,#786,#787,#788,#789,#790,#791,#792,#793,#794,#795,#796,#797
      ,#798)
    ,(#799,#800,#801,#802,#803,#804,#805,#806,#807,#808,#809,#810,#811
,#812
    )),.UNSPECIFIED.,.F.,.F.,.F.) B_SPLINE_SURFACE_WITH_KNOTS((3,3),(8,6
    ,8),(0.,1.592222514411),(119.78441869261,119.88798814364,
121.37664120703),.UNSPECIFIED.) GEOMETRIC_REPRESENTATION_ITEM() 
RATIONAL_B_SPLINE_SURFACE((
    (1.,1.,1.,1.,1.,1.,1.,1.,1.,1.,1.,1.,1.,1.)
    ,(0.596401765274,0.596338733783,0.596273193692,0.596205156973
      ,0.596134635597,0.596061641537,0.595986186767,0.594788538992
      ,0.592819808102,0.590929428845,0.588494433579,0.586057838605
      ,0.583472456739,0.580875480931)
,(1.,1.,1.,1.,1.,1.,1.,1.,1.,1.,1.,1.,1.,1.
))) REPRESENTATION_ITEM('') SURFACE() );
#771 = CARTESIAN_POINT('',(-13.78049022124,40.140085088385,4.));
#772 = CARTESIAN_POINT('',(-13.78882287484,40.126803872833,4.));
#773 = CARTESIAN_POINT('',(-13.79710108908,40.113480872337,4.));
#774 = CARTESIAN_POINT('',(-13.80532481185,40.100116082464,4.));
#775 = CARTESIAN_POINT('',(-13.81349399104,40.086709498778,4.));
#776 = CARTESIAN_POINT('',(-13.82160857454,40.073261116844,4.));
#777 = CARTESIAN_POINT('',(-13.82966851024,40.059770932227,4.));
#778 = CARTESIAN_POINT('',(-13.95273681421,39.851737176233,4.));
#779 = CARTESIAN_POINT('',(-14.08400071208,39.598052178047,4.));
#780 = CARTESIAN_POINT('',(-14.20678858538,39.316499486866,4.));
#781 = CARTESIAN_POINT('',(-14.30335007322,39.024008576684,4.));
#782 = CARTESIAN_POINT('',(-14.37927660912,38.730274327773,4.));
#783 = CARTESIAN_POINT('',(-14.43273377125,38.434023189822,4.));
#784 = CARTESIAN_POINT('',(-14.46423423726,38.136092261695,4.));
#785 = CARTESIAN_POINT('',(-12.58898081333,39.514223907868,4.));
#786 = CARTESIAN_POINT('',(-12.59672815103,39.501582487106,4.));
#787 = CARTESIAN_POINT('',(-12.60440922894,39.488904013402,4.));
#788 = CARTESIAN_POINT('',(-12.61202397711,39.476188671314,4.));
#789 = CARTESIAN_POINT('',(-12.61957232327,39.463436645574,4.));
#790 = CARTESIAN_POINT('',(-12.62705419288,39.450648121107,4.));
#791 = CARTESIAN_POINT('',(-12.63446950906,39.437823283045,4.));
#792 = CARTESIAN_POINT('',(-12.74765700896,39.239733298763,4.));
#793 = CARTESIAN_POINT('',(-12.83972002373,39.046344207529,4.));
#794 = CARTESIAN_POINT('',(-12.91651208451,38.846320436078,4.));
#795 = CARTESIAN_POINT('',(-12.97754784475,38.64309556537,4.));
#796 = CARTESIAN_POINT('',(-13.02352639406,38.435360741756,4.));
#797 = CARTESIAN_POINT('',(-13.05362028411,38.225918669512,4.));
#798 = CARTESIAN_POINT('',(-13.06807838611,38.015898312187,4.));
#799 = CARTESIAN_POINT('',(-12.93286218717,39.694853621036,
    5.288609868756));
#800 = CARTESIAN_POINT('',(-12.94095703567,39.682122609344,
    5.288760237125));
#801 = CARTESIAN_POINT('',(-12.94899651235,39.669356453488,5.28891657171
    ));
#802 = CARTESIAN_POINT('',(-12.95698055528,39.656555195405,
    5.289078841025));
#803 = CARTESIAN_POINT('',(-12.96490910251,39.643718877029,
    5.289247013586));
#804 = CARTESIAN_POINT('',(-12.97278209208,39.630847540296,
    5.289421057908));
#805 = CARTESIAN_POINT('',(-12.98059946206,39.61794122714,5.289600942505
    ));
#806 = CARTESIAN_POINT('',(-13.09992359632,39.418989261499,
    5.292455695422));
#807 = CARTESIAN_POINT('',(-13.20875392254,39.211538287731,5.2971423643)
  );
#808 = CARTESIAN_POINT('',(-13.30489229219,38.989986139203,
    5.301621209314));
#809 = CARTESIAN_POINT('',(-13.38436804139,38.762448466847,
    5.307374095082));
#810 = CARTESIAN_POINT('',(-13.44759542409,38.529584179924,
    5.313093932309));
#811 = CARTESIAN_POINT('',(-13.49359482951,38.293495845114,
    5.319133273021));
#812 = CARTESIAN_POINT('',(-13.52206268624,38.054981460391,
    5.325167351306));
#813 = ADVANCED_FACE('',(#814),#843,.F.);
#814 = FACE_BOUND('',#815,.F.);
#815 = EDGE_LOOP('',(#816,#817,#836,#842));
#816 = ORIENTED_EDGE('',*,*,#519,.T.);
#817 = ORIENTED_EDGE('',*,*,#818,.T.);
#818 = EDGE_CURVE('',#485,#819,#821,.T.);
#819 = VERTEX_POINT('',#820);
#820 = CARTESIAN_POINT('',(-12.93417417005,14.887743893043,
    5.294472475834));
#821 = ( BOUNDED_CURVE() B_SPLINE_CURVE(7,(#822,#823,#824,#825,#826,#827
    ,#828,#829,#830,#831,#832,#833,#834,#835),.UNSPECIFIED.,.F.,.F.) 
B_SPLINE_CURVE_WITH_KNOTS((8,6,8),(21.158128225307,22.63293391415,
22.751059980955),.UNSPECIFIED.) CURVE() GEOMETRIC_REPRESENTATION_ITEM() 
RATIONAL_B_SPLINE_CURVE((1.,1.,1.,1.,1.,1.,1.,1.,1.,1.,1.,1.,1.,1.)) 
REPRESENTATION_ITEM('') );
#822 = CARTESIAN_POINT('',(-13.52253852411,16.529061547602,
    5.326344245183));
#823 = CARTESIAN_POINT('',(-13.49539033471,16.299228342281,
    5.321274053495));
#824 = CARTESIAN_POINT('',(-13.45080638869,16.062170289314,
    5.315920758428));
#825 = CARTESIAN_POINT('',(-13.38768543633,15.828418257476,
    5.310628482493));
#826 = CARTESIAN_POINT('',(-13.30903228073,15.601625553536,
    5.305690777451));
#827 = CARTESIAN_POINT('',(-13.2142435191,15.381348594781,5.301796887926
    ));
#828 = CARTESIAN_POINT('',(-13.10701821128,15.175162303212,
    5.297717241879));
#829 = CARTESIAN_POINT('',(-12.98844859262,14.975586775887,
    5.295361663201));
#830 = CARTESIAN_POINT('',(-12.97958343639,14.960832396209,
    5.295194468681));
#831 = CARTESIAN_POINT('',(-12.97064591688,14.94612349682,5.295034808834
    ));
#832 = CARTESIAN_POINT('',(-12.9616361323,14.931460137266,5.294882731642
    ));
#833 = CARTESIAN_POINT('',(-12.95255418084,14.916842377089,
    5.294738285089));
#834 = CARTESIAN_POINT('',(-12.94340016069,14.902270275834,
    5.294601517159));
#835 = CARTESIAN_POINT('',(-12.93417417005,14.887743893043,
    5.294472475834));
#836 = ORIENTED_EDGE('',*,*,#837,.F.);
#837 = EDGE_CURVE('',#341,#819,#838,.T.);
#838 = ( BOUNDED_CURVE() B_SPLINE_CURVE(2,(#839,#840,#841),
.UNSPECIFIED.,.F.,.F.) B_SPLINE_CURVE_WITH_KNOTS((3,3),(0.,
1.592931755648),.PIECEWISE_BEZIER_KNOTS.) CURVE() 
GEOMETRIC_REPRESENTATION_ITEM() RATIONAL_B_SPLINE_CURVE((1.,
0.59393919056,1.)) REPRESENTATION_ITEM('') );
#839 = CARTESIAN_POINT('',(-13.77994847599,14.442826165383,4.));
#840 = CARTESIAN_POINT('',(-12.58116561215,15.073443274455,4.));
#841 = CARTESIAN_POINT('',(-12.93417417005,14.887743893043,
    5.294472475834));
#842 = ORIENTED_EDGE('',*,*,#355,.F.);
#843 = ( BOUNDED_SURFACE() B_SPLINE_SURFACE(2,7,(
    (#844,#845,#846,#847,#848,#849,#850,#851,#852,#853,#854,#855,#856
      ,#857)
    ,(#858,#859,#860,#861,#862,#863,#864,#865,#866,#867,#868,#869,#870
      ,#871)
    ,(#872,#873,#874,#875,#876,#877,#878,#879,#880,#881,#882,#883,#884
,#885
    )),.UNSPECIFIED.,.F.,.F.,.F.) B_SPLINE_SURFACE_WITH_KNOTS((3,3),(8,6
    ,8),(0.,1.592931755648),(21.158128225307,22.63293391415,
22.751059980955),.UNSPECIFIED.) GEOMETRIC_REPRESENTATION_ITEM() 
RATIONAL_B_SPLINE_SURFACE((
    (1.,1.,1.,1.,1.,1.,1.,1.,1.,1.,1.,1.,1.,1.)
    ,(0.580368742619,0.582552781539,0.58484906266,0.587108463048
      ,0.589203087501,0.590852473794,0.592572546631,0.593564801697
      ,0.593635219599,0.593702454599,0.593766487946,0.593827300889
      ,0.593884874678,0.59393919056)
,(1.,1.,1.,1.,1.,1.,1.,1.,1.,1.,1.,1.,1.,1.
))) REPRESENTATION_ITEM('') SURFACE() );
#844 = CARTESIAN_POINT('',(-14.46401852167,16.444711990206,4.));
#845 = CARTESIAN_POINT('',(-14.43468686025,16.170891320949,4.));
#846 = CARTESIAN_POINT('',(-14.38382611949,15.868906592608,4.));
#847 = CARTESIAN_POINT('',(-14.30675682096,15.566994091357,4.));
#848 = CARTESIAN_POINT('',(-14.20868260305,15.27386759773,4.));
#849 = CARTESIAN_POINT('',(-14.08775191117,14.994585826525,4.));
#850 = CARTESIAN_POINT('',(-13.95834133809,14.743073844386,4.));
#851 = CARTESIAN_POINT('',(-13.8359134749,14.534491185653,4.));
#852 = CARTESIAN_POINT('',(-13.82676347624,14.51907781505,4.));
#853 = CARTESIAN_POINT('',(-13.81754236857,14.50371880235,4.));
#854 = CARTESIAN_POINT('',(-13.8082502333,14.488414139293,4.));
#855 = CARTESIAN_POINT('',(-13.79888715184,14.473163817619,4.));
#856 = CARTESIAN_POINT('',(-13.7894532056,14.457967829068,4.));
#857 = CARTESIAN_POINT('',(-13.77994847599,14.442826165383,4.));
#858 = CARTESIAN_POINT('',(-13.06645011848,16.569923653273,4.));
#859 = CARTESIAN_POINT('',(-13.05093670126,16.361242549867,4.));
#860 = CARTESIAN_POINT('',(-13.02040979408,16.154076306177,4.));
#861 = CARTESIAN_POINT('',(-12.97454512341,15.949331282111,4.));
#862 = CARTESIAN_POINT('',(-12.91388036496,15.748114779566,4.));
#863 = CARTESIAN_POINT('',(-12.83752934786,15.550109874435,4.));
#864 = CARTESIAN_POINT('',(-12.74630800742,15.358651435907,4.));
#865 = CARTESIAN_POINT('',(-12.6332198611,15.160481835877,4.));
#866 = CARTESIAN_POINT('',(-12.62476001742,15.145856121042,4.));
#867 = CARTESIAN_POINT('',(-12.61621367732,15.131277758666,4.));
#868 = CARTESIAN_POINT('',(-12.60758095673,15.116747021089,4.));
#869 = CARTESIAN_POINT('',(-12.59886196764,15.102264180232,4.));
#870 = CARTESIAN_POINT('',(-12.59005681809,15.087829507629,4.));
#871 = CARTESIAN_POINT('',(-12.58116561215,15.073443274455,4.));
#872 = CARTESIAN_POINT('',(-13.52253852411,16.529061547602,
    5.326344245183));
#873 = CARTESIAN_POINT('',(-13.49539033471,16.299228342281,
    5.321274053495));
#874 = CARTESIAN_POINT('',(-13.45080638869,16.062170289314,
    5.315920758428));
#875 = CARTESIAN_POINT('',(-13.38768543633,15.828418257476,
    5.310628482493));
#876 = CARTESIAN_POINT('',(-13.30903228073,15.601625553536,
    5.305690777451));
#877 = CARTESIAN_POINT('',(-13.2142435191,15.381348594781,5.301796887926
    ));
#878 = CARTESIAN_POINT('',(-13.10701821128,15.175162303212,
    5.297717241879));
#879 = CARTESIAN_POINT('',(-12.98844859262,14.975586775887,
    5.295361663201));
#880 = CARTESIAN_POINT('',(-12.97958343639,14.960832396209,
    5.295194468681));
#881 = CARTESIAN_POINT('',(-12.97064591688,14.94612349682,5.295034808834
    ));
#882 = CARTESIAN_POINT('',(-12.9616361323,14.931460137266,5.294882731642
    ));
#883 = CARTESIAN_POINT('',(-12.95255418084,14.916842377089,
    5.294738285089));
#884 = CARTESIAN_POINT('',(-12.94340016069,14.902270275834,
    5.294601517159));
#885 = CARTESIAN_POINT('',(-12.93417417005,14.887743893043,
    5.294472475834));
#886 = ADVANCED_FACE('',(#887),#912,.F.);
#887 = FACE_BOUND('',#888,.F.);
#888 = EDGE_LOOP('',(#889,#897,#910,#911));
#889 = ORIENTED_EDGE('',*,*,#890,.T.);
#890 = EDGE_CURVE('',#78,#891,#893,.T.);
#891 = VERTEX_POINT('',#892);
#892 = CARTESIAN_POINT('',(-7.622630055087,47.80168881399,4.791885104302
    ));
#893 = ( BOUNDED_CURVE() B_SPLINE_CURVE(2,(#894,#895,#896),
.UNSPECIFIED.,.F.,.F.) B_SPLINE_CURVE_WITH_KNOTS((3,3),(0.,
3.716616550173),.PIECEWISE_BEZIER_KNOTS.) CURVE() 
GEOMETRIC_REPRESENTATION_ITEM() RATIONAL_B_SPLINE_CURVE((1.,
0.777211327664,1.)) REPRESENTATION_ITEM('') );
#894 = CARTESIAN_POINT('',(-8.434463365242,48.3472297077,4.));
#895 = CARTESIAN_POINT('',(-7.762479836982,47.895665956891,4.));
#896 = CARTESIAN_POINT('',(-7.622630055087,47.80168881399,4.791885104302
    ));
#897 = ORIENTED_EDGE('',*,*,#898,.T.);
#898 = EDGE_CURVE('',#891,#745,#899,.T.);
#899 = ( BOUNDED_CURVE() B_SPLINE_CURVE(9,(#900,#901,#902,#903,#904,#905
    ,#906,#907,#908,#909),.UNSPECIFIED.,.F.,.F.) 
B_SPLINE_CURVE_WITH_KNOTS((10,10),(110.11224947856,119.7844420058),
.PIECEWISE_BEZIER_KNOTS.) CURVE() GEOMETRIC_REPRESENTATION_ITEM() 
RATIONAL_B_SPLINE_CURVE((1.,1.,1.,1.,1.,1.,1.,1.,1.,1.)) 
REPRESENTATION_ITEM('') );
#900 = CARTESIAN_POINT('',(-7.62269782579,47.801875799972,4.791138365987
    ));
#901 = CARTESIAN_POINT('',(-8.193776255426,46.906048856164,
    4.866351186966));
#902 = CARTESIAN_POINT('',(-8.7711518089,46.018395358245,4.939235071914)
  );
#903 = CARTESIAN_POINT('',(-9.376222781643,45.100302203485,
    5.015637202725));
#904 = CARTESIAN_POINT('',(-9.972899838005,44.21113483773,5.07972960961)
  );
#905 = CARTESIAN_POINT('',(-10.57557707605,43.308545912262,
    5.138039354406));
#906 = CARTESIAN_POINT('',(-11.16921149028,42.418375066565,
    5.186333722993));
#907 = CARTESIAN_POINT('',(-11.76269137013,41.516365874428,
    5.227662152814));
#908 = CARTESIAN_POINT('',(-12.34441095319,40.619294893706,
    5.260685414815));
#909 = CARTESIAN_POINT('',(-12.93279624862,39.694792226024,
    5.288315221788));
#910 = ORIENTED_EDGE('',*,*,#744,.F.);
#911 = ORIENTED_EDGE('',*,*,#77,.F.);
#912 = ( BOUNDED_SURFACE() B_SPLINE_SURFACE(2,9,(
    (#913,#914,#915,#916,#917,#918,#919,#920,#921,#922)
    ,(#923,#924,#925,#926,#927,#928,#929,#930,#931,#932)
    ,(#933,#934,#935,#936,#937,#938,#939,#940,#941,#942
)),.UNSPECIFIED.,.F.,.F.,.F.) B_SPLINE_SURFACE_WITH_KNOTS((3,3),(10,10),
  (0.,9.672192527241),(110.11224947856,119.7844420058),
.PIECEWISE_BEZIER_KNOTS.) GEOMETRIC_REPRESENTATION_ITEM() 
RATIONAL_B_SPLINE_SURFACE((
    (1.,1.,1.,1.,1.,1.,1.,1.,1.,1.)
    ,(0.777451488523,0.753265792666,0.728985388425,0.702694737645
      ,0.679215178529,0.657296799659,0.638332686852,0.621695926043
      ,0.60810474174,0.596525262756)
,(1.,1.,1.,1.,1.,1.,1.,1.,1.,1.))) REPRESENTATION_ITEM('') SURFACE() );
#913 = CARTESIAN_POINT('',(-8.434394293179,48.347334930124,4.));
#914 = CARTESIAN_POINT('',(-9.061495192126,47.3969408041,4.));
#915 = CARTESIAN_POINT('',(-9.652610825883,46.492531860634,4.));
#916 = CARTESIAN_POINT('',(-10.25933186642,45.584899083411,4.));
#917 = CARTESIAN_POINT('',(-10.84494386417,44.702236936135,4.));
#918 = CARTESIAN_POINT('',(-11.43433907084,43.809893805863,4.));
#919 = CARTESIAN_POINT('',(-12.0157077643,42.921531441405,4.));
#920 = CARTESIAN_POINT('',(-12.59808648097,42.017590037934,4.));
#921 = CARTESIAN_POINT('',(-13.17929325547,41.106872933469,4.));
#922 = CARTESIAN_POINT('',(-13.78050330705,40.140064138429,4.));
#923 = CARTESIAN_POINT('',(-7.762939062448,47.896117756211,4.));
#924 = CARTESIAN_POINT('',(-8.319225764893,46.932822047648,4.));
#925 = CARTESIAN_POINT('',(-8.859661891562,45.993961080416,4.));
#926 = CARTESIAN_POINT('',(-9.419868088306,45.019437595266,4.));
#927 = CARTESIAN_POINT('',(-9.947781530938,44.100733713128,4.));
#928 = CARTESIAN_POINT('',(-10.48841546552,43.16132798126,4.));
#929 = CARTESIAN_POINT('',(-11.01277935316,42.250429165182,4.));
#930 = CARTESIAN_POINT('',(-11.54116529419,41.333398084519,4.));
#931 = CARTESIAN_POINT('',(-12.06265412065,40.428318545209,4.));
#932 = CARTESIAN_POINT('',(-12.58937616147,39.514405242753,4.));
#933 = CARTESIAN_POINT('',(-7.62269782579,47.801875799972,4.791138365987
    ));
#934 = CARTESIAN_POINT('',(-8.193776255426,46.906048856164,
    4.866351186966));
#935 = CARTESIAN_POINT('',(-8.7711518089,46.018395358245,4.939235071914)
  );
#936 = CARTESIAN_POINT('',(-9.376222781643,45.100302203485,
    5.015637202725));
#937 = CARTESIAN_POINT('',(-9.972899838005,44.21113483773,5.07972960961)
  );
#938 = CARTESIAN_POINT('',(-10.57557707605,43.308545912262,
    5.138039354406));
#939 = CARTESIAN_POINT('',(-11.16921149028,42.418375066565,
    5.186333722993));
#940 = CARTESIAN_POINT('',(-11.76269137013,41.516365874428,
    5.227662152814));
#941 = CARTESIAN_POINT('',(-12.34441095319,40.619294893706,
    5.260685414815));
#942 = CARTESIAN_POINT('',(-12.93279624862,39.694792226024,
    5.288315221788));
#943 = ADVANCED_FACE('',(#944),#969,.F.);
#944 = FACE_BOUND('',#945,.F.);
#945 = EDGE_LOOP('',(#946,#947,#962,#968));
#946 = ORIENTED_EDGE('',*,*,#837,.T.);
#947 = ORIENTED_EDGE('',*,*,#948,.T.);
#948 = EDGE_CURVE('',#819,#949,#951,.T.);
#949 = VERTEX_POINT('',#950);
#950 = CARTESIAN_POINT('',(-7.622107021817,6.789733214066,4.797515202971
    ));
#951 = ( BOUNDED_CURVE() B_SPLINE_CURVE(9,(#952,#953,#954,#955,#956,#957
    ,#958,#959,#960,#961),.UNSPECIFIED.,.F.,.F.) 
B_SPLINE_CURVE_WITH_KNOTS((10,10),(22.751029985272,32.416051112122),
.PIECEWISE_BEZIER_KNOTS.) CURVE() GEOMETRIC_REPRESENTATION_ITEM() 
RATIONAL_B_SPLINE_CURVE((1.,1.,1.,1.,1.,1.,1.,1.,1.,1.)) 
REPRESENTATION_ITEM('') );
#952 = CARTESIAN_POINT('',(-12.93409943114,14.887817656671,
    5.294138504356));
#953 = CARTESIAN_POINT('',(-12.34580592381,13.964018755464,
    5.266728571252));
#954 = CARTESIAN_POINT('',(-11.76408116769,13.067649487226,
    5.233937203517));
#955 = CARTESIAN_POINT('',(-11.17066803736,12.166654903927,
    5.192862489896));
#956 = CARTESIAN_POINT('',(-10.5769520633,11.277496859718,5.144823265989
    ));
#957 = CARTESIAN_POINT('',(-9.974128796455,10.37607043398,5.086707571542
    ));
#958 = CARTESIAN_POINT('',(-9.37710472717,9.488066142612,5.022758914949)
  );
#959 = CARTESIAN_POINT('',(-8.771517901582,8.571120241595,4.946246324195
    ));
#960 = CARTESIAN_POINT('',(-8.19372810149,7.684651758182,4.873107628802)
  );
#961 = CARTESIAN_POINT('',(-7.622107021817,6.789733214066,4.797515202971
    ));
#962 = ORIENTED_EDGE('',*,*,#963,.F.);
#963 = EDGE_CURVE('',#313,#949,#964,.T.);
#964 = ( BOUNDED_CURVE() B_SPLINE_CURVE(2,(#965,#966,#967),
.UNSPECIFIED.,.F.,.F.) B_SPLINE_CURVE_WITH_KNOTS((3,3),(0.,9.66502112685
),.PIECEWISE_BEZIER_KNOTS.) CURVE() GEOMETRIC_REPRESENTATION_ITEM() 
RATIONAL_B_SPLINE_CURVE((1.,0.775398219313,1.)) REPRESENTATION_ITEM('') 
  );
#965 = CARTESIAN_POINT('',(-8.434620927762,6.243087936379,4.));
#966 = CARTESIAN_POINT('',(-7.758925145202,6.697684351267,4.));
#967 = CARTESIAN_POINT('',(-7.622107021817,6.789733214066,4.797515202971
    ));
#968 = ORIENTED_EDGE('',*,*,#340,.F.);
#969 = ( BOUNDED_SURFACE() B_SPLINE_SURFACE(2,9,(
    (#970,#971,#972,#973,#974,#975,#976,#977,#978,#979)
    ,(#980,#981,#982,#983,#984,#985,#986,#987,#988,#989)
    ,(#990,#991,#992,#993,#994,#995,#996,#997,#998,#999
)),.UNSPECIFIED.,.F.,.F.,.F.) B_SPLINE_SURFACE_WITH_KNOTS((3,3),(10,10),
  (0.,9.66502112685),(22.751029985272,32.416051112122),
.PIECEWISE_BEZIER_KNOTS.) GEOMETRIC_REPRESENTATION_ITEM() 
RATIONAL_B_SPLINE_SURFACE((
    (1.,1.,1.,1.,1.,1.,1.,1.,1.,1.)
    ,(0.594079748705,0.605614367233,0.619165989107,0.635767868653
      ,0.654711763693,0.67664111709,0.70016665646,0.726586188857
      ,0.751026088985,0.775398219313)
,(1.,1.,1.,1.,1.,1.,1.,1.,1.,1.))) REPRESENTATION_ITEM('') SURFACE() );
#970 = CARTESIAN_POINT('',(-13.77996531416,14.442853109547,4.));
#971 = CARTESIAN_POINT('',(-13.17915722956,13.477145317387,4.));
#972 = CARTESIAN_POINT('',(-12.59821391745,12.567214409777,4.));
#973 = CARTESIAN_POINT('',(-12.01610486275,11.664227598473,4.));
#974 = CARTESIAN_POINT('',(-11.43492600805,10.776747282275,4.));
#975 = CARTESIAN_POINT('',(-10.84569800863,9.885374878163,4.));
#976 = CARTESIAN_POINT('',(-10.26012718344,9.003584555617,4.));
#977 = CARTESIAN_POINT('',(-9.653343706071,8.096786349704,4.));
#978 = CARTESIAN_POINT('',(-9.062158580874,7.193118410881,4.));
#979 = CARTESIAN_POINT('',(-8.434620927762,6.243087936379,4.));
#980 = CARTESIAN_POINT('',(-12.5816199047,15.073238177821,4.));
#981 = CARTESIAN_POINT('',(-12.05529444582,14.160152448225,4.));
#982 = CARTESIAN_POINT('',(-11.53410644666,13.255704036002,4.));
#983 = CARTESIAN_POINT('',(-11.00612651723,12.339458769463,4.));
#984 = CARTESIAN_POINT('',(-10.48222834115,11.4293988803,4.));
#985 = CARTESIAN_POINT('',(-9.942017543304,10.490708319071,4.));
#986 = CARTESIAN_POINT('',(-9.414730517008,9.572995059722,4.));
#987 = CARTESIAN_POINT('',(-8.85492465436,8.598970574414,4.));
#988 = CARTESIAN_POINT('',(-8.314962561124,7.660730896921,4.));
#989 = CARTESIAN_POINT('',(-7.758925145202,6.697684351267,4.));
#990 = CARTESIAN_POINT('',(-12.93409943114,14.887817656671,
    5.294138504356));
#991 = CARTESIAN_POINT('',(-12.34580592381,13.964018755464,
    5.266728571252));
#992 = CARTESIAN_POINT('',(-11.76408116769,13.067649487226,
    5.233937203517));
#993 = CARTESIAN_POINT('',(-11.17066803736,12.166654903927,
    5.192862489896));
#994 = CARTESIAN_POINT('',(-10.5769520633,11.277496859718,5.144823265989
    ));
#995 = CARTESIAN_POINT('',(-9.974128796455,10.37607043398,5.086707571542
    ));
#996 = CARTESIAN_POINT('',(-9.37710472717,9.488066142612,5.022758914949)
  );
#997 = CARTESIAN_POINT('',(-8.771517901582,8.571120241595,4.946246324195
    ));
#998 = CARTESIAN_POINT('',(-8.19372810149,7.684651758182,4.873107628802)
  );
#999 = CARTESIAN_POINT('',(-7.622107021817,6.789733214066,4.797515202971
    ));
#1000 = ADVANCED_FACE('',(#1001),#1039,.F.);
#1001 = FACE_BOUND('',#1002,.F.);
#1002 = EDGE_LOOP('',(#1003,#1011,#1037,#1038));
#1003 = ORIENTED_EDGE('',*,*,#1004,.T.);
#1004 = EDGE_CURVE('',#93,#1005,#1007,.T.);
#1005 = VERTEX_POINT('',#1006);
#1006 = CARTESIAN_POINT('',(-4.700453821892,49.462229926166,
    4.659316584062));
#1007 = ( BOUNDED_CURVE() B_SPLINE_CURVE(2,(#1008,#1009,#1010),
.UNSPECIFIED.,.F.,.F.) B_SPLINE_CURVE_WITH_KNOTS((3,3),(0.,
9.436472744431),.PIECEWISE_BEZIER_KNOTS.) CURVE() 
GEOMETRIC_REPRESENTATION_ITEM() RATIONAL_B_SPLINE_CURVE((1.,
0.818743981944,1.)) REPRESENTATION_ITEM('') );
#1008 = CARTESIAN_POINT('',(-4.770046797336,50.399828789153,4.));
#1009 = CARTESIAN_POINT('',(-4.718138215029,49.700484818876,4.));
#1010 = CARTESIAN_POINT('',(-4.700453821892,49.462229926166,
    4.659316584062));
#1011 = ORIENTED_EDGE('',*,*,#1012,.T.);
#1012 = EDGE_CURVE('',#1005,#891,#1013,.T.);
#1013 = ( BOUNDED_CURVE() B_SPLINE_CURVE(8,(#1014,#1015,#1016,#1017,
    #1018,#1019,#1020,#1021,#1022,#1023,#1024,#1025,#1026,#1027,#1028,
    #1029,#1030,#1031,#1032,#1033,#1034,#1035,#1036),.UNSPECIFIED.,.F.,
.F.) B_SPLINE_CURVE_WITH_KNOTS((9,7,7,9),(106.39575172425,
    106.42751726995,109.98801109105,110.11236827443),.UNSPECIFIED.) 
CURVE() GEOMETRIC_REPRESENTATION_ITEM() RATIONAL_B_SPLINE_CURVE((1.,1.,
    1.,1.,1.,1.,1.,1.,1.,1.,1.,1.,1.,1.,1.,1.,1.,1.,1.,1.,1.,1.,1.)) 
REPRESENTATION_ITEM('') );
#1014 = CARTESIAN_POINT('',(-4.700451167603,49.462217188342,
    4.659351904988));
#1015 = CARTESIAN_POINT('',(-4.704361059946,49.462205076329,
    4.659230399568));
#1016 = CARTESIAN_POINT('',(-4.708270704582,49.4621879101,4.659109409976
    ));
#1017 = CARTESIAN_POINT('',(-4.712180098278,49.462165689968,
    4.658988936533));
#1018 = CARTESIAN_POINT('',(-4.7160892378,49.462138416246,4.658868979559
    ));
#1019 = CARTESIAN_POINT('',(-4.719998119914,49.462106089245,
    4.658749539375));
#1020 = CARTESIAN_POINT('',(-4.723906741386,49.462068709279,
    4.658630616303));
#1021 = CARTESIAN_POINT('',(-4.727815098984,49.46202627666,
    4.658512210663));
#1022 = CARTESIAN_POINT('',(-5.169767987091,49.456656361367,
    4.645180663731));
#1023 = CARTESIAN_POINT('',(-5.588757337367,49.388414294525,
    4.637891255153));
#1024 = CARTESIAN_POINT('',(-5.990429301561,49.262784476521,
    4.643511000727));
#1025 = CARTESIAN_POINT('',(-6.354834989262,49.084511916867,
    4.654219418068));
#1026 = CARTESIAN_POINT('',(-6.700900637424,48.870077948332,
    4.67104957636));
#1027 = CARTESIAN_POINT('',(-7.024536613262,48.594669705967,
    4.696115767132));
#1028 = CARTESIAN_POINT('',(-7.312014986848,48.271121593254,
    4.734093836629));
#1029 = CARTESIAN_POINT('',(-7.564643552559,47.892302630327,
    4.780680506026));
#1030 = CARTESIAN_POINT('',(-7.57310895565,47.879477694605,
    4.782259840527));
#1031 = CARTESIAN_POINT('',(-7.581513929887,47.866612479572,
    4.783846288495));
#1032 = CARTESIAN_POINT('',(-7.58985840918,47.853707173778,
    4.785439846328));
#1033 = CARTESIAN_POINT('',(-7.598142327437,47.840761965773,
    4.787040510427));
#1034 = CARTESIAN_POINT('',(-7.606365618567,47.827777044107,
    4.788648277189));
#1035 = CARTESIAN_POINT('',(-7.614528216481,47.814752597329,
    4.790263143014));
#1036 = CARTESIAN_POINT('',(-7.622630055087,47.80168881399,
    4.791885104302));
#1037 = ORIENTED_EDGE('',*,*,#890,.F.);
#1038 = ORIENTED_EDGE('',*,*,#92,.F.);
#1039 = ( BOUNDED_SURFACE() B_SPLINE_SURFACE(2,8,(
    (#1040,#1041,#1042,#1043,#1044,#1045,#1046,#1047,#1048,#1049,#1050
      ,#1051,#1052,#1053,#1054,#1055,#1056,#1057,#1058,#1059,#1060,#1061
      ,#1062)
    ,(#1063,#1064,#1065,#1066,#1067,#1068,#1069,#1070,#1071,#1072,#1073
      ,#1074,#1075,#1076,#1077,#1078,#1079,#1080,#1081,#1082,#1083,#1084
      ,#1085)
    ,(#1086,#1087,#1088,#1089,#1090,#1091,#1092,#1093,#1094,#1095,#1096
      ,#1097,#1098,#1099,#1100,#1101,#1102,#1103,#1104,#1105,#1106,#1107
,#1108
    )),.UNSPECIFIED.,.F.,.F.,.F.) B_SPLINE_SURFACE_WITH_KNOTS((3,3),(9,7
    ,7,9),(0.,3.716616550173),(106.39575172425,106.42751726995,
    109.98801109105,110.11236827443),.UNSPECIFIED.) 
GEOMETRIC_REPRESENTATION_ITEM() RATIONAL_B_SPLINE_SURFACE((
    (1.,1.,1.,1.,1.,1.,1.,1.,1.,1.,1.,1.,1.,1.,1.,1.,1.,1.,1.,1.,1.,1.
      ,1.)
    ,(0.818733196778,0.818770298431,0.818807240655,0.81884402338
      ,0.818880646538,0.818917110058,0.818953413872,0.818989557909
      ,0.823058889769,0.825260693595,0.823539732379,0.820340645709
      ,0.815170089709,0.807561360216,0.795713857392,0.780807274599
      ,0.780301556589,0.779793185437,0.779282155289,0.778768460291
      ,0.77825209459,0.777733052332,0.777211327664)
    ,(1.,1.,1.,1.,1.,1.,1.,1.,1.,1.,1.,1.,1.,1.,1.,1.,1.,1.,1.,1.,1.,1.
,1.))) REPRESENTATION_ITEM('') SURFACE() );
#1040 = CARTESIAN_POINT('',(-4.770044961232,50.399828823963,4.));
#1041 = CARTESIAN_POINT('',(-4.774247159337,50.399750870984,4.));
#1042 = CARTESIAN_POINT('',(-4.77844993503,50.399667862536,4.));
#1043 = CARTESIAN_POINT('',(-4.782653286801,50.399579798137,4.));
#1044 = CARTESIAN_POINT('',(-4.786857213141,50.399486677303,4.));
#1045 = CARTESIAN_POINT('',(-4.791061712541,50.399388499548,4.));
#1046 = CARTESIAN_POINT('',(-4.795266783492,50.39928526439,4.));
#1047 = CARTESIAN_POINT('',(-4.799472424487,50.399176971344,4.));
#1048 = CARTESIAN_POINT('',(-5.275138598058,50.386358438433,4.));
#1049 = CARTESIAN_POINT('',(-5.801944331722,50.305706571787,4.));
#1050 = CARTESIAN_POINT('',(-6.337129832801,50.157118599355,4.));
#1051 = CARTESIAN_POINT('',(-6.833912345679,49.917893715933,4.));
#1052 = CARTESIAN_POINT('',(-7.306283500542,49.628735117577,4.));
#1053 = CARTESIAN_POINT('',(-7.727763069725,49.254070656478,4.));
#1054 = CARTESIAN_POINT('',(-8.088661314482,48.845062837549,4.));
#1055 = CARTESIAN_POINT('',(-8.369959687494,48.443091973808,4.));
#1056 = CARTESIAN_POINT('',(-8.379383414884,48.42949369483,4.));
#1057 = CARTESIAN_POINT('',(-8.388737531742,48.415863077328,4.));
#1058 = CARTESIAN_POINT('',(-8.398022021132,48.402200258325,4.));
#1059 = CARTESIAN_POINT('',(-8.407236866116,48.38850537484,4.));
#1060 = CARTESIAN_POINT('',(-8.416382049754,48.374778563893,4.));
#1061 = CARTESIAN_POINT('',(-8.425457555109,48.361019962507,4.));
#1062 = CARTESIAN_POINT('',(-8.434463365242,48.3472297077,4.));
#1063 = CARTESIAN_POINT('',(-4.718134401043,49.700456901451,4.));
#1064 = CARTESIAN_POINT('',(-4.722123089971,49.700491443575,4.));
#1065 = CARTESIAN_POINT('',(-4.726111818337,49.70052063969,4.));
#1066 = CARTESIAN_POINT('',(-4.730100582423,49.700544489786,4.));
#1067 = CARTESIAN_POINT('',(-4.734089378515,49.700562993849,4.));
#1068 = CARTESIAN_POINT('',(-4.738078202898,49.700576151859,4.));
#1069 = CARTESIAN_POINT('',(-4.742067051861,49.700583963788,4.));
#1070 = CARTESIAN_POINT('',(-4.746055921696,49.700586429603,4.));
#1071 = CARTESIAN_POINT('',(-5.194935279594,49.700262298012,4.));
#1072 = CARTESIAN_POINT('',(-5.642620999188,49.632920474357,4.));
#1073 = CARTESIAN_POINT('',(-6.086608423317,49.497308199689,4.));
#1074 = CARTESIAN_POINT('',(-6.48418894341,49.295397256399,4.));
#1075 = CARTESIAN_POINT('',(-6.860487094075,49.052260696633,4.));
#1076 = CARTESIAN_POINT('',(-7.199910262959,48.736447096142,4.));
#1077 = CARTESIAN_POINT('',(-7.480891351352,48.384619368728,4.));
#1078 = CARTESIAN_POINT('',(-7.709503268826,47.991364555931,4.));
#1079 = CARTESIAN_POINT('',(-7.717288560187,47.977809084708,4.));
#1080 = CARTESIAN_POINT('',(-7.72500158563,47.964214672647,4.));
#1081 = CARTESIAN_POINT('',(-7.732642264139,47.95058153345,4.));
#1082 = CARTESIAN_POINT('',(-7.740210513232,47.936909880176,4.));
#1083 = CARTESIAN_POINT('',(-7.747706248952,47.923199925245,4.));
#1084 = CARTESIAN_POINT('',(-7.755129385852,47.909451880435,4.));
#1085 = CARTESIAN_POINT('',(-7.762479836982,47.895665956891,4.));
#1086 = CARTESIAN_POINT('',(-4.700451167603,49.462217188342,
    4.659351904988));
#1087 = CARTESIAN_POINT('',(-4.704361059946,49.462205076329,
    4.659230399568));
#1088 = CARTESIAN_POINT('',(-4.708270704582,49.4621879101,4.659109409976
    ));
#1089 = CARTESIAN_POINT('',(-4.712180098278,49.462165689968,
    4.658988936533));
#1090 = CARTESIAN_POINT('',(-4.7160892378,49.462138416246,4.658868979559
    ));
#1091 = CARTESIAN_POINT('',(-4.719998119914,49.462106089245,
    4.658749539375));
#1092 = CARTESIAN_POINT('',(-4.723906741386,49.462068709279,
    4.658630616303));
#1093 = CARTESIAN_POINT('',(-4.727815098984,49.46202627666,
    4.658512210663));
#1094 = CARTESIAN_POINT('',(-5.169767987091,49.456656361367,
    4.645180663731));
#1095 = CARTESIAN_POINT('',(-5.588757337367,49.388414294525,
    4.637891255153));
#1096 = CARTESIAN_POINT('',(-5.990429301561,49.262784476521,
    4.643511000727));
#1097 = CARTESIAN_POINT('',(-6.354834989262,49.084511916867,
    4.654219418068));
#1098 = CARTESIAN_POINT('',(-6.700900637424,48.870077948332,
    4.67104957636));
#1099 = CARTESIAN_POINT('',(-7.024536613262,48.594669705967,
    4.696115767132));
#1100 = CARTESIAN_POINT('',(-7.312014986848,48.271121593254,
    4.734093836629));
#1101 = CARTESIAN_POINT('',(-7.564643552559,47.892302630327,
    4.780680506026));
#1102 = CARTESIAN_POINT('',(-7.57310895565,47.879477694605,
    4.782259840527));
#1103 = CARTESIAN_POINT('',(-7.581513929887,47.866612479572,
    4.783846288495));
#1104 = CARTESIAN_POINT('',(-7.58985840918,47.853707173778,
    4.785439846328));
#1105 = CARTESIAN_POINT('',(-7.598142327437,47.840761965773,
    4.787040510427));
#1106 = CARTESIAN_POINT('',(-7.606365618567,47.827777044107,
    4.788648277189));
#1107 = CARTESIAN_POINT('',(-7.614528216481,47.814752597329,
    4.790263143014));
#1108 = CARTESIAN_POINT('',(-7.622630055087,47.80168881399,
    4.791885104302));
#1109 = ADVANCED_FACE('',(#1110),#1148,.F.);
#1110 = FACE_BOUND('',#1111,.F.);
#1111 = EDGE_LOOP('',(#1112,#1113,#1141,#1147));
#1112 = ORIENTED_EDGE('',*,*,#963,.T.);
#1113 = ORIENTED_EDGE('',*,*,#1114,.T.);
#1114 = EDGE_CURVE('',#949,#1115,#1117,.T.);
#1115 = VERTEX_POINT('',#1116);
#1116 = CARTESIAN_POINT('',(-4.699665090486,5.133182509434,
    4.669812321901));
#1117 = ( BOUNDED_CURVE() B_SPLINE_CURVE(8,(#1118,#1119,#1120,#1121,
    #1122,#1123,#1124,#1125,#1126,#1127,#1128,#1129,#1130,#1131,#1132,
    #1133,#1134,#1135,#1136,#1137,#1138,#1139,#1140),.UNSPECIFIED.,.F.,
.F.) B_SPLINE_CURVE_WITH_KNOTS((9,7,7,9),(32.415946512127,
    32.532934388046,36.093404787905,36.126314801845),.UNSPECIFIED.) 
CURVE() GEOMETRIC_REPRESENTATION_ITEM() RATIONAL_B_SPLINE_CURVE((1.,1.,
    1.,1.,1.,1.,1.,1.,1.,1.,1.,1.,1.,1.,1.,1.,1.,1.,1.,1.,1.,1.,1.)) 
REPRESENTATION_ITEM('') );
#1118 = CARTESIAN_POINT('',(-7.62204306527,6.789900867976,4.79821991112)
  );
#1119 = CARTESIAN_POINT('',(-7.614399697466,6.777620132284,
    4.796723756534));
#1120 = CARTESIAN_POINT('',(-7.606702387485,6.765374326093,
    4.795233756351));
#1121 = CARTESIAN_POINT('',(-7.598951192697,6.753163605796,
    4.793749914149));
#1122 = CARTESIAN_POINT('',(-7.591146170477,6.740988127788,
    4.792272233511));
#1123 = CARTESIAN_POINT('',(-7.583287378196,6.728848048465,
    4.790800718016));
#1124 = CARTESIAN_POINT('',(-7.575374873227,6.716743524219,
    4.789335371245));
#1125 = CARTESIAN_POINT('',(-7.567408712943,6.704674711447,
    4.787876196778));
#1126 = CARTESIAN_POINT('',(-7.315311424836,6.32642480756,4.742201876951
    ));
#1127 = CARTESIAN_POINT('',(-7.027542457382,6.002506891337,
    4.704830739556));
#1128 = CARTESIAN_POINT('',(-6.703427870036,5.72669019864,4.680086148723
    ));
#1129 = CARTESIAN_POINT('',(-6.356873393059,5.511954482723,
    4.663619240837));
#1130 = CARTESIAN_POINT('',(-5.991908966141,5.333406485997,
    4.653150209325));
#1131 = CARTESIAN_POINT('',(-5.589733321327,5.207587434862,
    4.647878188157));
#1132 = CARTESIAN_POINT('',(-5.170257087535,5.139097408584,
    4.655364556623));
#1133 = CARTESIAN_POINT('',(-4.728024197735,5.133396372363,4.66892729078
    ));
#1134 = CARTESIAN_POINT('',(-4.723973719227,5.133349573982,
    4.669052060553));
#1135 = CARTESIAN_POINT('',(-4.719922960568,5.133308190556,
    4.669177385309));
#1136 = CARTESIAN_POINT('',(-4.715871925343,5.13327222242,4.669303264707
    ));
#1137 = CARTESIAN_POINT('',(-4.711820617137,5.133241669906,
    4.669429698406));
#1138 = CARTESIAN_POINT('',(-4.707769039536,5.133216533348,
    4.669556686066));
#1139 = CARTESIAN_POINT('',(-4.703717196124,5.133196813079,
    4.669684227344));
#1140 = CARTESIAN_POINT('',(-4.699665090486,5.133182509434,
    4.669812321901));
#1141 = ORIENTED_EDGE('',*,*,#1142,.F.);
#1142 = EDGE_CURVE('',#298,#1115,#1143,.T.);
#1143 = ( BOUNDED_CURVE() B_SPLINE_CURVE(2,(#1144,#1145,#1146),
.UNSPECIFIED.,.F.,.F.) B_SPLINE_CURVE_WITH_KNOTS((3,3),(0.,
3.710368289717),.PIECEWISE_BEZIER_KNOTS.) CURVE() 
GEOMETRIC_REPRESENTATION_ITEM() RATIONAL_B_SPLINE_CURVE((1.,
0.815532855898,1.)) REPRESENTATION_ITEM('') );
#1144 = CARTESIAN_POINT('',(-4.769448734781,4.191850293783,4.));
#1145 = CARTESIAN_POINT('',(-4.71698723221,4.899519016889,4.));
#1146 = CARTESIAN_POINT('',(-4.699665090486,5.133182509434,
    4.669812321901));
#1147 = ORIENTED_EDGE('',*,*,#312,.F.);
#1148 = ( BOUNDED_SURFACE() B_SPLINE_SURFACE(2,8,(
    (#1149,#1150,#1151,#1152,#1153,#1154,#1155,#1156,#1157,#1158,#1159
      ,#1160,#1161,#1162,#1163,#1164,#1165,#1166,#1167,#1168,#1169,#1170
      ,#1171)
    ,(#1172,#1173,#1174,#1175,#1176,#1177,#1178,#1179,#1180,#1181,#1182
      ,#1183,#1184,#1185,#1186,#1187,#1188,#1189,#1190,#1191,#1192,#1193
      ,#1194)
    ,(#1195,#1196,#1197,#1198,#1199,#1200,#1201,#1202,#1203,#1204,#1205
      ,#1206,#1207,#1208,#1209,#1210,#1211,#1212,#1213,#1214,#1215,#1216
,#1217
    )),.UNSPECIFIED.,.F.,.F.,.F.) B_SPLINE_SURFACE_WITH_KNOTS((3,3),(9,7
    ,7,9),(0.,3.710368289717),(32.415946512127,32.532934388046,
    36.093404787905,36.126314801845),.UNSPECIFIED.) 
GEOMETRIC_REPRESENTATION_ITEM() RATIONAL_B_SPLINE_SURFACE((
    (1.,1.,1.,1.,1.,1.,1.,1.,1.,1.,1.,1.,1.,1.,1.,1.,1.,1.,1.,1.,1.,1.
      ,1.)
    ,(0.775170977553,0.775653501612,0.776133697691,0.776611570292
      ,0.777087123914,0.777560363057,0.778031292221,0.778499915907
      ,0.793158548581,0.804855952549,0.812393719129,0.817469380991
      ,0.820608175759,0.822229902608,0.819960169478,0.815804116231
      ,0.815765880773,0.81572747319,0.815688893553,0.815650141933
      ,0.815611218403,0.815572123034,0.815532855898)
    ,(1.,1.,1.,1.,1.,1.,1.,1.,1.,1.,1.,1.,1.,1.,1.,1.,1.,1.,1.,1.,1.,1.
,1.))) REPRESENTATION_ITEM('') SURFACE() );
#1149 = CARTESIAN_POINT('',(-8.434681832181,6.243180619362,4.));
#1150 = CARTESIAN_POINT('',(-8.426197839646,6.230202579992,4.));
#1151 = CARTESIAN_POINT('',(-8.417651979167,6.217252585102,4.));
#1152 = CARTESIAN_POINT('',(-8.409044265268,6.20433074824,4.));
#1153 = CARTESIAN_POINT('',(-8.400374712471,6.191437182957,4.));
#1154 = CARTESIAN_POINT('',(-8.391643335299,6.178572002803,4.));
#1155 = CARTESIAN_POINT('',(-8.382850148273,6.165735321327,4.));
#1156 = CARTESIAN_POINT('',(-8.373995165917,6.15292725208,4.));
#1157 = CARTESIAN_POINT('',(-8.093700953963,5.75121466409,4.));
#1158 = CARTESIAN_POINT('',(-7.732817946905,5.341350586819,4.));
#1159 = CARTESIAN_POINT('',(-7.310892550357,4.965639719696,4.));
#1160 = CARTESIAN_POINT('',(-6.837760801015,4.675602137274,4.));
#1161 = CARTESIAN_POINT('',(-6.34003539663,4.435619133812,4.));
#1162 = CARTESIAN_POINT('',(-5.803778902106,4.286532524884,4.));
#1163 = CARTESIAN_POINT('',(-5.276051857946,4.205612642482,4.));
#1164 = CARTESIAN_POINT('',(-4.799953813643,4.192536601859,4.));
#1165 = CARTESIAN_POINT('',(-4.795594081334,4.192422274191,4.));
#1166 = CARTESIAN_POINT('',(-4.791234967547,4.192313375351,4.));
#1167 = CARTESIAN_POINT('',(-4.786876473948,4.192209904774,4.));
#1168 = CARTESIAN_POINT('',(-4.782518602205,4.192111861894,4.));
#1169 = CARTESIAN_POINT('',(-4.778161353984,4.192019246146,4.));
#1170 = CARTESIAN_POINT('',(-4.773804730954,4.191932056964,4.));
#1171 = CARTESIAN_POINT('',(-4.769448734781,4.191850293783,4.));
#1172 = CARTESIAN_POINT('',(-7.758485933755,6.698105986884,4.));
#1173 = CARTESIAN_POINT('',(-7.751547572382,6.685149879291,4.));
#1174 = CARTESIAN_POINT('',(-7.744544883398,6.672227402093,4.));
#1175 = CARTESIAN_POINT('',(-7.737477939436,6.659338730753,4.));
#1176 = CARTESIAN_POINT('',(-7.730346811964,6.646484041207,4.));
#1177 = CARTESIAN_POINT('',(-7.723151571289,6.633663509866,4.));
#1178 = CARTESIAN_POINT('',(-7.715892286567,6.620877313615,4.));
#1179 = CARTESIAN_POINT('',(-7.708569025815,6.608125629821,4.));
#1180 = CARTESIAN_POINT('',(-7.480511918499,6.215525921139,4.));
#1181 = CARTESIAN_POINT('',(-7.199660202749,5.863673439682,4.));
#1182 = CARTESIAN_POINT('',(-6.860364769163,5.547841473008,4.));
#1183 = CARTESIAN_POINT('',(-6.484101445564,5.304614070395,4.));
#1184 = CARTESIAN_POINT('',(-6.086509894107,5.102681656342,4.));
#1185 = CARTESIAN_POINT('',(-5.642548463566,4.967052560339,4.));
#1186 = CARTESIAN_POINT('',(-5.194880954035,4.899713694163,4.));
#1187 = CARTESIAN_POINT('',(-4.745914766518,4.89937984889,4.));
#1188 = CARTESIAN_POINT('',(-4.741782169648,4.89938251454,4.));
#1189 = CARTESIAN_POINT('',(-4.737649596548,4.899390918747,4.));
#1190 = CARTESIAN_POINT('',(-4.733517051346,4.89940506147,4.));
#1191 = CARTESIAN_POINT('',(-4.729384538175,4.89942494267,4.));
#1192 = CARTESIAN_POINT('',(-4.72525206117,4.89945056232,4.));
#1193 = CARTESIAN_POINT('',(-4.721119624469,4.899481920397,4.));
#1194 = CARTESIAN_POINT('',(-4.71698723221,4.899519016889,4.));
#1195 = CARTESIAN_POINT('',(-7.62204306527,6.789900867976,4.79821991112)
  );
#1196 = CARTESIAN_POINT('',(-7.614399697466,6.777620132284,
    4.796723756534));
#1197 = CARTESIAN_POINT('',(-7.606702387485,6.765374326093,
    4.795233756351));
#1198 = CARTESIAN_POINT('',(-7.598951192697,6.753163605796,
    4.793749914149));
#1199 = CARTESIAN_POINT('',(-7.591146170477,6.740988127788,
    4.792272233511));
#1200 = CARTESIAN_POINT('',(-7.583287378196,6.728848048465,
    4.790800718016));
#1201 = CARTESIAN_POINT('',(-7.575374873227,6.716743524219,
    4.789335371245));
#1202 = CARTESIAN_POINT('',(-7.567408712943,6.704674711447,
    4.787876196778));
#1203 = CARTESIAN_POINT('',(-7.315311424836,6.32642480756,4.742201876951
    ));
#1204 = CARTESIAN_POINT('',(-7.027542457382,6.002506891337,
    4.704830739556));
#1205 = CARTESIAN_POINT('',(-6.703427870036,5.72669019864,4.680086148723
    ));
#1206 = CARTESIAN_POINT('',(-6.356873393059,5.511954482723,
    4.663619240837));
#1207 = CARTESIAN_POINT('',(-5.991908966141,5.333406485997,
    4.653150209325));
#1208 = CARTESIAN_POINT('',(-5.589733321327,5.207587434862,
    4.647878188157));
#1209 = CARTESIAN_POINT('',(-5.170257087535,5.139097408584,
    4.655364556623));
#1210 = CARTESIAN_POINT('',(-4.728024197735,5.133396372363,4.66892729078
    ));
#1211 = CARTESIAN_POINT('',(-4.723973719227,5.133349573982,
    4.669052060553));
#1212 = CARTESIAN_POINT('',(-4.719922960568,5.133308190556,
    4.669177385309));
#1213 = CARTESIAN_POINT('',(-4.715871925343,5.13327222242,4.669303264707
    ));
#1214 = CARTESIAN_POINT('',(-4.711820617137,5.133241669906,
    4.669429698406));
#1215 = CARTESIAN_POINT('',(-4.707769039536,5.133216533348,
    4.669556686066));
#1216 = CARTESIAN_POINT('',(-4.703717196124,5.133196813079,
    4.669684227344));
#1217 = CARTESIAN_POINT('',(-4.699665090486,5.133182509434,
    4.669812321901));
#1218 = ADVANCED_FACE('',(#1219),#1244,.F.);
#1219 = FACE_BOUND('',#1220,.F.);
#1220 = EDGE_LOOP('',(#1221,#1229,#1242,#1243));
#1221 = ORIENTED_EDGE('',*,*,#1222,.T.);
#1222 = EDGE_CURVE('',#121,#1223,#1225,.T.);
#1223 = VERTEX_POINT('',#1224);
#1224 = CARTESIAN_POINT('',(4.700451167147,49.462217186158,
    4.659351911043));
#1225 = ( BOUNDED_CURVE() B_SPLINE_CURVE(2,(#1226,#1227,#1228),
.UNSPECIFIED.,.F.,.F.) B_SPLINE_CURVE_WITH_KNOTS((3,3),(0.,
3.716593622115),.PIECEWISE_BEZIER_KNOTS.) CURVE() 
GEOMETRIC_REPRESENTATION_ITEM() RATIONAL_B_SPLINE_CURVE((1.,
0.818733194929,1.)) REPRESENTATION_ITEM('') );
#1226 = CARTESIAN_POINT('',(4.770044616999,50.399828849496,4.));
#1227 = CARTESIAN_POINT('',(4.718134313001,49.70045690315,4.));
#1228 = CARTESIAN_POINT('',(4.700451167147,49.462217186158,
    4.659351911043));
#1229 = ORIENTED_EDGE('',*,*,#1230,.T.);
#1230 = EDGE_CURVE('',#1223,#1005,#1231,.T.);
#1231 = ( BOUNDED_CURVE() B_SPLINE_CURVE(9,(#1232,#1233,#1234,#1235,
    #1236,#1237,#1238,#1239,#1240,#1241),.UNSPECIFIED.,.F.,.F.) 
B_SPLINE_CURVE_WITH_KNOTS((10,10),(96.95928071483,106.39575345926),
.PIECEWISE_BEZIER_KNOTS.) CURVE() GEOMETRIC_REPRESENTATION_ITEM() 
RATIONAL_B_SPLINE_CURVE((1.,1.,1.,1.,1.,1.,1.,1.,1.,1.)) 
REPRESENTATION_ITEM('') );
#1232 = CARTESIAN_POINT('',(4.700453821403,49.46222992382,4.659316590567
    ));
#1233 = CARTESIAN_POINT('',(3.668358552146,49.470114410462,
    4.680932806694));
#1234 = CARTESIAN_POINT('',(2.64401264919,49.478085924426,4.694631085755
    ));
#1235 = CARTESIAN_POINT('',(1.573623479654,49.483144985841,
    4.707756452465));
#1236 = CARTESIAN_POINT('',(0.534175426578,49.486262733909,
    4.712621903835));
#1237 = CARTESIAN_POINT('',(-0.534175555672,49.486262736222,
    4.712621894515));
#1238 = CARTESIAN_POINT('',(-1.57362352824,49.483144983164,4.70775646141
    ));
#1239 = CARTESIAN_POINT('',(-2.644012878743,49.478085926989,
    4.694631071357));
#1240 = CARTESIAN_POINT('',(-3.668358614292,49.470114406172,
    4.680932815504));
#1241 = CARTESIAN_POINT('',(-4.700453821892,49.462229926166,
    4.659316584062));
#1242 = ORIENTED_EDGE('',*,*,#1004,.F.);
#1243 = ORIENTED_EDGE('',*,*,#120,.F.);
#1244 = ( BOUNDED_SURFACE() B_SPLINE_SURFACE(2,9,(
    (#1245,#1246,#1247,#1248,#1249,#1250,#1251,#1252,#1253,#1254)
    ,(#1255,#1256,#1257,#1258,#1259,#1260,#1261,#1262,#1263,#1264)
    ,(#1265,#1266,#1267,#1268,#1269,#1270,#1271,#1272,#1273,#1274
)),.UNSPECIFIED.,.F.,.F.,.F.) B_SPLINE_SURFACE_WITH_KNOTS((3,3),(10,10),
  (0.,9.436472744431),(96.95928071483,106.39575345926),
.PIECEWISE_BEZIER_KNOTS.) GEOMETRIC_REPRESENTATION_ITEM() 
RATIONAL_B_SPLINE_SURFACE((
    (1.,1.,1.,1.,1.,1.,1.,1.,1.,1.)
    ,(0.818743979957,0.81214356009,0.807902539307,0.803837818429
      ,0.802291076428,0.802291079104,0.803837815837,0.807902543652
      ,0.812143557416,0.818743981944)
,(1.,1.,1.,1.,1.,1.,1.,1.,1.,1.))) REPRESENTATION_ITEM('') SURFACE() );
#1245 = CARTESIAN_POINT('',(4.770046453084,50.399828814686,4.));
#1246 = CARTESIAN_POINT('',(3.66048591528,50.421317517624,4.));
#1247 = CARTESIAN_POINT('',(2.615035138089,50.427883177705,4.));
#1248 = CARTESIAN_POINT('',(1.553267851334,50.440455066117,4.));
#1249 = CARTESIAN_POINT('',(0.523524930488,50.443984202215,4.));
#1250 = CARTESIAN_POINT('',(-0.523524984801,50.443984192527,4.));
#1251 = CARTESIAN_POINT('',(-1.553267805732,50.440455079009,4.));
#1252 = CARTESIAN_POINT('',(-2.615035223637,50.427883148428,4.));
#1253 = CARTESIAN_POINT('',(-3.660485939146,50.421317548334,4.));
#1254 = CARTESIAN_POINT('',(-4.770046797336,50.399828789153,4.));
#1255 = CARTESIAN_POINT('',(4.718138126934,49.700484820221,4.));
#1256 = CARTESIAN_POINT('',(3.656966303988,49.70055111237,4.));
#1257 = CARTESIAN_POINT('',(2.628767967503,49.700271118007,4.));
#1258 = CARTESIAN_POINT('',(1.556413189332,49.700003967029,4.));
#1259 = CARTESIAN_POINT('',(0.532864872392,49.699875588904,4.));
#1260 = CARTESIAN_POINT('',(-0.532864994376,49.69987558894,4.));
#1261 = CARTESIAN_POINT('',(-1.556413192236,49.700003967024,4.));
#1262 = CARTESIAN_POINT('',(-2.628768183847,49.700271118404,4.));
#1263 = CARTESIAN_POINT('',(-3.656966345262,49.700551112887,4.));
#1264 = CARTESIAN_POINT('',(-4.718138215029,49.700484818876,4.));
#1265 = CARTESIAN_POINT('',(4.700453821403,49.46222992382,4.659316590567
    ));
#1266 = CARTESIAN_POINT('',(3.668358552146,49.470114410462,
    4.680932806694));
#1267 = CARTESIAN_POINT('',(2.64401264919,49.478085924426,4.694631085755
    ));
#1268 = CARTESIAN_POINT('',(1.573623479654,49.483144985841,
    4.707756452465));
#1269 = CARTESIAN_POINT('',(0.534175426578,49.486262733909,
    4.712621903835));
#1270 = CARTESIAN_POINT('',(-0.534175555672,49.486262736222,
    4.712621894515));
#1271 = CARTESIAN_POINT('',(-1.57362352824,49.483144983164,4.70775646141
    ));
#1272 = CARTESIAN_POINT('',(-2.644012878743,49.478085926989,
    4.694631071357));
#1273 = CARTESIAN_POINT('',(-3.668358614292,49.470114406172,
    4.680932815504));
#1274 = CARTESIAN_POINT('',(-4.700453821892,49.462229926166,
    4.659316584062));
#1275 = ADVANCED_FACE('',(#1276),#1301,.F.);
#1276 = FACE_BOUND('',#1277,.F.);
#1277 = EDGE_LOOP('',(#1278,#1279,#1294,#1300));
#1278 = ORIENTED_EDGE('',*,*,#1142,.T.);
#1279 = ORIENTED_EDGE('',*,*,#1280,.T.);
#1280 = EDGE_CURVE('',#1115,#1281,#1283,.T.);
#1281 = VERTEX_POINT('',#1282);
#1282 = CARTESIAN_POINT('',(4.699667870202,5.133169632063,4.669775331901
    ));
#1283 = ( BOUNDED_CURVE() B_SPLINE_CURVE(9,(#1284,#1285,#1286,#1287,
    #1288,#1289,#1290,#1291,#1292,#1293),.UNSPECIFIED.,.F.,.F.) 
B_SPLINE_CURVE_WITH_KNOTS((10,10),(36.126312949485,45.560497081072),
.PIECEWISE_BEZIER_KNOTS.) CURVE() GEOMETRIC_REPRESENTATION_ITEM() 
RATIONAL_B_SPLINE_CURVE((1.,1.,1.,1.,1.,1.,1.,1.,1.,1.)) 
REPRESENTATION_ITEM('') );
#1284 = CARTESIAN_POINT('',(-4.699667870203,5.133169632063,
    4.669775331901));
#1285 = CARTESIAN_POINT('',(-3.667480078291,5.124835005422,
    4.691600999361));
#1286 = CARTESIAN_POINT('',(-2.643188983068,5.116571028418,
    4.705519882527));
#1287 = CARTESIAN_POINT('',(-1.573129132352,5.111232362744,
    4.718744501463));
#1288 = CARTESIAN_POINT('',(-0.533962746581,5.108005212565,4.72365737513
    ));
#1289 = CARTESIAN_POINT('',(0.533962746581,5.108005212565,4.72365737513)
  );
#1290 = CARTESIAN_POINT('',(1.573129132351,5.111232362744,4.718744501463
    ));
#1291 = CARTESIAN_POINT('',(2.643188983068,5.116571028418,4.705519882527
    ));
#1292 = CARTESIAN_POINT('',(3.667480078291,5.124835005422,4.691600999361
    ));
#1293 = CARTESIAN_POINT('',(4.699667870202,5.133169632063,4.669775331901
    ));
#1294 = ORIENTED_EDGE('',*,*,#1295,.F.);
#1295 = EDGE_CURVE('',#270,#1281,#1296,.T.);
#1296 = ( BOUNDED_CURVE() B_SPLINE_CURVE(2,(#1297,#1298,#1299),
.UNSPECIFIED.,.F.,.F.) B_SPLINE_CURVE_WITH_KNOTS((3,3),(0.,
9.434184131587),.PIECEWISE_BEZIER_KNOTS.) CURVE() 
GEOMETRIC_REPRESENTATION_ITEM() RATIONAL_B_SPLINE_CURVE((1.,
0.815544195032,1.)) REPRESENTATION_ITEM('') );
#1297 = CARTESIAN_POINT('',(4.769450696158,4.191850331411,4.));
#1298 = CARTESIAN_POINT('',(4.71699126759,4.899489667252,4.));
#1299 = CARTESIAN_POINT('',(4.699667870202,5.133169632063,4.669775331901
    ));
#1300 = ORIENTED_EDGE('',*,*,#297,.F.);
#1301 = ( BOUNDED_SURFACE() B_SPLINE_SURFACE(2,9,(
    (#1302,#1303,#1304,#1305,#1306,#1307,#1308,#1309,#1310,#1311)
    ,(#1312,#1313,#1314,#1315,#1316,#1317,#1318,#1319,#1320,#1321)
    ,(#1322,#1323,#1324,#1325,#1326,#1327,#1328,#1329,#1330,#1331
)),.UNSPECIFIED.,.F.,.F.,.F.) B_SPLINE_SURFACE_WITH_KNOTS((3,3),(10,10),
  (0.,9.434184131587),(36.126312949485,45.560497081072),
.PIECEWISE_BEZIER_KNOTS.) GEOMETRIC_REPRESENTATION_ITEM() 
RATIONAL_B_SPLINE_SURFACE((
    (1.,1.,1.,1.,1.,1.,1.,1.,1.,1.)
    ,(0.815544195032,0.808853672435,0.804526750098,0.800413405139
      ,0.79884475176,0.798844751759,0.800413405139,0.804526750098
      ,0.808853672435,0.815544195032)
,(1.,1.,1.,1.,1.,1.,1.,1.,1.,1.))) REPRESENTATION_ITEM('') SURFACE() );
#1302 = CARTESIAN_POINT('',(-4.769450696159,4.191850331411,4.));
#1303 = CARTESIAN_POINT('',(-3.659548630872,4.170097839655,4.));
#1304 = CARTESIAN_POINT('',(-2.614125863408,4.163353331161,4.));
#1305 = CARTESIAN_POINT('',(-1.55270177565,4.150631240664,4.));
#1306 = CARTESIAN_POINT('',(-0.523300277197,4.147042147105,4.));
#1307 = CARTESIAN_POINT('',(0.523300277197,4.147042147105,4.));
#1308 = CARTESIAN_POINT('',(1.552701775649,4.150631240664,4.));
#1309 = CARTESIAN_POINT('',(2.614125863408,4.163353331161,4.));
#1310 = CARTESIAN_POINT('',(3.659548630872,4.170097839655,4.));
#1311 = CARTESIAN_POINT('',(4.769450696158,4.191850331411,4.));
#1312 = CARTESIAN_POINT('',(-4.71699126759,4.899489667252,4.));
#1313 = CARTESIAN_POINT('',(-3.655945835708,4.899434232907,4.));
#1314 = CARTESIAN_POINT('',(-2.627885735049,4.899724071069,4.));
#1315 = CARTESIAN_POINT('',(-1.55588236899,4.899996349345,4.));
#1316 = CARTESIAN_POINT('',(-0.532690151693,4.900126872107,4.));
#1317 = CARTESIAN_POINT('',(0.532690151693,4.900126872107,4.));
#1318 = CARTESIAN_POINT('',(1.55588236899,4.899996349345,4.));
#1319 = CARTESIAN_POINT('',(2.627885735049,4.899724071069,4.));
#1320 = CARTESIAN_POINT('',(3.655945835707,4.899434232907,4.));
#1321 = CARTESIAN_POINT('',(4.71699126759,4.899489667252,4.));
#1322 = CARTESIAN_POINT('',(-4.699667870203,5.133169632063,
    4.669775331901));
#1323 = CARTESIAN_POINT('',(-3.667480078291,5.124835005422,
    4.691600999361));
#1324 = CARTESIAN_POINT('',(-2.643188983068,5.116571028418,
    4.705519882527));
#1325 = CARTESIAN_POINT('',(-1.573129132352,5.111232362744,
    4.718744501463));
#1326 = CARTESIAN_POINT('',(-0.533962746581,5.108005212565,4.72365737513
    ));
#1327 = CARTESIAN_POINT('',(0.533962746581,5.108005212565,4.72365737513)
  );
#1328 = CARTESIAN_POINT('',(1.573129132351,5.111232362744,4.718744501463
    ));
#1329 = CARTESIAN_POINT('',(2.643188983068,5.116571028418,4.705519882527
    ));
#1330 = CARTESIAN_POINT('',(3.667480078291,5.124835005422,4.691600999361
    ));
#1331 = CARTESIAN_POINT('',(4.699667870202,5.133169632063,4.669775331901
    ));
#1332 = ADVANCED_FACE('',(#1333),#1371,.F.);
#1333 = FACE_BOUND('',#1334,.F.);
#1334 = EDGE_LOOP('',(#1335,#1343,#1369,#1370));
#1335 = ORIENTED_EDGE('',*,*,#1336,.T.);
#1336 = EDGE_CURVE('',#136,#1337,#1339,.T.);
#1337 = VERTEX_POINT('',#1338);
#1338 = CARTESIAN_POINT('',(7.622685875221,47.801894962617,
    4.791137080158));
#1339 = ( BOUNDED_CURVE() B_SPLINE_CURVE(2,(#1340,#1341,#1342),
.UNSPECIFIED.,.F.,.F.) B_SPLINE_CURVE_WITH_KNOTS((3,3),(0.,
9.672215385375),.PIECEWISE_BEZIER_KNOTS.) CURVE() 
GEOMETRIC_REPRESENTATION_ITEM() RATIONAL_B_SPLINE_CURVE((1.,
0.777451901998,1.)) REPRESENTATION_ITEM('') );
#1340 = CARTESIAN_POINT('',(8.434380569809,48.347356238503,4.));
#1341 = CARTESIAN_POINT('',(7.762927519785,47.896137769533,4.));
#1342 = CARTESIAN_POINT('',(7.622685875221,47.801894962617,
    4.791137080158));
#1343 = ORIENTED_EDGE('',*,*,#1344,.T.);
#1344 = EDGE_CURVE('',#1337,#1223,#1345,.T.);
#1345 = ( BOUNDED_CURVE() B_SPLINE_CURVE(8,(#1346,#1347,#1348,#1349,
    #1350,#1351,#1352,#1353,#1354,#1355,#1356,#1357,#1358,#1359,#1360,
    #1361,#1362,#1363,#1364,#1365,#1366,#1367,#1368),.UNSPECIFIED.,.F.,
.F.) B_SPLINE_CURVE_WITH_KNOTS((9,7,7,9),(93.2426888277,93.367046415353,
96.927516815211,96.959282449815),.UNSPECIFIED.) CURVE() 
GEOMETRIC_REPRESENTATION_ITEM() RATIONAL_B_SPLINE_CURVE((1.,1.,1.,1.,1.,
    1.,1.,1.,1.,1.,1.,1.,1.,1.,1.,1.,1.,1.,1.,1.,1.,1.,1.)) 
REPRESENTATION_ITEM('') );
#1346 = CARTESIAN_POINT('',(7.622618189919,47.801708211834,
    4.791882873759));
#1347 = CARTESIAN_POINT('',(7.614516248315,47.81477197968,4.790260915976
    ));
#1348 = CARTESIAN_POINT('',(7.606353547233,47.827796410428,
    4.788646053746));
#1349 = CARTESIAN_POINT('',(7.598130152769,47.84078131552,4.787038290673
    ));
#1350 = CARTESIAN_POINT('',(7.589846131016,47.853726506396,
    4.785437630361));
#1351 = CARTESIAN_POINT('',(7.581501548068,47.8666317945,4.783844076413)
  );
#1352 = CARTESIAN_POINT('',(7.573096470019,47.879496991272,
    4.782257632433));
#1353 = CARTESIAN_POINT('',(7.564630962964,47.892321908155,
    4.780678302025));
#1354 = CARTESIAN_POINT('',(7.312001711541,48.271136697722,
    4.734092199531));
#1355 = CARTESIAN_POINT('',(7.024523547659,48.59468102666,4.696114689711
    ));
#1356 = CARTESIAN_POINT('',(6.700888779888,48.870085344718,
    4.671049075613));
#1357 = CARTESIAN_POINT('',(6.354825130857,49.08451669415,4.654219114751
    ));
#1358 = CARTESIAN_POINT('',(5.990421170883,49.262787004679,
    4.643510939542));
#1359 = CARTESIAN_POINT('',(5.588751794273,49.388415163143,
    4.637891331676));
#1360 = CARTESIAN_POINT('',(5.169765219595,49.456656380436,
    4.645180740911));
#1361 = CARTESIAN_POINT('',(4.727815176697,49.46202627355,4.658512213565
    ));
#1362 = CARTESIAN_POINT('',(4.723906807936,49.462068706386,
    4.658630619647));
#1363 = CARTESIAN_POINT('',(4.719998175299,49.462106086541,
    4.658749543163));
#1364 = CARTESIAN_POINT('',(4.716089282019,49.462138413702,
    4.658868983795));
#1365 = CARTESIAN_POINT('',(4.712180131331,49.462165687557,
    4.658988941219));
#1366 = CARTESIAN_POINT('',(4.708270726467,49.462187907793,
    4.659109415116));
#1367 = CARTESIAN_POINT('',(4.704361070661,49.462205074098,
    4.659230405164));
#1368 = CARTESIAN_POINT('',(4.700451167147,49.462217186158,
    4.659351911043));
#1369 = ORIENTED_EDGE('',*,*,#1222,.F.);
#1370 = ORIENTED_EDGE('',*,*,#135,.F.);
#1371 = ( BOUNDED_SURFACE() B_SPLINE_SURFACE(2,8,(
    (#1372,#1373,#1374,#1375,#1376,#1377,#1378,#1379,#1380,#1381,#1382
      ,#1383,#1384,#1385,#1386,#1387,#1388,#1389,#1390,#1391,#1392,#1393
      ,#1394)
    ,(#1395,#1396,#1397,#1398,#1399,#1400,#1401,#1402,#1403,#1404,#1405
      ,#1406,#1407,#1408,#1409,#1410,#1411,#1412,#1413,#1414,#1415,#1416
      ,#1417)
    ,(#1418,#1419,#1420,#1421,#1422,#1423,#1424,#1425,#1426,#1427,#1428
      ,#1429,#1430,#1431,#1432,#1433,#1434,#1435,#1436,#1437,#1438,#1439
,#1440
    )),.UNSPECIFIED.,.F.,.F.,.F.) B_SPLINE_SURFACE_WITH_KNOTS((3,3),(9,7
    ,7,9),(0.,3.716593622115),(93.2426888277,93.367046415353,
    96.927516815211,96.959282449815),.UNSPECIFIED.) 
GEOMETRIC_REPRESENTATION_ITEM() RATIONAL_B_SPLINE_SURFACE((
    (1.,1.,1.,1.,1.,1.,1.,1.,1.,1.,1.,1.,1.,1.,1.,1.,1.,1.,1.,1.,1.,1.
      ,1.)
    ,(0.777212045146,0.777733768205,0.77825280883,0.778769172873
      ,0.779282866186,0.779793894623,0.780302264036,0.780807980278
      ,0.795714368246,0.807561689249,0.815170241612,0.820340737831
      ,0.823539750663,0.825260670616,0.823058866214,0.818989557023
      ,0.818953412851,0.818917108902,0.818880645245,0.81884402195
      ,0.818807239085,0.818770296722,0.818733194929)
    ,(1.,1.,1.,1.,1.,1.,1.,1.,1.,1.,1.,1.,1.,1.,1.,1.,1.,1.,1.,1.,1.,1.
,1.))) REPRESENTATION_ITEM('') SURFACE() );
#1372 = CARTESIAN_POINT('',(8.434449555228,48.347251148793,4.));
#1373 = CARTESIAN_POINT('',(8.425443619399,48.361041410643,4.));
#1374 = CARTESIAN_POINT('',(8.416367987966,48.374800018728,4.));
#1375 = CARTESIAN_POINT('',(8.407222677867,48.388526836018,4.));
#1376 = CARTESIAN_POINT('',(8.398007706042,48.402221725485,4.));
#1377 = CARTESIAN_POINT('',(8.388723089428,48.415884550099,4.));
#1378 = CARTESIAN_POINT('',(8.379368844966,48.429515172831,4.));
#1379 = CARTESIAN_POINT('',(8.369944989593,48.443113456654,4.));
#1380 = CARTESIAN_POINT('',(8.088645484662,48.845080634563,4.));
#1381 = CARTESIAN_POINT('',(7.727747112942,49.254084603922,4.));
#1382 = CARTESIAN_POINT('',(7.30626849777,49.628744697407,4.));
#1383 = CARTESIAN_POINT('',(6.833899398537,49.917899791317,4.));
#1384 = CARTESIAN_POINT('',(6.337119464113,50.157121631623,4.));
#1385 = CARTESIAN_POINT('',(5.801937344277,50.305707672018,4.));
#1386 = CARTESIAN_POINT('',(5.275135098481,50.386358554541,4.));
#1387 = CARTESIAN_POINT('',(4.799472154036,50.399176995913,4.));
#1388 = CARTESIAN_POINT('',(4.795266502504,50.399285289176,4.));
#1389 = CARTESIAN_POINT('',(4.791061421013,50.399388524526,4.));
#1390 = CARTESIAN_POINT('',(4.786856911073,50.399486702444,4.));
#1391 = CARTESIAN_POINT('',(4.782652974193,50.399579823417,4.));
#1392 = CARTESIAN_POINT('',(4.778449611881,50.399667887927,4.));
#1393 = CARTESIAN_POINT('',(4.774246825647,50.399750896459,4.));
#1394 = CARTESIAN_POINT('',(4.770044616999,50.399828849496,4.));
#1395 = CARTESIAN_POINT('',(7.762468877465,47.895686540437,4.));
#1396 = CARTESIAN_POINT('',(7.755118310661,47.909472452249,4.));
#1397 = CARTESIAN_POINT('',(7.747695057812,47.923220484845,4.));
#1398 = CARTESIAN_POINT('',(7.740199205871,47.936930427073,4.));
#1399 = CARTESIAN_POINT('',(7.732630840286,47.950602067142,4.));
#1400 = CARTESIAN_POINT('',(7.724990045017,47.964235192625,4.));
#1401 = CARTESIAN_POINT('',(7.717276902546,47.977829590453,4.));
#1402 = CARTESIAN_POINT('',(7.709491493893,47.991385046913,4.));
#1403 = CARTESIAN_POINT('',(7.480878268203,48.384635781464,4.));
#1404 = CARTESIAN_POINT('',(7.199896776748,48.736459742251,4.));
#1405 = CARTESIAN_POINT('',(6.860474357651,49.052269083649,4.));
#1406 = CARTESIAN_POINT('',(6.484178282438,49.295402548848,4.));
#1407 = CARTESIAN_POINT('',(6.086599555197,49.497310942572,4.));
#1408 = CARTESIAN_POINT('',(5.642615086207,49.632921350194,4.));
#1409 = CARTESIAN_POINT('',(5.194932346829,49.70026230183,4.));
#1410 = CARTESIAN_POINT('',(4.746055910664,49.700586432028,4.));
#1411 = CARTESIAN_POINT('',(4.74206702983,49.700583966198,4.));
#1412 = CARTESIAN_POINT('',(4.738078169867,49.700576154224,4.));
#1413 = CARTESIAN_POINT('',(4.734089334483,49.70056299614,4.));
#1414 = CARTESIAN_POINT('',(4.730100527391,49.700544491973,4.));
#1415 = CARTESIAN_POINT('',(4.726111752302,49.700520641744,4.));
#1416 = CARTESIAN_POINT('',(4.722123012933,49.700491445467,4.));
#1417 = CARTESIAN_POINT('',(4.718134313001,49.70045690315,4.));
#1418 = CARTESIAN_POINT('',(7.622618189919,47.801708211834,
    4.791882873759));
#1419 = CARTESIAN_POINT('',(7.614516248315,47.81477197968,4.790260915976
    ));
#1420 = CARTESIAN_POINT('',(7.606353547233,47.827796410428,
    4.788646053746));
#1421 = CARTESIAN_POINT('',(7.598130152769,47.84078131552,4.787038290673
    ));
#1422 = CARTESIAN_POINT('',(7.589846131016,47.853726506396,
    4.785437630361));
#1423 = CARTESIAN_POINT('',(7.581501548068,47.8666317945,4.783844076413)
  );
#1424 = CARTESIAN_POINT('',(7.573096470019,47.879496991272,
    4.782257632433));
#1425 = CARTESIAN_POINT('',(7.564630962964,47.892321908155,
    4.780678302025));
#1426 = CARTESIAN_POINT('',(7.312001711541,48.271136697722,
    4.734092199531));
#1427 = CARTESIAN_POINT('',(7.024523547659,48.59468102666,4.696114689711
    ));
#1428 = CARTESIAN_POINT('',(6.700888779888,48.870085344718,
    4.671049075613));
#1429 = CARTESIAN_POINT('',(6.354825130857,49.08451669415,4.654219114751
    ));
#1430 = CARTESIAN_POINT('',(5.990421170883,49.262787004679,
    4.643510939542));
#1431 = CARTESIAN_POINT('',(5.588751794273,49.388415163143,
    4.637891331676));
#1432 = CARTESIAN_POINT('',(5.169765219595,49.456656380436,
    4.645180740911));
#1433 = CARTESIAN_POINT('',(4.727815176697,49.46202627355,4.658512213565
    ));
#1434 = CARTESIAN_POINT('',(4.723906807936,49.462068706386,
    4.658630619647));
#1435 = CARTESIAN_POINT('',(4.719998175299,49.462106086541,
    4.658749543163));
#1436 = CARTESIAN_POINT('',(4.716089282019,49.462138413702,
    4.658868983795));
#1437 = CARTESIAN_POINT('',(4.712180131331,49.462165687557,
    4.658988941219));
#1438 = CARTESIAN_POINT('',(4.708270726467,49.462187907793,
    4.659109415116));
#1439 = CARTESIAN_POINT('',(4.704361070661,49.462205074098,
    4.659230405164));
#1440 = CARTESIAN_POINT('',(4.700451167147,49.462217186158,
    4.659351911043));
#1441 = ADVANCED_FACE('',(#1442),#1480,.F.);
#1442 = FACE_BOUND('',#1443,.F.);
#1443 = EDGE_LOOP('',(#1444,#1445,#1473,#1479));
#1444 = ORIENTED_EDGE('',*,*,#1295,.T.);
#1445 = ORIENTED_EDGE('',*,*,#1446,.T.);
#1446 = EDGE_CURVE('',#1281,#1447,#1449,.T.);
#1447 = VERTEX_POINT('',#1448);
#1448 = CARTESIAN_POINT('',(7.62204306527,6.789900867976,4.79821991112)
  );
#1449 = ( BOUNDED_CURVE() B_SPLINE_CURVE(8,(#1450,#1451,#1452,#1453,
    #1454,#1455,#1456,#1457,#1458,#1459,#1460,#1461,#1462,#1463,#1464,
    #1465,#1466,#1467,#1468,#1469,#1470,#1471,#1472),.UNSPECIFIED.,.F.,
.F.) B_SPLINE_CURVE_WITH_KNOTS((9,7,7,9),(45.560495228713,
45.593405242653,49.153875642512,49.27086351843),.UNSPECIFIED.) CURVE() 
GEOMETRIC_REPRESENTATION_ITEM() RATIONAL_B_SPLINE_CURVE((1.,1.,1.,1.,1.,
    1.,1.,1.,1.,1.,1.,1.,1.,1.,1.,1.,1.,1.,1.,1.,1.,1.,1.)) 
REPRESENTATION_ITEM('') );
#1450 = CARTESIAN_POINT('',(4.699665090486,5.133182509434,4.669812321902
    ));
#1451 = CARTESIAN_POINT('',(4.703717196123,5.133196813079,4.669684227344
    ));
#1452 = CARTESIAN_POINT('',(4.707769039535,5.133216533348,4.669556686066
    ));
#1453 = CARTESIAN_POINT('',(4.711820617137,5.133241669906,4.669429698406
    ));
#1454 = CARTESIAN_POINT('',(4.715871925343,5.13327222242,4.669303264707)
  );
#1455 = CARTESIAN_POINT('',(4.719922960568,5.133308190556,4.66917738531)
  );
#1456 = CARTESIAN_POINT('',(4.723973719227,5.133349573982,4.669052060554
    ));
#1457 = CARTESIAN_POINT('',(4.728024197735,5.133396372363,4.66892729078)
  );
#1458 = CARTESIAN_POINT('',(5.170257087535,5.139097408584,4.655364556623
    ));
#1459 = CARTESIAN_POINT('',(5.589733321327,5.207587434862,4.647878188157
    ));
#1460 = CARTESIAN_POINT('',(5.991908966141,5.333406485997,4.653150209325
    ));
#1461 = CARTESIAN_POINT('',(6.356873393059,5.511954482723,4.663619240837
    ));
#1462 = CARTESIAN_POINT('',(6.703427870036,5.72669019864,4.680086148723)
  );
#1463 = CARTESIAN_POINT('',(7.027542457382,6.002506891337,4.704830739556
    ));
#1464 = CARTESIAN_POINT('',(7.315311424836,6.32642480756,4.742201876951)
  );
#1465 = CARTESIAN_POINT('',(7.567408712943,6.704674711447,4.787876196778
    ));
#1466 = CARTESIAN_POINT('',(7.575374873227,6.716743524219,4.789335371244
    ));
#1467 = CARTESIAN_POINT('',(7.583287378195,6.728848048465,4.790800718016
    ));
#1468 = CARTESIAN_POINT('',(7.591146170476,6.740988127788,4.792272233511
    ));
#1469 = CARTESIAN_POINT('',(7.598951192697,6.753163605796,4.793749914149
    ));
#1470 = CARTESIAN_POINT('',(7.606702387484,6.765374326092,4.79523375635)
  );
#1471 = CARTESIAN_POINT('',(7.614399697466,6.777620132284,4.796723756534
    ));
#1472 = CARTESIAN_POINT('',(7.62204306527,6.789900867976,4.79821991112)
  );
#1473 = ORIENTED_EDGE('',*,*,#1474,.F.);
#1474 = EDGE_CURVE('',#255,#1447,#1475,.T.);
#1475 = ( BOUNDED_CURVE() B_SPLINE_CURVE(2,(#1476,#1477,#1478),
.UNSPECIFIED.,.F.,.F.) B_SPLINE_CURVE_WITH_KNOTS((3,3),(0.,
3.710368289717),.PIECEWISE_BEZIER_KNOTS.) CURVE() 
GEOMETRIC_REPRESENTATION_ITEM() RATIONAL_B_SPLINE_CURVE((1.,
0.775170977553,1.)) REPRESENTATION_ITEM('') );
#1476 = CARTESIAN_POINT('',(8.43468183218,6.243180619361,4.));
#1477 = CARTESIAN_POINT('',(7.758485933754,6.698105986884,4.));
#1478 = CARTESIAN_POINT('',(7.62204306527,6.789900867976,4.79821991112)
  );
#1479 = ORIENTED_EDGE('',*,*,#269,.F.);
#1480 = ( BOUNDED_SURFACE() B_SPLINE_SURFACE(2,8,(
    (#1481,#1482,#1483,#1484,#1485,#1486,#1487,#1488,#1489,#1490,#1491
      ,#1492,#1493,#1494,#1495,#1496,#1497,#1498,#1499,#1500,#1501,#1502
      ,#1503)
    ,(#1504,#1505,#1506,#1507,#1508,#1509,#1510,#1511,#1512,#1513,#1514
      ,#1515,#1516,#1517,#1518,#1519,#1520,#1521,#1522,#1523,#1524,#1525
      ,#1526)
    ,(#1527,#1528,#1529,#1530,#1531,#1532,#1533,#1534,#1535,#1536,#1537
      ,#1538,#1539,#1540,#1541,#1542,#1543,#1544,#1545,#1546,#1547,#1548
,#1549
    )),.UNSPECIFIED.,.F.,.F.,.F.) B_SPLINE_SURFACE_WITH_KNOTS((3,3),(9,7
    ,7,9),(0.,3.710368289717),(45.560495228713,45.593405242653,
    49.153875642512,49.27086351843),.UNSPECIFIED.) 
GEOMETRIC_REPRESENTATION_ITEM() RATIONAL_B_SPLINE_SURFACE((
    (1.,1.,1.,1.,1.,1.,1.,1.,1.,1.,1.,1.,1.,1.,1.,1.,1.,1.,1.,1.,1.,1.
      ,1.)
    ,(0.815532855898,0.815572123034,0.815611218403,0.815650141933
      ,0.815688893553,0.81572747319,0.815765880773,0.81580411623
      ,0.819960169478,0.822229902608,0.820608175759,0.817469380992
      ,0.812393719129,0.804855952549,0.793158548581,0.778499915908
      ,0.778031292222,0.777560363057,0.777087123914,0.776611570292
      ,0.776133697691,0.775653501612,0.775170977553)
    ,(1.,1.,1.,1.,1.,1.,1.,1.,1.,1.,1.,1.,1.,1.,1.,1.,1.,1.,1.,1.,1.,1.
,1.))) REPRESENTATION_ITEM('') SURFACE() );
#1481 = CARTESIAN_POINT('',(4.76944873478,4.191850293783,4.));
#1482 = CARTESIAN_POINT('',(4.773804730953,4.191932056964,4.));
#1483 = CARTESIAN_POINT('',(4.778161353984,4.192019246146,4.));
#1484 = CARTESIAN_POINT('',(4.782518602204,4.192111861894,4.));
#1485 = CARTESIAN_POINT('',(4.786876473948,4.192209904774,4.));
#1486 = CARTESIAN_POINT('',(4.791234967547,4.192313375351,4.));
#1487 = CARTESIAN_POINT('',(4.795594081334,4.192422274191,4.));
#1488 = CARTESIAN_POINT('',(4.799953813643,4.192536601859,4.));
#1489 = CARTESIAN_POINT('',(5.276051857946,4.205612642482,4.));
#1490 = CARTESIAN_POINT('',(5.803778902106,4.286532524884,4.));
#1491 = CARTESIAN_POINT('',(6.34003539663,4.435619133812,4.));
#1492 = CARTESIAN_POINT('',(6.837760801015,4.675602137274,4.));
#1493 = CARTESIAN_POINT('',(7.310892550357,4.965639719696,4.));
#1494 = CARTESIAN_POINT('',(7.732817946905,5.341350586819,4.));
#1495 = CARTESIAN_POINT('',(8.093700953963,5.75121466409,4.));
#1496 = CARTESIAN_POINT('',(8.373995165917,6.15292725208,4.));
#1497 = CARTESIAN_POINT('',(8.382850148273,6.165735321327,4.));
#1498 = CARTESIAN_POINT('',(8.391643335298,6.178572002803,4.));
#1499 = CARTESIAN_POINT('',(8.400374712471,6.191437182957,4.));
#1500 = CARTESIAN_POINT('',(8.409044265268,6.20433074824,4.));
#1501 = CARTESIAN_POINT('',(8.417651979167,6.217252585101,4.));
#1502 = CARTESIAN_POINT('',(8.426197839645,6.230202579992,4.));
#1503 = CARTESIAN_POINT('',(8.43468183218,6.243180619361,4.));
#1504 = CARTESIAN_POINT('',(4.716987232209,4.899519016889,4.));
#1505 = CARTESIAN_POINT('',(4.721119624468,4.899481920397,4.));
#1506 = CARTESIAN_POINT('',(4.72525206117,4.89945056232,4.));
#1507 = CARTESIAN_POINT('',(4.729384538175,4.89942494267,4.));
#1508 = CARTESIAN_POINT('',(4.733517051346,4.899405061469,4.));
#1509 = CARTESIAN_POINT('',(4.737649596548,4.899390918747,4.));
#1510 = CARTESIAN_POINT('',(4.741782169648,4.89938251454,4.));
#1511 = CARTESIAN_POINT('',(4.745914766518,4.89937984889,4.));
#1512 = CARTESIAN_POINT('',(5.194880954035,4.899713694163,4.));
#1513 = CARTESIAN_POINT('',(5.642548463566,4.967052560339,4.));
#1514 = CARTESIAN_POINT('',(6.086509894107,5.102681656342,4.));
#1515 = CARTESIAN_POINT('',(6.484101445564,5.304614070395,4.));
#1516 = CARTESIAN_POINT('',(6.860364769163,5.547841473008,4.));
#1517 = CARTESIAN_POINT('',(7.199660202749,5.863673439682,4.));
#1518 = CARTESIAN_POINT('',(7.480511918499,6.215525921139,4.));
#1519 = CARTESIAN_POINT('',(7.708569025815,6.608125629821,4.));
#1520 = CARTESIAN_POINT('',(7.715892286567,6.620877313615,4.));
#1521 = CARTESIAN_POINT('',(7.723151571289,6.633663509865,4.));
#1522 = CARTESIAN_POINT('',(7.730346811964,6.646484041207,4.));
#1523 = CARTESIAN_POINT('',(7.737477939436,6.659338730753,4.));
#1524 = CARTESIAN_POINT('',(7.744544883398,6.672227402093,4.));
#1525 = CARTESIAN_POINT('',(7.751547572382,6.685149879291,4.));
#1526 = CARTESIAN_POINT('',(7.758485933754,6.698105986884,4.));
#1527 = CARTESIAN_POINT('',(4.699665090486,5.133182509434,4.669812321902
    ));
#1528 = CARTESIAN_POINT('',(4.703717196123,5.133196813079,4.669684227344
    ));
#1529 = CARTESIAN_POINT('',(4.707769039535,5.133216533348,4.669556686066
    ));
#1530 = CARTESIAN_POINT('',(4.711820617137,5.133241669906,4.669429698406
    ));
#1531 = CARTESIAN_POINT('',(4.715871925343,5.13327222242,4.669303264707)
  );
#1532 = CARTESIAN_POINT('',(4.719922960568,5.133308190556,4.66917738531)
  );
#1533 = CARTESIAN_POINT('',(4.723973719227,5.133349573982,4.669052060554
    ));
#1534 = CARTESIAN_POINT('',(4.728024197735,5.133396372363,4.66892729078)
  );
#1535 = CARTESIAN_POINT('',(5.170257087535,5.139097408584,4.655364556623
    ));
#1536 = CARTESIAN_POINT('',(5.589733321327,5.207587434862,4.647878188157
    ));
#1537 = CARTESIAN_POINT('',(5.991908966141,5.333406485997,4.653150209325
    ));
#1538 = CARTESIAN_POINT('',(6.356873393059,5.511954482723,4.663619240837
    ));
#1539 = CARTESIAN_POINT('',(6.703427870036,5.72669019864,4.680086148723)
  );
#1540 = CARTESIAN_POINT('',(7.027542457382,6.002506891337,4.704830739556
    ));
#1541 = CARTESIAN_POINT('',(7.315311424836,6.32642480756,4.742201876951)
  );
#1542 = CARTESIAN_POINT('',(7.567408712943,6.704674711447,4.787876196778
    ));
#1543 = CARTESIAN_POINT('',(7.575374873227,6.716743524219,4.789335371244
    ));
#1544 = CARTESIAN_POINT('',(7.583287378195,6.728848048465,4.790800718016
    ));
#1545 = CARTESIAN_POINT('',(7.591146170476,6.740988127788,4.792272233511
    ));
#1546 = CARTESIAN_POINT('',(7.598951192697,6.753163605796,4.793749914149
    ));
#1547 = CARTESIAN_POINT('',(7.606702387484,6.765374326092,4.79523375635)
  );
#1548 = CARTESIAN_POINT('',(7.614399697466,6.777620132284,4.796723756534
    ));
#1549 = CARTESIAN_POINT('',(7.62204306527,6.789900867976,4.79821991112)
  );
#1550 = ADVANCED_FACE('',(#1551),#1576,.F.);
#1551 = FACE_BOUND('',#1552,.F.);
#1552 = EDGE_LOOP('',(#1553,#1561,#1574,#1575));
#1553 = ORIENTED_EDGE('',*,*,#1554,.T.);
#1554 = EDGE_CURVE('',#164,#1555,#1557,.T.);
#1555 = VERTEX_POINT('',#1556);
#1556 = CARTESIAN_POINT('',(12.932862187289,39.694853621144,
    5.288609869272));
#1557 = ( BOUNDED_CURVE() B_SPLINE_CURVE(2,(#1558,#1559,#1560),
.UNSPECIFIED.,.F.,.F.) B_SPLINE_CURVE_WITH_KNOTS((3,3),(0.,
1.593669043956),.PIECEWISE_BEZIER_KNOTS.) CURVE() 
GEOMETRIC_REPRESENTATION_ITEM() RATIONAL_B_SPLINE_CURVE((1.,
0.596401765058,1.)) REPRESENTATION_ITEM('') );
#1558 = CARTESIAN_POINT('',(13.780490232069,40.140085067766,4.));
#1559 = CARTESIAN_POINT('',(12.588980808241,39.514223915931,4.));
#1560 = CARTESIAN_POINT('',(12.932862187289,39.694853621144,
    5.288609869272));
#1561 = ORIENTED_EDGE('',*,*,#1562,.T.);
#1562 = EDGE_CURVE('',#1555,#1337,#1563,.T.);
#1563 = ( BOUNDED_CURVE() B_SPLINE_CURVE(9,(#1564,#1565,#1566,#1567,
    #1568,#1569,#1570,#1571,#1572,#1573),.UNSPECIFIED.,.F.,.F.) 
B_SPLINE_CURVE_WITH_KNOTS((10,10),(83.570592088448,93.242807473823),
.PIECEWISE_BEZIER_KNOTS.) CURVE() GEOMETRIC_REPRESENTATION_ITEM() 
RATIONAL_B_SPLINE_CURVE((1.,1.,1.,1.,1.,1.,1.,1.,1.,1.)) 
REPRESENTATION_ITEM('') );
#1564 = CARTESIAN_POINT('',(12.932796248471,39.694792225877,
    5.288315221082));
#1565 = CARTESIAN_POINT('',(12.344409597922,40.619297063725,
    5.260685361363));
#1566 = CARTESIAN_POINT('',(11.762688662902,41.516370140693,
    5.22766202128));
#1567 = CARTESIAN_POINT('',(11.16920736283,42.418381513738,5.18633347745
    ));
#1568 = CARTESIAN_POINT('',(10.575571594587,43.308554332712,
    5.138038982679));
#1569 = CARTESIAN_POINT('',(9.972892825225,44.211145698655,
    5.079729022873));
#1570 = CARTESIAN_POINT('',(9.376214468896,45.100314915714,
    5.015636483783));
#1571 = CARTESIAN_POINT('',(8.771141649572,46.018411209702,
    4.939233963419));
#1572 = CARTESIAN_POINT('',(8.193765278678,46.906066158853,4.86635006605
    ));
#1573 = CARTESIAN_POINT('',(7.622685875221,47.801894962617,
    4.791137080158));
#1574 = ORIENTED_EDGE('',*,*,#1336,.F.);
#1575 = ORIENTED_EDGE('',*,*,#163,.F.);
#1576 = ( BOUNDED_SURFACE() B_SPLINE_SURFACE(2,9,(
    (#1577,#1578,#1579,#1580,#1581,#1582,#1583,#1584,#1585,#1586)
    ,(#1587,#1588,#1589,#1590,#1591,#1592,#1593,#1594,#1595,#1596)
    ,(#1597,#1598,#1599,#1600,#1601,#1602,#1603,#1604,#1605,#1606
)),.UNSPECIFIED.,.F.,.F.,.F.) B_SPLINE_SURFACE_WITH_KNOTS((3,3),(10,10),
  (0.,9.672215385375),(83.570592088448,93.242807473823),
.PIECEWISE_BEZIER_KNOTS.) GEOMETRIC_REPRESENTATION_ITEM() 
RATIONAL_B_SPLINE_SURFACE((
    (1.,1.,1.,1.,1.,1.,1.,1.,1.,1.)
    ,(0.596525263052,0.608104764135,0.621695980373,0.638332784803
      ,0.657296947717,0.679215395656,0.702695005076,0.728985767951
      ,0.753266165975,0.777451901998)
,(1.,1.,1.,1.,1.,1.,1.,1.,1.,1.))) REPRESENTATION_ITEM('') SURFACE() );
#1577 = CARTESIAN_POINT('',(13.780503317938,40.140064117722,4.));
#1578 = CARTESIAN_POINT('',(13.179291916121,41.106875110018,4.));
#1579 = CARTESIAN_POINT('',(12.598083800275,42.017594332521,4.));
#1580 = CARTESIAN_POINT('',(12.015703688387,42.921537894566,4.));
#1581 = CARTESIAN_POINT('',(11.434333668368,43.809902288604,4.));
#1582 = CARTESIAN_POINT('',(10.844937003074,44.702247591413,4.));
#1583 = CARTESIAN_POINT('',(10.259323760868,45.584911681168,4.));
#1584 = CARTESIAN_POINT('',(9.652600635976,46.492547443148,4.));
#1585 = CARTESIAN_POINT('',(9.061483926185,47.396958681968,4.));
#1586 = CARTESIAN_POINT('',(8.434380569809,48.347356238503,4.));
#1587 = CARTESIAN_POINT('',(12.589376158022,39.514405251557,4.));
#1588 = CARTESIAN_POINT('',(12.062652892173,40.428320683281,4.));
#1589 = CARTESIAN_POINT('',(11.541162885164,41.333402281067,4.));
#1590 = CARTESIAN_POINT('',(11.012775670787,42.250435581229,4.));
#1591 = CARTESIAN_POINT('',(10.488410752665,43.161336207259,4.));
#1592 = CARTESIAN_POINT('',(9.947775165635,44.100744804747,4.));
#1593 = CARTESIAN_POINT('',(9.419860956152,45.019450054137,4.));
#1594 = CARTESIAN_POINT('',(8.859652614198,45.993977265337,4.));
#1595 = CARTESIAN_POINT('',(8.319215654281,46.932839660883,4.));
#1596 = CARTESIAN_POINT('',(7.762927519785,47.896137769533,4.));
#1597 = CARTESIAN_POINT('',(12.932796248471,39.694792225877,
    5.288315221082));
#1598 = CARTESIAN_POINT('',(12.344409597922,40.619297063725,
    5.260685361363));
#1599 = CARTESIAN_POINT('',(11.762688662902,41.516370140693,
    5.22766202128));
#1600 = CARTESIAN_POINT('',(11.16920736283,42.418381513738,5.18633347745
    ));
#1601 = CARTESIAN_POINT('',(10.575571594587,43.308554332712,
    5.138038982679));
#1602 = CARTESIAN_POINT('',(9.972892825225,44.211145698655,
    5.079729022873));
#1603 = CARTESIAN_POINT('',(9.376214468896,45.100314915714,
    5.015636483783));
#1604 = CARTESIAN_POINT('',(8.771141649572,46.018411209702,
    4.939233963419));
#1605 = CARTESIAN_POINT('',(8.193765278678,46.906066158853,4.86635006605
    ));
#1606 = CARTESIAN_POINT('',(7.622685875221,47.801894962617,
    4.791137080158));
#1607 = ADVANCED_FACE('',(#1608),#1633,.F.);
#1608 = FACE_BOUND('',#1609,.F.);
#1609 = EDGE_LOOP('',(#1610,#1611,#1626,#1632));
#1610 = ORIENTED_EDGE('',*,*,#1474,.T.);
#1611 = ORIENTED_EDGE('',*,*,#1612,.T.);
#1612 = EDGE_CURVE('',#1447,#1613,#1615,.T.);
#1613 = VERTEX_POINT('',#1614);
#1614 = CARTESIAN_POINT('',(12.934099431146,14.88781765667,
    5.294138504356));
#1615 = ( BOUNDED_CURVE() B_SPLINE_CURVE(9,(#1616,#1617,#1618,#1619,
    #1620,#1621,#1622,#1623,#1624,#1625),.UNSPECIFIED.,.F.,.F.) 
B_SPLINE_CURVE_WITH_KNOTS((10,10),(49.270758918436,58.935780045285),
.PIECEWISE_BEZIER_KNOTS.) CURVE() GEOMETRIC_REPRESENTATION_ITEM() 
RATIONAL_B_SPLINE_CURVE((1.,1.,1.,1.,1.,1.,1.,1.,1.,1.)) 
REPRESENTATION_ITEM('') );
#1616 = CARTESIAN_POINT('',(7.622107021816,6.789733214066,4.797515202971
    ));
#1617 = CARTESIAN_POINT('',(8.19372810149,7.684651758182,4.873107628802)
  );
#1618 = CARTESIAN_POINT('',(8.771517901582,8.571120241595,4.946246324194
    ));
#1619 = CARTESIAN_POINT('',(9.37710472717,9.488066142611,5.022758914949)
  );
#1620 = CARTESIAN_POINT('',(9.974128796454,10.37607043398,5.086707571542
    ));
#1621 = CARTESIAN_POINT('',(10.576952063306,11.277496859718,
    5.144823265989));
#1622 = CARTESIAN_POINT('',(11.170668037368,12.166654903927,
    5.192862489896));
#1623 = CARTESIAN_POINT('',(11.764081167694,13.067649487226,
    5.233937203517));
#1624 = CARTESIAN_POINT('',(12.345805923817,13.964018755463,
    5.266728571252));
#1625 = CARTESIAN_POINT('',(12.934099431146,14.88781765667,
    5.294138504356));
#1626 = ORIENTED_EDGE('',*,*,#1627,.F.);
#1627 = EDGE_CURVE('',#236,#1613,#1628,.T.);
#1628 = ( BOUNDED_CURVE() B_SPLINE_CURVE(2,(#1629,#1630,#1631),
.UNSPECIFIED.,.F.,.F.) B_SPLINE_CURVE_WITH_KNOTS((3,3),(0.,
9.665021126849),.PIECEWISE_BEZIER_KNOTS.) CURVE() 
GEOMETRIC_REPRESENTATION_ITEM() RATIONAL_B_SPLINE_CURVE((1.,
0.594079748706,1.)) REPRESENTATION_ITEM('') );
#1629 = CARTESIAN_POINT('',(13.779965314166,14.442853109546,4.));
#1630 = CARTESIAN_POINT('',(12.581619904705,15.073238177821,4.));
#1631 = CARTESIAN_POINT('',(12.934099431146,14.88781765667,
    5.294138504356));
#1632 = ORIENTED_EDGE('',*,*,#254,.F.);
#1633 = ( BOUNDED_SURFACE() B_SPLINE_SURFACE(2,9,(
    (#1634,#1635,#1636,#1637,#1638,#1639,#1640,#1641,#1642,#1643)
    ,(#1644,#1645,#1646,#1647,#1648,#1649,#1650,#1651,#1652,#1653)
    ,(#1654,#1655,#1656,#1657,#1658,#1659,#1660,#1661,#1662,#1663
)),.UNSPECIFIED.,.F.,.F.,.F.) B_SPLINE_SURFACE_WITH_KNOTS((3,3),(10,10),
  (0.,9.665021126849),(49.270758918436,58.935780045285),
.PIECEWISE_BEZIER_KNOTS.) GEOMETRIC_REPRESENTATION_ITEM() 
RATIONAL_B_SPLINE_SURFACE((
    (1.,1.,1.,1.,1.,1.,1.,1.,1.,1.)
    ,(0.775398219314,0.751026088985,0.726586188857,0.70016665646
      ,0.676641117091,0.654711763692,0.635767868653,0.619165989107
      ,0.605614367233,0.594079748706)
,(1.,1.,1.,1.,1.,1.,1.,1.,1.,1.))) REPRESENTATION_ITEM('') SURFACE() );
#1634 = CARTESIAN_POINT('',(8.434620927762,6.243087936379,4.));
#1635 = CARTESIAN_POINT('',(9.062158580873,7.193118410881,4.));
#1636 = CARTESIAN_POINT('',(9.653343706071,8.096786349704,4.));
#1637 = CARTESIAN_POINT('',(10.260127183442,9.003584555616,4.));
#1638 = CARTESIAN_POINT('',(10.845698008638,9.885374878163,4.));
#1639 = CARTESIAN_POINT('',(11.434926008052,10.776747282275,4.));
#1640 = CARTESIAN_POINT('',(12.016104862752,11.664227598472,4.));
#1641 = CARTESIAN_POINT('',(12.598213917456,12.567214409776,4.));
#1642 = CARTESIAN_POINT('',(13.179157229565,13.477145317386,4.));
#1643 = CARTESIAN_POINT('',(13.779965314166,14.442853109546,4.));
#1644 = CARTESIAN_POINT('',(7.758925145202,6.697684351267,4.));
#1645 = CARTESIAN_POINT('',(8.314962561124,7.66073089692,4.));
#1646 = CARTESIAN_POINT('',(8.85492465436,8.598970574414,4.));
#1647 = CARTESIAN_POINT('',(9.414730517008,9.572995059721,4.));
#1648 = CARTESIAN_POINT('',(9.942017543304,10.490708319071,4.));
#1649 = CARTESIAN_POINT('',(10.48222834115,11.4293988803,4.));
#1650 = CARTESIAN_POINT('',(11.006126517234,12.339458769462,4.));
#1651 = CARTESIAN_POINT('',(11.534106446669,13.255704036002,4.));
#1652 = CARTESIAN_POINT('',(12.055294445826,14.160152448225,4.));
#1653 = CARTESIAN_POINT('',(12.581619904705,15.073238177821,4.));
#1654 = CARTESIAN_POINT('',(7.622107021816,6.789733214066,4.797515202971
    ));
#1655 = CARTESIAN_POINT('',(8.19372810149,7.684651758182,4.873107628802)
  );
#1656 = CARTESIAN_POINT('',(8.771517901582,8.571120241595,4.946246324194
    ));
#1657 = CARTESIAN_POINT('',(9.37710472717,9.488066142611,5.022758914949)
  );
#1658 = CARTESIAN_POINT('',(9.974128796454,10.37607043398,5.086707571542
    ));
#1659 = CARTESIAN_POINT('',(10.576952063306,11.277496859718,
    5.144823265989));
#1660 = CARTESIAN_POINT('',(11.170668037368,12.166654903927,
    5.192862489896));
#1661 = CARTESIAN_POINT('',(11.764081167694,13.067649487226,
    5.233937203517));
#1662 = CARTESIAN_POINT('',(12.345805923817,13.964018755463,
    5.266728571252));
#1663 = CARTESIAN_POINT('',(12.934099431146,14.88781765667,
    5.294138504356));
#1664 = ADVANCED_FACE('',(#1665),#1698,.F.);
#1665 = FACE_BOUND('',#1666,.F.);
#1666 = EDGE_LOOP('',(#1667,#1679,#1696,#1697));
#1667 = ORIENTED_EDGE('',*,*,#1668,.T.);
#1668 = EDGE_CURVE('',#179,#1669,#1671,.T.);
#1669 = VERTEX_POINT('',#1670);
#1670 = CARTESIAN_POINT('',(13.523498073945,38.055104034222,
    5.329356262607));
#1671 = ( BOUNDED_CURVE() B_SPLINE_CURVE(6,(#1672,#1673,#1674,#1675,
#1676,#1677,#1678),.UNSPECIFIED.,.F.,.F.) B_SPLINE_CURVE_WITH_KNOTS((7,7
),(0.,10.727652759443),.PIECEWISE_BEZIER_KNOTS.) CURVE() 
GEOMETRIC_REPRESENTATION_ITEM() RATIONAL_B_SPLINE_CURVE((1.046633471025,
    1.014574859811,0.996947397115,0.991170641338,0.996947397115,
1.014574859811,1.046633471025)) REPRESENTATION_ITEM('') );
#1672 = CARTESIAN_POINT('',(14.4641977105,38.136397613712,4.));
#1673 = CARTESIAN_POINT('',(14.137643373437,38.108177372174,4.));
#1674 = CARTESIAN_POINT('',(13.823950481579,38.08106859372,
    4.127181749702));
#1675 = CARTESIAN_POINT('',(13.57513156666,38.05956610828,4.366166820605
    ));
#1676 = CARTESIAN_POINT('',(13.432268465204,38.047220134663,
    4.680689927217));
#1677 = CARTESIAN_POINT('',(13.415945357952,38.045809520939,
    5.019872591969));
#1678 = CARTESIAN_POINT('',(13.523498073945,38.055104034222,
    5.329356262607));
#1679 = ORIENTED_EDGE('',*,*,#1680,.T.);
#1680 = EDGE_CURVE('',#1669,#1555,#1681,.T.);
#1681 = ( BOUNDED_CURVE() B_SPLINE_CURVE(7,(#1682,#1683,#1684,#1685,
    #1686,#1687,#1688,#1689,#1690,#1691,#1692,#1693,#1694,#1695),
.UNSPECIFIED.,.F.,.F.) B_SPLINE_CURVE_WITH_KNOTS((8,6,8),(
    81.976946357778,83.467045941457,83.570615401734),.UNSPECIFIED.) 
CURVE() GEOMETRIC_REPRESENTATION_ITEM() RATIONAL_B_SPLINE_CURVE((1.,1.,
1.,1.,1.,1.,1.,1.,1.,1.,1.,1.,1.,1.)) REPRESENTATION_ITEM('') );
#1682 = CARTESIAN_POINT('',(13.522170034358,38.054073095978,
    5.325187559488));
#1683 = CARTESIAN_POINT('',(13.494629610937,38.285608119464,
    5.319439645678));
#1684 = CARTESIAN_POINT('',(13.449348182982,38.524901430757,
    5.313357612952));
#1685 = CARTESIAN_POINT('',(13.385138998686,38.760711167971,
    5.307318001644));
#1686 = CARTESIAN_POINT('',(13.305235707914,38.989249154056,
    5.30168591239));
#1687 = CARTESIAN_POINT('',(13.208951453122,39.211159364717,
    5.297139953193));
#1688 = CARTESIAN_POINT('',(13.100032000447,39.418808515935,
    5.292458288721));
#1689 = CARTESIAN_POINT('',(12.980599464928,39.617941222578,
    5.289600942844));
#1690 = CARTESIAN_POINT('',(12.972782094525,39.63084753649,5.28942105827
    ));
#1691 = CARTESIAN_POINT('',(12.964909104513,39.643718873989,
    5.289247013974));
#1692 = CARTESIAN_POINT('',(12.956980556837,39.656555193139,
    5.289078841441));
#1693 = CARTESIAN_POINT('',(12.948996513444,39.669356452006,
    5.288916572157));
#1694 = CARTESIAN_POINT('',(12.940957036279,39.682122608652,
    5.288760237605));
#1695 = CARTESIAN_POINT('',(12.932862187289,39.694853621144,
    5.288609869272));
#1696 = ORIENTED_EDGE('',*,*,#1554,.F.);
#1697 = ORIENTED_EDGE('',*,*,#178,.F.);
#1698 = ( BOUNDED_SURFACE() B_SPLINE_SURFACE(2,7,(
    (#1699,#1700,#1701,#1702,#1703,#1704,#1705,#1706,#1707,#1708,#1709
      ,#1710,#1711,#1712)
    ,(#1713,#1714,#1715,#1716,#1717,#1718,#1719,#1720,#1721,#1722,#1723
      ,#1724,#1725,#1726)
    ,(#1727,#1728,#1729,#1730,#1731,#1732,#1733,#1734,#1735,#1736,#1737
      ,#1738,#1739,#1740
)),.UNSPECIFIED.,.F.,.F.,.F.) B_SPLINE_SURFACE_WITH_KNOTS((3,3),(8,6,8),
  (0.,1.593669043956),(81.976946357778,83.467045941457,83.570615401734),
.UNSPECIFIED.) GEOMETRIC_REPRESENTATION_ITEM() RATIONAL_B_SPLINE_SURFACE
((
    (1.,1.,1.,1.,1.,1.,1.,1.,1.,1.,1.,1.,1.,1.)
    ,(0.580866783571,0.583340635568,0.585945865023,0.588519041033
      ,0.590901566757,0.592820997118,0.594787451031,0.595986186624
      ,0.596061641386,0.596134635434,0.596205156798,0.596273193505
      ,0.596338733582,0.596401765058)
,(1.,1.,1.,1.,1.,1.,1.,1.,1.,1.,1.,1.,1.,1.
))) REPRESENTATION_ITEM('') SURFACE() );
#1699 = CARTESIAN_POINT('',(14.464322665723,38.135322529003,4.));
#1700 = CARTESIAN_POINT('',(14.435045390378,38.410002834171,4.));
#1701 = CARTESIAN_POINT('',(14.383997417427,38.714777511527,4.));
#1702 = CARTESIAN_POINT('',(14.306167189426,39.019686917561,4.));
#1703 = CARTESIAN_POINT('',(14.206936094567,39.315581852112,4.));
#1704 = CARTESIAN_POINT('',(14.084304967712,39.597574678624,4.));
#1705 = CARTESIAN_POINT('',(13.952848618422,39.851548182579,4.));
#1706 = CARTESIAN_POINT('',(13.829668520671,40.059770912909,4.));
#1707 = CARTESIAN_POINT('',(13.821608585096,40.073261097226,4.));
#1708 = CARTESIAN_POINT('',(13.813494001702,40.086709478894,4.));
#1709 = CARTESIAN_POINT('',(13.805324822596,40.100116062348,4.));
#1710 = CARTESIAN_POINT('',(13.797101099883,40.113480852022,4.));
#1711 = CARTESIAN_POINT('',(13.788822885672,40.126803852349,4.));
#1712 = CARTESIAN_POINT('',(13.780490232069,40.140085067766,4.));
#1713 = CARTESIAN_POINT('',(13.068153041686,38.014919542711,4.));
#1714 = CARTESIAN_POINT('',(13.053404693367,38.225790635802,4.));
#1715 = CARTESIAN_POINT('',(13.023372447694,38.4352116664,4.));
#1716 = CARTESIAN_POINT('',(12.97764519908,38.642255694212,4.));
#1717 = CARTESIAN_POINT('',(12.916794406574,38.845720734253,4.));
#1718 = CARTESIAN_POINT('',(12.839886862982,39.045971751127,4.));
#1719 = CARTESIAN_POINT('',(12.74776004614,39.239552972865,4.));
#1720 = CARTESIAN_POINT('',(12.634469508268,39.437823284202,4.));
#1721 = CARTESIAN_POINT('',(12.627054191402,39.450648123425,4.));
#1722 = CARTESIAN_POINT('',(12.619572321103,39.463436649049,4.));
#1723 = CARTESIAN_POINT('',(12.612023974227,39.476188675942,4.));
#1724 = CARTESIAN_POINT('',(12.604409225337,39.488904019179,4.));
#1725 = CARTESIAN_POINT('',(12.596728146693,39.501582494028,4.));
#1726 = CARTESIAN_POINT('',(12.588980808241,39.514223915931,4.));
#1727 = CARTESIAN_POINT('',(13.522170034358,38.054073095978,
    5.325187559488));
#1728 = CARTESIAN_POINT('',(13.494629610937,38.285608119464,
    5.319439645678));
#1729 = CARTESIAN_POINT('',(13.449348182982,38.524901430757,
    5.313357612952));
#1730 = CARTESIAN_POINT('',(13.385138998686,38.760711167971,
    5.307318001644));
#1731 = CARTESIAN_POINT('',(13.305235707914,38.989249154056,
    5.30168591239));
#1732 = CARTESIAN_POINT('',(13.208951453122,39.211159364717,
    5.297139953193));
#1733 = CARTESIAN_POINT('',(13.100032000447,39.418808515935,
    5.292458288721));
#1734 = CARTESIAN_POINT('',(12.980599464928,39.617941222578,
    5.289600942844));
#1735 = CARTESIAN_POINT('',(12.972782094525,39.63084753649,5.28942105827
    ));
#1736 = CARTESIAN_POINT('',(12.964909104513,39.643718873989,
    5.289247013974));
#1737 = CARTESIAN_POINT('',(12.956980556837,39.656555193139,
    5.289078841441));
#1738 = CARTESIAN_POINT('',(12.948996513444,39.669356452006,
    5.288916572157));
#1739 = CARTESIAN_POINT('',(12.940957036279,39.682122608652,
    5.288760237605));
#1740 = CARTESIAN_POINT('',(12.932862187289,39.694853621144,
    5.288609869272));
#1741 = ADVANCED_FACE('',(#1742),#1771,.F.);
#1742 = FACE_BOUND('',#1743,.F.);
#1743 = EDGE_LOOP('',(#1744,#1745,#1764,#1770));
#1744 = ORIENTED_EDGE('',*,*,#1627,.T.);
#1745 = ORIENTED_EDGE('',*,*,#1746,.T.);
#1746 = EDGE_CURVE('',#1613,#1747,#1749,.T.);
#1747 = VERTEX_POINT('',#1748);
#1748 = CARTESIAN_POINT('',(13.522538524113,16.529061547601,
    5.326344245183));
#1749 = ( BOUNDED_CURVE() B_SPLINE_CURVE(7,(#1750,#1751,#1752,#1753,
    #1754,#1755,#1756,#1757,#1758,#1759,#1760,#1761,#1762,#1763),
.UNSPECIFIED.,.F.,.F.) B_SPLINE_CURVE_WITH_KNOTS((8,6,8),(
58.935750049602,59.053876116407,60.52868180525),.UNSPECIFIED.) CURVE() 
GEOMETRIC_REPRESENTATION_ITEM() RATIONAL_B_SPLINE_CURVE((1.,1.,1.,1.,1.,
1.,1.,1.,1.,1.,1.,1.,1.,1.)) REPRESENTATION_ITEM('') );
#1750 = CARTESIAN_POINT('',(12.934174170056,14.887743893043,
    5.294472475834));
#1751 = CARTESIAN_POINT('',(12.943400160694,14.902270275833,
    5.294601517159));
#1752 = CARTESIAN_POINT('',(12.952554180843,14.916842377089,
    5.294738285089));
#1753 = CARTESIAN_POINT('',(12.961636132307,14.931460137266,
    5.294882731642));
#1754 = CARTESIAN_POINT('',(12.970645916889,14.94612349682,
    5.295034808834));
#1755 = CARTESIAN_POINT('',(12.979583436393,14.960832396209,
    5.295194468681));
#1756 = CARTESIAN_POINT('',(12.988448592621,14.975586775887,
    5.295361663201));
#1757 = CARTESIAN_POINT('',(13.107018211281,15.175162303212,
    5.297717241879));
#1758 = CARTESIAN_POINT('',(13.214243519103,15.381348594781,
    5.301796887926));
#1759 = CARTESIAN_POINT('',(13.30903228073,15.601625553535,
    5.305690777451));
#1760 = CARTESIAN_POINT('',(13.387685436338,15.828418257476,
    5.310628482492));
#1761 = CARTESIAN_POINT('',(13.45080638869,16.062170289313,
    5.315920758428));
#1762 = CARTESIAN_POINT('',(13.495390334718,16.299228342281,
    5.321274053495));
#1763 = CARTESIAN_POINT('',(13.522538524113,16.529061547601,
    5.326344245183));
#1764 = ORIENTED_EDGE('',*,*,#1765,.F.);
#1765 = EDGE_CURVE('',#217,#1747,#1766,.T.);
#1766 = ( BOUNDED_CURVE() B_SPLINE_CURVE(2,(#1767,#1768,#1769),
.UNSPECIFIED.,.F.,.F.) B_SPLINE_CURVE_WITH_KNOTS((3,3),(0.,
1.592931755648),.PIECEWISE_BEZIER_KNOTS.) CURVE() 
GEOMETRIC_REPRESENTATION_ITEM() RATIONAL_B_SPLINE_CURVE((1.,
0.580368742619,1.)) REPRESENTATION_ITEM('') );
#1767 = CARTESIAN_POINT('',(14.464018521672,16.444711990206,4.));
#1768 = CARTESIAN_POINT('',(13.066450118484,16.569923653273,4.));
#1769 = CARTESIAN_POINT('',(13.522538524113,16.529061547601,
    5.326344245183));
#1770 = ORIENTED_EDGE('',*,*,#235,.F.);
#1771 = ( BOUNDED_SURFACE() B_SPLINE_SURFACE(2,7,(
    (#1772,#1773,#1774,#1775,#1776,#1777,#1778,#1779,#1780,#1781,#1782
      ,#1783,#1784,#1785)
    ,(#1786,#1787,#1788,#1789,#1790,#1791,#1792,#1793,#1794,#1795,#1796
      ,#1797,#1798,#1799)
    ,(#1800,#1801,#1802,#1803,#1804,#1805,#1806,#1807,#1808,#1809,#1810
      ,#1811,#1812,#1813
)),.UNSPECIFIED.,.F.,.F.,.F.) B_SPLINE_SURFACE_WITH_KNOTS((3,3),(8,6,8),
  (0.,1.592931755648),(58.935750049602,59.053876116407,60.52868180525),
.UNSPECIFIED.) GEOMETRIC_REPRESENTATION_ITEM() RATIONAL_B_SPLINE_SURFACE
((
    (1.,1.,1.,1.,1.,1.,1.,1.,1.,1.,1.,1.,1.,1.)
    ,(0.59393919056,0.593884874678,0.593827300889,0.593766487946
      ,0.593702454599,0.593635219599,0.593564801697,0.592572546631
      ,0.590852473794,0.589203087501,0.587108463048,0.58484906266
      ,0.582552781539,0.580368742619)
,(1.,1.,1.,1.,1.,1.,1.,1.,1.,1.,1.,1.,1.,1.
))) REPRESENTATION_ITEM('') SURFACE() );
#1772 = CARTESIAN_POINT('',(13.779948475997,14.442826165382,4.));
#1773 = CARTESIAN_POINT('',(13.789453205605,14.457967829068,4.));
#1774 = CARTESIAN_POINT('',(13.798887151844,14.473163817618,4.));
#1775 = CARTESIAN_POINT('',(13.808250233304,14.488414139292,4.));
#1776 = CARTESIAN_POINT('',(13.817542368574,14.50371880235,4.));
#1777 = CARTESIAN_POINT('',(13.826763476244,14.51907781505,4.));
#1778 = CARTESIAN_POINT('',(13.835913474903,14.534491185653,4.));
#1779 = CARTESIAN_POINT('',(13.958341338093,14.743073844386,4.));
#1780 = CARTESIAN_POINT('',(14.087751911173,14.994585826525,4.));
#1781 = CARTESIAN_POINT('',(14.208682603056,15.273867597729,4.));
#1782 = CARTESIAN_POINT('',(14.306756820961,15.566994091357,4.));
#1783 = CARTESIAN_POINT('',(14.38382611949,15.868906592607,4.));
#1784 = CARTESIAN_POINT('',(14.434686860254,16.170891320948,4.));
#1785 = CARTESIAN_POINT('',(14.464018521672,16.444711990206,4.));
#1786 = CARTESIAN_POINT('',(12.581165612153,15.073443274455,4.));
#1787 = CARTESIAN_POINT('',(12.590056818095,15.087829507628,4.));
#1788 = CARTESIAN_POINT('',(12.598861967647,15.102264180232,4.));
#1789 = CARTESIAN_POINT('',(12.607580956737,15.116747021089,4.));
#1790 = CARTESIAN_POINT('',(12.616213677325,15.131277758666,4.));
#1791 = CARTESIAN_POINT('',(12.624760017421,15.145856121042,4.));
#1792 = CARTESIAN_POINT('',(12.633219861103,15.160481835877,4.));
#1793 = CARTESIAN_POINT('',(12.746308007425,15.358651435907,4.));
#1794 = CARTESIAN_POINT('',(12.837529347868,15.550109874435,4.));
#1795 = CARTESIAN_POINT('',(12.913880364963,15.748114779566,4.));
#1796 = CARTESIAN_POINT('',(12.974545123413,15.949331282111,4.));
#1797 = CARTESIAN_POINT('',(13.020409794083,16.154076306176,4.));
#1798 = CARTESIAN_POINT('',(13.05093670126,16.361242549866,4.));
#1799 = CARTESIAN_POINT('',(13.066450118484,16.569923653273,4.));
#1800 = CARTESIAN_POINT('',(12.934174170056,14.887743893043,
    5.294472475834));
#1801 = CARTESIAN_POINT('',(12.943400160694,14.902270275833,
    5.294601517159));
#1802 = CARTESIAN_POINT('',(12.952554180843,14.916842377089,
    5.294738285089));
#1803 = CARTESIAN_POINT('',(12.961636132307,14.931460137266,
    5.294882731642));
#1804 = CARTESIAN_POINT('',(12.970645916889,14.94612349682,
    5.295034808834));
#1805 = CARTESIAN_POINT('',(12.979583436393,14.960832396209,
    5.295194468681));
#1806 = CARTESIAN_POINT('',(12.988448592621,14.975586775887,
    5.295361663201));
#1807 = CARTESIAN_POINT('',(13.107018211281,15.175162303212,
    5.297717241879));
#1808 = CARTESIAN_POINT('',(13.214243519103,15.381348594781,
    5.301796887926));
#1809 = CARTESIAN_POINT('',(13.30903228073,15.601625553535,
    5.305690777451));
#1810 = CARTESIAN_POINT('',(13.387685436338,15.828418257476,
    5.310628482492));
#1811 = CARTESIAN_POINT('',(13.45080638869,16.062170289313,
    5.315920758428));
#1812 = CARTESIAN_POINT('',(13.495390334718,16.299228342281,
    5.321274053495));
#1813 = CARTESIAN_POINT('',(13.522538524113,16.529061547601,
    5.326344245183));
#1814 = ADVANCED_FACE('',(#1815),#1848,.F.);
#1815 = FACE_BOUND('',#1816,.F.);
#1816 = EDGE_LOOP('',(#1817,#1829,#1846,#1847));
#1817 = ORIENTED_EDGE('',*,*,#1818,.T.);
#1818 = EDGE_CURVE('',#198,#1819,#1821,.T.);
#1819 = VERTEX_POINT('',#1820);
#1820 = CARTESIAN_POINT('',(14.525821906615,27.289667957197,
    5.653126848249));
#1821 = ( BOUNDED_CURVE() B_SPLINE_CURVE(6,(#1822,#1823,#1824,#1825,
#1826,#1827,#1828),.UNSPECIFIED.,.F.,.F.) B_SPLINE_CURVE_WITH_KNOTS((7,7
),(0.,10.722364852715),.PIECEWISE_BEZIER_KNOTS.) CURVE() 
GEOMETRIC_REPRESENTATION_ITEM() RATIONAL_B_SPLINE_CURVE((1.06761652206,
    1.020498855795,0.995659000762,0.987450533173,0.995659000762,
1.020498855795,1.06761652206)) REPRESENTATION_ITEM('') );
#1822 = CARTESIAN_POINT('',(15.283070425656,27.289690452113,4.));
#1823 = CARTESIAN_POINT('',(14.885105822131,27.289678630129,4.));
#1824 = CARTESIAN_POINT('',(14.510413994537,27.289667499488,
    4.186195539313));
#1825 = CARTESIAN_POINT('',(14.248453508805,27.289659717658,
    4.526072588089));
#1826 = CARTESIAN_POINT('',(14.162175543376,27.289657154674,
    4.946424603791));
#1827 = CARTESIAN_POINT('',(14.2659005394,27.289660235942,5.351768741333
    ));
#1828 = CARTESIAN_POINT('',(14.525821906615,27.289667957197,
    5.653126848249));
#1829 = ORIENTED_EDGE('',*,*,#1830,.T.);
#1830 = EDGE_CURVE('',#1819,#1669,#1831,.T.);
#1831 = ( BOUNDED_CURVE() B_SPLINE_CURVE(7,(#1832,#1833,#1834,#1835,
    #1836,#1837,#1838,#1839,#1840,#1841,#1842,#1843,#1844,#1845),
.UNSPECIFIED.,.F.,.F.) B_SPLINE_CURVE_WITH_KNOTS((8,6,8),(
    71.250127292883,81.686810030557,81.977780052326),.UNSPECIFIED.) 
CURVE() GEOMETRIC_REPRESENTATION_ITEM() RATIONAL_B_SPLINE_CURVE((
    1.06761652206,1.067611472322,1.066861809936,1.065381090755,
    1.063003709681,1.059631276944,1.054578006594,1.047844511,
    1.047654240667,1.047457719395,1.047256236078,1.047050984158,
1.046843061627,1.046633471025)) REPRESENTATION_ITEM('') );
#1832 = CARTESIAN_POINT('',(14.525821906615,27.289667957197,
    5.653126848249));
#1833 = CARTESIAN_POINT('',(14.525768274947,28.780385387648,
    5.653064666605));
#1834 = CARTESIAN_POINT('',(14.478177481202,30.272984931447,
    5.643757999496));
#1835 = CARTESIAN_POINT('',(14.382604602418,31.769052638061,
    5.625803993341));
#1836 = CARTESIAN_POINT('',(14.239881782125,33.265136704512,
    5.594690201648));
#1837 = CARTESIAN_POINT('',(14.049710986779,34.769480744666,
    5.550202457644));
#1838 = CARTESIAN_POINT('',(13.815724879971,36.260116785474,
    5.474523315344));
#1839 = CARTESIAN_POINT('',(13.566763936158,37.79103474025,
    5.351881343317));
#1840 = CARTESIAN_POINT('',(13.559803181267,37.833679597065,
    5.348380948383));
#1841 = CARTESIAN_POINT('',(13.552708768193,37.877027242213,
    5.344750812649));
#1842 = CARTESIAN_POINT('',(13.545508899269,37.920942664449,
    5.341013061598));
#1843 = CARTESIAN_POINT('',(13.53822774512,37.965314742842,
    5.337188547213));
#1844 = CARTESIAN_POINT('',(13.530885439607,38.010056279129,
    5.333296847037));
#1845 = CARTESIAN_POINT('',(13.523498073945,38.055104034222,
    5.329356262607));
#1846 = ORIENTED_EDGE('',*,*,#1668,.F.);
#1847 = ORIENTED_EDGE('',*,*,#197,.F.);
#1848 = ( BOUNDED_SURFACE() B_SPLINE_SURFACE(6,7,(
    (#1849,#1850,#1851,#1852,#1853,#1854,#1855,#1856,#1857,#1858,#1859
      ,#1860,#1861,#1862)
    ,(#1863,#1864,#1865,#1866,#1867,#1868,#1869,#1870,#1871,#1872,#1873
      ,#1874,#1875,#1876)
    ,(#1877,#1878,#1879,#1880,#1881,#1882,#1883,#1884,#1885,#1886,#1887
      ,#1888,#1889,#1890)
    ,(#1891,#1892,#1893,#1894,#1895,#1896,#1897,#1898,#1899,#1900,#1901
      ,#1902,#1903,#1904)
    ,(#1905,#1906,#1907,#1908,#1909,#1910,#1911,#1912,#1913,#1914,#1915
      ,#1916,#1917,#1918)
    ,(#1919,#1920,#1921,#1922,#1923,#1924,#1925,#1926,#1927,#1928,#1929
      ,#1930,#1931,#1932)
    ,(#1933,#1934,#1935,#1936,#1937,#1938,#1939,#1940,#1941,#1942,#1943
      ,#1944,#1945,#1946
)),.UNSPECIFIED.,.F.,.F.,.F.) B_SPLINE_SURFACE_WITH_KNOTS((7,7),(8,6,8),
  (0.,10.727652759443),(71.250127292883,81.686810030557,81.977780052326)
,.UNSPECIFIED.) GEOMETRIC_REPRESENTATION_ITEM() 
RATIONAL_B_SPLINE_SURFACE((
    (1.06761652206,1.067611472322,1.066861809936,1.065381090755
      ,1.063003709681,1.059631276944,1.054578006594,1.047844511
      ,1.047654240667,1.047457719395,1.047256236078,1.047050984158
      ,1.046843061627,1.046633471025)
    ,(1.020498855795,1.0204974775,1.020292629145,1.019889606168
      ,1.019234879593,1.018305914663,1.016883288692,1.014927485686
      ,1.01487218518,1.014815028975,1.014756387511,1.014696604819
      ,1.014635998517,1.014574859811)
    ,(0.995659000762,0.995659301186,0.995703948241,0.99579180522
      ,0.99593452692,0.996137005771,0.996447406704,0.996871058285
      ,0.996883035344,0.996895412351,0.996908108832,0.996921050096
      ,0.996934167233,0.996947397115)
    ,(0.987450533173,0.987451414489,0.987582319159,0.987840419394
      ,0.988256910896,0.988847814852,0.98974111607,0.990952470061
      ,0.990986711809,0.991022092149,0.991058380637,0.991095363549
      ,0.991132843878,0.991170641338)
    ,(0.995659000762,0.995659301186,0.995703948241,0.99579180522
      ,0.99593452692,0.996137005771,0.996447406704,0.996871058285
      ,0.996883035344,0.996895412351,0.996908108832,0.996921050096
      ,0.996934167233,0.996947397115)
    ,(1.020498855795,1.0204974775,1.020292629145,1.019889606168
      ,1.019234879593,1.018305914663,1.016883288692,1.014927485686
      ,1.01487218518,1.014815028975,1.014756387511,1.014696604819
      ,1.014635998517,1.014574859811)
    ,(1.06761652206,1.067611472322,1.066861809936,1.065381090755
      ,1.063003709681,1.059631276944,1.054578006594,1.047844511
      ,1.047654240667,1.047457719395,1.047256236078,1.047050984158
,1.046843061627,1.046633471025))) REPRESENTATION_ITEM('') SURFACE() );
#1849 = CARTESIAN_POINT('',(15.283070425656,27.289690452113,4.));
#1850 = CARTESIAN_POINT('',(15.28307052207,28.777162307979,4.));
#1851 = CARTESIAN_POINT('',(15.243418929815,30.266562805473,4.));
#1852 = CARTESIAN_POINT('',(15.163624472563,31.760235980308,4.));
#1853 = CARTESIAN_POINT('',(15.04580928377,33.257192989997,4.));
#1854 = CARTESIAN_POINT('',(14.889834310849,34.765261135632,4.));
#1855 = CARTESIAN_POINT('',(14.705684466003,36.270991067803,4.));
#1856 = CARTESIAN_POINT('',(14.501679033086,37.837153246431,4.));
#1857 = CARTESIAN_POINT('',(14.495907082349,37.882479595501,4.));
#1858 = CARTESIAN_POINT('',(14.489945388977,37.930015601586,4.));
#1859 = CARTESIAN_POINT('',(14.483799990348,37.979434612608,4.));
#1860 = CARTESIAN_POINT('',(14.477468645614,38.030454926225,4.));
#1861 = CARTESIAN_POINT('',(14.470940826999,38.082839823624,4.));
#1862 = CARTESIAN_POINT('',(14.4641977105,38.136397613712,4.));
#1863 = CARTESIAN_POINT('',(14.885105822131,27.289678630128,4.));
#1864 = CARTESIAN_POINT('',(14.885121526247,28.778851135097,4.));
#1865 = CARTESIAN_POINT('',(14.847822385647,30.268503513948,4.));
#1866 = CARTESIAN_POINT('',(14.77280740149,31.760956191368,4.));
#1867 = CARTESIAN_POINT('',(14.662711754361,33.255499670233,4.));
#1868 = CARTESIAN_POINT('',(14.517904194044,34.758535435971,4.));
#1869 = CARTESIAN_POINT('',(14.350087695622,36.25859998956,4.));
#1870 = CARTESIAN_POINT('',(14.169924571856,37.820781823007,4.));
#1871 = CARTESIAN_POINT('',(14.164881749499,37.865207219723,4.));
#1872 = CARTESIAN_POINT('',(14.159703338668,37.911320369552,4.));
#1873 = CARTESIAN_POINT('',(14.154394517978,37.958870642172,4.));
#1874 = CARTESIAN_POINT('',(14.148954199578,38.007643368662,4.));
#1875 = CARTESIAN_POINT('',(14.143375027096,38.057459850705,4.));
#1876 = CARTESIAN_POINT('',(14.137643373437,38.108177372174,4.));
#1877 = CARTESIAN_POINT('',(14.510413994537,27.289667499488,
    4.186195539313));
#1878 = CARTESIAN_POINT('',(14.510442523895,28.780443469775,
    4.186181208738));
#1879 = CARTESIAN_POINT('',(14.475074533397,30.270992327501,
    4.184054390752));
#1880 = CARTESIAN_POINT('',(14.403910540189,31.763304448095,
    4.179850403145));
#1881 = CARTESIAN_POINT('',(14.300121780416,33.256444993635,
    4.173119874606));
#1882 = CARTESIAN_POINT('',(14.164395079007,34.755767671365,
    4.163576047361));
#1883 = CARTESIAN_POINT('',(14.010398595463,36.249733916456,
    4.149353219552));
#1884 = CARTESIAN_POINT('',(13.851593746523,37.805075214432,
    4.130558306925));
#1885 = CARTESIAN_POINT('',(13.84719395562,37.848635593237,4.13002752865
    ));
#1886 = CARTESIAN_POINT('',(13.842709118849,37.893381775072,
    4.129479418873));
#1887 = CARTESIAN_POINT('',(13.838144071262,37.939135335028,
    4.128917584148));
#1888 = CARTESIAN_POINT('',(13.833499278935,37.98574535294,
    4.128345361281));
#1889 = CARTESIAN_POINT('',(13.828770839313,38.033088411457,
    4.127765817344));
#1890 = CARTESIAN_POINT('',(13.823950481579,38.08106859372,
    4.127181749702));
#1891 = CARTESIAN_POINT('',(14.248453508805,27.289659717658,
    4.526072588089));
#1892 = CARTESIAN_POINT('',(14.248482494388,28.781557566687,
    4.526034489797));
#1893 = CARTESIAN_POINT('',(14.213203770377,30.272967846134,
    4.520376737404));
#1894 = CARTESIAN_POINT('',(14.142183586851,31.765614028117,
    4.509223813251));
#1895 = CARTESIAN_POINT('',(14.038891629526,33.258092071519,
    4.491243764739));
#1896 = CARTESIAN_POINT('',(13.904018370431,34.755431476067,
    4.465761921085));
#1897 = CARTESIAN_POINT('',(13.752215458576,36.244777216039,
    4.427294027176));
#1898 = CARTESIAN_POINT('',(13.600818053564,37.79270329736,
    4.375481562821));
#1899 = CARTESIAN_POINT('',(13.596654108993,37.835570389367,
    4.374018940307));
#1900 = CARTESIAN_POINT('',(13.592437426158,37.879224881958,
    4.372507944525));
#1901 = CARTESIAN_POINT('',(13.588174676143,37.923543329682,
    4.37095844619));
#1902 = CARTESIAN_POINT('',(13.583869518567,37.968423499925,
    4.369379594475));
#1903 = CARTESIAN_POINT('',(13.579522602373,38.013784367463,
    4.36777981712));
#1904 = CARTESIAN_POINT('',(13.57513156666,38.05956610828,4.366166820605
    ));
#1905 = CARTESIAN_POINT('',(14.162175543376,27.289657154674,
    4.946424603791));
#1906 = CARTESIAN_POINT('',(14.162187679175,28.781925671118,
    4.946363526684));
#1907 = CARTESIAN_POINT('',(14.124417612706,30.273947753215,
    4.937282155507));
#1908 = CARTESIAN_POINT('',(14.048396089344,31.767317188675,
    4.919446267303));
#1909 = CARTESIAN_POINT('',(13.937400991072,33.260035288508,
    4.890344233607));
#1910 = CARTESIAN_POINT('',(13.791832129257,34.75755053636,
    4.849062950547));
#1911 = CARTESIAN_POINT('',(13.625343338482,36.244683609194,
    4.785367011023));
#1912 = CARTESIAN_POINT('',(13.460077295099,37.785761809091,
    4.696687169823));
#1913 = CARTESIAN_POINT('',(13.455533168937,37.828216464315,
    4.694180175182));
#1914 = CARTESIAN_POINT('',(13.450939758615,37.871229494592,
    4.691588378713));
#1915 = CARTESIAN_POINT('',(13.446308694177,37.914704892005,
    4.688928498371));
#1916 = CARTESIAN_POINT('',(13.441649111475,37.958564977853,
    4.68621607832));
#1917 = CARTESIAN_POINT('',(13.436967652412,38.002750400776,
    4.683465489001));
#1918 = CARTESIAN_POINT('',(13.432268465204,38.047220134663,
    4.680689927217));
#1919 = CARTESIAN_POINT('',(14.2659005394,27.289660235942,5.351768741333
    ));
#1920 = CARTESIAN_POINT('',(14.265881847732,28.781486652144,
    5.351697073744));
#1921 = CARTESIAN_POINT('',(14.223524537293,30.273756993616,
    5.341017490216));
#1922 = CARTESIAN_POINT('',(14.138360037711,31.768118169658,
    5.320168946851));
#1923 = CARTESIAN_POINT('',(14.012791959597,33.261921549167,
    5.285442099064));
#1924 = CARTESIAN_POINT('',(13.846807621463,34.761808027893,
    5.236063206402));
#1925 = CARTESIAN_POINT('',(13.650326634983,36.249648239524,
    5.157113158191));
#1926 = CARTESIAN_POINT('',(13.450028432359,37.785269705696,
    5.040963582911));
#1927 = CARTESIAN_POINT('',(13.444485386157,37.827650544283,
    5.037668868843));
#1928 = CARTESIAN_POINT('',(13.438864459764,37.870563071332,
    5.034258664996));
#1929 = CARTESIAN_POINT('',(13.433184988453,37.913906759808,
    5.030754511733));
#1930 = CARTESIAN_POINT('',(13.427463421329,37.957600412255,
    5.027176538415));
#1931 = CARTESIAN_POINT('',(13.421713320145,38.001582169608,
    5.023543463084));
#1932 = CARTESIAN_POINT('',(13.415945357952,38.045809520939,
    5.019872591969));
#1933 = CARTESIAN_POINT('',(14.525821906615,27.289667957197,
    5.653126848249));
#1934 = CARTESIAN_POINT('',(14.525768274947,28.780385387648,
    5.653064666605));
#1935 = CARTESIAN_POINT('',(14.478177481202,30.272984931447,
    5.643757999496));
#1936 = CARTESIAN_POINT('',(14.382604602418,31.769052638061,
    5.625803993341));
#1937 = CARTESIAN_POINT('',(14.239881782125,33.265136704512,
    5.594690201648));
#1938 = CARTESIAN_POINT('',(14.049710986779,34.769480744666,
    5.550202457644));
#1939 = CARTESIAN_POINT('',(13.815724879971,36.260116785474,
    5.474523315344));
#1940 = CARTESIAN_POINT('',(13.566763936158,37.79103474025,
    5.351881343317));
#1941 = CARTESIAN_POINT('',(13.559803181267,37.833679597065,
    5.348380948383));
#1942 = CARTESIAN_POINT('',(13.552708768193,37.877027242213,
    5.344750812649));
#1943 = CARTESIAN_POINT('',(13.545508899269,37.920942664449,
    5.341013061598));
#1944 = CARTESIAN_POINT('',(13.53822774512,37.965314742842,
    5.337188547213));
#1945 = CARTESIAN_POINT('',(13.530885439607,38.010056279129,
    5.333296847037));
#1946 = CARTESIAN_POINT('',(13.523498073945,38.055104034222,
    5.329356262607));
#1947 = ADVANCED_FACE('',(#1948),#1970,.F.);
#1948 = FACE_BOUND('',#1949,.F.);
#1949 = EDGE_LOOP('',(#1950,#1951,#1968,#1969));
#1950 = ORIENTED_EDGE('',*,*,#1765,.T.);
#1951 = ORIENTED_EDGE('',*,*,#1952,.T.);
#1952 = EDGE_CURVE('',#1747,#1819,#1953,.T.);
#1953 = ( BOUNDED_CURVE() B_SPLINE_CURVE(7,(#1954,#1955,#1956,#1957,
    #1958,#1959,#1960,#1961,#1962,#1963,#1964,#1965,#1966,#1967),
.UNSPECIFIED.,.F.,.F.) B_SPLINE_CURVE_WITH_KNOTS((8,6,8),(
    60.527762440168,60.834112027307,71.250127292883),.UNSPECIFIED.) 
CURVE() GEOMETRIC_REPRESENTATION_ITEM() RATIONAL_B_SPLINE_CURVE((
    1.046706491136,1.046927542284,1.047146982995,1.047363681712,
    1.047576379911,1.047783692101,1.047984105827,1.05469984118,
    1.059716976826,1.06306327156,1.065420554481,1.066884873292,
1.067621561798,1.06761652206)) REPRESENTATION_ITEM('') );
#1954 = CARTESIAN_POINT('',(13.523935228675,16.527922502692,
    5.330728486979));
#1955 = CARTESIAN_POINT('',(13.531744406367,16.575480493443,
    5.334878891582));
#1956 = CARTESIAN_POINT('',(13.539507077909,16.622714695355,
    5.338979588667));
#1957 = CARTESIAN_POINT('',(13.547205391649,16.66955624025,
    5.343009882996));
#1958 = CARTESIAN_POINT('',(13.554816463201,16.715906863772,
    5.346947335168));
#1959 = CARTESIAN_POINT('',(13.562312383622,16.76163895546,
    5.350767764132));
#1960 = CARTESIAN_POINT('',(13.569660226486,16.806595603286,
    5.354445248849));
#1961 = CARTESIAN_POINT('',(13.818776690953,18.336915406348,
    5.476428306875));
#1962 = CARTESIAN_POINT('',(14.052021631666,19.824752275927,
    5.551364480462));
#1963 = CARTESIAN_POINT('',(14.241368184,21.32605363406,5.595488382097)
  );
#1964 = CARTESIAN_POINT('',(14.383497036014,22.819193198483,
    5.62629034806));
#1965 = CARTESIAN_POINT('',(14.478577300001,24.312280240664,
    5.64404472424));
#1966 = CARTESIAN_POINT('',(14.525875431572,25.801916612961,
    5.653188906171));
#1967 = CARTESIAN_POINT('',(14.525821906615,27.289667957197,
    5.653126848249));
#1968 = ORIENTED_EDGE('',*,*,#1818,.F.);
#1969 = ORIENTED_EDGE('',*,*,#216,.F.);
#1970 = ( BOUNDED_SURFACE() B_SPLINE_SURFACE(6,7,(
    (#1971,#1972,#1973,#1974,#1975,#1976,#1977,#1978,#1979,#1980,#1981
      ,#1982,#1983,#1984)
    ,(#1985,#1986,#1987,#1988,#1989,#1990,#1991,#1992,#1993,#1994,#1995
      ,#1996,#1997,#1998)
    ,(#1999,#2000,#2001,#2002,#2003,#2004,#2005,#2006,#2007,#2008,#2009
      ,#2010,#2011,#2012)
    ,(#2013,#2014,#2015,#2016,#2017,#2018,#2019,#2020,#2021,#2022,#2023
      ,#2024,#2025,#2026)
    ,(#2027,#2028,#2029,#2030,#2031,#2032,#2033,#2034,#2035,#2036,#2037
      ,#2038,#2039,#2040)
    ,(#2041,#2042,#2043,#2044,#2045,#2046,#2047,#2048,#2049,#2050,#2051
      ,#2052,#2053,#2054)
    ,(#2055,#2056,#2057,#2058,#2059,#2060,#2061,#2062,#2063,#2064,#2065
      ,#2066,#2067,#2068
)),.UNSPECIFIED.,.F.,.F.,.F.) B_SPLINE_SURFACE_WITH_KNOTS((7,7),(8,6,8),
  (0.,10.722364852715),(60.527762440168,60.834112027307,71.250127292883)
,.UNSPECIFIED.) GEOMETRIC_REPRESENTATION_ITEM() 
RATIONAL_B_SPLINE_SURFACE((
    (1.046706491136,1.046927542284,1.047146982995,1.047363681712
      ,1.047576379911,1.047783692101,1.047984105827,1.05469984118
      ,1.059716976826,1.06306327156,1.065420554481,1.066884873292
      ,1.067621561798,1.06761652206)
    ,(1.014596157786,1.014660625157,1.014724571913,1.014787669252
      ,1.014849553113,1.014909824178,1.014968047868,1.016917798213
      ,1.018329637182,1.019251329851,1.019900379654,1.020298930365
      ,1.020500231361,1.020498855795)
    ,(0.996942788291,0.996928837342,0.996914996327,0.996901336521
      ,0.996887936911,0.996874884193,0.996862272778,0.996439888062
      ,0.996131830149,0.995930944294,0.995789454715,0.995702575338
      ,0.995658700934,0.995659000762)
    ,(0.991157473778,0.991117614665,0.991078064062,0.991039025495
      ,0.991000724775,0.990963409994,0.99092735153,0.989719504861
      ,0.988832774784,0.988246458492,0.987833534688,0.987578291445
      ,0.987449653603,0.987450533173)
    ,(0.996942788291,0.996928837342,0.996914996327,0.996901336521
      ,0.996887936911,0.996874884193,0.996862272778,0.996439888062
      ,0.996131830149,0.995930944294,0.995789454715,0.995702575338
      ,0.995658700934,0.995659000762)
    ,(1.014596157786,1.014660625157,1.014724571913,1.014787669252
      ,1.014849553113,1.014909824178,1.014968047868,1.016917798213
      ,1.018329637182,1.019251329851,1.019900379654,1.020298930365
      ,1.020500231361,1.020498855795)
    ,(1.046706491136,1.046927542284,1.047146982995,1.047363681712
      ,1.047576379911,1.047783692101,1.047984105827,1.05469984118
      ,1.059716976826,1.06306327156,1.065420554481,1.066884873292
,1.067621561798,1.06761652206))) REPRESENTATION_ITEM('') SURFACE() );
#1971 = CARTESIAN_POINT('',(14.46387912714,16.443517907799,4.));
#1972 = CARTESIAN_POINT('',(14.47105715301,16.500310108273,4.));
#1973 = CARTESIAN_POINT('',(14.477992152343,16.555856622819,4.));
#1974 = CARTESIAN_POINT('',(14.484706583005,16.609943169957,4.));
#1975 = CARTESIAN_POINT('',(14.491213298755,16.662300583044,4.));
#1976 = CARTESIAN_POINT('',(14.497515561041,16.712604871486,4.));
#1977 = CARTESIAN_POINT('',(14.503607050033,16.760477268029,4.));
#1978 = CARTESIAN_POINT('',(14.707608672438,18.325997107081,4.));
#1979 = CARTESIAN_POINT('',(14.891271212425,19.828897925463,4.));
#1980 = CARTESIAN_POINT('',(15.046692952585,21.333966775489,4.));
#1981 = CARTESIAN_POINT('',(15.16409243906,22.827998437282,4.));
#1982 = CARTESIAN_POINT('',(15.243575155632,24.31872190638,4.));
#1983 = CARTESIAN_POINT('',(15.283070329434,25.80517822473,4.));
#1984 = CARTESIAN_POINT('',(15.283070425656,27.289690452113,4.));
#1985 = CARTESIAN_POINT('',(14.137156411535,16.47285678483,4.));
#1986 = CARTESIAN_POINT('',(14.143249863494,16.526564292819,4.));
#1987 = CARTESIAN_POINT('',(14.149171133853,16.579313541766,4.));
#1988 = CARTESIAN_POINT('',(14.154936546162,16.630945589314,4.));
#1989 = CARTESIAN_POINT('',(14.160555138758,16.681257613946,4.));
#1990 = CARTESIAN_POINT('',(14.166028667569,16.73000293105,4.));
#1991 = CARTESIAN_POINT('',(14.171351608744,16.776891005783,4.));
#1992 = CARTESIAN_POINT('',(14.351601767597,18.338372095026,4.));
#1993 = CARTESIAN_POINT('',(14.519056453419,19.835568430612,4.));
#1994 = CARTESIAN_POINT('',(14.663400795089,21.335620774928,4.));
#1995 = CARTESIAN_POINT('',(14.773150202442,22.827236403736,4.));
#1996 = CARTESIAN_POINT('',(14.847906378563,24.316745636091,4.));
#1997 = CARTESIAN_POINT('',(14.885090149156,25.803459102623,4.));
#1998 = CARTESIAN_POINT('',(14.885105822131,27.289678630129,4.));
#1999 = CARTESIAN_POINT('',(13.823322997767,16.501038235017,
    4.127385239306));
#2000 = CARTESIAN_POINT('',(13.82843829589,16.551772852068,
    4.128001284749));
#2001 = CARTESIAN_POINT('',(13.83344979109,16.601828418676,
    4.128612980767));
#2002 = CARTESIAN_POINT('',(13.83836750161,16.651098897745,
    4.129217170283));
#2003 = CARTESIAN_POINT('',(13.843196331927,16.699444685565,
    4.129810337792));
#2004 = CARTESIAN_POINT('',(13.847936072271,16.746692608608,
    4.130388609337));
#2005 = CARTESIAN_POINT('',(13.852581398184,16.792635920828,
    4.130947752478));
#2006 = CARTESIAN_POINT('',(14.011565271582,18.347237882837,
    4.149695528452));
#2007 = CARTESIAN_POINT('',(14.165314439502,19.838317467686,
    4.163818265643));
#2008 = CARTESIAN_POINT('',(14.30065077413,21.334663248441,
    4.173288361948));
#2009 = CARTESIAN_POINT('',(14.404151713757,22.824867816849,
    4.179962365471));
#2010 = CARTESIAN_POINT('',(14.475099355626,24.314234968323,
    4.184119820972));
#2011 = CARTESIAN_POINT('',(14.510385521658,25.801842774364,
    4.186209841518));
#2012 = CARTESIAN_POINT('',(14.510413994537,27.289667499488,
    4.186195539313));
#2013 = CARTESIAN_POINT('',(13.574495003538,16.523382362241,
    4.366728738777));
#2014 = CARTESIAN_POINT('',(13.579144447712,16.571730007603,
    4.368429825098));
#2015 = CARTESIAN_POINT('',(13.583744420072,16.619627843889,
    4.370118093986));
#2016 = CARTESIAN_POINT('',(13.588298053189,16.667010661106,
    4.371784845863));
#2017 = CARTESIAN_POINT('',(13.592804889353,16.713787328687,
    4.373420420617));
#2018 = CARTESIAN_POINT('',(13.597260879468,16.759840786953,
    4.37501419735));
#2019 = CARTESIAN_POINT('',(13.601658382016,16.805028039567,
    4.376554594192));
#2020 = CARTESIAN_POINT('',(13.753312088462,18.352202488188,
    4.42822298871));
#2021 = CARTESIAN_POINT('',(13.904912637141,19.838658501112,
    4.46641039099));
#2022 = CARTESIAN_POINT('',(14.039404421742,21.333016893553,
    4.491694562608));
#2023 = CARTESIAN_POINT('',(14.142420913535,22.822552472693,
    4.509521347621));
#2024 = CARTESIAN_POINT('',(14.213225956776,24.312248310642,
    4.520550764201));
#2025 = CARTESIAN_POINT('',(14.248424580569,25.800713577198,
    4.526110611003));
#2026 = CARTESIAN_POINT('',(14.248453508805,27.289659717658,
    4.526072588089));
#2027 = CARTESIAN_POINT('',(13.431820047623,16.536194213964,
    4.681656754174));
#2028 = CARTESIAN_POINT('',(13.436787711259,16.583118625258,
    4.684583183482));
#2029 = CARTESIAN_POINT('',(13.441736604429,16.629738794743,
    4.687485088091));
#2030 = CARTESIAN_POINT('',(13.446662370961,16.676010814103,
    4.690347565276));
#2031 = CARTESIAN_POINT('',(13.451557589014,16.721868321911,
    4.693154143186));
#2032 = CARTESIAN_POINT('',(13.456411770714,16.767222500762,
    4.695886780707));
#2033 = CARTESIAN_POINT('',(13.461211361826,16.811962074674,
    4.698525867356));
#2034 = CARTESIAN_POINT('',(13.626774793009,18.352307794972,
    4.786915770884));
#2035 = CARTESIAN_POINT('',(13.792995063819,19.836565232078,
    4.850118642252));
#2036 = CARTESIAN_POINT('',(13.93810117933,21.331086941289,
    4.891076314303));
#2037 = CARTESIAN_POINT('',(14.048765984674,22.820859216884,
    4.919923466415));
#2038 = CARTESIAN_POINT('',(14.124516287425,24.31127058352,
    4.937561498311));
#2039 = CARTESIAN_POINT('',(14.162163431601,25.800342838144,
    4.946485559986));
#2040 = CARTESIAN_POINT('',(14.162175543376,27.289657154674,
    4.946424603791));
#2041 = CARTESIAN_POINT('',(13.415878719281,16.537625705102,
    5.021151127925));
#2042 = CARTESIAN_POINT('',(13.421973768263,16.584289534675,5.0250199839
    ));
#2043 = CARTESIAN_POINT('',(13.428051314859,16.630691745437,
    5.028851116616));
#2044 = CARTESIAN_POINT('',(13.434099585185,16.676786820453,
    5.032624972344));
#2045 = CARTESIAN_POINT('',(13.440103193738,16.722505503081,
    5.036320096117));
#2046 = CARTESIAN_POINT('',(13.446043145276,16.767754810368,
    5.039913132506));
#2047 = CARTESIAN_POINT('',(13.451896836471,16.812418045207,
    5.043378826152));
#2048 = CARTESIAN_POINT('',(13.652467720703,18.347359031269,
    5.159056223335));
#2049 = CARTESIAN_POINT('',(13.848491592744,19.832352439338,
    5.237335986263));
#2050 = CARTESIAN_POINT('',(14.013851571446,21.329223804718,
    5.286321211621));
#2051 = CARTESIAN_POINT('',(14.138973582736,22.82008248287,
    5.320729320087));
#2052 = CARTESIAN_POINT('',(14.223763882385,24.311476207983,
    5.341346108074));
#2053 = CARTESIAN_POINT('',(14.265919194003,25.800792059816,
    5.351840266808));
#2054 = CARTESIAN_POINT('',(14.2659005394,27.289660235942,5.351768741333
    ));
#2055 = CARTESIAN_POINT('',(13.523935228675,16.527922502692,
    5.330728486979));
#2056 = CARTESIAN_POINT('',(13.531744406367,16.575480493443,
    5.334878891582));
#2057 = CARTESIAN_POINT('',(13.539507077909,16.622714695355,
    5.338979588667));
#2058 = CARTESIAN_POINT('',(13.547205391649,16.66955624025,
    5.343009882996));
#2059 = CARTESIAN_POINT('',(13.554816463201,16.715906863772,
    5.346947335168));
#2060 = CARTESIAN_POINT('',(13.562312383622,16.76163895546,
    5.350767764132));
#2061 = CARTESIAN_POINT('',(13.569660226486,16.806595603286,
    5.354445248849));
#2062 = CARTESIAN_POINT('',(13.818776690953,18.336915406348,
    5.476428306875));
#2063 = CARTESIAN_POINT('',(14.052021631666,19.824752275927,
    5.551364480462));
#2064 = CARTESIAN_POINT('',(14.241368184,21.32605363406,5.595488382097)
  );
#2065 = CARTESIAN_POINT('',(14.383497036014,22.819193198483,
    5.62629034806));
#2066 = CARTESIAN_POINT('',(14.478577300001,24.312280240664,
    5.64404472424));
#2067 = CARTESIAN_POINT('',(14.525875431572,25.801916612961,
    5.653188906171));
#2068 = CARTESIAN_POINT('',(14.525821906615,27.289667957197,
    5.653126848249));
#2069 = ADVANCED_FACE('',(#2070),#2089,.F.);
#2070 = FACE_BOUND('',#2071,.T.);
#2071 = EDGE_LOOP('',(#2072,#2080,#2081,#2082));
#2072 = ORIENTED_EDGE('',*,*,#2073,.F.);
#2073 = EDGE_CURVE('',#375,#2074,#2076,.T.);
#2074 = VERTEX_POINT('',#2075);
#2075 = CARTESIAN_POINT('',(3.,54.6,3.6));
#2076 = LINE('',#2077,#2078);
#2077 = CARTESIAN_POINT('',(3.,54.6,3.6));
#2078 = VECTOR('',#2079,1.);
#2079 = DIRECTION('',(-0.707106781187,-0.,-0.707106781187));
#2080 = ORIENTED_EDGE('',*,*,#374,.T.);
#2081 = ORIENTED_EDGE('',*,*,#2073,.T.);
#2082 = ORIENTED_EDGE('',*,*,#2083,.F.);
#2083 = EDGE_CURVE('',#2074,#2074,#2084,.T.);
#2084 = CIRCLE('',#2085,3.);
#2085 = AXIS2_PLACEMENT_3D('',#2086,#2087,#2088);
#2086 = CARTESIAN_POINT('',(0.,54.6,3.6));
#2087 = DIRECTION('',(0.,0.,1.));
#2088 = DIRECTION('',(1.,0.,0.));
#2089 = CONICAL_SURFACE('',#2090,3.,0.785398163397);
#2090 = AXIS2_PLACEMENT_3D('',#2091,#2092,#2093);
#2091 = CARTESIAN_POINT('',(0.,54.6,3.6));
#2092 = DIRECTION('',(0.,0.,1.));
#2093 = DIRECTION('',(1.,0.,0.));
#2094 = ADVANCED_FACE('',(#2095),#2121,.T.);
#2095 = FACE_BOUND('',#2096,.F.);
#2096 = EDGE_LOOP('',(#2097,#2105,#2106,#2114));
#2097 = ORIENTED_EDGE('',*,*,#2098,.T.);
#2098 = EDGE_CURVE('',#2099,#386,#2101,.T.);
#2099 = VERTEX_POINT('',#2100);
#2100 = CARTESIAN_POINT('',(-5.276052946463,-2.857142857143,0.4));
#2101 = LINE('',#2102,#2103);
#2102 = CARTESIAN_POINT('',(-5.276052946463,-2.857142857143,0.));
#2103 = VECTOR('',#2104,1.);
#2104 = DIRECTION('',(0.,0.,1.));
#2105 = ORIENTED_EDGE('',*,*,#385,.T.);
#2106 = ORIENTED_EDGE('',*,*,#2107,.F.);
#2107 = EDGE_CURVE('',#2108,#388,#2110,.T.);
#2108 = VERTEX_POINT('',#2109);
#2109 = CARTESIAN_POINT('',(5.276052946463,-2.857142857143,0.4));
#2110 = LINE('',#2111,#2112);
#2111 = CARTESIAN_POINT('',(5.276052946463,-2.857142857143,0.));
#2112 = VECTOR('',#2113,1.);
#2113 = DIRECTION('',(0.,0.,1.));
#2114 = ORIENTED_EDGE('',*,*,#2115,.T.);
#2115 = EDGE_CURVE('',#2108,#2099,#2116,.T.);
#2116 = CIRCLE('',#2117,6.);
#2117 = AXIS2_PLACEMENT_3D('',#2118,#2119,#2120);
#2118 = CARTESIAN_POINT('',(0.,0.,0.4));
#2119 = DIRECTION('',(0.,-0.,-1.));
#2120 = DIRECTION('',(0.879342157744,-0.47619047619,0.));
#2121 = CYLINDRICAL_SURFACE('',#2122,6.);
#2122 = AXIS2_PLACEMENT_3D('',#2123,#2124,#2125);
#2123 = CARTESIAN_POINT('',(0.,0.,0.));
#2124 = DIRECTION('',(-0.,-0.,-1.));
#2125 = DIRECTION('',(1.,0.,0.));
#2126 = ADVANCED_FACE('',(#2127),#2145,.T.);
#2127 = FACE_BOUND('',#2128,.T.);
#2128 = EDGE_LOOP('',(#2129,#2130,#2131,#2139));
#2129 = ORIENTED_EDGE('',*,*,#2098,.T.);
#2130 = ORIENTED_EDGE('',*,*,#447,.T.);
#2131 = ORIENTED_EDGE('',*,*,#2132,.F.);
#2132 = EDGE_CURVE('',#2133,#439,#2135,.T.);
#2133 = VERTEX_POINT('',#2134);
#2134 = CARTESIAN_POINT('',(-16.70750099713,18.252380952381,0.4));
#2135 = LINE('',#2136,#2137);
#2136 = CARTESIAN_POINT('',(-16.70750099713,18.252380952381,0.));
#2137 = VECTOR('',#2138,1.);
#2138 = DIRECTION('',(0.,0.,1.));
#2139 = ORIENTED_EDGE('',*,*,#2140,.F.);
#2140 = EDGE_CURVE('',#2099,#2133,#2141,.T.);
#2141 = LINE('',#2142,#2143);
#2142 = CARTESIAN_POINT('',(-5.276052946463,-2.857142857143,0.4));
#2143 = VECTOR('',#2144,1.);
#2144 = DIRECTION('',(-0.47619047619,0.879342157744,0.));
#2145 = PLANE('',#2146);
#2146 = AXIS2_PLACEMENT_3D('',#2147,#2148,#2149);
#2147 = CARTESIAN_POINT('',(-5.276052946463,-2.857142857143,0.));
#2148 = DIRECTION('',(-0.879342157744,-0.47619047619,0.));
#2149 = DIRECTION('',(-0.47619047619,0.879342157744,0.));
#2150 = ADVANCED_FACE('',(#2151),#2169,.F.);
#2151 = FACE_BOUND('',#2152,.F.);
#2152 = EDGE_LOOP('',(#2153,#2154,#2155,#2163));
#2153 = ORIENTED_EDGE('',*,*,#2107,.T.);
#2154 = ORIENTED_EDGE('',*,*,#396,.T.);
#2155 = ORIENTED_EDGE('',*,*,#2156,.F.);
#2156 = EDGE_CURVE('',#2157,#397,#2159,.T.);
#2157 = VERTEX_POINT('',#2158);
#2158 = CARTESIAN_POINT('',(16.707500997132,18.252380952381,0.4));
#2159 = LINE('',#2160,#2161);
#2160 = CARTESIAN_POINT('',(16.707500997132,18.252380952381,0.));
#2161 = VECTOR('',#2162,1.);
#2162 = DIRECTION('',(0.,0.,1.));
#2163 = ORIENTED_EDGE('',*,*,#2164,.T.);
#2164 = EDGE_CURVE('',#2157,#2108,#2165,.T.);
#2165 = LINE('',#2166,#2167);
#2166 = CARTESIAN_POINT('',(16.707500997132,18.252380952381,0.4));
#2167 = VECTOR('',#2168,1.);
#2168 = DIRECTION('',(-0.47619047619,-0.879342157744,-0.));
#2169 = PLANE('',#2170);
#2170 = AXIS2_PLACEMENT_3D('',#2171,#2172,#2173);
#2171 = CARTESIAN_POINT('',(5.276052946463,-2.857142857143,0.));
#2172 = DIRECTION('',(-0.879342157744,0.47619047619,0.));
#2173 = DIRECTION('',(0.47619047619,0.879342157744,0.));
#2174 = ADVANCED_FACE('',(#2175),#2194,.T.);
#2175 = FACE_BOUND('',#2176,.F.);
#2176 = EDGE_LOOP('',(#2177,#2185,#2186,#2187));
#2177 = ORIENTED_EDGE('',*,*,#2178,.T.);
#2178 = EDGE_CURVE('',#2179,#431,#2181,.T.);
#2179 = VERTEX_POINT('',#2180);
#2180 = CARTESIAN_POINT('',(-16.70750099713,36.347619047619,0.4));
#2181 = LINE('',#2182,#2183);
#2182 = CARTESIAN_POINT('',(-16.70750099713,36.347619047619,0.));
#2183 = VECTOR('',#2184,1.);
#2184 = DIRECTION('',(0.,0.,1.));
#2185 = ORIENTED_EDGE('',*,*,#438,.T.);
#2186 = ORIENTED_EDGE('',*,*,#2132,.F.);
#2187 = ORIENTED_EDGE('',*,*,#2188,.T.);
#2188 = EDGE_CURVE('',#2133,#2179,#2189,.T.);
#2189 = CIRCLE('',#2190,19.);
#2190 = AXIS2_PLACEMENT_3D('',#2191,#2192,#2193);
#2191 = CARTESIAN_POINT('',(0.,27.3,0.4));
#2192 = DIRECTION('',(-0.,0.,-1.));
#2193 = DIRECTION('',(-0.879342157744,-0.47619047619,0.));
#2194 = CYLINDRICAL_SURFACE('',#2195,19.);
#2195 = AXIS2_PLACEMENT_3D('',#2196,#2197,#2198);
#2196 = CARTESIAN_POINT('',(0.,27.3,0.));
#2197 = DIRECTION('',(-0.,-0.,-1.));
#2198 = DIRECTION('',(1.,0.,0.));
#2199 = ADVANCED_FACE('',(#2200),#2219,.T.);
#2200 = FACE_BOUND('',#2201,.F.);
#2201 = EDGE_LOOP('',(#2202,#2203,#2204,#2212));
#2202 = ORIENTED_EDGE('',*,*,#2156,.T.);
#2203 = ORIENTED_EDGE('',*,*,#404,.T.);
#2204 = ORIENTED_EDGE('',*,*,#2205,.F.);
#2205 = EDGE_CURVE('',#2206,#405,#2208,.T.);
#2206 = VERTEX_POINT('',#2207);
#2207 = CARTESIAN_POINT('',(16.707500997132,36.347619047619,0.4));
#2208 = LINE('',#2209,#2210);
#2209 = CARTESIAN_POINT('',(16.707500997132,36.347619047619,0.));
#2210 = VECTOR('',#2211,1.);
#2211 = DIRECTION('',(0.,0.,1.));
#2212 = ORIENTED_EDGE('',*,*,#2213,.T.);
#2213 = EDGE_CURVE('',#2206,#2157,#2214,.T.);
#2214 = CIRCLE('',#2215,19.);
#2215 = AXIS2_PLACEMENT_3D('',#2216,#2217,#2218);
#2216 = CARTESIAN_POINT('',(0.,27.3,0.4));
#2217 = DIRECTION('',(0.,0.,-1.));
#2218 = DIRECTION('',(0.879342157744,0.47619047619,0.));
#2219 = CYLINDRICAL_SURFACE('',#2220,19.);
#2220 = AXIS2_PLACEMENT_3D('',#2221,#2222,#2223);
#2221 = CARTESIAN_POINT('',(0.,27.3,0.));
#2222 = DIRECTION('',(-0.,-0.,-1.));
#2223 = DIRECTION('',(1.,0.,0.));
#2224 = ADVANCED_FACE('',(#2225),#2243,.F.);
#2225 = FACE_BOUND('',#2226,.F.);
#2226 = EDGE_LOOP('',(#2227,#2235,#2236,#2237));
#2227 = ORIENTED_EDGE('',*,*,#2228,.T.);
#2228 = EDGE_CURVE('',#2229,#422,#2231,.T.);
#2229 = VERTEX_POINT('',#2230);
#2230 = CARTESIAN_POINT('',(-5.276052946463,57.457142857143,0.4));
#2231 = LINE('',#2232,#2233);
#2232 = CARTESIAN_POINT('',(-5.276052946463,57.457142857143,0.));
#2233 = VECTOR('',#2234,1.);
#2234 = DIRECTION('',(0.,0.,1.));
#2235 = ORIENTED_EDGE('',*,*,#430,.T.);
#2236 = ORIENTED_EDGE('',*,*,#2178,.F.);
#2237 = ORIENTED_EDGE('',*,*,#2238,.T.);
#2238 = EDGE_CURVE('',#2179,#2229,#2239,.T.);
#2239 = LINE('',#2240,#2241);
#2240 = CARTESIAN_POINT('',(-16.70750099713,36.347619047619,0.4));
#2241 = VECTOR('',#2242,1.);
#2242 = DIRECTION('',(0.47619047619,0.879342157744,0.));
#2243 = PLANE('',#2244);
#2244 = AXIS2_PLACEMENT_3D('',#2245,#2246,#2247);
#2245 = CARTESIAN_POINT('',(-5.276052946463,57.457142857143,0.));
#2246 = DIRECTION('',(0.879342157744,-0.47619047619,0.));
#2247 = DIRECTION('',(-0.47619047619,-0.879342157744,0.));
#2248 = ADVANCED_FACE('',(#2249),#2267,.T.);
#2249 = FACE_BOUND('',#2250,.T.);
#2250 = EDGE_LOOP('',(#2251,#2259,#2260,#2261));
#2251 = ORIENTED_EDGE('',*,*,#2252,.T.);
#2252 = EDGE_CURVE('',#2253,#414,#2255,.T.);
#2253 = VERTEX_POINT('',#2254);
#2254 = CARTESIAN_POINT('',(5.276052946463,57.457142857143,0.4));
#2255 = LINE('',#2256,#2257);
#2256 = CARTESIAN_POINT('',(5.276052946463,57.457142857143,0.));
#2257 = VECTOR('',#2258,1.);
#2258 = DIRECTION('',(0.,0.,1.));
#2259 = ORIENTED_EDGE('',*,*,#413,.T.);
#2260 = ORIENTED_EDGE('',*,*,#2205,.F.);
#2261 = ORIENTED_EDGE('',*,*,#2262,.F.);
#2262 = EDGE_CURVE('',#2253,#2206,#2263,.T.);
#2263 = LINE('',#2264,#2265);
#2264 = CARTESIAN_POINT('',(5.276052946463,57.457142857143,0.4));
#2265 = VECTOR('',#2266,1.);
#2266 = DIRECTION('',(0.47619047619,-0.879342157744,0.));
#2267 = PLANE('',#2268);
#2268 = AXIS2_PLACEMENT_3D('',#2269,#2270,#2271);
#2269 = CARTESIAN_POINT('',(5.276052946463,57.457142857143,0.));
#2270 = DIRECTION('',(0.879342157744,0.47619047619,0.));
#2271 = DIRECTION('',(0.47619047619,-0.879342157744,0.));
#2272 = ADVANCED_FACE('',(#2273),#2285,.T.);
#2273 = FACE_BOUND('',#2274,.F.);
#2274 = EDGE_LOOP('',(#2275,#2276,#2277,#2278));
#2275 = ORIENTED_EDGE('',*,*,#2252,.T.);
#2276 = ORIENTED_EDGE('',*,*,#421,.T.);
#2277 = ORIENTED_EDGE('',*,*,#2228,.F.);
#2278 = ORIENTED_EDGE('',*,*,#2279,.T.);
#2279 = EDGE_CURVE('',#2229,#2253,#2280,.T.);
#2280 = CIRCLE('',#2281,6.);
#2281 = AXIS2_PLACEMENT_3D('',#2282,#2283,#2284);
#2282 = CARTESIAN_POINT('',(0.,54.6,0.4));
#2283 = DIRECTION('',(0.,0.,-1.));
#2284 = DIRECTION('',(-0.879342157744,0.47619047619,0.));
#2285 = CYLINDRICAL_SURFACE('',#2286,6.);
#2286 = AXIS2_PLACEMENT_3D('',#2287,#2288,#2289);
#2287 = CARTESIAN_POINT('',(0.,54.6,0.));
#2288 = DIRECTION('',(-0.,-0.,-1.));
#2289 = DIRECTION('',(1.,0.,0.));
#2290 = ADVANCED_FACE('',(#2291),#2310,.F.);
#2291 = FACE_BOUND('',#2292,.T.);
#2292 = EDGE_LOOP('',(#2293,#2301,#2302,#2303));
#2293 = ORIENTED_EDGE('',*,*,#2294,.F.);
#2294 = EDGE_CURVE('',#456,#2295,#2297,.T.);
#2295 = VERTEX_POINT('',#2296);
#2296 = CARTESIAN_POINT('',(3.,0.,3.6));
#2297 = LINE('',#2298,#2299);
#2298 = CARTESIAN_POINT('',(3.,0.,3.6));
#2299 = VECTOR('',#2300,1.);
#2300 = DIRECTION('',(-0.707106781187,-0.,-0.707106781187));
#2301 = ORIENTED_EDGE('',*,*,#455,.T.);
#2302 = ORIENTED_EDGE('',*,*,#2294,.T.);
#2303 = ORIENTED_EDGE('',*,*,#2304,.F.);
#2304 = EDGE_CURVE('',#2295,#2295,#2305,.T.);
#2305 = CIRCLE('',#2306,3.);
#2306 = AXIS2_PLACEMENT_3D('',#2307,#2308,#2309);
#2307 = CARTESIAN_POINT('',(0.,0.,3.6));
#2308 = DIRECTION('',(0.,0.,1.));
#2309 = DIRECTION('',(1.,0.,0.));
#2310 = CONICAL_SURFACE('',#2311,3.,0.785398163397);
#2311 = AXIS2_PLACEMENT_3D('',#2312,#2313,#2314);
#2312 = CARTESIAN_POINT('',(0.,0.,3.6));
#2313 = DIRECTION('',(0.,0.,1.));
#2314 = DIRECTION('',(1.,0.,0.));
#2315 = ADVANCED_FACE('',(#2316),#2349,.F.);
#2316 = FACE_BOUND('',#2317,.F.);
#2317 = EDGE_LOOP('',(#2318,#2325,#2334,#2343,#2348));
#2318 = ORIENTED_EDGE('',*,*,#2319,.T.);
#2319 = EDGE_CURVE('',#473,#2320,#2322,.T.);
#2320 = VERTEX_POINT('',#2321);
#2321 = CARTESIAN_POINT('',(-15.64859038683,39.704782973019,12.));
#2322 = B_SPLINE_CURVE_WITH_KNOTS('',1,(#2323,#2324),.UNSPECIFIED.,.F.,
  .F.,(2,2),(0.,1.),.PIECEWISE_BEZIER_KNOTS.);
#2323 = CARTESIAN_POINT('',(-13.1,37.726348502534,4.));
#2324 = CARTESIAN_POINT('',(-15.64859038683,39.704782973019,12.));
#2325 = ORIENTED_EDGE('',*,*,#2326,.T.);
#2326 = EDGE_CURVE('',#2320,#2327,#2329,.T.);
#2327 = VERTEX_POINT('',#2328);
#2328 = CARTESIAN_POINT('',(-20.,27.25,12.));
#2329 = CIRCLE('',#2330,20.);
#2330 = AXIS2_PLACEMENT_3D('',#2331,#2332,#2333);
#2331 = CARTESIAN_POINT('',(0.,27.25,12.));
#2332 = DIRECTION('',(0.,0.,1.));
#2333 = DIRECTION('',(1.,0.,0.));
#2334 = ORIENTED_EDGE('',*,*,#2335,.T.);
#2335 = EDGE_CURVE('',#2327,#2336,#2338,.T.);
#2336 = VERTEX_POINT('',#2337);
#2337 = CARTESIAN_POINT('',(-15.64859038683,14.795217026983,12.));
#2338 = CIRCLE('',#2339,20.);
#2339 = AXIS2_PLACEMENT_3D('',#2340,#2341,#2342);
#2340 = CARTESIAN_POINT('',(0.,27.25,12.));
#2341 = DIRECTION('',(0.,0.,1.));
#2342 = DIRECTION('',(1.,0.,0.));
#2343 = ORIENTED_EDGE('',*,*,#2344,.F.);
#2344 = EDGE_CURVE('',#485,#2336,#2345,.T.);
#2345 = B_SPLINE_CURVE_WITH_KNOTS('',1,(#2346,#2347),.UNSPECIFIED.,.F.,
  .F.,(2,2),(0.,1.),.PIECEWISE_BEZIER_KNOTS.);
#2346 = CARTESIAN_POINT('',(-13.1,16.873651497466,4.));
#2347 = CARTESIAN_POINT('',(-15.64859038683,14.795217026983,12.));
#2348 = ORIENTED_EDGE('',*,*,#484,.F.);
#2349 = B_SPLINE_SURFACE_WITH_KNOTS('',8,1,(
    (#2350,#2351)
    ,(#2352,#2353)
    ,(#2354,#2355)
    ,(#2356,#2357)
    ,(#2358,#2359)
    ,(#2360,#2361)
    ,(#2362,#2363)
    ,(#2364,#2365)
    ,(#2366,#2367
    )),.UNSPECIFIED.,.F.,.F.,.F.,(9,9),(2,2),(-20.85269700506,0.),(0.,1.
    ),.PIECEWISE_BEZIER_KNOTS.);
#2350 = CARTESIAN_POINT('',(-13.1,16.873651497466,4.));
#2351 = CARTESIAN_POINT('',(-15.64859038683,14.795217026983,12.));
#2352 = CARTESIAN_POINT('',(-13.1,19.480238623099,4.));
#2353 = CARTESIAN_POINT('',(-17.74173707648,17.425113929793,12.));
#2354 = CARTESIAN_POINT('',(-13.1,22.086825748733,4.));
#2355 = CARTESIAN_POINT('',(-19.32976424362,20.457038142055,12.));
#2356 = CARTESIAN_POINT('',(-13.1,24.693412874366,4.));
#2357 = CARTESIAN_POINT('',(-20.3225856755,23.777799427806,12.));
#2358 = CARTESIAN_POINT('',(-13.1,27.3,4.));
#2359 = CARTESIAN_POINT('',(-20.66055189458,27.25,12.));
#2360 = CARTESIAN_POINT('',(-13.1,29.906587125634,4.));
#2361 = CARTESIAN_POINT('',(-20.3225856755,30.7222005722,12.));
#2362 = CARTESIAN_POINT('',(-13.1,32.513174251267,4.));
#2363 = CARTESIAN_POINT('',(-19.32976424362,34.042961857946,12.));
#2364 = CARTESIAN_POINT('',(-13.1,35.119761376901,4.));
#2365 = CARTESIAN_POINT('',(-17.74173707648,37.07488607021,12.));
#2366 = CARTESIAN_POINT('',(-13.1,37.726348502534,4.));
#2367 = CARTESIAN_POINT('',(-15.64859038683,39.704782973019,12.));
#2368 = ADVANCED_FACE('',(#2369),#2387,.F.);
#2369 = FACE_BOUND('',#2370,.F.);
#2370 = EDGE_LOOP('',(#2371,#2378,#2385,#2386));
#2371 = ORIENTED_EDGE('',*,*,#2372,.T.);
#2372 = EDGE_CURVE('',#745,#2373,#2375,.T.);
#2373 = VERTEX_POINT('',#2374);
#2374 = CARTESIAN_POINT('',(-14.43479278785,41.093292858697,12.));
#2375 = B_SPLINE_CURVE_WITH_KNOTS('',1,(#2376,#2377),.UNSPECIFIED.,.F.,
  .F.,(2,2),(0.,1.),.PIECEWISE_BEZIER_KNOTS.);
#2376 = CARTESIAN_POINT('',(-12.64448637286,39.426348502534,4.));
#2377 = CARTESIAN_POINT('',(-14.43479278785,41.093292858697,12.));
#2378 = ORIENTED_EDGE('',*,*,#2379,.T.);
#2379 = EDGE_CURVE('',#2373,#2320,#2380,.T.);
#2380 = CIRCLE('',#2381,20.);
#2381 = AXIS2_PLACEMENT_3D('',#2382,#2383,#2384);
#2382 = CARTESIAN_POINT('',(0.,27.25,12.));
#2383 = DIRECTION('',(0.,0.,1.));
#2384 = DIRECTION('',(1.,0.,0.));
#2385 = ORIENTED_EDGE('',*,*,#2319,.F.);
#2386 = ORIENTED_EDGE('',*,*,#752,.F.);
#2387 = B_SPLINE_SURFACE_WITH_KNOTS('',6,1,(
    (#2388,#2389)
    ,(#2390,#2391)
    ,(#2392,#2393)
    ,(#2394,#2395)
    ,(#2396,#2397)
    ,(#2398,#2399)
    ,(#2400,#2401
    )),.UNSPECIFIED.,.F.,.F.,.F.,(7,7),(2,2),(3.14159265359,
    3.665191429188),(0.,1.),.PIECEWISE_BEZIER_KNOTS.);
#2388 = CARTESIAN_POINT('',(-13.1,37.726348502534,4.));
#2389 = CARTESIAN_POINT('',(-15.64859038683,39.704782973019,12.));
#2390 = CARTESIAN_POINT('',(-13.1,38.023054475373,4.));
#2391 = CARTESIAN_POINT('',(-15.45710788226,39.945367757734,12.));
#2392 = CARTESIAN_POINT('',(-13.06892903404,38.319760402967,4.));
#2393 = CARTESIAN_POINT('',(-15.26118679098,40.182419898842,12.));
#2394 = CARTESIAN_POINT('',(-13.00678703004,38.612399416775,4.));
#2395 = CARTESIAN_POINT('',(-15.06090865337,40.415836952613,12.));
#2396 = CARTESIAN_POINT('',(-12.91428407724,38.896903238873,4.));
#2397 = CARTESIAN_POINT('',(-14.85635803792,40.64551912239,12.));
#2398 = CARTESIAN_POINT('',(-12.79283935928,39.169393592601,4.));
#2399 = CARTESIAN_POINT('',(-14.64762254119,40.871369258588,12.));
#2400 = CARTESIAN_POINT('',(-12.64448637286,39.426348502534,4.));
#2401 = CARTESIAN_POINT('',(-14.43479278785,41.093292858697,12.));
#2402 = ADVANCED_FACE('',(#2403),#2421,.F.);
#2403 = FACE_BOUND('',#2404,.F.);
#2404 = EDGE_LOOP('',(#2405,#2406,#2415,#2420));
#2405 = ORIENTED_EDGE('',*,*,#2344,.T.);
#2406 = ORIENTED_EDGE('',*,*,#2407,.T.);
#2407 = EDGE_CURVE('',#2336,#2408,#2410,.T.);
#2408 = VERTEX_POINT('',#2409);
#2409 = CARTESIAN_POINT('',(-14.43479278785,13.406707141305,12.));
#2410 = CIRCLE('',#2411,20.);
#2411 = AXIS2_PLACEMENT_3D('',#2412,#2413,#2414);
#2412 = CARTESIAN_POINT('',(0.,27.25,12.));
#2413 = DIRECTION('',(0.,0.,1.));
#2414 = DIRECTION('',(1.,0.,0.));
#2415 = ORIENTED_EDGE('',*,*,#2416,.F.);
#2416 = EDGE_CURVE('',#819,#2408,#2417,.T.);
#2417 = B_SPLINE_CURVE_WITH_KNOTS('',1,(#2418,#2419),.UNSPECIFIED.,.F.,
  .F.,(2,2),(0.,1.),.PIECEWISE_BEZIER_KNOTS.);
#2418 = CARTESIAN_POINT('',(-12.64448637286,15.173651497466,4.));
#2419 = CARTESIAN_POINT('',(-14.43479278785,13.406707141305,12.));
#2420 = ORIENTED_EDGE('',*,*,#818,.F.);
#2421 = B_SPLINE_SURFACE_WITH_KNOTS('',6,1,(
    (#2422,#2423)
    ,(#2424,#2425)
    ,(#2426,#2427)
    ,(#2428,#2429)
    ,(#2430,#2431)
    ,(#2432,#2433)
    ,(#2434,#2435
    )),.UNSPECIFIED.,.F.,.F.,.F.,(7,7),(2,2),(2.617993877991,
    3.14159265359),(0.,1.),.PIECEWISE_BEZIER_KNOTS.);
#2422 = CARTESIAN_POINT('',(-12.64448637286,15.173651497466,4.));
#2423 = CARTESIAN_POINT('',(-14.43479278785,13.406707141305,12.));
#2424 = CARTESIAN_POINT('',(-12.79283935928,15.430606407399,4.));
#2425 = CARTESIAN_POINT('',(-14.64762254119,13.628630741414,12.));
#2426 = CARTESIAN_POINT('',(-12.91428407724,15.703096761127,4.));
#2427 = CARTESIAN_POINT('',(-14.85635803792,13.854480877612,12.));
#2428 = CARTESIAN_POINT('',(-13.00678703004,15.987600583225,4.));
#2429 = CARTESIAN_POINT('',(-15.06090865337,14.084163047389,12.));
#2430 = CARTESIAN_POINT('',(-13.06892903404,16.280239597033,4.));
#2431 = CARTESIAN_POINT('',(-15.26118679098,14.31758010116,12.));
#2432 = CARTESIAN_POINT('',(-13.1,16.576945524627,4.));
#2433 = CARTESIAN_POINT('',(-15.45710788227,14.554632242268,12.));
#2434 = CARTESIAN_POINT('',(-13.1,16.873651497466,4.));
#2435 = CARTESIAN_POINT('',(-15.64859038683,14.795217026983,12.));
#2436 = ADVANCED_FACE('',(#2437),#2455,.F.);
#2437 = FACE_BOUND('',#2438,.F.);
#2438 = EDGE_LOOP('',(#2439,#2446,#2453,#2454));
#2439 = ORIENTED_EDGE('',*,*,#2440,.T.);
#2440 = EDGE_CURVE('',#891,#2441,#2443,.T.);
#2441 = VERTEX_POINT('',#2442);
#2442 = CARTESIAN_POINT('',(-6.968453075443,45.996750698064,12.));
#2443 = B_SPLINE_CURVE_WITH_KNOTS('',1,(#2444,#2445),.UNSPECIFIED.,.F.,
  .F.,(2,2),(0.,1.),.PIECEWISE_BEZIER_KNOTS.);
#2444 = CARTESIAN_POINT('',(-7.694498083448,47.999979716517,4.));
#2445 = CARTESIAN_POINT('',(-6.968453075443,45.996750698064,12.));
#2446 = ORIENTED_EDGE('',*,*,#2447,.T.);
#2447 = EDGE_CURVE('',#2441,#2373,#2448,.T.);
#2448 = CIRCLE('',#2449,20.);
#2449 = AXIS2_PLACEMENT_3D('',#2450,#2451,#2452);
#2450 = CARTESIAN_POINT('',(0.,27.25,12.));
#2451 = DIRECTION('',(0.,0.,1.));
#2452 = DIRECTION('',(1.,0.,0.));
#2453 = ORIENTED_EDGE('',*,*,#2372,.F.);
#2454 = ORIENTED_EDGE('',*,*,#898,.F.);
#2455 = B_SPLINE_SURFACE_WITH_KNOTS('',6,1,(
    (#2456,#2457)
    ,(#2458,#2459)
    ,(#2460,#2461)
    ,(#2462,#2463)
    ,(#2464,#2465)
    ,(#2466,#2467)
    ,(#2468,#2469
    )),.UNSPECIFIED.,.F.,.F.,.F.,(7,7),(2,2),(-9.899976578698,0.),(0.,1.
    ),.PIECEWISE_BEZIER_KNOTS.);
#2456 = CARTESIAN_POINT('',(-12.64448637286,39.426348502534,4.));
#2457 = CARTESIAN_POINT('',(-14.43479278785,41.093292858697,12.));
#2458 = CARTESIAN_POINT('',(-11.81948832463,40.855287038198,4.));
#2459 = CARTESIAN_POINT('',(-13.39556621061,42.176923787784,12.));
#2460 = CARTESIAN_POINT('',(-10.99449027639,42.284225573862,4.));
#2461 = CARTESIAN_POINT('',(-12.25872090933,43.166936022374,12.));
#2462 = CARTESIAN_POINT('',(-10.16949222815,43.713164109526,4.));
#2463 = CARTESIAN_POINT('',(-11.0347983789,44.052337463461,12.));
#2464 = CARTESIAN_POINT('',(-9.344494179921,45.142102645189,4.));
#2465 = CARTESIAN_POINT('',(-9.735992944234,44.823717081571,12.));
#2466 = CARTESIAN_POINT('',(-8.519496131685,46.571041180853,4.));
#2467 = CARTESIAN_POINT('',(-8.375785981074,45.47362359874,12.));
#2468 = CARTESIAN_POINT('',(-7.694498083448,47.999979716517,4.));
#2469 = CARTESIAN_POINT('',(-6.968453075443,45.996750698064,12.));
#2470 = ADVANCED_FACE('',(#2471),#2489,.F.);
#2471 = FACE_BOUND('',#2472,.F.);
#2472 = EDGE_LOOP('',(#2473,#2474,#2483,#2488));
#2473 = ORIENTED_EDGE('',*,*,#2416,.T.);
#2474 = ORIENTED_EDGE('',*,*,#2475,.T.);
#2475 = EDGE_CURVE('',#2408,#2476,#2478,.T.);
#2476 = VERTEX_POINT('',#2477);
#2477 = CARTESIAN_POINT('',(-6.968437758064,8.50324360824,12.));
#2478 = CIRCLE('',#2479,20.);
#2479 = AXIS2_PLACEMENT_3D('',#2480,#2481,#2482);
#2480 = CARTESIAN_POINT('',(0.,27.25,12.));
#2481 = DIRECTION('',(0.,0.,1.));
#2482 = DIRECTION('',(1.,0.,0.));
#2483 = ORIENTED_EDGE('',*,*,#2484,.F.);
#2484 = EDGE_CURVE('',#949,#2476,#2485,.T.);
#2485 = B_SPLINE_CURVE_WITH_KNOTS('',1,(#2486,#2487),.UNSPECIFIED.,.F.,
  .F.,(2,2),(0.,1.),.PIECEWISE_BEZIER_KNOTS.);
#2486 = CARTESIAN_POINT('',(-7.694486372867,6.6,4.));
#2487 = CARTESIAN_POINT('',(-6.968437758064,8.50324360824,12.));
#2488 = ORIENTED_EDGE('',*,*,#948,.F.);
#2489 = B_SPLINE_SURFACE_WITH_KNOTS('',6,1,(
    (#2490,#2491)
    ,(#2492,#2493)
    ,(#2494,#2495)
    ,(#2496,#2497)
    ,(#2498,#2499)
    ,(#2500,#2501)
    ,(#2502,#2503
    )),.UNSPECIFIED.,.F.,.F.,.F.,(7,7),(2,2),(-9.9,0.),(0.,1.),
  .PIECEWISE_BEZIER_KNOTS.);
#2490 = CARTESIAN_POINT('',(-7.694486372867,6.6,4.));
#2491 = CARTESIAN_POINT('',(-6.968437758064,8.50324360824,12.));
#2492 = CARTESIAN_POINT('',(-8.519486372867,8.028941916244,4.));
#2493 = CARTESIAN_POINT('',(-8.375773644022,9.026370506625,12.));
#2494 = CARTESIAN_POINT('',(-9.344486372867,9.457883832489,4.));
#2495 = CARTESIAN_POINT('',(-9.735983520125,9.676277321314,12.));
#2496 = CARTESIAN_POINT('',(-10.16948637286,10.886825748733,4.));
#2497 = CARTESIAN_POINT('',(-11.03479171833,10.447657718196,12.));
#2498 = CARTESIAN_POINT('',(-10.99448637286,12.315767664977,4.));
#2499 = CARTESIAN_POINT('',(-12.25871678487,11.333060385871,12.));
#2500 = CARTESIAN_POINT('',(-11.81948637286,13.744709581222,4.));
#2501 = CARTESIAN_POINT('',(-13.39556432546,12.323074246515,12.));
#2502 = CARTESIAN_POINT('',(-12.64448637286,15.173651497466,4.));
#2503 = CARTESIAN_POINT('',(-14.43479278785,13.406707141305,12.));
#2504 = ADVANCED_FACE('',(#2505),#2523,.F.);
#2505 = FACE_BOUND('',#2506,.F.);
#2506 = EDGE_LOOP('',(#2507,#2514,#2521,#2522));
#2507 = ORIENTED_EDGE('',*,*,#2508,.T.);
#2508 = EDGE_CURVE('',#1005,#2509,#2511,.T.);
#2509 = VERTEX_POINT('',#2510);
#2510 = CARTESIAN_POINT('',(-4.148817753952,46.81495109231,12.));
#2511 = B_SPLINE_CURVE_WITH_KNOTS('',1,(#2512,#2513),.UNSPECIFIED.,.F.,
  .F.,(2,2),(0.,1.),.PIECEWISE_BEZIER_KNOTS.);
#2512 = CARTESIAN_POINT('',(-4.75,49.7,4.));
#2513 = CARTESIAN_POINT('',(-4.148817753952,46.81495109231,12.));
#2514 = ORIENTED_EDGE('',*,*,#2515,.T.);
#2515 = EDGE_CURVE('',#2509,#2441,#2516,.T.);
#2516 = CIRCLE('',#2517,20.);
#2517 = AXIS2_PLACEMENT_3D('',#2518,#2519,#2520);
#2518 = CARTESIAN_POINT('',(0.,27.25,12.));
#2519 = DIRECTION('',(0.,0.,1.));
#2520 = DIRECTION('',(1.,0.,0.));
#2521 = ORIENTED_EDGE('',*,*,#2440,.F.);
#2522 = ORIENTED_EDGE('',*,*,#1012,.F.);
#2523 = B_SPLINE_SURFACE_WITH_KNOTS('',7,1,(
    (#2524,#2525)
    ,(#2526,#2527)
    ,(#2528,#2529)
    ,(#2530,#2531)
    ,(#2532,#2533)
    ,(#2534,#2535)
    ,(#2536,#2537)
    ,(#2538,#2539
    )),.UNSPECIFIED.,.F.,.F.,.F.,(8,8),(2,2),(3.66518454057,
    4.712388980385),(0.,1.),.PIECEWISE_BEZIER_KNOTS.);
#2524 = CARTESIAN_POINT('',(-7.694498083448,47.999979716517,4.));
#2525 = CARTESIAN_POINT('',(-6.968453075443,45.996750698064,12.));
#2526 = CARTESIAN_POINT('',(-7.440180039629,48.440478497376,4.));
#2527 = CARTESIAN_POINT('',(-6.574959934571,46.14301809831,12.));
#2528 = CARTESIAN_POINT('',(-7.108979830224,48.836589927585,4.));
#2529 = CARTESIAN_POINT('',(-6.17788496024,46.27964953857,12.));
#2530 = CARTESIAN_POINT('',(-6.710194845744,49.172213138866,4.));
#2531 = CARTESIAN_POINT('',(-5.777511310644,46.406539752261,12.));
#2532 = CARTESIAN_POINT('',(-6.257333707195,49.433674718844,4.));
#2533 = CARTESIAN_POINT('',(-5.374126017923,46.523593898598,12.));
#2534 = CARTESIAN_POINT('',(-5.767284210946,49.611224416177,4.));
#2535 = CARTESIAN_POINT('',(-4.968019466367,46.630727714009,12.));
#2536 = CARTESIAN_POINT('',(-5.258642156482,49.7,4.));
#2537 = CARTESIAN_POINT('',(-4.559484870634,46.72786766355,12.));
#2538 = CARTESIAN_POINT('',(-4.75,49.7,4.));
#2539 = CARTESIAN_POINT('',(-4.148817753952,46.81495109231,12.));
#2540 = ADVANCED_FACE('',(#2541),#2559,.F.);
#2541 = FACE_BOUND('',#2542,.F.);
#2542 = EDGE_LOOP('',(#2543,#2544,#2553,#2558));
#2543 = ORIENTED_EDGE('',*,*,#2484,.T.);
#2544 = ORIENTED_EDGE('',*,*,#2545,.T.);
#2545 = EDGE_CURVE('',#2476,#2546,#2548,.T.);
#2546 = VERTEX_POINT('',#2547);
#2547 = CARTESIAN_POINT('',(-4.148817753952,7.68504890769,12.));
#2548 = CIRCLE('',#2549,20.);
#2549 = AXIS2_PLACEMENT_3D('',#2550,#2551,#2552);
#2550 = CARTESIAN_POINT('',(0.,27.25,12.));
#2551 = DIRECTION('',(0.,0.,1.));
#2552 = DIRECTION('',(1.,0.,0.));
#2553 = ORIENTED_EDGE('',*,*,#2554,.F.);
#2554 = EDGE_CURVE('',#1115,#2546,#2555,.T.);
#2555 = B_SPLINE_CURVE_WITH_KNOTS('',1,(#2556,#2557),.UNSPECIFIED.,.F.,
  .F.,(2,2),(0.,1.),.PIECEWISE_BEZIER_KNOTS.);
#2556 = CARTESIAN_POINT('',(-4.75,4.9,4.));
#2557 = CARTESIAN_POINT('',(-4.148817753952,7.68504890769,12.));
#2558 = ORIENTED_EDGE('',*,*,#1114,.F.);
#2559 = B_SPLINE_SURFACE_WITH_KNOTS('',7,1,(
    (#2560,#2561)
    ,(#2562,#2563)
    ,(#2564,#2565)
    ,(#2566,#2567)
    ,(#2568,#2569)
    ,(#2570,#2571)
    ,(#2572,#2573)
    ,(#2574,#2575
    )),.UNSPECIFIED.,.F.,.F.,.F.,(8,8),(2,2),(1.570796326795,
    2.617993877991),(0.,1.),.PIECEWISE_BEZIER_KNOTS.);
#2560 = CARTESIAN_POINT('',(-4.75,4.9,4.));
#2561 = CARTESIAN_POINT('',(-4.148817753952,7.68504890769,12.));
#2562 = CARTESIAN_POINT('',(-5.258638810581,4.9,4.));
#2563 = CARTESIAN_POINT('',(-4.559482586934,7.772131852184,12.));
#2564 = CARTESIAN_POINT('',(-5.767277519151,4.98877441587,4.));
#2565 = CARTESIAN_POINT('',(-4.968014922684,7.86927120561,12.));
#2566 = CARTESIAN_POINT('',(-6.25732403639,5.166321777371,4.));
#2567 = CARTESIAN_POINT('',(-5.374119242905,7.976404314105,12.));
#2568 = CARTESIAN_POINT('',(-6.710182929888,5.427779981437,4.));
#2569 = CARTESIAN_POINT('',(-5.777502337818,8.093457644011,12.));
#2570 = CARTESIAN_POINT('',(-7.108966713943,5.763399033651,4.));
#2571 = CARTESIAN_POINT('',(-6.177873827944,8.22034693328,12.));
#2572 = CARTESIAN_POINT('',(-7.440166967577,6.159505868686,4.));
#2573 = CARTESIAN_POINT('',(-6.574946685879,8.356977342889,12.));
#2574 = CARTESIAN_POINT('',(-7.694486372867,6.6,4.));
#2575 = CARTESIAN_POINT('',(-6.968437758064,8.50324360824,12.));
#2576 = ADVANCED_FACE('',(#2577),#2604,.F.);
#2577 = FACE_BOUND('',#2578,.F.);
#2578 = EDGE_LOOP('',(#2579,#2586,#2595,#2602,#2603));
#2579 = ORIENTED_EDGE('',*,*,#2580,.T.);
#2580 = EDGE_CURVE('',#1223,#2581,#2583,.T.);
#2581 = VERTEX_POINT('',#2582);
#2582 = CARTESIAN_POINT('',(4.148817753947,46.814951092311,12.));
#2583 = B_SPLINE_CURVE_WITH_KNOTS('',1,(#2584,#2585),.UNSPECIFIED.,.F.,
  .F.,(2,2),(0.,1.),.PIECEWISE_BEZIER_KNOTS.);
#2584 = CARTESIAN_POINT('',(4.75,49.7,4.));
#2585 = CARTESIAN_POINT('',(4.148817753947,46.814951092311,12.));
#2586 = ORIENTED_EDGE('',*,*,#2587,.T.);
#2587 = EDGE_CURVE('',#2581,#2588,#2590,.T.);
#2588 = VERTEX_POINT('',#2589);
#2589 = CARTESIAN_POINT('',(-3.384479489077E-15,47.25,12.));
#2590 = CIRCLE('',#2591,20.);
#2591 = AXIS2_PLACEMENT_3D('',#2592,#2593,#2594);
#2592 = CARTESIAN_POINT('',(0.,27.25,12.));
#2593 = DIRECTION('',(0.,0.,1.));
#2594 = DIRECTION('',(1.,0.,0.));
#2595 = ORIENTED_EDGE('',*,*,#2596,.T.);
#2596 = EDGE_CURVE('',#2588,#2509,#2597,.T.);
#2597 = CIRCLE('',#2598,20.);
#2598 = AXIS2_PLACEMENT_3D('',#2599,#2600,#2601);
#2599 = CARTESIAN_POINT('',(0.,27.25,12.));
#2600 = DIRECTION('',(0.,0.,1.));
#2601 = DIRECTION('',(1.,0.,0.));
#2602 = ORIENTED_EDGE('',*,*,#2508,.F.);
#2603 = ORIENTED_EDGE('',*,*,#1230,.F.);
#2604 = B_SPLINE_SURFACE_WITH_KNOTS('',6,1,(
    (#2605,#2606)
    ,(#2607,#2608)
    ,(#2609,#2610)
    ,(#2611,#2612)
    ,(#2613,#2614)
    ,(#2615,#2616)
    ,(#2617,#2618
    )),.UNSPECIFIED.,.F.,.F.,.F.,(7,7),(2,2),(0.,9.5),(0.,1.),
  .PIECEWISE_BEZIER_KNOTS.);
#2605 = CARTESIAN_POINT('',(-4.75,49.7,4.));
#2606 = CARTESIAN_POINT('',(-4.148817753952,46.81495109231,12.));
#2607 = CARTESIAN_POINT('',(-3.166666666667,49.7,4.));
#2608 = CARTESIAN_POINT('',(-2.786065343508,47.103927607918,12.));
#2609 = CARTESIAN_POINT('',(-1.583333333333,49.7,4.));
#2610 = CARTESIAN_POINT('',(-1.399159382991,47.279000798584,12.));
#2611 = CARTESIAN_POINT('',(3.700743415417E-17,49.7,4.));
#2612 = CARTESIAN_POINT('',(-2.518207864455E-12,47.337647128053,12.));
#2613 = CARTESIAN_POINT('',(1.583333333333,49.7,4.));
#2614 = CARTESIAN_POINT('',(1.399159382986,47.279000798585,12.));
#2615 = CARTESIAN_POINT('',(3.166666666667,49.7,4.));
#2616 = CARTESIAN_POINT('',(2.786065343503,47.103927607919,12.));
#2617 = CARTESIAN_POINT('',(4.75,49.7,4.));
#2618 = CARTESIAN_POINT('',(4.148817753947,46.814951092311,12.));
#2619 = ADVANCED_FACE('',(#2620),#2647,.F.);
#2620 = FACE_BOUND('',#2621,.F.);
#2621 = EDGE_LOOP('',(#2622,#2623,#2632,#2641,#2646));
#2622 = ORIENTED_EDGE('',*,*,#2554,.T.);
#2623 = ORIENTED_EDGE('',*,*,#2624,.T.);
#2624 = EDGE_CURVE('',#2546,#2625,#2627,.T.);
#2625 = VERTEX_POINT('',#2626);
#2626 = CARTESIAN_POINT('',(-2.313874994437E-07,7.25,12.));
#2627 = CIRCLE('',#2628,20.);
#2628 = AXIS2_PLACEMENT_3D('',#2629,#2630,#2631);
#2629 = CARTESIAN_POINT('',(0.,27.25,12.));
#2630 = DIRECTION('',(0.,0.,1.));
#2631 = DIRECTION('',(1.,0.,0.));
#2632 = ORIENTED_EDGE('',*,*,#2633,.T.);
#2633 = EDGE_CURVE('',#2625,#2634,#2636,.T.);
#2634 = VERTEX_POINT('',#2635);
#2635 = CARTESIAN_POINT('',(4.148817753948,7.685048907689,12.));
#2636 = CIRCLE('',#2637,20.);
#2637 = AXIS2_PLACEMENT_3D('',#2638,#2639,#2640);
#2638 = CARTESIAN_POINT('',(0.,27.25,12.));
#2639 = DIRECTION('',(0.,0.,1.));
#2640 = DIRECTION('',(1.,0.,0.));
#2641 = ORIENTED_EDGE('',*,*,#2642,.F.);
#2642 = EDGE_CURVE('',#1281,#2634,#2643,.T.);
#2643 = B_SPLINE_CURVE_WITH_KNOTS('',1,(#2644,#2645),.UNSPECIFIED.,.F.,
  .F.,(2,2),(0.,1.),.PIECEWISE_BEZIER_KNOTS.);
#2644 = CARTESIAN_POINT('',(4.75,4.9,4.));
#2645 = CARTESIAN_POINT('',(4.148817753948,7.685048907689,12.));
#2646 = ORIENTED_EDGE('',*,*,#1280,.F.);
#2647 = B_SPLINE_SURFACE_WITH_KNOTS('',6,1,(
    (#2648,#2649)
    ,(#2650,#2651)
    ,(#2652,#2653)
    ,(#2654,#2655)
    ,(#2656,#2657)
    ,(#2658,#2659)
    ,(#2660,#2661
    )),.UNSPECIFIED.,.F.,.F.,.F.,(7,7),(2,2),(-9.5,0.),(0.,1.),
  .PIECEWISE_BEZIER_KNOTS.);
#2648 = CARTESIAN_POINT('',(4.75,4.9,4.));
#2649 = CARTESIAN_POINT('',(4.148817753948,7.685048907689,12.));
#2650 = CARTESIAN_POINT('',(3.166666666667,4.9,4.));
#2651 = CARTESIAN_POINT('',(2.786065343504,7.396072392081,12.));
#2652 = CARTESIAN_POINT('',(1.583333333333,4.9,4.));
#2653 = CARTESIAN_POINT('',(1.399159382986,7.220999201415,12.));
#2654 = CARTESIAN_POINT('',(-9.251858538543E-16,4.9,4.));
#2655 = CARTESIAN_POINT('',(-2.445599278644E-12,7.162352871948,12.));
#2656 = CARTESIAN_POINT('',(-1.583333333333,4.9,4.));
#2657 = CARTESIAN_POINT('',(-1.399159382991,7.220999201415,12.));
#2658 = CARTESIAN_POINT('',(-3.166666666667,4.9,4.));
#2659 = CARTESIAN_POINT('',(-2.786065343509,7.396072392082,12.));
#2660 = CARTESIAN_POINT('',(-4.75,4.9,4.));
#2661 = CARTESIAN_POINT('',(-4.148817753952,7.68504890769,12.));
#2662 = ADVANCED_FACE('',(#2663),#2681,.F.);
#2663 = FACE_BOUND('',#2664,.F.);
#2664 = EDGE_LOOP('',(#2665,#2672,#2679,#2680));
#2665 = ORIENTED_EDGE('',*,*,#2666,.T.);
#2666 = EDGE_CURVE('',#1337,#2667,#2669,.T.);
#2667 = VERTEX_POINT('',#2668);
#2668 = CARTESIAN_POINT('',(6.968437758058,45.996756391762,12.));
#2669 = B_SPLINE_CURVE_WITH_KNOTS('',1,(#2670,#2671),.UNSPECIFIED.,.F.,
  .F.,(2,2),(0.,1.),.PIECEWISE_BEZIER_KNOTS.);
#2670 = CARTESIAN_POINT('',(7.694486372867,48.,4.));
#2671 = CARTESIAN_POINT('',(6.968437758058,45.996756391762,12.));
#2672 = ORIENTED_EDGE('',*,*,#2673,.T.);
#2673 = EDGE_CURVE('',#2667,#2581,#2674,.T.);
#2674 = CIRCLE('',#2675,20.);
#2675 = AXIS2_PLACEMENT_3D('',#2676,#2677,#2678);
#2676 = CARTESIAN_POINT('',(0.,27.25,12.));
#2677 = DIRECTION('',(0.,0.,1.));
#2678 = DIRECTION('',(1.,0.,0.));
#2679 = ORIENTED_EDGE('',*,*,#2580,.F.);
#2680 = ORIENTED_EDGE('',*,*,#1344,.F.);
#2681 = B_SPLINE_SURFACE_WITH_KNOTS('',7,1,(
    (#2682,#2683)
    ,(#2684,#2685)
    ,(#2686,#2687)
    ,(#2688,#2689)
    ,(#2690,#2691)
    ,(#2692,#2693)
    ,(#2694,#2695)
    ,(#2696,#2697
    )),.UNSPECIFIED.,.F.,.F.,.F.,(8,8),(2,2),(4.712388980385,
    5.759586531581),(0.,1.),.PIECEWISE_BEZIER_KNOTS.);
#2682 = CARTESIAN_POINT('',(4.75,49.7,4.));
#2683 = CARTESIAN_POINT('',(4.148817753947,46.814951092311,12.));
#2684 = CARTESIAN_POINT('',(5.258638810581,49.7,4.));
#2685 = CARTESIAN_POINT('',(4.559482586928,46.727868147818,12.));
#2686 = CARTESIAN_POINT('',(5.767277519151,49.611225584132,4.));
#2687 = CARTESIAN_POINT('',(4.968014922679,46.630728794392,12.));
#2688 = CARTESIAN_POINT('',(6.25732403639,49.433678222627,4.));
#2689 = CARTESIAN_POINT('',(5.374119242899,46.523595685896,12.));
#2690 = CARTESIAN_POINT('',(6.710182929887,49.172220018564,4.));
#2691 = CARTESIAN_POINT('',(5.777502337812,46.406542355991,12.));
#2692 = CARTESIAN_POINT('',(7.108966713943,48.836600966348,4.));
#2693 = CARTESIAN_POINT('',(6.177873827939,46.279653066721,12.));
#2694 = CARTESIAN_POINT('',(7.440166967576,48.440494131314,4.));
#2695 = CARTESIAN_POINT('',(6.574946685873,46.143022657113,12.));
#2696 = CARTESIAN_POINT('',(7.694486372867,48.,4.));
#2697 = CARTESIAN_POINT('',(6.968437758058,45.996756391762,12.));
#2698 = ADVANCED_FACE('',(#2699),#2717,.F.);
#2699 = FACE_BOUND('',#2700,.F.);
#2700 = EDGE_LOOP('',(#2701,#2702,#2711,#2716));
#2701 = ORIENTED_EDGE('',*,*,#2642,.T.);
#2702 = ORIENTED_EDGE('',*,*,#2703,.T.);
#2703 = EDGE_CURVE('',#2634,#2704,#2706,.T.);
#2704 = VERTEX_POINT('',#2705);
#2705 = CARTESIAN_POINT('',(6.968437758059,8.503243608238,12.));
#2706 = CIRCLE('',#2707,20.);
#2707 = AXIS2_PLACEMENT_3D('',#2708,#2709,#2710);
#2708 = CARTESIAN_POINT('',(0.,27.25,12.));
#2709 = DIRECTION('',(0.,0.,1.));
#2710 = DIRECTION('',(1.,0.,0.));
#2711 = ORIENTED_EDGE('',*,*,#2712,.F.);
#2712 = EDGE_CURVE('',#1447,#2704,#2713,.T.);
#2713 = B_SPLINE_CURVE_WITH_KNOTS('',1,(#2714,#2715),.UNSPECIFIED.,.F.,
  .F.,(2,2),(0.,1.),.PIECEWISE_BEZIER_KNOTS.);
#2714 = CARTESIAN_POINT('',(7.694486372867,6.6,4.));
#2715 = CARTESIAN_POINT('',(6.968437758059,8.503243608238,12.));
#2716 = ORIENTED_EDGE('',*,*,#1446,.F.);
#2717 = B_SPLINE_SURFACE_WITH_KNOTS('',7,1,(
    (#2718,#2719)
    ,(#2720,#2721)
    ,(#2722,#2723)
    ,(#2724,#2725)
    ,(#2726,#2727)
    ,(#2728,#2729)
    ,(#2730,#2731)
    ,(#2732,#2733
    )),.UNSPECIFIED.,.F.,.F.,.F.,(8,8),(2,2),(0.523598775598,
    1.570796326795),(0.,1.),.PIECEWISE_BEZIER_KNOTS.);
#2718 = CARTESIAN_POINT('',(7.694486372867,6.6,4.));
#2719 = CARTESIAN_POINT('',(6.968437758059,8.503243608238,12.));
#2720 = CARTESIAN_POINT('',(7.440166967577,6.159505868686,4.));
#2721 = CARTESIAN_POINT('',(6.574946685874,8.356977342887,12.));
#2722 = CARTESIAN_POINT('',(7.108966713943,5.763399033651,4.));
#2723 = CARTESIAN_POINT('',(6.17787382794,8.220346933279,12.));
#2724 = CARTESIAN_POINT('',(6.710182929888,5.427779981437,4.));
#2725 = CARTESIAN_POINT('',(5.777502337813,8.093457644009,12.));
#2726 = CARTESIAN_POINT('',(6.25732403639,5.166321777371,4.));
#2727 = CARTESIAN_POINT('',(5.3741192429,7.976404314104,12.));
#2728 = CARTESIAN_POINT('',(5.767277519151,4.988774415869,4.));
#2729 = CARTESIAN_POINT('',(4.96801492268,7.869271205609,12.));
#2730 = CARTESIAN_POINT('',(5.258638810581,4.9,4.));
#2731 = CARTESIAN_POINT('',(4.559482586929,7.772131852183,12.));
#2732 = CARTESIAN_POINT('',(4.75,4.9,4.));
#2733 = CARTESIAN_POINT('',(4.148817753948,7.685048907689,12.));
#2734 = ADVANCED_FACE('',(#2735),#2753,.F.);
#2735 = FACE_BOUND('',#2736,.F.);
#2736 = EDGE_LOOP('',(#2737,#2744,#2751,#2752));
#2737 = ORIENTED_EDGE('',*,*,#2738,.T.);
#2738 = EDGE_CURVE('',#1555,#2739,#2741,.T.);
#2739 = VERTEX_POINT('',#2740);
#2740 = CARTESIAN_POINT('',(14.434792787853,41.0932928587,12.));
#2741 = B_SPLINE_CURVE_WITH_KNOTS('',1,(#2742,#2743),.UNSPECIFIED.,.F.,
  .F.,(2,2),(0.,1.),.PIECEWISE_BEZIER_KNOTS.);
#2742 = CARTESIAN_POINT('',(12.644486372867,39.426348502534,4.));
#2743 = CARTESIAN_POINT('',(14.434792787853,41.0932928587,12.));
#2744 = ORIENTED_EDGE('',*,*,#2745,.T.);
#2745 = EDGE_CURVE('',#2739,#2667,#2746,.T.);
#2746 = CIRCLE('',#2747,20.);
#2747 = AXIS2_PLACEMENT_3D('',#2748,#2749,#2750);
#2748 = CARTESIAN_POINT('',(0.,27.25,12.));
#2749 = DIRECTION('',(0.,0.,1.));
#2750 = DIRECTION('',(1.,0.,0.));
#2751 = ORIENTED_EDGE('',*,*,#2666,.F.);
#2752 = ORIENTED_EDGE('',*,*,#1562,.F.);
#2753 = B_SPLINE_SURFACE_WITH_KNOTS('',6,1,(
    (#2754,#2755)
    ,(#2756,#2757)
    ,(#2758,#2759)
    ,(#2760,#2761)
    ,(#2762,#2763)
    ,(#2764,#2765)
    ,(#2766,#2767
    )),.UNSPECIFIED.,.F.,.F.,.F.,(7,7),(2,2),(-9.9,0.),(0.,1.),
  .PIECEWISE_BEZIER_KNOTS.);
#2754 = CARTESIAN_POINT('',(7.694486372867,48.,4.));
#2755 = CARTESIAN_POINT('',(6.968437758058,45.996756391762,12.));
#2756 = CARTESIAN_POINT('',(8.519486372867,46.571058083756,4.));
#2757 = CARTESIAN_POINT('',(8.375773644017,45.473629493378,12.));
#2758 = CARTESIAN_POINT('',(9.344486372867,45.142116167511,4.));
#2759 = CARTESIAN_POINT('',(9.735983520119,44.823722678689,12.));
#2760 = CARTESIAN_POINT('',(10.169486372867,43.713174251267,4.));
#2761 = CARTESIAN_POINT('',(11.034791718326,44.052342281807,12.));
#2762 = CARTESIAN_POINT('',(10.994486372867,42.284232335023,4.));
#2763 = CARTESIAN_POINT('',(12.258716784864,43.166939614134,12.));
#2764 = CARTESIAN_POINT('',(11.819486372867,40.855290418778,4.));
#2765 = CARTESIAN_POINT('',(13.39556432546,42.176925753489,12.));
#2766 = CARTESIAN_POINT('',(12.644486372867,39.426348502534,4.));
#2767 = CARTESIAN_POINT('',(14.434792787853,41.0932928587,12.));
#2768 = ADVANCED_FACE('',(#2769),#2787,.F.);
#2769 = FACE_BOUND('',#2770,.F.);
#2770 = EDGE_LOOP('',(#2771,#2772,#2781,#2786));
#2771 = ORIENTED_EDGE('',*,*,#2712,.T.);
#2772 = ORIENTED_EDGE('',*,*,#2773,.T.);
#2773 = EDGE_CURVE('',#2704,#2774,#2776,.T.);
#2774 = VERTEX_POINT('',#2775);
#2775 = CARTESIAN_POINT('',(14.434792787855,13.406707141302,12.));
#2776 = CIRCLE('',#2777,20.);
#2777 = AXIS2_PLACEMENT_3D('',#2778,#2779,#2780);
#2778 = CARTESIAN_POINT('',(0.,27.25,12.));
#2779 = DIRECTION('',(0.,0.,1.));
#2780 = DIRECTION('',(1.,0.,0.));
#2781 = ORIENTED_EDGE('',*,*,#2782,.F.);
#2782 = EDGE_CURVE('',#1613,#2774,#2783,.T.);
#2783 = B_SPLINE_CURVE_WITH_KNOTS('',1,(#2784,#2785),.UNSPECIFIED.,.F.,
  .F.,(2,2),(0.,1.),.PIECEWISE_BEZIER_KNOTS.);
#2784 = CARTESIAN_POINT('',(12.644486372867,15.173651497466,4.));
#2785 = CARTESIAN_POINT('',(14.434792787855,13.406707141302,12.));
#2786 = ORIENTED_EDGE('',*,*,#1612,.F.);
#2787 = B_SPLINE_SURFACE_WITH_KNOTS('',6,1,(
    (#2788,#2789)
    ,(#2790,#2791)
    ,(#2792,#2793)
    ,(#2794,#2795)
    ,(#2796,#2797)
    ,(#2798,#2799)
    ,(#2800,#2801
    )),.UNSPECIFIED.,.F.,.F.,.F.,(7,7),(2,2),(-9.9,0.),(0.,1.),
  .PIECEWISE_BEZIER_KNOTS.);
#2788 = CARTESIAN_POINT('',(12.644486372867,15.173651497466,4.));
#2789 = CARTESIAN_POINT('',(14.434792787855,13.406707141302,12.));
#2790 = CARTESIAN_POINT('',(11.819486372867,13.744709581222,4.));
#2791 = CARTESIAN_POINT('',(13.395564325462,12.323074246512,12.));
#2792 = CARTESIAN_POINT('',(10.994486372867,12.315767664977,4.));
#2793 = CARTESIAN_POINT('',(12.258716784866,11.333060385868,12.));
#2794 = CARTESIAN_POINT('',(10.169486372867,10.886825748733,4.));
#2795 = CARTESIAN_POINT('',(11.034791718328,10.447657718194,12.));
#2796 = CARTESIAN_POINT('',(9.344486372867,9.457883832489,4.));
#2797 = CARTESIAN_POINT('',(9.73598352012,9.676277321312,12.));
#2798 = CARTESIAN_POINT('',(8.519486372867,8.028941916244,4.));
#2799 = CARTESIAN_POINT('',(8.375773644018,9.026370506623,12.));
#2800 = CARTESIAN_POINT('',(7.694486372867,6.6,4.));
#2801 = CARTESIAN_POINT('',(6.968437758059,8.503243608238,12.));
#2802 = ADVANCED_FACE('',(#2803),#2821,.F.);
#2803 = FACE_BOUND('',#2804,.F.);
#2804 = EDGE_LOOP('',(#2805,#2812,#2819,#2820));
#2805 = ORIENTED_EDGE('',*,*,#2806,.T.);
#2806 = EDGE_CURVE('',#1669,#2807,#2809,.T.);
#2807 = VERTEX_POINT('',#2808);
#2808 = CARTESIAN_POINT('',(15.648590386834,39.704782973023,12.));
#2809 = B_SPLINE_CURVE_WITH_KNOTS('',1,(#2810,#2811),.UNSPECIFIED.,.F.,
  .F.,(2,2),(0.,1.),.PIECEWISE_BEZIER_KNOTS.);
#2810 = CARTESIAN_POINT('',(13.1,37.726348502534,4.));
#2811 = CARTESIAN_POINT('',(15.648590386834,39.704782973023,12.));
#2812 = ORIENTED_EDGE('',*,*,#2813,.T.);
#2813 = EDGE_CURVE('',#2807,#2739,#2814,.T.);
#2814 = CIRCLE('',#2815,20.);
#2815 = AXIS2_PLACEMENT_3D('',#2816,#2817,#2818);
#2816 = CARTESIAN_POINT('',(0.,27.25,12.));
#2817 = DIRECTION('',(0.,0.,1.));
#2818 = DIRECTION('',(1.,0.,0.));
#2819 = ORIENTED_EDGE('',*,*,#2738,.F.);
#2820 = ORIENTED_EDGE('',*,*,#1680,.F.);
#2821 = B_SPLINE_SURFACE_WITH_KNOTS('',6,1,(
    (#2822,#2823)
    ,(#2824,#2825)
    ,(#2826,#2827)
    ,(#2828,#2829)
    ,(#2830,#2831)
    ,(#2832,#2833)
    ,(#2834,#2835
    )),.UNSPECIFIED.,.F.,.F.,.F.,(7,7),(2,2),(5.759586531581,
    6.28318530718),(0.,1.),.PIECEWISE_BEZIER_KNOTS.);
#2822 = CARTESIAN_POINT('',(12.644486372867,39.426348502534,4.));
#2823 = CARTESIAN_POINT('',(14.434792787853,41.0932928587,12.));
#2824 = CARTESIAN_POINT('',(12.792839359287,39.169393592601,4.));
#2825 = CARTESIAN_POINT('',(14.647622541194,40.871369258591,12.));
#2826 = CARTESIAN_POINT('',(12.914284077245,38.896903238873,4.));
#2827 = CARTESIAN_POINT('',(14.85635803792,40.645519122393,12.));
#2828 = CARTESIAN_POINT('',(13.00678703004,38.612399416775,4.));
#2829 = CARTESIAN_POINT('',(15.060908653372,40.415836952617,12.));
#2830 = CARTESIAN_POINT('',(13.068929034044,38.319760402967,4.));
#2831 = CARTESIAN_POINT('',(15.261186790981,40.182419898846,12.));
#2832 = CARTESIAN_POINT('',(13.1,38.023054475373,4.));
#2833 = CARTESIAN_POINT('',(15.457107882265,39.945367757738,12.));
#2834 = CARTESIAN_POINT('',(13.1,37.726348502534,4.));
#2835 = CARTESIAN_POINT('',(15.648590386834,39.704782973023,12.));
#2836 = ADVANCED_FACE('',(#2837),#2855,.F.);
#2837 = FACE_BOUND('',#2838,.F.);
#2838 = EDGE_LOOP('',(#2839,#2840,#2849,#2854));
#2839 = ORIENTED_EDGE('',*,*,#2782,.T.);
#2840 = ORIENTED_EDGE('',*,*,#2841,.T.);
#2841 = EDGE_CURVE('',#2774,#2842,#2844,.T.);
#2842 = VERTEX_POINT('',#2843);
#2843 = CARTESIAN_POINT('',(15.648590386836,14.79521702698,12.));
#2844 = CIRCLE('',#2845,20.);
#2845 = AXIS2_PLACEMENT_3D('',#2846,#2847,#2848);
#2846 = CARTESIAN_POINT('',(0.,27.25,12.));
#2847 = DIRECTION('',(0.,0.,1.));
#2848 = DIRECTION('',(1.,0.,0.));
#2849 = ORIENTED_EDGE('',*,*,#2850,.F.);
#2850 = EDGE_CURVE('',#1747,#2842,#2851,.T.);
#2851 = B_SPLINE_CURVE_WITH_KNOTS('',1,(#2852,#2853),.UNSPECIFIED.,.F.,
  .F.,(2,2),(0.,1.),.PIECEWISE_BEZIER_KNOTS.);
#2852 = CARTESIAN_POINT('',(13.1,16.873651497466,4.));
#2853 = CARTESIAN_POINT('',(15.648590386836,14.79521702698,12.));
#2854 = ORIENTED_EDGE('',*,*,#1746,.F.);
#2855 = B_SPLINE_SURFACE_WITH_KNOTS('',6,1,(
    (#2856,#2857)
    ,(#2858,#2859)
    ,(#2860,#2861)
    ,(#2862,#2863)
    ,(#2864,#2865)
    ,(#2866,#2867)
    ,(#2868,#2869
    )),.UNSPECIFIED.,.F.,.F.,.F.,(7,7),(2,2),(0.,0.523598775598),(0.,1.)
  ,.PIECEWISE_BEZIER_KNOTS.);
#2856 = CARTESIAN_POINT('',(13.1,16.873651497466,4.));
#2857 = CARTESIAN_POINT('',(15.648590386836,14.79521702698,12.));
#2858 = CARTESIAN_POINT('',(13.1,16.576945524627,4.));
#2859 = CARTESIAN_POINT('',(15.457107882267,14.554632242265,12.));
#2860 = CARTESIAN_POINT('',(13.068929034044,16.280239597033,4.));
#2861 = CARTESIAN_POINT('',(15.261186790983,14.317580101157,12.));
#2862 = CARTESIAN_POINT('',(13.006787030041,15.987600583225,4.));
#2863 = CARTESIAN_POINT('',(15.060908653374,14.084163047386,12.));
#2864 = CARTESIAN_POINT('',(12.914284077245,15.703096761127,4.));
#2865 = CARTESIAN_POINT('',(14.856358037922,13.854480877609,12.));
#2866 = CARTESIAN_POINT('',(12.792839359287,15.430606407399,4.));
#2867 = CARTESIAN_POINT('',(14.647622541196,13.628630741411,12.));
#2868 = CARTESIAN_POINT('',(12.644486372867,15.173651497466,4.));
#2869 = CARTESIAN_POINT('',(14.434792787855,13.406707141302,12.));
#2870 = ADVANCED_FACE('',(#2871),#2889,.F.);
#2871 = FACE_BOUND('',#2872,.F.);
#2872 = EDGE_LOOP('',(#2873,#2880,#2887,#2888));
#2873 = ORIENTED_EDGE('',*,*,#2874,.T.);
#2874 = EDGE_CURVE('',#1819,#2875,#2877,.T.);
#2875 = VERTEX_POINT('',#2876);
#2876 = CARTESIAN_POINT('',(20.,27.25,12.));
#2877 = B_SPLINE_CURVE_WITH_KNOTS('',1,(#2878,#2879),.UNSPECIFIED.,.F.,
  .F.,(2,2),(0.,1.),.PIECEWISE_BEZIER_KNOTS.);
#2878 = CARTESIAN_POINT('',(13.1,27.299999999998,4.));
#2879 = CARTESIAN_POINT('',(20.,27.25,12.));
#2880 = ORIENTED_EDGE('',*,*,#2881,.T.);
#2881 = EDGE_CURVE('',#2875,#2807,#2882,.T.);
#2882 = CIRCLE('',#2883,20.);
#2883 = AXIS2_PLACEMENT_3D('',#2884,#2885,#2886);
#2884 = CARTESIAN_POINT('',(0.,27.25,12.));
#2885 = DIRECTION('',(0.,0.,1.));
#2886 = DIRECTION('',(1.,0.,0.));
#2887 = ORIENTED_EDGE('',*,*,#2806,.F.);
#2888 = ORIENTED_EDGE('',*,*,#1830,.F.);
#2889 = B_SPLINE_SURFACE_WITH_KNOTS('',6,1,(
    (#2890,#2891)
    ,(#2892,#2893)
    ,(#2894,#2895)
    ,(#2896,#2897)
    ,(#2898,#2899)
    ,(#2900,#2901)
    ,(#2902,#2903
    )),.UNSPECIFIED.,.F.,.F.,.F.,(7,7),(2,2),(-20.85269700506,
    -10.42634850253),(0.,1.),.PIECEWISE_BEZIER_KNOTS.);
#2890 = CARTESIAN_POINT('',(13.1,37.726348502534,4.));
#2891 = CARTESIAN_POINT('',(15.648590386834,39.704782973023,12.));
#2892 = CARTESIAN_POINT('',(13.1,35.988623752111,4.));
#2893 = CARTESIAN_POINT('',(17.044021513269,37.951518371149,12.));
#2894 = CARTESIAN_POINT('',(13.1,34.250899001689,4.));
#2895 = CARTESIAN_POINT('',(18.203729618619,36.010642680899,12.));
#2896 = CARTESIAN_POINT('',(13.1,32.513174251266,4.));
#2897 = CARTESIAN_POINT('',(19.096188633985,33.921761280526,12.));
#2898 = CARTESIAN_POINT('',(13.1,30.775449500844,4.));
#2899 = CARTESIAN_POINT('',(19.698730580463,31.731589643033,12.));
#2900 = CARTESIAN_POINT('',(13.1,29.037724750421,4.));
#2901 = CARTESIAN_POINT('',(20.,29.4907955714,12.));
#2902 = CARTESIAN_POINT('',(13.1,27.299999999998,4.));
#2903 = CARTESIAN_POINT('',(20.,27.25,12.));
#2904 = ADVANCED_FACE('',(#2905),#2917,.F.);
#2905 = FACE_BOUND('',#2906,.F.);
#2906 = EDGE_LOOP('',(#2907,#2908,#2915,#2916));
#2907 = ORIENTED_EDGE('',*,*,#2850,.T.);
#2908 = ORIENTED_EDGE('',*,*,#2909,.T.);
#2909 = EDGE_CURVE('',#2842,#2875,#2910,.T.);
#2910 = CIRCLE('',#2911,20.);
#2911 = AXIS2_PLACEMENT_3D('',#2912,#2913,#2914);
#2912 = CARTESIAN_POINT('',(0.,27.25,12.));
#2913 = DIRECTION('',(0.,0.,1.));
#2914 = DIRECTION('',(1.,0.,0.));
#2915 = ORIENTED_EDGE('',*,*,#2874,.F.);
#2916 = ORIENTED_EDGE('',*,*,#1952,.F.);
#2917 = B_SPLINE_SURFACE_WITH_KNOTS('',6,1,(
    (#2918,#2919)
    ,(#2920,#2921)
    ,(#2922,#2923)
    ,(#2924,#2925)
    ,(#2926,#2927)
    ,(#2928,#2929)
    ,(#2930,#2931
    )),.UNSPECIFIED.,.F.,.F.,.F.,(7,7),(2,2),(-10.42634850253,0.),(0.,1.
    ),.PIECEWISE_BEZIER_KNOTS.);
#2918 = CARTESIAN_POINT('',(13.1,27.299999999998,4.));
#2919 = CARTESIAN_POINT('',(20.,27.25,12.));
#2920 = CARTESIAN_POINT('',(13.1,25.562275249576,4.));
#2921 = CARTESIAN_POINT('',(20.,25.009204428601,12.));
#2922 = CARTESIAN_POINT('',(13.1,23.824550499154,4.));
#2923 = CARTESIAN_POINT('',(19.698730580463,22.768410356967,12.));
#2924 = CARTESIAN_POINT('',(13.1,22.086825748732,4.));
#2925 = CARTESIAN_POINT('',(19.096188633986,20.578238719476,12.));
#2926 = CARTESIAN_POINT('',(13.1,20.34910099831,4.));
#2927 = CARTESIAN_POINT('',(18.20372961862,18.489357319102,12.));
#2928 = CARTESIAN_POINT('',(13.1,18.611376247888,4.));
#2929 = CARTESIAN_POINT('',(17.04402151327,16.548481628853,12.));
#2930 = CARTESIAN_POINT('',(13.1,16.873651497466,4.));
#2931 = CARTESIAN_POINT('',(15.648590386836,14.79521702698,12.));
#2932 = ADVANCED_FACE('',(#2933),#2952,.F.);
#2933 = FACE_BOUND('',#2934,.F.);
#2934 = EDGE_LOOP('',(#2935,#2943,#2950,#2951));
#2935 = ORIENTED_EDGE('',*,*,#2936,.T.);
#2936 = EDGE_CURVE('',#2074,#2937,#2939,.T.);
#2937 = VERTEX_POINT('',#2938);
#2938 = CARTESIAN_POINT('',(3.,54.6,2.));
#2939 = LINE('',#2940,#2941);
#2940 = CARTESIAN_POINT('',(3.,54.6,4.));
#2941 = VECTOR('',#2942,1.);
#2942 = DIRECTION('',(-0.,-0.,-1.));
#2943 = ORIENTED_EDGE('',*,*,#2944,.T.);
#2944 = EDGE_CURVE('',#2937,#2937,#2945,.T.);
#2945 = CIRCLE('',#2946,3.);
#2946 = AXIS2_PLACEMENT_3D('',#2947,#2948,#2949);
#2947 = CARTESIAN_POINT('',(0.,54.6,2.));
#2948 = DIRECTION('',(0.,0.,1.));
#2949 = DIRECTION('',(1.,0.,0.));
#2950 = ORIENTED_EDGE('',*,*,#2936,.F.);
#2951 = ORIENTED_EDGE('',*,*,#2083,.F.);
#2952 = CYLINDRICAL_SURFACE('',#2953,3.);
#2953 = AXIS2_PLACEMENT_3D('',#2954,#2955,#2956);
#2954 = CARTESIAN_POINT('',(0.,54.6,4.));
#2955 = DIRECTION('',(0.,0.,1.));
#2956 = DIRECTION('',(1.,0.,0.));
#2957 = ADVANCED_FACE('',(#2958),#2984,.T.);
#2958 = FACE_BOUND('',#2959,.F.);
#2959 = EDGE_LOOP('',(#2960,#2968,#2977,#2983));
#2960 = ORIENTED_EDGE('',*,*,#2961,.F.);
#2961 = EDGE_CURVE('',#2962,#2108,#2964,.T.);
#2962 = VERTEX_POINT('',#2963);
#2963 = CARTESIAN_POINT('',(4.924316083365,-2.666666666667,
    -1.97064586871E-15));
#2964 = LINE('',#2965,#2966);
#2965 = CARTESIAN_POINT('',(5.100184514914,-2.761904761905,0.2));
#2966 = VECTOR('',#2967,1.);
#2967 = DIRECTION('',(0.621788802724,-0.336717514851,0.707106781187));
#2968 = ORIENTED_EDGE('',*,*,#2969,.T.);
#2969 = EDGE_CURVE('',#2962,#2970,#2972,.T.);
#2970 = VERTEX_POINT('',#2971);
#2971 = CARTESIAN_POINT('',(-4.924316083365,-2.666666666667,0.));
#2972 = CIRCLE('',#2973,5.6);
#2973 = AXIS2_PLACEMENT_3D('',#2974,#2975,#2976);
#2974 = CARTESIAN_POINT('',(0.,0.,0.));
#2975 = DIRECTION('',(0.,-0.,-1.));
#2976 = DIRECTION('',(0.879342157744,-0.47619047619,0.));
#2977 = ORIENTED_EDGE('',*,*,#2978,.T.);
#2978 = EDGE_CURVE('',#2970,#2099,#2979,.T.);
#2979 = LINE('',#2980,#2981);
#2980 = CARTESIAN_POINT('',(-5.276052946463,-2.857142857143,0.4));
#2981 = VECTOR('',#2982,1.);
#2982 = DIRECTION('',(-0.621788802724,-0.336717514851,0.707106781187));
#2983 = ORIENTED_EDGE('',*,*,#2115,.F.);
#2984 = CONICAL_SURFACE('',#2985,6.,0.785398163397);
#2985 = AXIS2_PLACEMENT_3D('',#2986,#2987,#2988);
#2986 = CARTESIAN_POINT('',(0.,0.,0.4));
#2987 = DIRECTION('',(0.,0.,1.));
#2988 = DIRECTION('',(0.879342157744,-0.47619047619,0.));
#2989 = ADVANCED_FACE('',(#2990),#3008,.F.);
#2990 = FACE_BOUND('',#2991,.F.);
#2991 = EDGE_LOOP('',(#2992,#2993,#3001,#3007));
#2992 = ORIENTED_EDGE('',*,*,#2978,.F.);
#2993 = ORIENTED_EDGE('',*,*,#2994,.T.);
#2994 = EDGE_CURVE('',#2970,#2995,#2997,.T.);
#2995 = VERTEX_POINT('',#2996);
#2996 = CARTESIAN_POINT('',(-16.35576413403,18.442857142857,
    -2.498001805407E-15));
#2997 = LINE('',#2998,#2999);
#2998 = CARTESIAN_POINT('',(-4.924316083365,-2.666666666667,0.));
#2999 = VECTOR('',#3000,1.);
#3000 = DIRECTION('',(-0.47619047619,0.879342157744,0.));
#3001 = ORIENTED_EDGE('',*,*,#3002,.T.);
#3002 = EDGE_CURVE('',#2995,#2133,#3003,.T.);
#3003 = LINE('',#3004,#3005);
#3004 = CARTESIAN_POINT('',(-16.53163256558,18.347619047619,0.2));
#3005 = VECTOR('',#3006,1.);
#3006 = DIRECTION('',(-0.621788802724,-0.336717514851,0.707106781187));
#3007 = ORIENTED_EDGE('',*,*,#2140,.F.);
#3008 = PLANE('',#3009);
#3009 = AXIS2_PLACEMENT_3D('',#3010,#3011,#3012);
#3010 = CARTESIAN_POINT('',(-5.100184514914,-2.761904761905,0.2));
#3011 = DIRECTION('',(0.621788802724,0.336717514851,0.707106781187));
#3012 = DIRECTION('',(-0.47619047619,0.879342157744,-1.110223024625E-16)
  );
#3013 = ADVANCED_FACE('',(#3014),#3032,.T.);
#3014 = FACE_BOUND('',#3015,.F.);
#3015 = EDGE_LOOP('',(#3016,#3024,#3030,#3031));
#3016 = ORIENTED_EDGE('',*,*,#3017,.F.);
#3017 = EDGE_CURVE('',#3018,#2157,#3020,.T.);
#3018 = VERTEX_POINT('',#3019);
#3019 = CARTESIAN_POINT('',(16.355764134034,18.442857142857,0.));
#3020 = LINE('',#3021,#3022);
#3021 = CARTESIAN_POINT('',(16.707500997132,18.252380952381,0.4));
#3022 = VECTOR('',#3023,1.);
#3023 = DIRECTION('',(0.621788802724,-0.336717514851,0.707106781187));
#3024 = ORIENTED_EDGE('',*,*,#3025,.T.);
#3025 = EDGE_CURVE('',#3018,#2962,#3026,.T.);
#3026 = LINE('',#3027,#3028);
#3027 = CARTESIAN_POINT('',(16.355764134034,18.442857142857,0.));
#3028 = VECTOR('',#3029,1.);
#3029 = DIRECTION('',(-0.47619047619,-0.879342157744,-0.));
#3030 = ORIENTED_EDGE('',*,*,#2961,.T.);
#3031 = ORIENTED_EDGE('',*,*,#2164,.F.);
#3032 = PLANE('',#3033);
#3033 = AXIS2_PLACEMENT_3D('',#3034,#3035,#3036);
#3034 = CARTESIAN_POINT('',(16.531632565583,18.347619047619,0.2));
#3035 = DIRECTION('',(0.621788802724,-0.336717514851,-0.707106781187));
#3036 = DIRECTION('',(0.47619047619,0.879342157744,8.326672684689E-17));
#3037 = ADVANCED_FACE('',(#3038),#3057,.T.);
#3038 = FACE_BOUND('',#3039,.F.);
#3039 = EDGE_LOOP('',(#3040,#3041,#3050,#3056));
#3040 = ORIENTED_EDGE('',*,*,#3002,.F.);
#3041 = ORIENTED_EDGE('',*,*,#3042,.T.);
#3042 = EDGE_CURVE('',#2995,#3043,#3045,.T.);
#3043 = VERTEX_POINT('',#3044);
#3044 = CARTESIAN_POINT('',(-16.35576413403,36.157142857143,0.));
#3045 = CIRCLE('',#3046,18.6);
#3046 = AXIS2_PLACEMENT_3D('',#3047,#3048,#3049);
#3047 = CARTESIAN_POINT('',(0.,27.3,0.));
#3048 = DIRECTION('',(-0.,0.,-1.));
#3049 = DIRECTION('',(-0.879342157744,-0.47619047619,0.));
#3050 = ORIENTED_EDGE('',*,*,#3051,.T.);
#3051 = EDGE_CURVE('',#3043,#2179,#3052,.T.);
#3052 = LINE('',#3053,#3054);
#3053 = CARTESIAN_POINT('',(-16.70750099713,36.347619047619,0.4));
#3054 = VECTOR('',#3055,1.);
#3055 = DIRECTION('',(-0.621788802724,0.336717514851,0.707106781187));
#3056 = ORIENTED_EDGE('',*,*,#2188,.F.);
#3057 = CONICAL_SURFACE('',#3058,19.,0.785398163397);
#3058 = AXIS2_PLACEMENT_3D('',#3059,#3060,#3061);
#3059 = CARTESIAN_POINT('',(0.,27.3,0.4));
#3060 = DIRECTION('',(0.,0.,1.));
#3061 = DIRECTION('',(-0.879342157744,-0.47619047619,0.));
#3062 = ADVANCED_FACE('',(#3063),#3082,.T.);
#3063 = FACE_BOUND('',#3064,.F.);
#3064 = EDGE_LOOP('',(#3065,#3073,#3080,#3081));
#3065 = ORIENTED_EDGE('',*,*,#3066,.F.);
#3066 = EDGE_CURVE('',#3067,#2206,#3069,.T.);
#3067 = VERTEX_POINT('',#3068);
#3068 = CARTESIAN_POINT('',(16.355764134034,36.157142857143,
    5.689893001204E-15));
#3069 = LINE('',#3070,#3071);
#3070 = CARTESIAN_POINT('',(16.531632565583,36.252380952381,0.2));
#3071 = VECTOR('',#3072,1.);
#3072 = DIRECTION('',(0.621788802724,0.336717514851,0.707106781187));
#3073 = ORIENTED_EDGE('',*,*,#3074,.T.);
#3074 = EDGE_CURVE('',#3067,#3018,#3075,.T.);
#3075 = CIRCLE('',#3076,18.6);
#3076 = AXIS2_PLACEMENT_3D('',#3077,#3078,#3079);
#3077 = CARTESIAN_POINT('',(0.,27.3,0.));
#3078 = DIRECTION('',(0.,0.,-1.));
#3079 = DIRECTION('',(0.879342157744,0.47619047619,0.));
#3080 = ORIENTED_EDGE('',*,*,#3017,.T.);
#3081 = ORIENTED_EDGE('',*,*,#2213,.F.);
#3082 = CONICAL_SURFACE('',#3083,19.,0.785398163397);
#3083 = AXIS2_PLACEMENT_3D('',#3084,#3085,#3086);
#3084 = CARTESIAN_POINT('',(0.,27.3,0.4));
#3085 = DIRECTION('',(0.,0.,1.));
#3086 = DIRECTION('',(0.879342157744,0.47619047619,0.));
#3087 = ADVANCED_FACE('',(#3088),#3106,.T.);
#3088 = FACE_BOUND('',#3089,.F.);
#3089 = EDGE_LOOP('',(#3090,#3091,#3099,#3105));
#3090 = ORIENTED_EDGE('',*,*,#3051,.F.);
#3091 = ORIENTED_EDGE('',*,*,#3092,.T.);
#3092 = EDGE_CURVE('',#3043,#3093,#3095,.T.);
#3093 = VERTEX_POINT('',#3094);
#3094 = CARTESIAN_POINT('',(-4.924316083365,57.266666666667,
    -5.273559366969E-16));
#3095 = LINE('',#3096,#3097);
#3096 = CARTESIAN_POINT('',(-16.35576413403,36.157142857143,0.));
#3097 = VECTOR('',#3098,1.);
#3098 = DIRECTION('',(0.47619047619,0.879342157744,0.));
#3099 = ORIENTED_EDGE('',*,*,#3100,.T.);
#3100 = EDGE_CURVE('',#3093,#2229,#3101,.T.);
#3101 = LINE('',#3102,#3103);
#3102 = CARTESIAN_POINT('',(-5.100184514914,57.361904761905,0.2));
#3103 = VECTOR('',#3104,1.);
#3104 = DIRECTION('',(-0.621788802724,0.336717514851,0.707106781187));
#3105 = ORIENTED_EDGE('',*,*,#2238,.F.);
#3106 = PLANE('',#3107);
#3107 = AXIS2_PLACEMENT_3D('',#3108,#3109,#3110);
#3108 = CARTESIAN_POINT('',(-16.53163256558,36.252380952381,0.2));
#3109 = DIRECTION('',(-0.621788802724,0.336717514851,-0.707106781187));
#3110 = DIRECTION('',(-0.47619047619,-0.879342157744,-8.326672684689E-17
    ));
#3111 = ADVANCED_FACE('',(#3112),#3130,.F.);
#3112 = FACE_BOUND('',#3113,.F.);
#3113 = EDGE_LOOP('',(#3114,#3122,#3128,#3129));
#3114 = ORIENTED_EDGE('',*,*,#3115,.F.);
#3115 = EDGE_CURVE('',#3116,#2253,#3118,.T.);
#3116 = VERTEX_POINT('',#3117);
#3117 = CARTESIAN_POINT('',(4.924316083365,57.266666666667,
    3.608224830032E-16));
#3118 = LINE('',#3119,#3120);
#3119 = CARTESIAN_POINT('',(5.100184514914,57.361904761905,0.2));
#3120 = VECTOR('',#3121,1.);
#3121 = DIRECTION('',(0.621788802724,0.336717514851,0.707106781187));
#3122 = ORIENTED_EDGE('',*,*,#3123,.T.);
#3123 = EDGE_CURVE('',#3116,#3067,#3124,.T.);
#3124 = LINE('',#3125,#3126);
#3125 = CARTESIAN_POINT('',(4.924316083365,57.266666666667,0.));
#3126 = VECTOR('',#3127,1.);
#3127 = DIRECTION('',(0.47619047619,-0.879342157744,0.));
#3128 = ORIENTED_EDGE('',*,*,#3066,.T.);
#3129 = ORIENTED_EDGE('',*,*,#2262,.F.);
#3130 = PLANE('',#3131);
#3131 = AXIS2_PLACEMENT_3D('',#3132,#3133,#3134);
#3132 = CARTESIAN_POINT('',(5.100184514914,57.361904761905,0.2));
#3133 = DIRECTION('',(-0.621788802724,-0.336717514851,0.707106781187));
#3134 = DIRECTION('',(0.47619047619,-0.879342157744,2.22044604925E-16));
#3135 = ADVANCED_FACE('',(#3136),#3148,.T.);
#3136 = FACE_BOUND('',#3137,.F.);
#3137 = EDGE_LOOP('',(#3138,#3139,#3146,#3147));
#3138 = ORIENTED_EDGE('',*,*,#3100,.F.);
#3139 = ORIENTED_EDGE('',*,*,#3140,.T.);
#3140 = EDGE_CURVE('',#3093,#3116,#3141,.T.);
#3141 = CIRCLE('',#3142,5.6);
#3142 = AXIS2_PLACEMENT_3D('',#3143,#3144,#3145);
#3143 = CARTESIAN_POINT('',(0.,54.6,0.));
#3144 = DIRECTION('',(0.,0.,-1.));
#3145 = DIRECTION('',(-0.879342157744,0.47619047619,0.));
#3146 = ORIENTED_EDGE('',*,*,#3115,.T.);
#3147 = ORIENTED_EDGE('',*,*,#2279,.F.);
#3148 = CONICAL_SURFACE('',#3149,6.,0.785398163397);
#3149 = AXIS2_PLACEMENT_3D('',#3150,#3151,#3152);
#3150 = CARTESIAN_POINT('',(0.,54.6,0.4));
#3151 = DIRECTION('',(0.,0.,1.));
#3152 = DIRECTION('',(-0.879342157744,0.47619047619,0.));
#3153 = ADVANCED_FACE('',(#3154),#3173,.F.);
#3154 = FACE_BOUND('',#3155,.F.);
#3155 = EDGE_LOOP('',(#3156,#3164,#3171,#3172));
#3156 = ORIENTED_EDGE('',*,*,#3157,.T.);
#3157 = EDGE_CURVE('',#2295,#3158,#3160,.T.);
#3158 = VERTEX_POINT('',#3159);
#3159 = CARTESIAN_POINT('',(3.,0.,2.));
#3160 = LINE('',#3161,#3162);
#3161 = CARTESIAN_POINT('',(3.,0.,4.));
#3162 = VECTOR('',#3163,1.);
#3163 = DIRECTION('',(-0.,-0.,-1.));
#3164 = ORIENTED_EDGE('',*,*,#3165,.T.);
#3165 = EDGE_CURVE('',#3158,#3158,#3166,.T.);
#3166 = CIRCLE('',#3167,3.);
#3167 = AXIS2_PLACEMENT_3D('',#3168,#3169,#3170);
#3168 = CARTESIAN_POINT('',(0.,0.,2.));
#3169 = DIRECTION('',(0.,0.,1.));
#3170 = DIRECTION('',(1.,0.,0.));
#3171 = ORIENTED_EDGE('',*,*,#3157,.F.);
#3172 = ORIENTED_EDGE('',*,*,#2304,.F.);
#3173 = CYLINDRICAL_SURFACE('',#3174,3.);
#3174 = AXIS2_PLACEMENT_3D('',#3175,#3176,#3177);
#3175 = CARTESIAN_POINT('',(0.,0.,4.));
#3176 = DIRECTION('',(0.,0.,1.));
#3177 = DIRECTION('',(1.,0.,0.));
#3178 = ADVANCED_FACE('',(#3179,#3209),#3220,.F.);
#3179 = FACE_BOUND('',#3180,.F.);
#3180 = EDGE_LOOP('',(#3181,#3192,#3198,#3199,#3200,#3201,#3202,#3203));
#3181 = ORIENTED_EDGE('',*,*,#3182,.T.);
#3182 = EDGE_CURVE('',#3183,#3185,#3187,.T.);
#3183 = VERTEX_POINT('',#3184);
#3184 = CARTESIAN_POINT('',(-16.,47.25,12.));
#3185 = VERTEX_POINT('',#3186);
#3186 = CARTESIAN_POINT('',(-20.,43.25,12.));
#3187 = CIRCLE('',#3188,4.);
#3188 = AXIS2_PLACEMENT_3D('',#3189,#3190,#3191);
#3189 = CARTESIAN_POINT('',(-16.,43.25,12.));
#3190 = DIRECTION('',(0.,0.,1.));
#3191 = DIRECTION('',(1.,0.,0.));
#3192 = ORIENTED_EDGE('',*,*,#3193,.T.);
#3193 = EDGE_CURVE('',#3185,#2327,#3194,.T.);
#3194 = LINE('',#3195,#3196);
#3195 = CARTESIAN_POINT('',(-20.,43.25,12.));
#3196 = VECTOR('',#3197,1.);
#3197 = DIRECTION('',(0.,-1.,0.));
#3198 = ORIENTED_EDGE('',*,*,#2326,.F.);
#3199 = ORIENTED_EDGE('',*,*,#2379,.F.);
#3200 = ORIENTED_EDGE('',*,*,#2447,.F.);
#3201 = ORIENTED_EDGE('',*,*,#2515,.F.);
#3202 = ORIENTED_EDGE('',*,*,#2596,.F.);
#3203 = ORIENTED_EDGE('',*,*,#3204,.T.);
#3204 = EDGE_CURVE('',#2588,#3183,#3205,.T.);
#3205 = LINE('',#3206,#3207);
#3206 = CARTESIAN_POINT('',(16.,47.25,12.));
#3207 = VECTOR('',#3208,1.);
#3208 = DIRECTION('',(-1.,0.,0.));
#3209 = FACE_BOUND('',#3210,.F.);
#3210 = EDGE_LOOP('',(#3211));
#3211 = ORIENTED_EDGE('',*,*,#3212,.F.);
#3212 = EDGE_CURVE('',#3213,#3213,#3215,.T.);
#3213 = VERTEX_POINT('',#3214);
#3214 = CARTESIAN_POINT('',(-13.65,43.25,12.));
#3215 = CIRCLE('',#3216,2.35);
#3216 = AXIS2_PLACEMENT_3D('',#3217,#3218,#3219);
#3217 = CARTESIAN_POINT('',(-16.,43.25,12.));
#3218 = DIRECTION('',(0.,0.,1.));
#3219 = DIRECTION('',(1.,0.,0.));
#3220 = PLANE('',#3221);
#3221 = AXIS2_PLACEMENT_3D('',#3222,#3223,#3224);
#3222 = CARTESIAN_POINT('',(1.79249125827E-16,27.25,12.));
#3223 = DIRECTION('',(0.,0.,1.));
#3224 = DIRECTION('',(1.,0.,0.));
#3225 = ADVANCED_FACE('',(#3226,#3256),#3267,.F.);
#3226 = FACE_BOUND('',#3227,.F.);
#3227 = EDGE_LOOP('',(#3228,#3229,#3237,#3246,#3252,#3253,#3254,#3255));
#3228 = ORIENTED_EDGE('',*,*,#2335,.F.);
#3229 = ORIENTED_EDGE('',*,*,#3230,.T.);
#3230 = EDGE_CURVE('',#2327,#3231,#3233,.T.);
#3231 = VERTEX_POINT('',#3232);
#3232 = CARTESIAN_POINT('',(-20.,11.25,12.));
#3233 = LINE('',#3234,#3235);
#3234 = CARTESIAN_POINT('',(-20.,43.25,12.));
#3235 = VECTOR('',#3236,1.);
#3236 = DIRECTION('',(0.,-1.,0.));
#3237 = ORIENTED_EDGE('',*,*,#3238,.T.);
#3238 = EDGE_CURVE('',#3231,#3239,#3241,.T.);
#3239 = VERTEX_POINT('',#3240);
#3240 = CARTESIAN_POINT('',(-16.,7.25,12.));
#3241 = CIRCLE('',#3242,4.);
#3242 = AXIS2_PLACEMENT_3D('',#3243,#3244,#3245);
#3243 = CARTESIAN_POINT('',(-16.,11.25,12.));
#3244 = DIRECTION('',(0.,0.,1.));
#3245 = DIRECTION('',(1.,0.,0.));
#3246 = ORIENTED_EDGE('',*,*,#3247,.T.);
#3247 = EDGE_CURVE('',#3239,#2625,#3248,.T.);
#3248 = LINE('',#3249,#3250);
#3249 = CARTESIAN_POINT('',(-16.,7.25,12.));
#3250 = VECTOR('',#3251,1.);
#3251 = DIRECTION('',(1.,0.,0.));
#3252 = ORIENTED_EDGE('',*,*,#2624,.F.);
#3253 = ORIENTED_EDGE('',*,*,#2545,.F.);
#3254 = ORIENTED_EDGE('',*,*,#2475,.F.);
#3255 = ORIENTED_EDGE('',*,*,#2407,.F.);
#3256 = FACE_BOUND('',#3257,.F.);
#3257 = EDGE_LOOP('',(#3258));
#3258 = ORIENTED_EDGE('',*,*,#3259,.F.);
#3259 = EDGE_CURVE('',#3260,#3260,#3262,.T.);
#3260 = VERTEX_POINT('',#3261);
#3261 = CARTESIAN_POINT('',(-13.65,11.25,12.));
#3262 = CIRCLE('',#3263,2.35);
#3263 = AXIS2_PLACEMENT_3D('',#3264,#3265,#3266);
#3264 = CARTESIAN_POINT('',(-16.,11.25,12.));
#3265 = DIRECTION('',(0.,0.,1.));
#3266 = DIRECTION('',(1.,0.,0.));
#3267 = PLANE('',#3268);
#3268 = AXIS2_PLACEMENT_3D('',#3269,#3270,#3271);
#3269 = CARTESIAN_POINT('',(1.79249125827E-16,27.25,12.));
#3270 = DIRECTION('',(0.,0.,1.));
#3271 = DIRECTION('',(1.,0.,0.));
#3272 = ADVANCED_FACE('',(#3273,#3303),#3314,.F.);
#3273 = FACE_BOUND('',#3274,.F.);
#3274 = EDGE_LOOP('',(#3275,#3283,#3284,#3285,#3286,#3287,#3288,#3296));
#3275 = ORIENTED_EDGE('',*,*,#3276,.T.);
#3276 = EDGE_CURVE('',#3277,#2588,#3279,.T.);
#3277 = VERTEX_POINT('',#3278);
#3278 = CARTESIAN_POINT('',(16.,47.25,12.));
#3279 = LINE('',#3280,#3281);
#3280 = CARTESIAN_POINT('',(16.,47.25,12.));
#3281 = VECTOR('',#3282,1.);
#3282 = DIRECTION('',(-1.,0.,0.));
#3283 = ORIENTED_EDGE('',*,*,#2587,.F.);
#3284 = ORIENTED_EDGE('',*,*,#2673,.F.);
#3285 = ORIENTED_EDGE('',*,*,#2745,.F.);
#3286 = ORIENTED_EDGE('',*,*,#2813,.F.);
#3287 = ORIENTED_EDGE('',*,*,#2881,.F.);
#3288 = ORIENTED_EDGE('',*,*,#3289,.T.);
#3289 = EDGE_CURVE('',#2875,#3290,#3292,.T.);
#3290 = VERTEX_POINT('',#3291);
#3291 = CARTESIAN_POINT('',(20.,43.25,12.));
#3292 = LINE('',#3293,#3294);
#3293 = CARTESIAN_POINT('',(20.,11.25,12.));
#3294 = VECTOR('',#3295,1.);
#3295 = DIRECTION('',(0.,1.,0.));
#3296 = ORIENTED_EDGE('',*,*,#3297,.T.);
#3297 = EDGE_CURVE('',#3290,#3277,#3298,.T.);
#3298 = CIRCLE('',#3299,4.);
#3299 = AXIS2_PLACEMENT_3D('',#3300,#3301,#3302);
#3300 = CARTESIAN_POINT('',(16.,43.25,12.));
#3301 = DIRECTION('',(0.,0.,1.));
#3302 = DIRECTION('',(1.,0.,0.));
#3303 = FACE_BOUND('',#3304,.F.);
#3304 = EDGE_LOOP('',(#3305));
#3305 = ORIENTED_EDGE('',*,*,#3306,.F.);
#3306 = EDGE_CURVE('',#3307,#3307,#3309,.T.);
#3307 = VERTEX_POINT('',#3308);
#3308 = CARTESIAN_POINT('',(18.35,43.25,12.));
#3309 = CIRCLE('',#3310,2.35);
#3310 = AXIS2_PLACEMENT_3D('',#3311,#3312,#3313);
#3311 = CARTESIAN_POINT('',(16.,43.25,12.));
#3312 = DIRECTION('',(0.,0.,1.));
#3313 = DIRECTION('',(1.,0.,0.));
#3314 = PLANE('',#3315);
#3315 = AXIS2_PLACEMENT_3D('',#3316,#3317,#3318);
#3316 = CARTESIAN_POINT('',(1.79249125827E-16,27.25,12.));
#3317 = DIRECTION('',(0.,0.,1.));
#3318 = DIRECTION('',(1.,0.,0.));
#3319 = ADVANCED_FACE('',(#3320,#3350),#3361,.F.);
#3320 = FACE_BOUND('',#3321,.F.);
#3321 = EDGE_LOOP('',(#3322,#3323,#3331,#3340,#3346,#3347,#3348,#3349));
#3322 = ORIENTED_EDGE('',*,*,#2633,.F.);
#3323 = ORIENTED_EDGE('',*,*,#3324,.T.);
#3324 = EDGE_CURVE('',#2625,#3325,#3327,.T.);
#3325 = VERTEX_POINT('',#3326);
#3326 = CARTESIAN_POINT('',(16.,7.25,12.));
#3327 = LINE('',#3328,#3329);
#3328 = CARTESIAN_POINT('',(-16.,7.25,12.));
#3329 = VECTOR('',#3330,1.);
#3330 = DIRECTION('',(1.,0.,0.));
#3331 = ORIENTED_EDGE('',*,*,#3332,.T.);
#3332 = EDGE_CURVE('',#3325,#3333,#3335,.T.);
#3333 = VERTEX_POINT('',#3334);
#3334 = CARTESIAN_POINT('',(20.,11.25,12.));
#3335 = CIRCLE('',#3336,4.);
#3336 = AXIS2_PLACEMENT_3D('',#3337,#3338,#3339);
#3337 = CARTESIAN_POINT('',(16.,11.25,12.));
#3338 = DIRECTION('',(0.,0.,1.));
#3339 = DIRECTION('',(1.,0.,0.));
#3340 = ORIENTED_EDGE('',*,*,#3341,.T.);
#3341 = EDGE_CURVE('',#3333,#2875,#3342,.T.);
#3342 = LINE('',#3343,#3344);
#3343 = CARTESIAN_POINT('',(20.,11.25,12.));
#3344 = VECTOR('',#3345,1.);
#3345 = DIRECTION('',(0.,1.,0.));
#3346 = ORIENTED_EDGE('',*,*,#2909,.F.);
#3347 = ORIENTED_EDGE('',*,*,#2841,.F.);
#3348 = ORIENTED_EDGE('',*,*,#2773,.F.);
#3349 = ORIENTED_EDGE('',*,*,#2703,.F.);
#3350 = FACE_BOUND('',#3351,.F.);
#3351 = EDGE_LOOP('',(#3352));
#3352 = ORIENTED_EDGE('',*,*,#3353,.F.);
#3353 = EDGE_CURVE('',#3354,#3354,#3356,.T.);
#3354 = VERTEX_POINT('',#3355);
#3355 = CARTESIAN_POINT('',(18.35,11.25,12.));
#3356 = CIRCLE('',#3357,2.35);
#3357 = AXIS2_PLACEMENT_3D('',#3358,#3359,#3360);
#3358 = CARTESIAN_POINT('',(16.,11.25,12.));
#3359 = DIRECTION('',(0.,0.,1.));
#3360 = DIRECTION('',(1.,0.,0.));
#3361 = PLANE('',#3362);
#3362 = AXIS2_PLACEMENT_3D('',#3363,#3364,#3365);
#3363 = CARTESIAN_POINT('',(1.79249125827E-16,27.25,12.));
#3364 = DIRECTION('',(0.,0.,1.));
#3365 = DIRECTION('',(1.,0.,0.));
#3366 = ADVANCED_FACE('',(#3367,#3370),#3381,.T.);
#3367 = FACE_BOUND('',#3368,.T.);
#3368 = EDGE_LOOP('',(#3369));
#3369 = ORIENTED_EDGE('',*,*,#2944,.T.);
#3370 = FACE_BOUND('',#3371,.T.);
#3371 = EDGE_LOOP('',(#3372));
#3372 = ORIENTED_EDGE('',*,*,#3373,.T.);
#3373 = EDGE_CURVE('',#3374,#3374,#3376,.T.);
#3374 = VERTEX_POINT('',#3375);
#3375 = CARTESIAN_POINT('',(1.65,54.6,2.));
#3376 = CIRCLE('',#3377,1.65);
#3377 = AXIS2_PLACEMENT_3D('',#3378,#3379,#3380);
#3378 = CARTESIAN_POINT('',(0.,54.6,2.));
#3379 = DIRECTION('',(0.,0.,-1.));
#3380 = DIRECTION('',(1.,0.,0.));
#3381 = PLANE('',#3382);
#3382 = AXIS2_PLACEMENT_3D('',#3383,#3384,#3385);
#3383 = CARTESIAN_POINT('',(-2.279066887566E-16,27.3,2.));
#3384 = DIRECTION('',(0.,0.,1.));
#3385 = DIRECTION('',(1.,0.,0.));
#3386 = ADVANCED_FACE('',(#3387,#3397,#3535,#3546),#3557,.F.);
#3387 = FACE_BOUND('',#3388,.F.);
#3388 = EDGE_LOOP('',(#3389,#3390,#3391,#3392,#3393,#3394,#3395,#3396));
#3389 = ORIENTED_EDGE('',*,*,#3123,.F.);
#3390 = ORIENTED_EDGE('',*,*,#3140,.F.);
#3391 = ORIENTED_EDGE('',*,*,#3092,.F.);
#3392 = ORIENTED_EDGE('',*,*,#3042,.F.);
#3393 = ORIENTED_EDGE('',*,*,#2994,.F.);
#3394 = ORIENTED_EDGE('',*,*,#2969,.F.);
#3395 = ORIENTED_EDGE('',*,*,#3025,.F.);
#3396 = ORIENTED_EDGE('',*,*,#3074,.F.);
#3397 = FACE_BOUND('',#3398,.F.);
#3398 = EDGE_LOOP('',(#3399,#3409,#3418,#3426,#3435,#3443,#3452,#3460,
    #3469,#3477,#3486,#3494,#3503,#3511,#3520,#3528));
#3399 = ORIENTED_EDGE('',*,*,#3400,.T.);
#3400 = EDGE_CURVE('',#3401,#3403,#3405,.T.);
#3401 = VERTEX_POINT('',#3402);
#3402 = CARTESIAN_POINT('',(11.9,37.726348502534,-7.771561172376E-16));
#3403 = VERTEX_POINT('',#3404);
#3404 = CARTESIAN_POINT('',(11.9,16.873651497466,-8.326672684689E-16));
#3405 = LINE('',#3406,#3407);
#3406 = CARTESIAN_POINT('',(11.9,37.726348502534,0.));
#3407 = VECTOR('',#3408,1.);
#3408 = DIRECTION('',(0.,-1.,0.));
#3409 = ORIENTED_EDGE('',*,*,#3410,.T.);
#3410 = EDGE_CURVE('',#3403,#3411,#3413,.T.);
#3411 = VERTEX_POINT('',#3412);
#3412 = CARTESIAN_POINT('',(11.605255888326,15.773651497466,
    1.110223024625E-16));
#3413 = CIRCLE('',#3414,2.2);
#3414 = AXIS2_PLACEMENT_3D('',#3415,#3416,#3417);
#3415 = CARTESIAN_POINT('',(9.7,16.873651497466,0.));
#3416 = DIRECTION('',(0.,0.,-1.));
#3417 = DIRECTION('',(1.,0.,0.));
#3418 = ORIENTED_EDGE('',*,*,#3419,.T.);
#3419 = EDGE_CURVE('',#3411,#3420,#3422,.T.);
#3420 = VERTEX_POINT('',#3421);
#3421 = CARTESIAN_POINT('',(6.655255888326,7.2,1.360023205166E-15));
#3422 = LINE('',#3423,#3424);
#3423 = CARTESIAN_POINT('',(11.605255888326,15.773651497466,0.));
#3424 = VECTOR('',#3425,1.);
#3425 = DIRECTION('',(-0.5,-0.866025403784,0.));
#3426 = ORIENTED_EDGE('',*,*,#3427,.T.);
#3427 = EDGE_CURVE('',#3420,#3428,#3430,.T.);
#3428 = VERTEX_POINT('',#3429);
#3429 = CARTESIAN_POINT('',(4.75,6.1,1.110223024625E-16));
#3430 = CIRCLE('',#3431,2.2);
#3431 = AXIS2_PLACEMENT_3D('',#3432,#3433,#3434);
#3432 = CARTESIAN_POINT('',(4.75,8.3,0.));
#3433 = DIRECTION('',(0.,-0.,-1.));
#3434 = DIRECTION('',(0.866025403784,-0.5,0.));
#3435 = ORIENTED_EDGE('',*,*,#3436,.T.);
#3436 = EDGE_CURVE('',#3428,#3437,#3439,.T.);
#3437 = VERTEX_POINT('',#3438);
#3438 = CARTESIAN_POINT('',(-4.75,6.1,4.718447854657E-16));
#3439 = LINE('',#3440,#3441);
#3440 = CARTESIAN_POINT('',(4.75,6.1,0.));
#3441 = VECTOR('',#3442,1.);
#3442 = DIRECTION('',(-1.,0.,0.));
#3443 = ORIENTED_EDGE('',*,*,#3444,.T.);
#3444 = EDGE_CURVE('',#3437,#3445,#3447,.T.);
#3445 = VERTEX_POINT('',#3446);
#3446 = CARTESIAN_POINT('',(-6.655255888326,7.2,1.110223024625E-16));
#3447 = CIRCLE('',#3448,2.2);
#3448 = AXIS2_PLACEMENT_3D('',#3449,#3450,#3451);
#3449 = CARTESIAN_POINT('',(-4.75,8.3,0.));
#3450 = DIRECTION('',(-0.,-0.,-1.));
#3451 = DIRECTION('',(0.,-1.,0.));
#3452 = ORIENTED_EDGE('',*,*,#3453,.T.);
#3453 = EDGE_CURVE('',#3445,#3454,#3456,.T.);
#3454 = VERTEX_POINT('',#3455);
#3455 = CARTESIAN_POINT('',(-11.60525588832,15.773651497466,
    4.996003610813E-16));
#3456 = LINE('',#3457,#3458);
#3457 = CARTESIAN_POINT('',(-6.655255888326,7.2,0.));
#3458 = VECTOR('',#3459,1.);
#3459 = DIRECTION('',(-0.5,0.866025403784,0.));
#3460 = ORIENTED_EDGE('',*,*,#3461,.T.);
#3461 = EDGE_CURVE('',#3454,#3462,#3464,.T.);
#3462 = VERTEX_POINT('',#3463);
#3463 = CARTESIAN_POINT('',(-11.9,16.873651497466,1.110223024625E-16));
#3464 = CIRCLE('',#3465,2.2);
#3465 = AXIS2_PLACEMENT_3D('',#3466,#3467,#3468);
#3466 = CARTESIAN_POINT('',(-9.7,16.873651497466,0.));
#3467 = DIRECTION('',(-0.,0.,-1.));
#3468 = DIRECTION('',(-0.866025403784,-0.5,0.));
#3469 = ORIENTED_EDGE('',*,*,#3470,.T.);
#3470 = EDGE_CURVE('',#3462,#3471,#3473,.T.);
#3471 = VERTEX_POINT('',#3472);
#3472 = CARTESIAN_POINT('',(-11.9,37.726348502534,4.440892098501E-16));
#3473 = LINE('',#3474,#3475);
#3474 = CARTESIAN_POINT('',(-11.9,16.873651497466,0.));
#3475 = VECTOR('',#3476,1.);
#3476 = DIRECTION('',(0.,1.,0.));
#3477 = ORIENTED_EDGE('',*,*,#3478,.T.);
#3478 = EDGE_CURVE('',#3471,#3479,#3481,.T.);
#3479 = VERTEX_POINT('',#3480);
#3480 = CARTESIAN_POINT('',(-11.60525588832,38.826348502534,
    1.110223024625E-16));
#3481 = CIRCLE('',#3482,2.2);
#3482 = AXIS2_PLACEMENT_3D('',#3483,#3484,#3485);
#3483 = CARTESIAN_POINT('',(-9.7,37.726348502534,0.));
#3484 = DIRECTION('',(0.,0.,-1.));
#3485 = DIRECTION('',(-1.,0.,0.));
#3486 = ORIENTED_EDGE('',*,*,#3487,.T.);
#3487 = EDGE_CURVE('',#3479,#3488,#3490,.T.);
#3488 = VERTEX_POINT('',#3489);
#3489 = CARTESIAN_POINT('',(-6.655255888326,47.4,-2.914335439641E-15));
#3490 = LINE('',#3491,#3492);
#3491 = CARTESIAN_POINT('',(-11.60525588832,38.826348502534,0.));
#3492 = VECTOR('',#3493,1.);
#3493 = DIRECTION('',(0.5,0.866025403784,0.));
#3494 = ORIENTED_EDGE('',*,*,#3495,.T.);
#3495 = EDGE_CURVE('',#3488,#3496,#3498,.T.);
#3496 = VERTEX_POINT('',#3497);
#3497 = CARTESIAN_POINT('',(-4.75,48.5,1.110223024625E-16));
#3498 = CIRCLE('',#3499,2.2);
#3499 = AXIS2_PLACEMENT_3D('',#3500,#3501,#3502);
#3500 = CARTESIAN_POINT('',(-4.75,46.3,0.));
#3501 = DIRECTION('',(0.,0.,-1.));
#3502 = DIRECTION('',(-0.866025403784,0.5,0.));
#3503 = ORIENTED_EDGE('',*,*,#3504,.T.);
#3504 = EDGE_CURVE('',#3496,#3505,#3507,.T.);
#3505 = VERTEX_POINT('',#3506);
#3506 = CARTESIAN_POINT('',(4.75,48.5,1.110223024625E-16));
#3507 = LINE('',#3508,#3509);
#3508 = CARTESIAN_POINT('',(-4.75,48.5,0.));
#3509 = VECTOR('',#3510,1.);
#3510 = DIRECTION('',(1.,0.,0.));
#3511 = ORIENTED_EDGE('',*,*,#3512,.T.);
#3512 = EDGE_CURVE('',#3505,#3513,#3515,.T.);
#3513 = VERTEX_POINT('',#3514);
#3514 = CARTESIAN_POINT('',(6.655255888326,47.4,1.110223024625E-16));
#3515 = CIRCLE('',#3516,2.2);
#3516 = AXIS2_PLACEMENT_3D('',#3517,#3518,#3519);
#3517 = CARTESIAN_POINT('',(4.75,46.3,0.));
#3518 = DIRECTION('',(0.,0.,-1.));
#3519 = DIRECTION('',(0.,1.,0.));
#3520 = ORIENTED_EDGE('',*,*,#3521,.T.);
#3521 = EDGE_CURVE('',#3513,#3522,#3524,.T.);
#3522 = VERTEX_POINT('',#3523);
#3523 = CARTESIAN_POINT('',(11.605255888326,38.826348502534,
    -8.326672684689E-17));
#3524 = LINE('',#3525,#3526);
#3525 = CARTESIAN_POINT('',(6.655255888326,47.4,0.));
#3526 = VECTOR('',#3527,1.);
#3527 = DIRECTION('',(0.5,-0.866025403784,0.));
#3528 = ORIENTED_EDGE('',*,*,#3529,.T.);
#3529 = EDGE_CURVE('',#3522,#3401,#3530,.T.);
#3530 = CIRCLE('',#3531,2.2);
#3531 = AXIS2_PLACEMENT_3D('',#3532,#3533,#3534);
#3532 = CARTESIAN_POINT('',(9.7,37.726348502534,0.));
#3533 = DIRECTION('',(0.,0.,-1.));
#3534 = DIRECTION('',(0.866025403784,0.5,0.));
#3535 = FACE_BOUND('',#3536,.F.);
#3536 = EDGE_LOOP('',(#3537));
#3537 = ORIENTED_EDGE('',*,*,#3538,.F.);
#3538 = EDGE_CURVE('',#3539,#3539,#3541,.T.);
#3539 = VERTEX_POINT('',#3540);
#3540 = CARTESIAN_POINT('',(2.05,0.,0.));
#3541 = CIRCLE('',#3542,2.05);
#3542 = AXIS2_PLACEMENT_3D('',#3543,#3544,#3545);
#3543 = CARTESIAN_POINT('',(0.,0.,0.));
#3544 = DIRECTION('',(0.,0.,1.));
#3545 = DIRECTION('',(1.,0.,0.));
#3546 = FACE_BOUND('',#3547,.F.);
#3547 = EDGE_LOOP('',(#3548));
#3548 = ORIENTED_EDGE('',*,*,#3549,.F.);
#3549 = EDGE_CURVE('',#3550,#3550,#3552,.T.);
#3550 = VERTEX_POINT('',#3551);
#3551 = CARTESIAN_POINT('',(2.05,54.6,0.));
#3552 = CIRCLE('',#3553,2.05);
#3553 = AXIS2_PLACEMENT_3D('',#3554,#3555,#3556);
#3554 = CARTESIAN_POINT('',(0.,54.6,0.));
#3555 = DIRECTION('',(0.,0.,1.));
#3556 = DIRECTION('',(1.,0.,0.));
#3557 = PLANE('',#3558);
#3558 = AXIS2_PLACEMENT_3D('',#3559,#3560,#3561);
#3559 = CARTESIAN_POINT('',(-9.807502167581E-17,27.3,0.));
#3560 = DIRECTION('',(0.,0.,1.));
#3561 = DIRECTION('',(1.,0.,0.));
#3562 = ADVANCED_FACE('',(#3563,#3566),#3577,.T.);
#3563 = FACE_BOUND('',#3564,.T.);
#3564 = EDGE_LOOP('',(#3565));
#3565 = ORIENTED_EDGE('',*,*,#3165,.T.);
#3566 = FACE_BOUND('',#3567,.T.);
#3567 = EDGE_LOOP('',(#3568));
#3568 = ORIENTED_EDGE('',*,*,#3569,.T.);
#3569 = EDGE_CURVE('',#3570,#3570,#3572,.T.);
#3570 = VERTEX_POINT('',#3571);
#3571 = CARTESIAN_POINT('',(1.65,0.,2.));
#3572 = CIRCLE('',#3573,1.65);
#3573 = AXIS2_PLACEMENT_3D('',#3574,#3575,#3576);
#3574 = CARTESIAN_POINT('',(0.,0.,2.));
#3575 = DIRECTION('',(0.,0.,-1.));
#3576 = DIRECTION('',(1.,0.,0.));
#3577 = PLANE('',#3578);
#3578 = AXIS2_PLACEMENT_3D('',#3579,#3580,#3581);
#3579 = CARTESIAN_POINT('',(-2.279066887566E-16,27.3,2.));
#3580 = DIRECTION('',(0.,0.,1.));
#3581 = DIRECTION('',(1.,0.,0.));
#3582 = ADVANCED_FACE('',(#3583),#3609,.T.);
#3583 = FACE_BOUND('',#3584,.F.);
#3584 = EDGE_LOOP('',(#3585,#3593,#3602,#3608));
#3585 = ORIENTED_EDGE('',*,*,#3586,.T.);
#3586 = EDGE_CURVE('',#3183,#3587,#3589,.T.);
#3587 = VERTEX_POINT('',#3588);
#3588 = CARTESIAN_POINT('',(-16.,47.25,16.));
#3589 = LINE('',#3590,#3591);
#3590 = CARTESIAN_POINT('',(-16.,47.25,12.));
#3591 = VECTOR('',#3592,1.);
#3592 = DIRECTION('',(0.,0.,1.));
#3593 = ORIENTED_EDGE('',*,*,#3594,.T.);
#3594 = EDGE_CURVE('',#3587,#3595,#3597,.T.);
#3595 = VERTEX_POINT('',#3596);
#3596 = CARTESIAN_POINT('',(-20.,43.25,16.));
#3597 = CIRCLE('',#3598,4.);
#3598 = AXIS2_PLACEMENT_3D('',#3599,#3600,#3601);
#3599 = CARTESIAN_POINT('',(-16.,43.25,16.));
#3600 = DIRECTION('',(0.,0.,1.));
#3601 = DIRECTION('',(1.,0.,0.));
#3602 = ORIENTED_EDGE('',*,*,#3603,.F.);
#3603 = EDGE_CURVE('',#3185,#3595,#3604,.T.);
#3604 = LINE('',#3605,#3606);
#3605 = CARTESIAN_POINT('',(-20.,43.25,12.));
#3606 = VECTOR('',#3607,1.);
#3607 = DIRECTION('',(0.,0.,1.));
#3608 = ORIENTED_EDGE('',*,*,#3182,.F.);
#3609 = CYLINDRICAL_SURFACE('',#3610,4.);
#3610 = AXIS2_PLACEMENT_3D('',#3611,#3612,#3613);
#3611 = CARTESIAN_POINT('',(-16.,43.25,12.));
#3612 = DIRECTION('',(-0.,-0.,-1.));
#3613 = DIRECTION('',(1.,0.,0.));
#3614 = ADVANCED_FACE('',(#3615),#3634,.F.);
#3615 = FACE_BOUND('',#3616,.F.);
#3616 = EDGE_LOOP('',(#3617,#3625,#3631,#3632,#3633));
#3617 = ORIENTED_EDGE('',*,*,#3618,.T.);
#3618 = EDGE_CURVE('',#3277,#3619,#3621,.T.);
#3619 = VERTEX_POINT('',#3620);
#3620 = CARTESIAN_POINT('',(16.,47.25,16.));
#3621 = LINE('',#3622,#3623);
#3622 = CARTESIAN_POINT('',(16.,47.25,12.));
#3623 = VECTOR('',#3624,1.);
#3624 = DIRECTION('',(0.,0.,1.));
#3625 = ORIENTED_EDGE('',*,*,#3626,.T.);
#3626 = EDGE_CURVE('',#3619,#3587,#3627,.T.);
#3627 = LINE('',#3628,#3629);
#3628 = CARTESIAN_POINT('',(16.,47.25,16.));
#3629 = VECTOR('',#3630,1.);
#3630 = DIRECTION('',(-1.,0.,0.));
#3631 = ORIENTED_EDGE('',*,*,#3586,.F.);
#3632 = ORIENTED_EDGE('',*,*,#3204,.F.);
#3633 = ORIENTED_EDGE('',*,*,#3276,.F.);
#3634 = PLANE('',#3635);
#3635 = AXIS2_PLACEMENT_3D('',#3636,#3637,#3638);
#3636 = CARTESIAN_POINT('',(16.,47.25,12.));
#3637 = DIRECTION('',(0.,-1.,0.));
#3638 = DIRECTION('',(-1.,0.,0.));
#3639 = ADVANCED_FACE('',(#3640),#3659,.F.);
#3640 = FACE_BOUND('',#3641,.F.);
#3641 = EDGE_LOOP('',(#3642,#3643,#3651,#3657,#3658));
#3642 = ORIENTED_EDGE('',*,*,#3603,.T.);
#3643 = ORIENTED_EDGE('',*,*,#3644,.T.);
#3644 = EDGE_CURVE('',#3595,#3645,#3647,.T.);
#3645 = VERTEX_POINT('',#3646);
#3646 = CARTESIAN_POINT('',(-20.,11.25,16.));
#3647 = LINE('',#3648,#3649);
#3648 = CARTESIAN_POINT('',(-20.,43.25,16.));
#3649 = VECTOR('',#3650,1.);
#3650 = DIRECTION('',(0.,-1.,0.));
#3651 = ORIENTED_EDGE('',*,*,#3652,.F.);
#3652 = EDGE_CURVE('',#3231,#3645,#3653,.T.);
#3653 = LINE('',#3654,#3655);
#3654 = CARTESIAN_POINT('',(-20.,11.25,12.));
#3655 = VECTOR('',#3656,1.);
#3656 = DIRECTION('',(0.,0.,1.));
#3657 = ORIENTED_EDGE('',*,*,#3230,.F.);
#3658 = ORIENTED_EDGE('',*,*,#3193,.F.);
#3659 = PLANE('',#3660);
#3660 = AXIS2_PLACEMENT_3D('',#3661,#3662,#3663);
#3661 = CARTESIAN_POINT('',(-20.,43.25,12.));
#3662 = DIRECTION('',(1.,0.,0.));
#3663 = DIRECTION('',(0.,-1.,0.));
#3664 = ADVANCED_FACE('',(#3665),#3684,.F.);
#3665 = FACE_BOUND('',#3666,.T.);
#3666 = EDGE_LOOP('',(#3667,#3675,#3682,#3683));
#3667 = ORIENTED_EDGE('',*,*,#3668,.T.);
#3668 = EDGE_CURVE('',#3213,#3669,#3671,.T.);
#3669 = VERTEX_POINT('',#3670);
#3670 = CARTESIAN_POINT('',(-13.65,43.25,15.6));
#3671 = LINE('',#3672,#3673);
#3672 = CARTESIAN_POINT('',(-13.65,43.25,12.));
#3673 = VECTOR('',#3674,1.);
#3674 = DIRECTION('',(0.,0.,1.));
#3675 = ORIENTED_EDGE('',*,*,#3676,.T.);
#3676 = EDGE_CURVE('',#3669,#3669,#3677,.T.);
#3677 = CIRCLE('',#3678,2.35);
#3678 = AXIS2_PLACEMENT_3D('',#3679,#3680,#3681);
#3679 = CARTESIAN_POINT('',(-16.,43.25,15.6));
#3680 = DIRECTION('',(0.,0.,1.));
#3681 = DIRECTION('',(1.,0.,0.));
#3682 = ORIENTED_EDGE('',*,*,#3668,.F.);
#3683 = ORIENTED_EDGE('',*,*,#3212,.F.);
#3684 = CYLINDRICAL_SURFACE('',#3685,2.35);
#3685 = AXIS2_PLACEMENT_3D('',#3686,#3687,#3688);
#3686 = CARTESIAN_POINT('',(-16.,43.25,12.));
#3687 = DIRECTION('',(-0.,-0.,-1.));
#3688 = DIRECTION('',(1.,0.,0.));
#3689 = ADVANCED_FACE('',(#3690),#3716,.F.);
#3690 = FACE_BOUND('',#3691,.F.);
#3691 = EDGE_LOOP('',(#3692,#3700,#3708,#3714,#3715));
#3692 = ORIENTED_EDGE('',*,*,#3693,.T.);
#3693 = EDGE_CURVE('',#3239,#3694,#3696,.T.);
#3694 = VERTEX_POINT('',#3695);
#3695 = CARTESIAN_POINT('',(-16.,7.25,16.));
#3696 = LINE('',#3697,#3698);
#3697 = CARTESIAN_POINT('',(-16.,7.25,12.));
#3698 = VECTOR('',#3699,1.);
#3699 = DIRECTION('',(0.,0.,1.));
#3700 = ORIENTED_EDGE('',*,*,#3701,.T.);
#3701 = EDGE_CURVE('',#3694,#3702,#3704,.T.);
#3702 = VERTEX_POINT('',#3703);
#3703 = CARTESIAN_POINT('',(16.,7.25,16.));
#3704 = LINE('',#3705,#3706);
#3705 = CARTESIAN_POINT('',(-16.,7.25,16.));
#3706 = VECTOR('',#3707,1.);
#3707 = DIRECTION('',(1.,0.,0.));
#3708 = ORIENTED_EDGE('',*,*,#3709,.F.);
#3709 = EDGE_CURVE('',#3325,#3702,#3710,.T.);
#3710 = LINE('',#3711,#3712);
#3711 = CARTESIAN_POINT('',(16.,7.25,12.));
#3712 = VECTOR('',#3713,1.);
#3713 = DIRECTION('',(0.,0.,1.));
#3714 = ORIENTED_EDGE('',*,*,#3324,.F.);
#3715 = ORIENTED_EDGE('',*,*,#3247,.F.);
#3716 = PLANE('',#3717);
#3717 = AXIS2_PLACEMENT_3D('',#3718,#3719,#3720);
#3718 = CARTESIAN_POINT('',(-16.,7.25,12.));
#3719 = DIRECTION('',(0.,1.,0.));
#3720 = DIRECTION('',(1.,0.,0.));
#3721 = ADVANCED_FACE('',(#3722),#3734,.T.);
#3722 = FACE_BOUND('',#3723,.F.);
#3723 = EDGE_LOOP('',(#3724,#3725,#3732,#3733));
#3724 = ORIENTED_EDGE('',*,*,#3652,.T.);
#3725 = ORIENTED_EDGE('',*,*,#3726,.T.);
#3726 = EDGE_CURVE('',#3645,#3694,#3727,.T.);
#3727 = CIRCLE('',#3728,4.);
#3728 = AXIS2_PLACEMENT_3D('',#3729,#3730,#3731);
#3729 = CARTESIAN_POINT('',(-16.,11.25,16.));
#3730 = DIRECTION('',(0.,0.,1.));
#3731 = DIRECTION('',(1.,0.,0.));
#3732 = ORIENTED_EDGE('',*,*,#3693,.F.);
#3733 = ORIENTED_EDGE('',*,*,#3238,.F.);
#3734 = CYLINDRICAL_SURFACE('',#3735,4.);
#3735 = AXIS2_PLACEMENT_3D('',#3736,#3737,#3738);
#3736 = CARTESIAN_POINT('',(-16.,11.25,12.));
#3737 = DIRECTION('',(-0.,-0.,-1.));
#3738 = DIRECTION('',(1.,0.,0.));
#3739 = ADVANCED_FACE('',(#3740),#3759,.F.);
#3740 = FACE_BOUND('',#3741,.T.);
#3741 = EDGE_LOOP('',(#3742,#3750,#3757,#3758));
#3742 = ORIENTED_EDGE('',*,*,#3743,.T.);
#3743 = EDGE_CURVE('',#3260,#3744,#3746,.T.);
#3744 = VERTEX_POINT('',#3745);
#3745 = CARTESIAN_POINT('',(-13.65,11.25,15.6));
#3746 = LINE('',#3747,#3748);
#3747 = CARTESIAN_POINT('',(-13.65,11.25,12.));
#3748 = VECTOR('',#3749,1.);
#3749 = DIRECTION('',(0.,0.,1.));
#3750 = ORIENTED_EDGE('',*,*,#3751,.T.);
#3751 = EDGE_CURVE('',#3744,#3744,#3752,.T.);
#3752 = CIRCLE('',#3753,2.35);
#3753 = AXIS2_PLACEMENT_3D('',#3754,#3755,#3756);
#3754 = CARTESIAN_POINT('',(-16.,11.25,15.6));
#3755 = DIRECTION('',(0.,0.,1.));
#3756 = DIRECTION('',(1.,0.,0.));
#3757 = ORIENTED_EDGE('',*,*,#3743,.F.);
#3758 = ORIENTED_EDGE('',*,*,#3259,.F.);
#3759 = CYLINDRICAL_SURFACE('',#3760,2.35);
#3760 = AXIS2_PLACEMENT_3D('',#3761,#3762,#3763);
#3761 = CARTESIAN_POINT('',(-16.,11.25,12.));
#3762 = DIRECTION('',(-0.,-0.,-1.));
#3763 = DIRECTION('',(1.,0.,0.));
#3764 = ADVANCED_FACE('',(#3765),#3784,.T.);
#3765 = FACE_BOUND('',#3766,.F.);
#3766 = EDGE_LOOP('',(#3767,#3775,#3782,#3783));
#3767 = ORIENTED_EDGE('',*,*,#3768,.T.);
#3768 = EDGE_CURVE('',#3290,#3769,#3771,.T.);
#3769 = VERTEX_POINT('',#3770);
#3770 = CARTESIAN_POINT('',(20.,43.25,16.));
#3771 = LINE('',#3772,#3773);
#3772 = CARTESIAN_POINT('',(20.,43.25,12.));
#3773 = VECTOR('',#3774,1.);
#3774 = DIRECTION('',(0.,0.,1.));
#3775 = ORIENTED_EDGE('',*,*,#3776,.T.);
#3776 = EDGE_CURVE('',#3769,#3619,#3777,.T.);
#3777 = CIRCLE('',#3778,4.);
#3778 = AXIS2_PLACEMENT_3D('',#3779,#3780,#3781);
#3779 = CARTESIAN_POINT('',(16.,43.25,16.));
#3780 = DIRECTION('',(0.,0.,1.));
#3781 = DIRECTION('',(1.,0.,0.));
#3782 = ORIENTED_EDGE('',*,*,#3618,.F.);
#3783 = ORIENTED_EDGE('',*,*,#3297,.F.);
#3784 = CYLINDRICAL_SURFACE('',#3785,4.);
#3785 = AXIS2_PLACEMENT_3D('',#3786,#3787,#3788);
#3786 = CARTESIAN_POINT('',(16.,43.25,12.));
#3787 = DIRECTION('',(-0.,-0.,-1.));
#3788 = DIRECTION('',(1.,0.,0.));
#3789 = ADVANCED_FACE('',(#3790),#3809,.F.);
#3790 = FACE_BOUND('',#3791,.F.);
#3791 = EDGE_LOOP('',(#3792,#3800,#3806,#3807,#3808));
#3792 = ORIENTED_EDGE('',*,*,#3793,.T.);
#3793 = EDGE_CURVE('',#3333,#3794,#3796,.T.);
#3794 = VERTEX_POINT('',#3795);
#3795 = CARTESIAN_POINT('',(20.,11.25,16.));
#3796 = LINE('',#3797,#3798);
#3797 = CARTESIAN_POINT('',(20.,11.25,12.));
#3798 = VECTOR('',#3799,1.);
#3799 = DIRECTION('',(0.,0.,1.));
#3800 = ORIENTED_EDGE('',*,*,#3801,.T.);
#3801 = EDGE_CURVE('',#3794,#3769,#3802,.T.);
#3802 = LINE('',#3803,#3804);
#3803 = CARTESIAN_POINT('',(20.,11.25,16.));
#3804 = VECTOR('',#3805,1.);
#3805 = DIRECTION('',(0.,1.,0.));
#3806 = ORIENTED_EDGE('',*,*,#3768,.F.);
#3807 = ORIENTED_EDGE('',*,*,#3289,.F.);
#3808 = ORIENTED_EDGE('',*,*,#3341,.F.);
#3809 = PLANE('',#3810);
#3810 = AXIS2_PLACEMENT_3D('',#3811,#3812,#3813);
#3811 = CARTESIAN_POINT('',(20.,11.25,12.));
#3812 = DIRECTION('',(-1.,0.,0.));
#3813 = DIRECTION('',(0.,1.,0.));
#3814 = ADVANCED_FACE('',(#3815),#3834,.F.);
#3815 = FACE_BOUND('',#3816,.T.);
#3816 = EDGE_LOOP('',(#3817,#3825,#3832,#3833));
#3817 = ORIENTED_EDGE('',*,*,#3818,.T.);
#3818 = EDGE_CURVE('',#3307,#3819,#3821,.T.);
#3819 = VERTEX_POINT('',#3820);
#3820 = CARTESIAN_POINT('',(18.35,43.25,15.6));
#3821 = LINE('',#3822,#3823);
#3822 = CARTESIAN_POINT('',(18.35,43.25,12.));
#3823 = VECTOR('',#3824,1.);
#3824 = DIRECTION('',(0.,0.,1.));
#3825 = ORIENTED_EDGE('',*,*,#3826,.T.);
#3826 = EDGE_CURVE('',#3819,#3819,#3827,.T.);
#3827 = CIRCLE('',#3828,2.35);
#3828 = AXIS2_PLACEMENT_3D('',#3829,#3830,#3831);
#3829 = CARTESIAN_POINT('',(16.,43.25,15.6));
#3830 = DIRECTION('',(0.,0.,1.));
#3831 = DIRECTION('',(1.,0.,0.));
#3832 = ORIENTED_EDGE('',*,*,#3818,.F.);
#3833 = ORIENTED_EDGE('',*,*,#3306,.F.);
#3834 = CYLINDRICAL_SURFACE('',#3835,2.35);
#3835 = AXIS2_PLACEMENT_3D('',#3836,#3837,#3838);
#3836 = CARTESIAN_POINT('',(16.,43.25,12.));
#3837 = DIRECTION('',(-0.,-0.,-1.));
#3838 = DIRECTION('',(1.,0.,0.));
#3839 = ADVANCED_FACE('',(#3840),#3852,.T.);
#3840 = FACE_BOUND('',#3841,.F.);
#3841 = EDGE_LOOP('',(#3842,#3843,#3850,#3851));
#3842 = ORIENTED_EDGE('',*,*,#3709,.T.);
#3843 = ORIENTED_EDGE('',*,*,#3844,.T.);
#3844 = EDGE_CURVE('',#3702,#3794,#3845,.T.);
#3845 = CIRCLE('',#3846,4.);
#3846 = AXIS2_PLACEMENT_3D('',#3847,#3848,#3849);
#3847 = CARTESIAN_POINT('',(16.,11.25,16.));
#3848 = DIRECTION('',(0.,0.,1.));
#3849 = DIRECTION('',(1.,0.,0.));
#3850 = ORIENTED_EDGE('',*,*,#3793,.F.);
#3851 = ORIENTED_EDGE('',*,*,#3332,.F.);
#3852 = CYLINDRICAL_SURFACE('',#3853,4.);
#3853 = AXIS2_PLACEMENT_3D('',#3854,#3855,#3856);
#3854 = CARTESIAN_POINT('',(16.,11.25,12.));
#3855 = DIRECTION('',(-0.,-0.,-1.));
#3856 = DIRECTION('',(1.,0.,0.));
#3857 = ADVANCED_FACE('',(#3858),#3877,.F.);
#3858 = FACE_BOUND('',#3859,.T.);
#3859 = EDGE_LOOP('',(#3860,#3868,#3875,#3876));
#3860 = ORIENTED_EDGE('',*,*,#3861,.T.);
#3861 = EDGE_CURVE('',#3354,#3862,#3864,.T.);
#3862 = VERTEX_POINT('',#3863);
#3863 = CARTESIAN_POINT('',(18.35,11.25,15.6));
#3864 = LINE('',#3865,#3866);
#3865 = CARTESIAN_POINT('',(18.35,11.25,12.));
#3866 = VECTOR('',#3867,1.);
#3867 = DIRECTION('',(0.,0.,1.));
#3868 = ORIENTED_EDGE('',*,*,#3869,.T.);
#3869 = EDGE_CURVE('',#3862,#3862,#3870,.T.);
#3870 = CIRCLE('',#3871,2.35);
#3871 = AXIS2_PLACEMENT_3D('',#3872,#3873,#3874);
#3872 = CARTESIAN_POINT('',(16.,11.25,15.6));
#3873 = DIRECTION('',(0.,0.,1.));
#3874 = DIRECTION('',(1.,0.,0.));
#3875 = ORIENTED_EDGE('',*,*,#3861,.F.);
#3876 = ORIENTED_EDGE('',*,*,#3353,.F.);
#3877 = CYLINDRICAL_SURFACE('',#3878,2.35);
#3878 = AXIS2_PLACEMENT_3D('',#3879,#3880,#3881);
#3879 = CARTESIAN_POINT('',(16.,11.25,12.));
#3880 = DIRECTION('',(-0.,-0.,-1.));
#3881 = DIRECTION('',(1.,0.,0.));
#3882 = ADVANCED_FACE('',(#3883),#3902,.F.);
#3883 = FACE_BOUND('',#3884,.T.);
#3884 = EDGE_LOOP('',(#3885,#3893,#3900,#3901));
#3885 = ORIENTED_EDGE('',*,*,#3886,.F.);
#3886 = EDGE_CURVE('',#3887,#3374,#3889,.T.);
#3887 = VERTEX_POINT('',#3888);
#3888 = CARTESIAN_POINT('',(1.65,54.6,0.4));
#3889 = LINE('',#3890,#3891);
#3890 = CARTESIAN_POINT('',(1.65,54.6,0.));
#3891 = VECTOR('',#3892,1.);
#3892 = DIRECTION('',(0.,0.,1.));
#3893 = ORIENTED_EDGE('',*,*,#3894,.F.);
#3894 = EDGE_CURVE('',#3887,#3887,#3895,.T.);
#3895 = CIRCLE('',#3896,1.65);
#3896 = AXIS2_PLACEMENT_3D('',#3897,#3898,#3899);
#3897 = CARTESIAN_POINT('',(0.,54.6,0.4));
#3898 = DIRECTION('',(0.,0.,1.));
#3899 = DIRECTION('',(1.,0.,0.));
#3900 = ORIENTED_EDGE('',*,*,#3886,.T.);
#3901 = ORIENTED_EDGE('',*,*,#3373,.F.);
#3902 = CYLINDRICAL_SURFACE('',#3903,1.65);
#3903 = AXIS2_PLACEMENT_3D('',#3904,#3905,#3906);
#3904 = CARTESIAN_POINT('',(0.,54.6,0.));
#3905 = DIRECTION('',(-0.,-0.,-1.));
#3906 = DIRECTION('',(1.,0.,0.));
#3907 = ADVANCED_FACE('',(#3908),#3933,.T.);
#3908 = FACE_BOUND('',#3909,.T.);
#3909 = EDGE_LOOP('',(#3910,#3918,#3919,#3927));
#3910 = ORIENTED_EDGE('',*,*,#3911,.F.);
#3911 = EDGE_CURVE('',#3401,#3912,#3914,.T.);
#3912 = VERTEX_POINT('',#3913);
#3913 = CARTESIAN_POINT('',(11.5,37.726348502534,0.4));
#3914 = LINE('',#3915,#3916);
#3915 = CARTESIAN_POINT('',(11.7,37.726348502534,0.2));
#3916 = VECTOR('',#3917,1.);
#3917 = DIRECTION('',(-0.707106781187,0.,0.707106781187));
#3918 = ORIENTED_EDGE('',*,*,#3400,.T.);
#3919 = ORIENTED_EDGE('',*,*,#3920,.T.);
#3920 = EDGE_CURVE('',#3403,#3921,#3923,.T.);
#3921 = VERTEX_POINT('',#3922);
#3922 = CARTESIAN_POINT('',(11.5,16.873651497466,0.4));
#3923 = LINE('',#3924,#3925);
#3924 = CARTESIAN_POINT('',(11.7,16.873651497466,0.2));
#3925 = VECTOR('',#3926,1.);
#3926 = DIRECTION('',(-0.707106781187,0.,0.707106781187));
#3927 = ORIENTED_EDGE('',*,*,#3928,.F.);
#3928 = EDGE_CURVE('',#3912,#3921,#3929,.T.);
#3929 = LINE('',#3930,#3931);
#3930 = CARTESIAN_POINT('',(11.5,37.726348502534,0.4));
#3931 = VECTOR('',#3932,1.);
#3932 = DIRECTION('',(0.,-1.,0.));
#3933 = PLANE('',#3934);
#3934 = AXIS2_PLACEMENT_3D('',#3935,#3936,#3937);
#3935 = CARTESIAN_POINT('',(11.7,37.726348502534,0.2));
#3936 = DIRECTION('',(-0.707106781187,3.474993633276E-18,-0.707106781187
    ));
#3937 = DIRECTION('',(-2.457191562669E-18,-1.,-2.457191562669E-18));
#3938 = ADVANCED_FACE('',(#3939),#3958,.F.);
#3939 = FACE_BOUND('',#3940,.T.);
#3940 = EDGE_LOOP('',(#3941,#3949,#3950,#3951));
#3941 = ORIENTED_EDGE('',*,*,#3942,.F.);
#3942 = EDGE_CURVE('',#3522,#3943,#3945,.T.);
#3943 = VERTEX_POINT('',#3944);
#3944 = CARTESIAN_POINT('',(11.258845726812,38.626348502534,0.4));
#3945 = LINE('',#3946,#3947);
#3946 = CARTESIAN_POINT('',(11.432050807569,38.726348502534,0.2));
#3947 = VECTOR('',#3948,1.);
#3948 = DIRECTION('',(-0.612372435696,-0.353553390593,0.707106781187));
#3949 = ORIENTED_EDGE('',*,*,#3529,.T.);
#3950 = ORIENTED_EDGE('',*,*,#3911,.T.);
#3951 = ORIENTED_EDGE('',*,*,#3952,.F.);
#3952 = EDGE_CURVE('',#3943,#3912,#3953,.T.);
#3953 = CIRCLE('',#3954,1.8);
#3954 = AXIS2_PLACEMENT_3D('',#3955,#3956,#3957);
#3955 = CARTESIAN_POINT('',(9.7,37.726348502534,0.4));
#3956 = DIRECTION('',(0.,0.,-1.));
#3957 = DIRECTION('',(0.866025403784,0.5,0.));
#3958 = CONICAL_SURFACE('',#3959,1.8,0.785398163397);
#3959 = AXIS2_PLACEMENT_3D('',#3960,#3961,#3962);
#3960 = CARTESIAN_POINT('',(9.7,37.726348502534,0.4));
#3961 = DIRECTION('',(-0.,-0.,-1.));
#3962 = DIRECTION('',(0.866025403784,0.5,0.));
#3963 = ADVANCED_FACE('',(#3964),#3983,.F.);
#3964 = FACE_BOUND('',#3965,.T.);
#3965 = EDGE_LOOP('',(#3966,#3967,#3968,#3976));
#3966 = ORIENTED_EDGE('',*,*,#3920,.F.);
#3967 = ORIENTED_EDGE('',*,*,#3410,.T.);
#3968 = ORIENTED_EDGE('',*,*,#3969,.T.);
#3969 = EDGE_CURVE('',#3411,#3970,#3972,.T.);
#3970 = VERTEX_POINT('',#3971);
#3971 = CARTESIAN_POINT('',(11.258845726812,15.973651497466,0.4));
#3972 = LINE('',#3973,#3974);
#3973 = CARTESIAN_POINT('',(11.258845726812,15.973651497466,0.4));
#3974 = VECTOR('',#3975,1.);
#3975 = DIRECTION('',(-0.612372435696,0.353553390593,0.707106781187));
#3976 = ORIENTED_EDGE('',*,*,#3977,.F.);
#3977 = EDGE_CURVE('',#3921,#3970,#3978,.T.);
#3978 = CIRCLE('',#3979,1.8);
#3979 = AXIS2_PLACEMENT_3D('',#3980,#3981,#3982);
#3980 = CARTESIAN_POINT('',(9.7,16.873651497466,0.4));
#3981 = DIRECTION('',(0.,0.,-1.));
#3982 = DIRECTION('',(1.,0.,0.));
#3983 = CONICAL_SURFACE('',#3984,1.8,0.785398163397);
#3984 = AXIS2_PLACEMENT_3D('',#3985,#3986,#3987);
#3985 = CARTESIAN_POINT('',(9.7,16.873651497466,0.4));
#3986 = DIRECTION('',(-0.,-0.,-1.));
#3987 = DIRECTION('',(1.,0.,0.));
#3988 = ADVANCED_FACE('',(#3989),#4007,.T.);
#3989 = FACE_BOUND('',#3990,.T.);
#3990 = EDGE_LOOP('',(#3991,#3999,#4000,#4001));
#3991 = ORIENTED_EDGE('',*,*,#3992,.F.);
#3992 = EDGE_CURVE('',#3513,#3993,#3995,.T.);
#3993 = VERTEX_POINT('',#3994);
#3994 = CARTESIAN_POINT('',(6.308845726812,47.2,0.4));
#3995 = LINE('',#3996,#3997);
#3996 = CARTESIAN_POINT('',(6.308845726812,47.2,0.4));
#3997 = VECTOR('',#3998,1.);
#3998 = DIRECTION('',(-0.612372435696,-0.353553390593,0.707106781187));
#3999 = ORIENTED_EDGE('',*,*,#3521,.T.);
#4000 = ORIENTED_EDGE('',*,*,#3942,.T.);
#4001 = ORIENTED_EDGE('',*,*,#4002,.F.);
#4002 = EDGE_CURVE('',#3993,#3943,#4003,.T.);
#4003 = LINE('',#4004,#4005);
#4004 = CARTESIAN_POINT('',(6.308845726812,47.2,0.4));
#4005 = VECTOR('',#4006,1.);
#4006 = DIRECTION('',(0.5,-0.866025403784,0.));
#4007 = PLANE('',#4008);
#4008 = AXIS2_PLACEMENT_3D('',#4009,#4010,#4011);
#4009 = CARTESIAN_POINT('',(6.482050807569,47.3,0.2));
#4010 = DIRECTION('',(-0.612372435696,-0.353553390593,-0.707106781187));
#4011 = DIRECTION('',(0.5,-0.866025403784,-8.326672684689E-17));
#4012 = ADVANCED_FACE('',(#4013),#4031,.T.);
#4013 = FACE_BOUND('',#4014,.T.);
#4014 = EDGE_LOOP('',(#4015,#4016,#4017,#4025));
#4015 = ORIENTED_EDGE('',*,*,#3969,.F.);
#4016 = ORIENTED_EDGE('',*,*,#3419,.T.);
#4017 = ORIENTED_EDGE('',*,*,#4018,.T.);
#4018 = EDGE_CURVE('',#3420,#4019,#4021,.T.);
#4019 = VERTEX_POINT('',#4020);
#4020 = CARTESIAN_POINT('',(6.308845726812,7.4,0.4));
#4021 = LINE('',#4022,#4023);
#4022 = CARTESIAN_POINT('',(6.482050807569,7.3,0.2));
#4023 = VECTOR('',#4024,1.);
#4024 = DIRECTION('',(-0.612372435696,0.353553390593,0.707106781187));
#4025 = ORIENTED_EDGE('',*,*,#4026,.F.);
#4026 = EDGE_CURVE('',#3970,#4019,#4027,.T.);
#4027 = LINE('',#4028,#4029);
#4028 = CARTESIAN_POINT('',(11.258845726812,15.973651497466,0.4));
#4029 = VECTOR('',#4030,1.);
#4030 = DIRECTION('',(-0.5,-0.866025403784,0.));
#4031 = PLANE('',#4032);
#4032 = AXIS2_PLACEMENT_3D('',#4033,#4034,#4035);
#4033 = CARTESIAN_POINT('',(11.432050807569,15.873651497466,0.2));
#4034 = DIRECTION('',(-0.612372435696,0.353553390593,-0.707106781187));
#4035 = DIRECTION('',(-0.5,-0.866025403784,1.387778780781E-16));
#4036 = ADVANCED_FACE('',(#4037),#4056,.F.);
#4037 = FACE_BOUND('',#4038,.T.);
#4038 = EDGE_LOOP('',(#4039,#4047,#4048,#4049));
#4039 = ORIENTED_EDGE('',*,*,#4040,.F.);
#4040 = EDGE_CURVE('',#3505,#4041,#4043,.T.);
#4041 = VERTEX_POINT('',#4042);
#4042 = CARTESIAN_POINT('',(4.75,48.1,0.4));
#4043 = LINE('',#4044,#4045);
#4044 = CARTESIAN_POINT('',(4.75,48.3,0.2));
#4045 = VECTOR('',#4046,1.);
#4046 = DIRECTION('',(0.,-0.707106781187,0.707106781187));
#4047 = ORIENTED_EDGE('',*,*,#3512,.T.);
#4048 = ORIENTED_EDGE('',*,*,#3992,.T.);
#4049 = ORIENTED_EDGE('',*,*,#4050,.F.);
#4050 = EDGE_CURVE('',#4041,#3993,#4051,.T.);
#4051 = CIRCLE('',#4052,1.8);
#4052 = AXIS2_PLACEMENT_3D('',#4053,#4054,#4055);
#4053 = CARTESIAN_POINT('',(4.75,46.3,0.4));
#4054 = DIRECTION('',(0.,0.,-1.));
#4055 = DIRECTION('',(0.,1.,0.));
#4056 = CONICAL_SURFACE('',#4057,1.8,0.785398163397);
#4057 = AXIS2_PLACEMENT_3D('',#4058,#4059,#4060);
#4058 = CARTESIAN_POINT('',(4.75,46.3,0.4));
#4059 = DIRECTION('',(-0.,-0.,-1.));
#4060 = DIRECTION('',(0.,1.,0.));
#4061 = ADVANCED_FACE('',(#4062),#4081,.F.);
#4062 = FACE_BOUND('',#4063,.T.);
#4063 = EDGE_LOOP('',(#4064,#4065,#4066,#4074));
#4064 = ORIENTED_EDGE('',*,*,#4018,.F.);
#4065 = ORIENTED_EDGE('',*,*,#3427,.T.);
#4066 = ORIENTED_EDGE('',*,*,#4067,.T.);
#4067 = EDGE_CURVE('',#3428,#4068,#4070,.T.);
#4068 = VERTEX_POINT('',#4069);
#4069 = CARTESIAN_POINT('',(4.75,6.5,0.4));
#4070 = LINE('',#4071,#4072);
#4071 = CARTESIAN_POINT('',(4.75,6.5,0.4));
#4072 = VECTOR('',#4073,1.);
#4073 = DIRECTION('',(1.665334536938E-16,0.707106781187,0.707106781187)
  );
#4074 = ORIENTED_EDGE('',*,*,#4075,.F.);
#4075 = EDGE_CURVE('',#4019,#4068,#4076,.T.);
#4076 = CIRCLE('',#4077,1.8);
#4077 = AXIS2_PLACEMENT_3D('',#4078,#4079,#4080);
#4078 = CARTESIAN_POINT('',(4.75,8.3,0.4));
#4079 = DIRECTION('',(0.,-0.,-1.));
#4080 = DIRECTION('',(0.866025403784,-0.5,0.));
#4081 = CONICAL_SURFACE('',#4082,1.8,0.785398163397);
#4082 = AXIS2_PLACEMENT_3D('',#4083,#4084,#4085);
#4083 = CARTESIAN_POINT('',(4.75,8.3,0.4));
#4084 = DIRECTION('',(-0.,-0.,-1.));
#4085 = DIRECTION('',(0.866025403784,-0.5,0.));
#4086 = ADVANCED_FACE('',(#4087),#4105,.T.);
#4087 = FACE_BOUND('',#4088,.T.);
#4088 = EDGE_LOOP('',(#4089,#4097,#4098,#4099));
#4089 = ORIENTED_EDGE('',*,*,#4090,.F.);
#4090 = EDGE_CURVE('',#3496,#4091,#4093,.T.);
#4091 = VERTEX_POINT('',#4092);
#4092 = CARTESIAN_POINT('',(-4.75,48.1,0.4));
#4093 = LINE('',#4094,#4095);
#4094 = CARTESIAN_POINT('',(-4.75,48.1,0.4));
#4095 = VECTOR('',#4096,1.);
#4096 = DIRECTION('',(7.771561172376E-16,-0.707106781187,0.707106781187)
  );
#4097 = ORIENTED_EDGE('',*,*,#3504,.T.);
#4098 = ORIENTED_EDGE('',*,*,#4040,.T.);
#4099 = ORIENTED_EDGE('',*,*,#4100,.F.);
#4100 = EDGE_CURVE('',#4091,#4041,#4101,.T.);
#4101 = LINE('',#4102,#4103);
#4102 = CARTESIAN_POINT('',(-4.75,48.1,0.4));
#4103 = VECTOR('',#4104,1.);
#4104 = DIRECTION('',(1.,0.,0.));
#4105 = PLANE('',#4106);
#4106 = AXIS2_PLACEMENT_3D('',#4107,#4108,#4109);
#4107 = CARTESIAN_POINT('',(-4.75,48.3,0.2));
#4108 = DIRECTION('',(6.949987266552E-18,-0.707106781187,-0.707106781187
    ));
#4109 = DIRECTION('',(1.,4.914383125339E-18,4.914383125339E-18));
#4110 = ADVANCED_FACE('',(#4111),#4129,.T.);
#4111 = FACE_BOUND('',#4112,.T.);
#4112 = EDGE_LOOP('',(#4113,#4114,#4115,#4123));
#4113 = ORIENTED_EDGE('',*,*,#4067,.F.);
#4114 = ORIENTED_EDGE('',*,*,#3436,.T.);
#4115 = ORIENTED_EDGE('',*,*,#4116,.T.);
#4116 = EDGE_CURVE('',#3437,#4117,#4119,.T.);
#4117 = VERTEX_POINT('',#4118);
#4118 = CARTESIAN_POINT('',(-4.75,6.5,0.4));
#4119 = LINE('',#4120,#4121);
#4120 = CARTESIAN_POINT('',(-4.75,6.3,0.2));
#4121 = VECTOR('',#4122,1.);
#4122 = DIRECTION('',(0.,0.707106781187,0.707106781187));
#4123 = ORIENTED_EDGE('',*,*,#4124,.F.);
#4124 = EDGE_CURVE('',#4068,#4117,#4125,.T.);
#4125 = LINE('',#4126,#4127);
#4126 = CARTESIAN_POINT('',(4.75,6.5,0.4));
#4127 = VECTOR('',#4128,1.);
#4128 = DIRECTION('',(-1.,0.,0.));
#4129 = PLANE('',#4130);
#4130 = AXIS2_PLACEMENT_3D('',#4131,#4132,#4133);
#4131 = CARTESIAN_POINT('',(4.75,6.3,0.2));
#4132 = DIRECTION('',(3.474993633276E-18,0.707106781187,-0.707106781187)
  );
#4133 = DIRECTION('',(-1.,2.457191562669E-18,-2.457191562669E-18));
#4134 = ADVANCED_FACE('',(#4135),#4154,.F.);
#4135 = FACE_BOUND('',#4136,.T.);
#4136 = EDGE_LOOP('',(#4137,#4145,#4146,#4147));
#4137 = ORIENTED_EDGE('',*,*,#4138,.F.);
#4138 = EDGE_CURVE('',#3488,#4139,#4141,.T.);
#4139 = VERTEX_POINT('',#4140);
#4140 = CARTESIAN_POINT('',(-6.308845726812,47.2,0.4));
#4141 = LINE('',#4142,#4143);
#4142 = CARTESIAN_POINT('',(-6.482050807569,47.3,0.2));
#4143 = VECTOR('',#4144,1.);
#4144 = DIRECTION('',(0.612372435696,-0.353553390593,0.707106781187));
#4145 = ORIENTED_EDGE('',*,*,#3495,.T.);
#4146 = ORIENTED_EDGE('',*,*,#4090,.T.);
#4147 = ORIENTED_EDGE('',*,*,#4148,.F.);
#4148 = EDGE_CURVE('',#4139,#4091,#4149,.T.);
#4149 = CIRCLE('',#4150,1.8);
#4150 = AXIS2_PLACEMENT_3D('',#4151,#4152,#4153);
#4151 = CARTESIAN_POINT('',(-4.75,46.3,0.4));
#4152 = DIRECTION('',(0.,0.,-1.));
#4153 = DIRECTION('',(-0.866025403784,0.5,0.));
#4154 = CONICAL_SURFACE('',#4155,1.8,0.785398163397);
#4155 = AXIS2_PLACEMENT_3D('',#4156,#4157,#4158);
#4156 = CARTESIAN_POINT('',(-4.75,46.3,0.4));
#4157 = DIRECTION('',(-0.,-0.,-1.));
#4158 = DIRECTION('',(-0.866025403784,0.5,0.));
#4159 = ADVANCED_FACE('',(#4160),#4179,.F.);
#4160 = FACE_BOUND('',#4161,.T.);
#4161 = EDGE_LOOP('',(#4162,#4163,#4164,#4172));
#4162 = ORIENTED_EDGE('',*,*,#4116,.F.);
#4163 = ORIENTED_EDGE('',*,*,#3444,.T.);
#4164 = ORIENTED_EDGE('',*,*,#4165,.T.);
#4165 = EDGE_CURVE('',#3445,#4166,#4168,.T.);
#4166 = VERTEX_POINT('',#4167);
#4167 = CARTESIAN_POINT('',(-6.308845726812,7.4,0.4));
#4168 = LINE('',#4169,#4170);
#4169 = CARTESIAN_POINT('',(-6.308845726812,7.4,0.4));
#4170 = VECTOR('',#4171,1.);
#4171 = DIRECTION('',(0.612372435696,0.353553390593,0.707106781187));
#4172 = ORIENTED_EDGE('',*,*,#4173,.F.);
#4173 = EDGE_CURVE('',#4117,#4166,#4174,.T.);
#4174 = CIRCLE('',#4175,1.8);
#4175 = AXIS2_PLACEMENT_3D('',#4176,#4177,#4178);
#4176 = CARTESIAN_POINT('',(-4.75,8.3,0.4));
#4177 = DIRECTION('',(-0.,-0.,-1.));
#4178 = DIRECTION('',(0.,-1.,0.));
#4179 = CONICAL_SURFACE('',#4180,1.8,0.785398163397);
#4180 = AXIS2_PLACEMENT_3D('',#4181,#4182,#4183);
#4181 = CARTESIAN_POINT('',(-4.75,8.3,0.4));
#4182 = DIRECTION('',(-0.,-0.,-1.));
#4183 = DIRECTION('',(0.,-1.,0.));
#4184 = ADVANCED_FACE('',(#4185),#4203,.T.);
#4185 = FACE_BOUND('',#4186,.T.);
#4186 = EDGE_LOOP('',(#4187,#4195,#4196,#4197));
#4187 = ORIENTED_EDGE('',*,*,#4188,.F.);
#4188 = EDGE_CURVE('',#3479,#4189,#4191,.T.);
#4189 = VERTEX_POINT('',#4190);
#4190 = CARTESIAN_POINT('',(-11.25884572681,38.626348502534,0.4));
#4191 = LINE('',#4192,#4193);
#4192 = CARTESIAN_POINT('',(-11.25884572681,38.626348502534,0.4));
#4193 = VECTOR('',#4194,1.);
#4194 = DIRECTION('',(0.612372435696,-0.353553390593,0.707106781187));
#4195 = ORIENTED_EDGE('',*,*,#3487,.T.);
#4196 = ORIENTED_EDGE('',*,*,#4138,.T.);
#4197 = ORIENTED_EDGE('',*,*,#4198,.F.);
#4198 = EDGE_CURVE('',#4189,#4139,#4199,.T.);
#4199 = LINE('',#4200,#4201);
#4200 = CARTESIAN_POINT('',(-11.25884572681,38.626348502534,0.4));
#4201 = VECTOR('',#4202,1.);
#4202 = DIRECTION('',(0.5,0.866025403784,0.));
#4203 = PLANE('',#4204);
#4204 = AXIS2_PLACEMENT_3D('',#4205,#4206,#4207);
#4205 = CARTESIAN_POINT('',(-11.43205080756,38.726348502534,0.2));
#4206 = DIRECTION('',(0.612372435696,-0.353553390593,-0.707106781187));
#4207 = DIRECTION('',(0.5,0.866025403784,-1.110223024625E-16));
#4208 = ADVANCED_FACE('',(#4209),#4227,.T.);
#4209 = FACE_BOUND('',#4210,.T.);
#4210 = EDGE_LOOP('',(#4211,#4212,#4213,#4221));
#4211 = ORIENTED_EDGE('',*,*,#4165,.F.);
#4212 = ORIENTED_EDGE('',*,*,#3453,.T.);
#4213 = ORIENTED_EDGE('',*,*,#4214,.T.);
#4214 = EDGE_CURVE('',#3454,#4215,#4217,.T.);
#4215 = VERTEX_POINT('',#4216);
#4216 = CARTESIAN_POINT('',(-11.25884572681,15.973651497466,0.4));
#4217 = LINE('',#4218,#4219);
#4218 = CARTESIAN_POINT('',(-11.43205080756,15.873651497466,0.2));
#4219 = VECTOR('',#4220,1.);
#4220 = DIRECTION('',(0.612372435696,0.353553390593,0.707106781187));
#4221 = ORIENTED_EDGE('',*,*,#4222,.F.);
#4222 = EDGE_CURVE('',#4166,#4215,#4223,.T.);
#4223 = LINE('',#4224,#4225);
#4224 = CARTESIAN_POINT('',(-6.308845726812,7.4,0.4));
#4225 = VECTOR('',#4226,1.);
#4226 = DIRECTION('',(-0.5,0.866025403784,0.));
#4227 = PLANE('',#4228);
#4228 = AXIS2_PLACEMENT_3D('',#4229,#4230,#4231);
#4229 = CARTESIAN_POINT('',(-6.482050807569,7.3,0.2));
#4230 = DIRECTION('',(0.612372435696,0.353553390593,-0.707106781187));
#4231 = DIRECTION('',(-0.5,0.866025403784,2.775557561563E-17));
#4232 = ADVANCED_FACE('',(#4233),#4252,.F.);
#4233 = FACE_BOUND('',#4234,.T.);
#4234 = EDGE_LOOP('',(#4235,#4243,#4244,#4245));
#4235 = ORIENTED_EDGE('',*,*,#4236,.F.);
#4236 = EDGE_CURVE('',#3471,#4237,#4239,.T.);
#4237 = VERTEX_POINT('',#4238);
#4238 = CARTESIAN_POINT('',(-11.5,37.726348502534,0.4));
#4239 = LINE('',#4240,#4241);
#4240 = CARTESIAN_POINT('',(-11.7,37.726348502534,0.2));
#4241 = VECTOR('',#4242,1.);
#4242 = DIRECTION('',(0.707106781187,0.,0.707106781187));
#4243 = ORIENTED_EDGE('',*,*,#3478,.T.);
#4244 = ORIENTED_EDGE('',*,*,#4188,.T.);
#4245 = ORIENTED_EDGE('',*,*,#4246,.F.);
#4246 = EDGE_CURVE('',#4237,#4189,#4247,.T.);
#4247 = CIRCLE('',#4248,1.8);
#4248 = AXIS2_PLACEMENT_3D('',#4249,#4250,#4251);
#4249 = CARTESIAN_POINT('',(-9.7,37.726348502534,0.4));
#4250 = DIRECTION('',(0.,0.,-1.));
#4251 = DIRECTION('',(-1.,0.,0.));
#4252 = CONICAL_SURFACE('',#4253,1.8,0.785398163397);
#4253 = AXIS2_PLACEMENT_3D('',#4254,#4255,#4256);
#4254 = CARTESIAN_POINT('',(-9.7,37.726348502534,0.4));
#4255 = DIRECTION('',(-0.,-0.,-1.));
#4256 = DIRECTION('',(-1.,0.,0.));
#4257 = ADVANCED_FACE('',(#4258),#4277,.F.);
#4258 = FACE_BOUND('',#4259,.T.);
#4259 = EDGE_LOOP('',(#4260,#4261,#4262,#4270));
#4260 = ORIENTED_EDGE('',*,*,#4214,.F.);
#4261 = ORIENTED_EDGE('',*,*,#3461,.T.);
#4262 = ORIENTED_EDGE('',*,*,#4263,.T.);
#4263 = EDGE_CURVE('',#3462,#4264,#4266,.T.);
#4264 = VERTEX_POINT('',#4265);
#4265 = CARTESIAN_POINT('',(-11.5,16.873651497466,0.4));
#4266 = LINE('',#4267,#4268);
#4267 = CARTESIAN_POINT('',(-11.5,16.873651497466,0.4));
#4268 = VECTOR('',#4269,1.);
#4269 = DIRECTION('',(0.707106781187,-1.110223024625E-16,0.707106781187)
  );
#4270 = ORIENTED_EDGE('',*,*,#4271,.F.);
#4271 = EDGE_CURVE('',#4215,#4264,#4272,.T.);
#4272 = CIRCLE('',#4273,1.8);
#4273 = AXIS2_PLACEMENT_3D('',#4274,#4275,#4276);
#4274 = CARTESIAN_POINT('',(-9.7,16.873651497466,0.4));
#4275 = DIRECTION('',(-0.,0.,-1.));
#4276 = DIRECTION('',(-0.866025403784,-0.5,0.));
#4277 = CONICAL_SURFACE('',#4278,1.8,0.785398163397);
#4278 = AXIS2_PLACEMENT_3D('',#4279,#4280,#4281);
#4279 = CARTESIAN_POINT('',(-9.7,16.873651497466,0.4));
#4280 = DIRECTION('',(-0.,-0.,-1.));
#4281 = DIRECTION('',(-0.866025403784,-0.5,0.));
#4282 = ADVANCED_FACE('',(#4283),#4294,.T.);
#4283 = FACE_BOUND('',#4284,.T.);
#4284 = EDGE_LOOP('',(#4285,#4286,#4287,#4288));
#4285 = ORIENTED_EDGE('',*,*,#4263,.F.);
#4286 = ORIENTED_EDGE('',*,*,#3470,.T.);
#4287 = ORIENTED_EDGE('',*,*,#4236,.T.);
#4288 = ORIENTED_EDGE('',*,*,#4289,.F.);
#4289 = EDGE_CURVE('',#4264,#4237,#4290,.T.);
#4290 = LINE('',#4291,#4292);
#4291 = CARTESIAN_POINT('',(-11.5,16.873651497466,0.4));
#4292 = VECTOR('',#4293,1.);
#4293 = DIRECTION('',(0.,1.,0.));
#4294 = PLANE('',#4295);
#4295 = AXIS2_PLACEMENT_3D('',#4296,#4297,#4298);
#4296 = CARTESIAN_POINT('',(-11.7,16.873651497466,0.2));
#4297 = DIRECTION('',(0.707106781187,-3.474993633276E-18,-0.707106781187
    ));
#4298 = DIRECTION('',(2.457191562669E-18,1.,-2.457191562669E-18));
#4299 = ADVANCED_FACE('',(#4300),#4319,.F.);
#4300 = FACE_BOUND('',#4301,.F.);
#4301 = EDGE_LOOP('',(#4302,#4310,#4311,#4312));
#4302 = ORIENTED_EDGE('',*,*,#4303,.F.);
#4303 = EDGE_CURVE('',#3539,#4304,#4306,.T.);
#4304 = VERTEX_POINT('',#4305);
#4305 = CARTESIAN_POINT('',(1.65,0.,0.4));
#4306 = LINE('',#4307,#4308);
#4307 = CARTESIAN_POINT('',(1.65,0.,0.4));
#4308 = VECTOR('',#4309,1.);
#4309 = DIRECTION('',(-0.707106781187,0.,0.707106781187));
#4310 = ORIENTED_EDGE('',*,*,#3538,.T.);
#4311 = ORIENTED_EDGE('',*,*,#4303,.T.);
#4312 = ORIENTED_EDGE('',*,*,#4313,.F.);
#4313 = EDGE_CURVE('',#4304,#4304,#4314,.T.);
#4314 = CIRCLE('',#4315,1.65);
#4315 = AXIS2_PLACEMENT_3D('',#4316,#4317,#4318);
#4316 = CARTESIAN_POINT('',(0.,0.,0.4));
#4317 = DIRECTION('',(0.,0.,1.));
#4318 = DIRECTION('',(1.,0.,0.));
#4319 = CONICAL_SURFACE('',#4320,1.65,0.785398163397);
#4320 = AXIS2_PLACEMENT_3D('',#4321,#4322,#4323);
#4321 = CARTESIAN_POINT('',(0.,0.,0.4));
#4322 = DIRECTION('',(-0.,-0.,-1.));
#4323 = DIRECTION('',(1.,0.,0.));
#4324 = ADVANCED_FACE('',(#4325),#4336,.F.);
#4325 = FACE_BOUND('',#4326,.F.);
#4326 = EDGE_LOOP('',(#4327,#4333,#4334,#4335));
#4327 = ORIENTED_EDGE('',*,*,#4328,.F.);
#4328 = EDGE_CURVE('',#3550,#3887,#4329,.T.);
#4329 = LINE('',#4330,#4331);
#4330 = CARTESIAN_POINT('',(1.65,54.6,0.4));
#4331 = VECTOR('',#4332,1.);
#4332 = DIRECTION('',(-0.707106781187,0.,0.707106781187));
#4333 = ORIENTED_EDGE('',*,*,#3549,.T.);
#4334 = ORIENTED_EDGE('',*,*,#4328,.T.);
#4335 = ORIENTED_EDGE('',*,*,#3894,.F.);
#4336 = CONICAL_SURFACE('',#4337,1.65,0.785398163397);
#4337 = AXIS2_PLACEMENT_3D('',#4338,#4339,#4340);
#4338 = CARTESIAN_POINT('',(0.,54.6,0.4));
#4339 = DIRECTION('',(-0.,-0.,-1.));
#4340 = DIRECTION('',(1.,0.,0.));
#4341 = ADVANCED_FACE('',(#4342),#4353,.F.);
#4342 = FACE_BOUND('',#4343,.T.);
#4343 = EDGE_LOOP('',(#4344,#4350,#4351,#4352));
#4344 = ORIENTED_EDGE('',*,*,#4345,.F.);
#4345 = EDGE_CURVE('',#4304,#3570,#4346,.T.);
#4346 = LINE('',#4347,#4348);
#4347 = CARTESIAN_POINT('',(1.65,0.,0.));
#4348 = VECTOR('',#4349,1.);
#4349 = DIRECTION('',(0.,0.,1.));
#4350 = ORIENTED_EDGE('',*,*,#4313,.F.);
#4351 = ORIENTED_EDGE('',*,*,#4345,.T.);
#4352 = ORIENTED_EDGE('',*,*,#3569,.F.);
#4353 = CYLINDRICAL_SURFACE('',#4354,1.65);
#4354 = AXIS2_PLACEMENT_3D('',#4355,#4356,#4357);
#4355 = CARTESIAN_POINT('',(0.,0.,0.));
#4356 = DIRECTION('',(-0.,-0.,-1.));
#4357 = DIRECTION('',(1.,0.,0.));
#4358 = ADVANCED_FACE('',(#4359,#4370,#4380,#4391,#4402,#4413),#4424,.T.
  );
#4359 = FACE_BOUND('',#4360,.T.);
#4360 = EDGE_LOOP('',(#4361));
#4361 = ORIENTED_EDGE('',*,*,#4362,.F.);
#4362 = EDGE_CURVE('',#4363,#4363,#4365,.T.);
#4363 = VERTEX_POINT('',#4364);
#4364 = CARTESIAN_POINT('',(18.75,11.25,16.));
#4365 = CIRCLE('',#4366,2.75);
#4366 = AXIS2_PLACEMENT_3D('',#4367,#4368,#4369);
#4367 = CARTESIAN_POINT('',(16.,11.25,16.));
#4368 = DIRECTION('',(0.,0.,1.));
#4369 = DIRECTION('',(1.,0.,0.));
#4370 = FACE_BOUND('',#4371,.T.);
#4371 = EDGE_LOOP('',(#4372,#4373,#4374,#4375,#4376,#4377,#4378,#4379));
#4372 = ORIENTED_EDGE('',*,*,#3644,.T.);
#4373 = ORIENTED_EDGE('',*,*,#3726,.T.);
#4374 = ORIENTED_EDGE('',*,*,#3701,.T.);
#4375 = ORIENTED_EDGE('',*,*,#3844,.T.);
#4376 = ORIENTED_EDGE('',*,*,#3801,.T.);
#4377 = ORIENTED_EDGE('',*,*,#3776,.T.);
#4378 = ORIENTED_EDGE('',*,*,#3626,.T.);
#4379 = ORIENTED_EDGE('',*,*,#3594,.T.);
#4380 = FACE_BOUND('',#4381,.F.);
#4381 = EDGE_LOOP('',(#4382));
#4382 = ORIENTED_EDGE('',*,*,#4383,.T.);
#4383 = EDGE_CURVE('',#4384,#4384,#4386,.T.);
#4384 = VERTEX_POINT('',#4385);
#4385 = CARTESIAN_POINT('',(18.4,27.25,16.));
#4386 = CIRCLE('',#4387,18.4);
#4387 = AXIS2_PLACEMENT_3D('',#4388,#4389,#4390);
#4388 = CARTESIAN_POINT('',(0.,27.25,16.));
#4389 = DIRECTION('',(0.,0.,1.));
#4390 = DIRECTION('',(1.,0.,0.));
#4391 = FACE_BOUND('',#4392,.T.);
#4392 = EDGE_LOOP('',(#4393));
#4393 = ORIENTED_EDGE('',*,*,#4394,.F.);
#4394 = EDGE_CURVE('',#4395,#4395,#4397,.T.);
#4395 = VERTEX_POINT('',#4396);
#4396 = CARTESIAN_POINT('',(18.75,43.25,16.));
#4397 = CIRCLE('',#4398,2.75);
#4398 = AXIS2_PLACEMENT_3D('',#4399,#4400,#4401);
#4399 = CARTESIAN_POINT('',(16.,43.25,16.));
#4400 = DIRECTION('',(0.,0.,1.));
#4401 = DIRECTION('',(1.,0.,0.));
#4402 = FACE_BOUND('',#4403,.T.);
#4403 = EDGE_LOOP('',(#4404));
#4404 = ORIENTED_EDGE('',*,*,#4405,.F.);
#4405 = EDGE_CURVE('',#4406,#4406,#4408,.T.);
#4406 = VERTEX_POINT('',#4407);
#4407 = CARTESIAN_POINT('',(-13.25,43.25,16.));
#4408 = CIRCLE('',#4409,2.75);
#4409 = AXIS2_PLACEMENT_3D('',#4410,#4411,#4412);
#4410 = CARTESIAN_POINT('',(-16.,43.25,16.));
#4411 = DIRECTION('',(0.,0.,1.));
#4412 = DIRECTION('',(1.,0.,0.));
#4413 = FACE_BOUND('',#4414,.T.);
#4414 = EDGE_LOOP('',(#4415));
#4415 = ORIENTED_EDGE('',*,*,#4416,.F.);
#4416 = EDGE_CURVE('',#4417,#4417,#4419,.T.);
#4417 = VERTEX_POINT('',#4418);
#4418 = CARTESIAN_POINT('',(-13.25,11.25,16.));
#4419 = CIRCLE('',#4420,2.75);
#4420 = AXIS2_PLACEMENT_3D('',#4421,#4422,#4423);
#4421 = CARTESIAN_POINT('',(-16.,11.25,16.));
#4422 = DIRECTION('',(0.,0.,1.));
#4423 = DIRECTION('',(1.,0.,0.));
#4424 = PLANE('',#4425);
#4425 = AXIS2_PLACEMENT_3D('',#4426,#4427,#4428);
#4426 = CARTESIAN_POINT('',(1.79249125827E-16,27.25,16.));
#4427 = DIRECTION('',(0.,0.,1.));
#4428 = DIRECTION('',(1.,0.,0.));
#4429 = ADVANCED_FACE('',(#4430),#4441,.F.);
#4430 = FACE_BOUND('',#4431,.F.);
#4431 = EDGE_LOOP('',(#4432,#4438,#4439,#4440));
#4432 = ORIENTED_EDGE('',*,*,#4433,.F.);
#4433 = EDGE_CURVE('',#3669,#4406,#4434,.T.);
#4434 = LINE('',#4435,#4436);
#4435 = CARTESIAN_POINT('',(-13.65,43.25,15.6));
#4436 = VECTOR('',#4437,1.);
#4437 = DIRECTION('',(0.707106781187,0.,0.707106781187));
#4438 = ORIENTED_EDGE('',*,*,#3676,.T.);
#4439 = ORIENTED_EDGE('',*,*,#4433,.T.);
#4440 = ORIENTED_EDGE('',*,*,#4405,.F.);
#4441 = CONICAL_SURFACE('',#4442,2.35,0.785398163397);
#4442 = AXIS2_PLACEMENT_3D('',#4443,#4444,#4445);
#4443 = CARTESIAN_POINT('',(-16.,43.25,15.6));
#4444 = DIRECTION('',(0.,0.,1.));
#4445 = DIRECTION('',(1.,0.,0.));
#4446 = ADVANCED_FACE('',(#4447),#4458,.F.);
#4447 = FACE_BOUND('',#4448,.F.);
#4448 = EDGE_LOOP('',(#4449,#4455,#4456,#4457));
#4449 = ORIENTED_EDGE('',*,*,#4450,.F.);
#4450 = EDGE_CURVE('',#3744,#4417,#4451,.T.);
#4451 = LINE('',#4452,#4453);
#4452 = CARTESIAN_POINT('',(-13.65,11.25,15.6));
#4453 = VECTOR('',#4454,1.);
#4454 = DIRECTION('',(0.707106781187,0.,0.707106781187));
#4455 = ORIENTED_EDGE('',*,*,#3751,.T.);
#4456 = ORIENTED_EDGE('',*,*,#4450,.T.);
#4457 = ORIENTED_EDGE('',*,*,#4416,.F.);
#4458 = CONICAL_SURFACE('',#4459,2.35,0.785398163397);
#4459 = AXIS2_PLACEMENT_3D('',#4460,#4461,#4462);
#4460 = CARTESIAN_POINT('',(-16.,11.25,15.6));
#4461 = DIRECTION('',(0.,0.,1.));
#4462 = DIRECTION('',(1.,0.,0.));
#4463 = ADVANCED_FACE('',(#4464),#4475,.F.);
#4464 = FACE_BOUND('',#4465,.F.);
#4465 = EDGE_LOOP('',(#4466,#4472,#4473,#4474));
#4466 = ORIENTED_EDGE('',*,*,#4467,.F.);
#4467 = EDGE_CURVE('',#3819,#4395,#4468,.T.);
#4468 = LINE('',#4469,#4470);
#4469 = CARTESIAN_POINT('',(18.35,43.25,15.6));
#4470 = VECTOR('',#4471,1.);
#4471 = DIRECTION('',(0.707106781187,0.,0.707106781187));
#4472 = ORIENTED_EDGE('',*,*,#3826,.T.);
#4473 = ORIENTED_EDGE('',*,*,#4467,.T.);
#4474 = ORIENTED_EDGE('',*,*,#4394,.F.);
#4475 = CONICAL_SURFACE('',#4476,2.35,0.785398163397);
#4476 = AXIS2_PLACEMENT_3D('',#4477,#4478,#4479);
#4477 = CARTESIAN_POINT('',(16.,43.25,15.6));
#4478 = DIRECTION('',(0.,0.,1.));
#4479 = DIRECTION('',(1.,0.,0.));
#4480 = ADVANCED_FACE('',(#4481),#4492,.F.);
#4481 = FACE_BOUND('',#4482,.F.);
#4482 = EDGE_LOOP('',(#4483,#4489,#4490,#4491));
#4483 = ORIENTED_EDGE('',*,*,#4484,.F.);
#4484 = EDGE_CURVE('',#3862,#4363,#4485,.T.);
#4485 = LINE('',#4486,#4487);
#4486 = CARTESIAN_POINT('',(18.35,11.25,15.6));
#4487 = VECTOR('',#4488,1.);
#4488 = DIRECTION('',(0.707106781187,0.,0.707106781187));
#4489 = ORIENTED_EDGE('',*,*,#3869,.T.);
#4490 = ORIENTED_EDGE('',*,*,#4484,.T.);
#4491 = ORIENTED_EDGE('',*,*,#4362,.F.);
#4492 = CONICAL_SURFACE('',#4493,2.35,0.785398163397);
#4493 = AXIS2_PLACEMENT_3D('',#4494,#4495,#4496);
#4494 = CARTESIAN_POINT('',(16.,11.25,15.6));
#4495 = DIRECTION('',(0.,0.,1.));
#4496 = DIRECTION('',(1.,0.,0.));
#4497 = ADVANCED_FACE('',(#4498),#4531,.F.);
#4498 = FACE_BOUND('',#4499,.F.);
#4499 = EDGE_LOOP('',(#4500,#4508,#4516,#4524,#4530));
#4500 = ORIENTED_EDGE('',*,*,#4501,.T.);
#4501 = EDGE_CURVE('',#3912,#4502,#4504,.T.);
#4502 = VERTEX_POINT('',#4503);
#4503 = CARTESIAN_POINT('',(11.5,37.726348502534,4.));
#4504 = LINE('',#4505,#4506);
#4505 = CARTESIAN_POINT('',(11.5,37.726348502534,0.));
#4506 = VECTOR('',#4507,1.);
#4507 = DIRECTION('',(0.,0.,1.));
#4508 = ORIENTED_EDGE('',*,*,#4509,.T.);
#4509 = EDGE_CURVE('',#4502,#4510,#4512,.T.);
#4510 = VERTEX_POINT('',#4511);
#4511 = CARTESIAN_POINT('',(11.5,27.3,4.));
#4512 = LINE('',#4513,#4514);
#4513 = CARTESIAN_POINT('',(11.5,37.726348502534,4.));
#4514 = VECTOR('',#4515,1.);
#4515 = DIRECTION('',(0.,-1.,0.));
#4516 = ORIENTED_EDGE('',*,*,#4517,.T.);
#4517 = EDGE_CURVE('',#4510,#4518,#4520,.T.);
#4518 = VERTEX_POINT('',#4519);
#4519 = CARTESIAN_POINT('',(11.5,16.873651497466,4.));
#4520 = LINE('',#4521,#4522);
#4521 = CARTESIAN_POINT('',(11.5,37.726348502534,4.));
#4522 = VECTOR('',#4523,1.);
#4523 = DIRECTION('',(0.,-1.,0.));
#4524 = ORIENTED_EDGE('',*,*,#4525,.F.);
#4525 = EDGE_CURVE('',#3921,#4518,#4526,.T.);
#4526 = LINE('',#4527,#4528);
#4527 = CARTESIAN_POINT('',(11.5,16.873651497466,0.));
#4528 = VECTOR('',#4529,1.);
#4529 = DIRECTION('',(0.,0.,1.));
#4530 = ORIENTED_EDGE('',*,*,#3928,.F.);
#4531 = PLANE('',#4532);
#4532 = AXIS2_PLACEMENT_3D('',#4533,#4534,#4535);
#4533 = CARTESIAN_POINT('',(11.5,37.726348502534,0.));
#4534 = DIRECTION('',(1.,0.,0.));
#4535 = DIRECTION('',(0.,-1.,0.));
#4536 = ADVANCED_FACE('',(#4537),#4556,.F.);
#4537 = FACE_BOUND('',#4538,.T.);
#4538 = EDGE_LOOP('',(#4539,#4540,#4549,#4555));
#4539 = ORIENTED_EDGE('',*,*,#4501,.T.);
#4540 = ORIENTED_EDGE('',*,*,#4541,.T.);
#4541 = EDGE_CURVE('',#4502,#4542,#4544,.T.);
#4542 = VERTEX_POINT('',#4543);
#4543 = CARTESIAN_POINT('',(11.258845726812,38.626348502534,4.));
#4544 = CIRCLE('',#4545,1.8);
#4545 = AXIS2_PLACEMENT_3D('',#4546,#4547,#4548);
#4546 = CARTESIAN_POINT('',(9.7,37.726348502534,4.));
#4547 = DIRECTION('',(0.,0.,1.));
#4548 = DIRECTION('',(1.,0.,0.));
#4549 = ORIENTED_EDGE('',*,*,#4550,.F.);
#4550 = EDGE_CURVE('',#3943,#4542,#4551,.T.);
#4551 = LINE('',#4552,#4553);
#4552 = CARTESIAN_POINT('',(11.258845726812,38.626348502534,0.));
#4553 = VECTOR('',#4554,1.);
#4554 = DIRECTION('',(0.,0.,1.));
#4555 = ORIENTED_EDGE('',*,*,#3952,.T.);
#4556 = CYLINDRICAL_SURFACE('',#4557,1.8);
#4557 = AXIS2_PLACEMENT_3D('',#4558,#4559,#4560);
#4558 = CARTESIAN_POINT('',(9.7,37.726348502534,0.));
#4559 = DIRECTION('',(-0.,-0.,-1.));
#4560 = DIRECTION('',(1.,0.,0.));
#4561 = ADVANCED_FACE('',(#4562),#4581,.F.);
#4562 = FACE_BOUND('',#4563,.T.);
#4563 = EDGE_LOOP('',(#4564,#4572,#4579,#4580));
#4564 = ORIENTED_EDGE('',*,*,#4565,.T.);
#4565 = EDGE_CURVE('',#3970,#4566,#4568,.T.);
#4566 = VERTEX_POINT('',#4567);
#4567 = CARTESIAN_POINT('',(11.258845726812,15.973651497466,4.));
#4568 = LINE('',#4569,#4570);
#4569 = CARTESIAN_POINT('',(11.258845726812,15.973651497466,0.));
#4570 = VECTOR('',#4571,1.);
#4571 = DIRECTION('',(0.,0.,1.));
#4572 = ORIENTED_EDGE('',*,*,#4573,.T.);
#4573 = EDGE_CURVE('',#4566,#4518,#4574,.T.);
#4574 = CIRCLE('',#4575,1.8);
#4575 = AXIS2_PLACEMENT_3D('',#4576,#4577,#4578);
#4576 = CARTESIAN_POINT('',(9.7,16.873651497466,4.));
#4577 = DIRECTION('',(0.,0.,1.));
#4578 = DIRECTION('',(1.,0.,0.));
#4579 = ORIENTED_EDGE('',*,*,#4525,.F.);
#4580 = ORIENTED_EDGE('',*,*,#3977,.T.);
#4581 = CYLINDRICAL_SURFACE('',#4582,1.8);
#4582 = AXIS2_PLACEMENT_3D('',#4583,#4584,#4585);
#4583 = CARTESIAN_POINT('',(9.7,16.873651497466,0.));
#4584 = DIRECTION('',(-0.,-0.,-1.));
#4585 = DIRECTION('',(1.,0.,0.));
#4586 = ADVANCED_FACE('',(#4587),#4605,.F.);
#4587 = FACE_BOUND('',#4588,.F.);
#4588 = EDGE_LOOP('',(#4589,#4597,#4603,#4604));
#4589 = ORIENTED_EDGE('',*,*,#4590,.T.);
#4590 = EDGE_CURVE('',#3993,#4591,#4593,.T.);
#4591 = VERTEX_POINT('',#4592);
#4592 = CARTESIAN_POINT('',(6.308845726812,47.2,4.));
#4593 = LINE('',#4594,#4595);
#4594 = CARTESIAN_POINT('',(6.308845726812,47.2,0.));
#4595 = VECTOR('',#4596,1.);
#4596 = DIRECTION('',(0.,0.,1.));
#4597 = ORIENTED_EDGE('',*,*,#4598,.T.);
#4598 = EDGE_CURVE('',#4591,#4542,#4599,.T.);
#4599 = LINE('',#4600,#4601);
#4600 = CARTESIAN_POINT('',(6.308845726812,47.2,4.));
#4601 = VECTOR('',#4602,1.);
#4602 = DIRECTION('',(0.5,-0.866025403784,0.));
#4603 = ORIENTED_EDGE('',*,*,#4550,.F.);
#4604 = ORIENTED_EDGE('',*,*,#4002,.F.);
#4605 = PLANE('',#4606);
#4606 = AXIS2_PLACEMENT_3D('',#4607,#4608,#4609);
#4607 = CARTESIAN_POINT('',(6.308845726812,47.2,0.));
#4608 = DIRECTION('',(0.866025403784,0.5,0.));
#4609 = DIRECTION('',(0.5,-0.866025403784,0.));
#4610 = ADVANCED_FACE('',(#4611),#4629,.F.);
#4611 = FACE_BOUND('',#4612,.F.);
#4612 = EDGE_LOOP('',(#4613,#4614,#4622,#4628));
#4613 = ORIENTED_EDGE('',*,*,#4565,.T.);
#4614 = ORIENTED_EDGE('',*,*,#4615,.T.);
#4615 = EDGE_CURVE('',#4566,#4616,#4618,.T.);
#4616 = VERTEX_POINT('',#4617);
#4617 = CARTESIAN_POINT('',(6.308845726812,7.4,4.));
#4618 = LINE('',#4619,#4620);
#4619 = CARTESIAN_POINT('',(11.258845726812,15.973651497466,4.));
#4620 = VECTOR('',#4621,1.);
#4621 = DIRECTION('',(-0.5,-0.866025403784,0.));
#4622 = ORIENTED_EDGE('',*,*,#4623,.F.);
#4623 = EDGE_CURVE('',#4019,#4616,#4624,.T.);
#4624 = LINE('',#4625,#4626);
#4625 = CARTESIAN_POINT('',(6.308845726812,7.4,0.));
#4626 = VECTOR('',#4627,1.);
#4627 = DIRECTION('',(0.,0.,1.));
#4628 = ORIENTED_EDGE('',*,*,#4026,.F.);
#4629 = PLANE('',#4630);
#4630 = AXIS2_PLACEMENT_3D('',#4631,#4632,#4633);
#4631 = CARTESIAN_POINT('',(11.258845726812,15.973651497466,0.));
#4632 = DIRECTION('',(0.866025403784,-0.5,0.));
#4633 = DIRECTION('',(-0.5,-0.866025403784,0.));
#4634 = ADVANCED_FACE('',(#4635),#4654,.F.);
#4635 = FACE_BOUND('',#4636,.T.);
#4636 = EDGE_LOOP('',(#4637,#4638,#4647,#4653));
#4637 = ORIENTED_EDGE('',*,*,#4590,.T.);
#4638 = ORIENTED_EDGE('',*,*,#4639,.T.);
#4639 = EDGE_CURVE('',#4591,#4640,#4642,.T.);
#4640 = VERTEX_POINT('',#4641);
#4641 = CARTESIAN_POINT('',(4.75,48.1,4.));
#4642 = CIRCLE('',#4643,1.8);
#4643 = AXIS2_PLACEMENT_3D('',#4644,#4645,#4646);
#4644 = CARTESIAN_POINT('',(4.75,46.3,4.));
#4645 = DIRECTION('',(0.,0.,1.));
#4646 = DIRECTION('',(1.,0.,0.));
#4647 = ORIENTED_EDGE('',*,*,#4648,.F.);
#4648 = EDGE_CURVE('',#4041,#4640,#4649,.T.);
#4649 = LINE('',#4650,#4651);
#4650 = CARTESIAN_POINT('',(4.75,48.1,0.));
#4651 = VECTOR('',#4652,1.);
#4652 = DIRECTION('',(0.,0.,1.));
#4653 = ORIENTED_EDGE('',*,*,#4050,.T.);
#4654 = CYLINDRICAL_SURFACE('',#4655,1.8);
#4655 = AXIS2_PLACEMENT_3D('',#4656,#4657,#4658);
#4656 = CARTESIAN_POINT('',(4.75,46.3,0.));
#4657 = DIRECTION('',(-0.,-0.,-1.));
#4658 = DIRECTION('',(1.,0.,0.));
#4659 = ADVANCED_FACE('',(#4660),#4679,.F.);
#4660 = FACE_BOUND('',#4661,.T.);
#4661 = EDGE_LOOP('',(#4662,#4670,#4677,#4678));
#4662 = ORIENTED_EDGE('',*,*,#4663,.T.);
#4663 = EDGE_CURVE('',#4068,#4664,#4666,.T.);
#4664 = VERTEX_POINT('',#4665);
#4665 = CARTESIAN_POINT('',(4.75,6.5,4.));
#4666 = LINE('',#4667,#4668);
#4667 = CARTESIAN_POINT('',(4.75,6.5,0.));
#4668 = VECTOR('',#4669,1.);
#4669 = DIRECTION('',(0.,0.,1.));
#4670 = ORIENTED_EDGE('',*,*,#4671,.T.);
#4671 = EDGE_CURVE('',#4664,#4616,#4672,.T.);
#4672 = CIRCLE('',#4673,1.8);
#4673 = AXIS2_PLACEMENT_3D('',#4674,#4675,#4676);
#4674 = CARTESIAN_POINT('',(4.75,8.3,4.));
#4675 = DIRECTION('',(0.,0.,1.));
#4676 = DIRECTION('',(1.,0.,0.));
#4677 = ORIENTED_EDGE('',*,*,#4623,.F.);
#4678 = ORIENTED_EDGE('',*,*,#4075,.T.);
#4679 = CYLINDRICAL_SURFACE('',#4680,1.8);
#4680 = AXIS2_PLACEMENT_3D('',#4681,#4682,#4683);
#4681 = CARTESIAN_POINT('',(4.75,8.3,0.));
#4682 = DIRECTION('',(-0.,-0.,-1.));
#4683 = DIRECTION('',(1.,0.,0.));
#4684 = ADVANCED_FACE('',(#4685),#4703,.F.);
#4685 = FACE_BOUND('',#4686,.F.);
#4686 = EDGE_LOOP('',(#4687,#4695,#4701,#4702));
#4687 = ORIENTED_EDGE('',*,*,#4688,.T.);
#4688 = EDGE_CURVE('',#4091,#4689,#4691,.T.);
#4689 = VERTEX_POINT('',#4690);
#4690 = CARTESIAN_POINT('',(-4.75,48.1,4.));
#4691 = LINE('',#4692,#4693);
#4692 = CARTESIAN_POINT('',(-4.75,48.1,0.));
#4693 = VECTOR('',#4694,1.);
#4694 = DIRECTION('',(0.,0.,1.));
#4695 = ORIENTED_EDGE('',*,*,#4696,.T.);
#4696 = EDGE_CURVE('',#4689,#4640,#4697,.T.);
#4697 = LINE('',#4698,#4699);
#4698 = CARTESIAN_POINT('',(-4.75,48.1,4.));
#4699 = VECTOR('',#4700,1.);
#4700 = DIRECTION('',(1.,0.,0.));
#4701 = ORIENTED_EDGE('',*,*,#4648,.F.);
#4702 = ORIENTED_EDGE('',*,*,#4100,.F.);
#4703 = PLANE('',#4704);
#4704 = AXIS2_PLACEMENT_3D('',#4705,#4706,#4707);
#4705 = CARTESIAN_POINT('',(-4.75,48.1,0.));
#4706 = DIRECTION('',(0.,1.,0.));
#4707 = DIRECTION('',(1.,0.,0.));
#4708 = ADVANCED_FACE('',(#4709),#4727,.F.);
#4709 = FACE_BOUND('',#4710,.F.);
#4710 = EDGE_LOOP('',(#4711,#4712,#4720,#4726));
#4711 = ORIENTED_EDGE('',*,*,#4663,.T.);
#4712 = ORIENTED_EDGE('',*,*,#4713,.T.);
#4713 = EDGE_CURVE('',#4664,#4714,#4716,.T.);
#4714 = VERTEX_POINT('',#4715);
#4715 = CARTESIAN_POINT('',(-4.75,6.5,4.));
#4716 = LINE('',#4717,#4718);
#4717 = CARTESIAN_POINT('',(4.75,6.5,4.));
#4718 = VECTOR('',#4719,1.);
#4719 = DIRECTION('',(-1.,0.,0.));
#4720 = ORIENTED_EDGE('',*,*,#4721,.F.);
#4721 = EDGE_CURVE('',#4117,#4714,#4722,.T.);
#4722 = LINE('',#4723,#4724);
#4723 = CARTESIAN_POINT('',(-4.75,6.5,0.));
#4724 = VECTOR('',#4725,1.);
#4725 = DIRECTION('',(0.,0.,1.));
#4726 = ORIENTED_EDGE('',*,*,#4124,.F.);
#4727 = PLANE('',#4728);
#4728 = AXIS2_PLACEMENT_3D('',#4729,#4730,#4731);
#4729 = CARTESIAN_POINT('',(4.75,6.5,0.));
#4730 = DIRECTION('',(0.,-1.,0.));
#4731 = DIRECTION('',(-1.,0.,0.));
#4732 = ADVANCED_FACE('',(#4733),#4752,.F.);
#4733 = FACE_BOUND('',#4734,.T.);
#4734 = EDGE_LOOP('',(#4735,#4736,#4745,#4751));
#4735 = ORIENTED_EDGE('',*,*,#4688,.T.);
#4736 = ORIENTED_EDGE('',*,*,#4737,.T.);
#4737 = EDGE_CURVE('',#4689,#4738,#4740,.T.);
#4738 = VERTEX_POINT('',#4739);
#4739 = CARTESIAN_POINT('',(-6.308845726812,47.2,4.));
#4740 = CIRCLE('',#4741,1.8);
#4741 = AXIS2_PLACEMENT_3D('',#4742,#4743,#4744);
#4742 = CARTESIAN_POINT('',(-4.75,46.3,4.));
#4743 = DIRECTION('',(0.,0.,1.));
#4744 = DIRECTION('',(1.,0.,0.));
#4745 = ORIENTED_EDGE('',*,*,#4746,.F.);
#4746 = EDGE_CURVE('',#4139,#4738,#4747,.T.);
#4747 = LINE('',#4748,#4749);
#4748 = CARTESIAN_POINT('',(-6.308845726812,47.2,0.));
#4749 = VECTOR('',#4750,1.);
#4750 = DIRECTION('',(0.,0.,1.));
#4751 = ORIENTED_EDGE('',*,*,#4148,.T.);
#4752 = CYLINDRICAL_SURFACE('',#4753,1.8);
#4753 = AXIS2_PLACEMENT_3D('',#4754,#4755,#4756);
#4754 = CARTESIAN_POINT('',(-4.75,46.3,0.));
#4755 = DIRECTION('',(-0.,-0.,-1.));
#4756 = DIRECTION('',(1.,0.,0.));
#4757 = ADVANCED_FACE('',(#4758),#4777,.F.);
#4758 = FACE_BOUND('',#4759,.T.);
#4759 = EDGE_LOOP('',(#4760,#4768,#4775,#4776));
#4760 = ORIENTED_EDGE('',*,*,#4761,.T.);
#4761 = EDGE_CURVE('',#4166,#4762,#4764,.T.);
#4762 = VERTEX_POINT('',#4763);
#4763 = CARTESIAN_POINT('',(-6.308845726812,7.4,4.));
#4764 = LINE('',#4765,#4766);
#4765 = CARTESIAN_POINT('',(-6.308845726812,7.4,0.));
#4766 = VECTOR('',#4767,1.);
#4767 = DIRECTION('',(0.,0.,1.));
#4768 = ORIENTED_EDGE('',*,*,#4769,.T.);
#4769 = EDGE_CURVE('',#4762,#4714,#4770,.T.);
#4770 = CIRCLE('',#4771,1.8);
#4771 = AXIS2_PLACEMENT_3D('',#4772,#4773,#4774);
#4772 = CARTESIAN_POINT('',(-4.75,8.3,4.));
#4773 = DIRECTION('',(0.,0.,1.));
#4774 = DIRECTION('',(1.,0.,0.));
#4775 = ORIENTED_EDGE('',*,*,#4721,.F.);
#4776 = ORIENTED_EDGE('',*,*,#4173,.T.);
#4777 = CYLINDRICAL_SURFACE('',#4778,1.8);
#4778 = AXIS2_PLACEMENT_3D('',#4779,#4780,#4781);
#4779 = CARTESIAN_POINT('',(-4.75,8.3,0.));
#4780 = DIRECTION('',(-0.,-0.,-1.));
#4781 = DIRECTION('',(1.,0.,0.));
#4782 = ADVANCED_FACE('',(#4783),#4801,.F.);
#4783 = FACE_BOUND('',#4784,.F.);
#4784 = EDGE_LOOP('',(#4785,#4793,#4799,#4800));
#4785 = ORIENTED_EDGE('',*,*,#4786,.T.);
#4786 = EDGE_CURVE('',#4189,#4787,#4789,.T.);
#4787 = VERTEX_POINT('',#4788);
#4788 = CARTESIAN_POINT('',(-11.25884572681,38.626348502534,4.));
#4789 = LINE('',#4790,#4791);
#4790 = CARTESIAN_POINT('',(-11.25884572681,38.626348502534,0.));
#4791 = VECTOR('',#4792,1.);
#4792 = DIRECTION('',(0.,0.,1.));
#4793 = ORIENTED_EDGE('',*,*,#4794,.T.);
#4794 = EDGE_CURVE('',#4787,#4738,#4795,.T.);
#4795 = LINE('',#4796,#4797);
#4796 = CARTESIAN_POINT('',(-11.25884572681,38.626348502534,4.));
#4797 = VECTOR('',#4798,1.);
#4798 = DIRECTION('',(0.5,0.866025403784,0.));
#4799 = ORIENTED_EDGE('',*,*,#4746,.F.);
#4800 = ORIENTED_EDGE('',*,*,#4198,.F.);
#4801 = PLANE('',#4802);
#4802 = AXIS2_PLACEMENT_3D('',#4803,#4804,#4805);
#4803 = CARTESIAN_POINT('',(-11.25884572681,38.626348502534,0.));
#4804 = DIRECTION('',(-0.866025403784,0.5,0.));
#4805 = DIRECTION('',(0.5,0.866025403784,0.));
#4806 = ADVANCED_FACE('',(#4807),#4825,.F.);
#4807 = FACE_BOUND('',#4808,.F.);
#4808 = EDGE_LOOP('',(#4809,#4810,#4818,#4824));
#4809 = ORIENTED_EDGE('',*,*,#4761,.T.);
#4810 = ORIENTED_EDGE('',*,*,#4811,.T.);
#4811 = EDGE_CURVE('',#4762,#4812,#4814,.T.);
#4812 = VERTEX_POINT('',#4813);
#4813 = CARTESIAN_POINT('',(-11.25884572681,15.973651497466,4.));
#4814 = LINE('',#4815,#4816);
#4815 = CARTESIAN_POINT('',(-6.308845726812,7.4,4.));
#4816 = VECTOR('',#4817,1.);
#4817 = DIRECTION('',(-0.5,0.866025403784,0.));
#4818 = ORIENTED_EDGE('',*,*,#4819,.F.);
#4819 = EDGE_CURVE('',#4215,#4812,#4820,.T.);
#4820 = LINE('',#4821,#4822);
#4821 = CARTESIAN_POINT('',(-11.25884572681,15.973651497466,0.));
#4822 = VECTOR('',#4823,1.);
#4823 = DIRECTION('',(0.,0.,1.));
#4824 = ORIENTED_EDGE('',*,*,#4222,.F.);
#4825 = PLANE('',#4826);
#4826 = AXIS2_PLACEMENT_3D('',#4827,#4828,#4829);
#4827 = CARTESIAN_POINT('',(-6.308845726812,7.4,0.));
#4828 = DIRECTION('',(-0.866025403784,-0.5,0.));
#4829 = DIRECTION('',(-0.5,0.866025403784,0.));
#4830 = ADVANCED_FACE('',(#4831),#4850,.F.);
#4831 = FACE_BOUND('',#4832,.T.);
#4832 = EDGE_LOOP('',(#4833,#4834,#4843,#4849));
#4833 = ORIENTED_EDGE('',*,*,#4786,.T.);
#4834 = ORIENTED_EDGE('',*,*,#4835,.T.);
#4835 = EDGE_CURVE('',#4787,#4836,#4838,.T.);
#4836 = VERTEX_POINT('',#4837);
#4837 = CARTESIAN_POINT('',(-11.5,37.726348502534,4.));
#4838 = CIRCLE('',#4839,1.8);
#4839 = AXIS2_PLACEMENT_3D('',#4840,#4841,#4842);
#4840 = CARTESIAN_POINT('',(-9.7,37.726348502534,4.));
#4841 = DIRECTION('',(0.,0.,1.));
#4842 = DIRECTION('',(1.,0.,0.));
#4843 = ORIENTED_EDGE('',*,*,#4844,.F.);
#4844 = EDGE_CURVE('',#4237,#4836,#4845,.T.);
#4845 = LINE('',#4846,#4847);
#4846 = CARTESIAN_POINT('',(-11.5,37.726348502534,0.));
#4847 = VECTOR('',#4848,1.);
#4848 = DIRECTION('',(0.,0.,1.));
#4849 = ORIENTED_EDGE('',*,*,#4246,.T.);
#4850 = CYLINDRICAL_SURFACE('',#4851,1.8);
#4851 = AXIS2_PLACEMENT_3D('',#4852,#4853,#4854);
#4852 = CARTESIAN_POINT('',(-9.7,37.726348502534,0.));
#4853 = DIRECTION('',(-0.,-0.,-1.));
#4854 = DIRECTION('',(1.,0.,0.));
#4855 = ADVANCED_FACE('',(#4856),#4875,.F.);
#4856 = FACE_BOUND('',#4857,.T.);
#4857 = EDGE_LOOP('',(#4858,#4866,#4873,#4874));
#4858 = ORIENTED_EDGE('',*,*,#4859,.T.);
#4859 = EDGE_CURVE('',#4264,#4860,#4862,.T.);
#4860 = VERTEX_POINT('',#4861);
#4861 = CARTESIAN_POINT('',(-11.5,16.873651497466,4.));
#4862 = LINE('',#4863,#4864);
#4863 = CARTESIAN_POINT('',(-11.5,16.873651497466,0.));
#4864 = VECTOR('',#4865,1.);
#4865 = DIRECTION('',(0.,0.,1.));
#4866 = ORIENTED_EDGE('',*,*,#4867,.T.);
#4867 = EDGE_CURVE('',#4860,#4812,#4868,.T.);
#4868 = CIRCLE('',#4869,1.8);
#4869 = AXIS2_PLACEMENT_3D('',#4870,#4871,#4872);
#4870 = CARTESIAN_POINT('',(-9.7,16.873651497466,4.));
#4871 = DIRECTION('',(0.,0.,1.));
#4872 = DIRECTION('',(1.,0.,0.));
#4873 = ORIENTED_EDGE('',*,*,#4819,.F.);
#4874 = ORIENTED_EDGE('',*,*,#4271,.T.);
#4875 = CYLINDRICAL_SURFACE('',#4876,1.8);
#4876 = AXIS2_PLACEMENT_3D('',#4877,#4878,#4879);
#4877 = CARTESIAN_POINT('',(-9.7,16.873651497466,0.));
#4878 = DIRECTION('',(-0.,-0.,-1.));
#4879 = DIRECTION('',(1.,0.,0.));
#4880 = ADVANCED_FACE('',(#4881),#4892,.F.);
#4881 = FACE_BOUND('',#4882,.F.);
#4882 = EDGE_LOOP('',(#4883,#4884,#4890,#4891));
#4883 = ORIENTED_EDGE('',*,*,#4859,.T.);
#4884 = ORIENTED_EDGE('',*,*,#4885,.T.);
#4885 = EDGE_CURVE('',#4860,#4836,#4886,.T.);
#4886 = LINE('',#4887,#4888);
#4887 = CARTESIAN_POINT('',(-11.5,16.873651497466,4.));
#4888 = VECTOR('',#4889,1.);
#4889 = DIRECTION('',(0.,1.,0.));
#4890 = ORIENTED_EDGE('',*,*,#4844,.F.);
#4891 = ORIENTED_EDGE('',*,*,#4289,.F.);
#4892 = PLANE('',#4893);
#4893 = AXIS2_PLACEMENT_3D('',#4894,#4895,#4896);
#4894 = CARTESIAN_POINT('',(-11.5,16.873651497466,0.));
#4895 = DIRECTION('',(-1.,0.,0.));
#4896 = DIRECTION('',(0.,1.,0.));
#4897 = ADVANCED_FACE('',(#4898),#5061,.F.);
#4898 = FACE_BOUND('',#4899,.T.);
#4899 = EDGE_LOOP('',(#4900,#4911,#4917,#4918,#4919,#4928,#4937,#4946,
    #4955,#4964,#4973,#4982,#4991,#5000,#5009,#5018,#5027,#5036,#5045,
    #5054));
#4900 = ORIENTED_EDGE('',*,*,#4901,.F.);
#4901 = EDGE_CURVE('',#4902,#4904,#4906,.T.);
#4902 = VERTEX_POINT('',#4903);
#4903 = CARTESIAN_POINT('',(18.4,27.25,12.));
#4904 = VERTEX_POINT('',#4905);
#4905 = CARTESIAN_POINT('',(13.631521057843,39.608868623365,12.));
#4906 = CIRCLE('',#4907,18.4);
#4907 = AXIS2_PLACEMENT_3D('',#4908,#4909,#4910);
#4908 = CARTESIAN_POINT('',(0.,27.25,12.));
#4909 = DIRECTION('',(0.,0.,1.));
#4910 = DIRECTION('',(1.,0.,0.));
#4911 = ORIENTED_EDGE('',*,*,#4912,.T.);
#4912 = EDGE_CURVE('',#4902,#4384,#4913,.T.);
#4913 = LINE('',#4914,#4915);
#4914 = CARTESIAN_POINT('',(18.4,27.25,12.));
#4915 = VECTOR('',#4916,1.);
#4916 = DIRECTION('',(0.,0.,1.));
#4917 = ORIENTED_EDGE('',*,*,#4383,.T.);
#4918 = ORIENTED_EDGE('',*,*,#4912,.F.);
#4919 = ORIENTED_EDGE('',*,*,#4920,.F.);
#4920 = EDGE_CURVE('',#4921,#4902,#4923,.T.);
#4921 = VERTEX_POINT('',#4922);
#4922 = CARTESIAN_POINT('',(13.631521057843,14.891131376635,12.));
#4923 = CIRCLE('',#4924,18.4);
#4924 = AXIS2_PLACEMENT_3D('',#4925,#4926,#4927);
#4925 = CARTESIAN_POINT('',(0.,27.25,12.));
#4926 = DIRECTION('',(0.,0.,1.));
#4927 = DIRECTION('',(1.,0.,0.));
#4928 = ORIENTED_EDGE('',*,*,#4929,.F.);
#4929 = EDGE_CURVE('',#4930,#4921,#4932,.T.);
#4930 = VERTEX_POINT('',#4931);
#4931 = CARTESIAN_POINT('',(12.971820176998,14.200406853253,12.));
#4932 = CIRCLE('',#4933,18.4);
#4933 = AXIS2_PLACEMENT_3D('',#4934,#4935,#4936);
#4934 = CARTESIAN_POINT('',(0.,27.25,12.));
#4935 = DIRECTION('',(0.,0.,1.));
#4936 = DIRECTION('',(1.,0.,0.));
#4937 = ORIENTED_EDGE('',*,*,#4938,.F.);
#4938 = EDGE_CURVE('',#4939,#4930,#4941,.T.);
#4939 = VERTEX_POINT('',#4940);
#4940 = CARTESIAN_POINT('',(5.560557940011,9.710325105756,12.));
#4941 = CIRCLE('',#4942,18.4);
#4942 = AXIS2_PLACEMENT_3D('',#4943,#4944,#4945);
#4943 = CARTESIAN_POINT('',(0.,27.25,12.));
#4944 = DIRECTION('',(0.,0.,1.));
#4945 = DIRECTION('',(1.,0.,0.));
#4946 = ORIENTED_EDGE('',*,*,#4947,.F.);
#4947 = EDGE_CURVE('',#4948,#4939,#4950,.T.);
#4948 = VERTEX_POINT('',#4949);
#4949 = CARTESIAN_POINT('',(4.096463724086,9.31180095558,12.));
#4950 = CIRCLE('',#4951,18.4);
#4951 = AXIS2_PLACEMENT_3D('',#4952,#4953,#4954);
#4952 = CARTESIAN_POINT('',(0.,27.25,12.));
#4953 = DIRECTION('',(0.,0.,1.));
#4954 = DIRECTION('',(1.,0.,0.));
#4955 = ORIENTED_EDGE('',*,*,#4956,.F.);
#4956 = EDGE_CURVE('',#4957,#4948,#4959,.T.);
#4957 = VERTEX_POINT('',#4958);
#4958 = CARTESIAN_POINT('',(-4.096463724086,9.31180095558,12.));
#4959 = CIRCLE('',#4960,18.4);
#4960 = AXIS2_PLACEMENT_3D('',#4961,#4962,#4963);
#4961 = CARTESIAN_POINT('',(0.,27.25,12.));
#4962 = DIRECTION('',(0.,0.,1.));
#4963 = DIRECTION('',(1.,0.,0.));
#4964 = ORIENTED_EDGE('',*,*,#4965,.F.);
#4965 = EDGE_CURVE('',#4966,#4957,#4968,.T.);
#4966 = VERTEX_POINT('',#4967);
#4967 = CARTESIAN_POINT('',(-5.560557940011,9.710325105756,12.));
#4968 = CIRCLE('',#4969,18.4);
#4969 = AXIS2_PLACEMENT_3D('',#4970,#4971,#4972);
#4970 = CARTESIAN_POINT('',(0.,27.25,12.));
#4971 = DIRECTION('',(0.,0.,1.));
#4972 = DIRECTION('',(1.,0.,0.));
#4973 = ORIENTED_EDGE('',*,*,#4974,.F.);
#4974 = EDGE_CURVE('',#4975,#4966,#4977,.T.);
#4975 = VERTEX_POINT('',#4976);
#4976 = CARTESIAN_POINT('',(-12.97182017699,14.200406853253,12.));
#4977 = CIRCLE('',#4978,18.4);
#4978 = AXIS2_PLACEMENT_3D('',#4979,#4980,#4981);
#4979 = CARTESIAN_POINT('',(0.,27.25,12.));
#4980 = DIRECTION('',(0.,0.,1.));
#4981 = DIRECTION('',(1.,0.,0.));
#4982 = ORIENTED_EDGE('',*,*,#4983,.F.);
#4983 = EDGE_CURVE('',#4984,#4975,#4986,.T.);
#4984 = VERTEX_POINT('',#4985);
#4985 = CARTESIAN_POINT('',(-13.63152105784,14.891131376635,12.));
#4986 = CIRCLE('',#4987,18.4);
#4987 = AXIS2_PLACEMENT_3D('',#4988,#4989,#4990);
#4988 = CARTESIAN_POINT('',(0.,27.25,12.));
#4989 = DIRECTION('',(0.,0.,1.));
#4990 = DIRECTION('',(1.,0.,0.));
#4991 = ORIENTED_EDGE('',*,*,#4992,.F.);
#4992 = EDGE_CURVE('',#4993,#4984,#4995,.T.);
#4993 = VERTEX_POINT('',#4994);
#4994 = CARTESIAN_POINT('',(-13.63152105784,39.608868623365,12.));
#4995 = CIRCLE('',#4996,18.4);
#4996 = AXIS2_PLACEMENT_3D('',#4997,#4998,#4999);
#4997 = CARTESIAN_POINT('',(0.,27.25,12.));
#4998 = DIRECTION('',(0.,0.,1.));
#4999 = DIRECTION('',(1.,0.,0.));
#5000 = ORIENTED_EDGE('',*,*,#5001,.F.);
#5001 = EDGE_CURVE('',#5002,#4993,#5004,.T.);
#5002 = VERTEX_POINT('',#5003);
#5003 = CARTESIAN_POINT('',(-12.97182017699,40.299593146747,12.));
#5004 = CIRCLE('',#5005,18.4);
#5005 = AXIS2_PLACEMENT_3D('',#5006,#5007,#5008);
#5006 = CARTESIAN_POINT('',(0.,27.25,12.));
#5007 = DIRECTION('',(0.,0.,1.));
#5008 = DIRECTION('',(1.,0.,0.));
#5009 = ORIENTED_EDGE('',*,*,#5010,.F.);
#5010 = EDGE_CURVE('',#5011,#5002,#5013,.T.);
#5011 = VERTEX_POINT('',#5012);
#5012 = CARTESIAN_POINT('',(-5.560557940011,44.789674894244,12.));
#5013 = CIRCLE('',#5014,18.4);
#5014 = AXIS2_PLACEMENT_3D('',#5015,#5016,#5017);
#5015 = CARTESIAN_POINT('',(0.,27.25,12.));
#5016 = DIRECTION('',(0.,0.,1.));
#5017 = DIRECTION('',(1.,0.,0.));
#5018 = ORIENTED_EDGE('',*,*,#5019,.F.);
#5019 = EDGE_CURVE('',#5020,#5011,#5022,.T.);
#5020 = VERTEX_POINT('',#5021);
#5021 = CARTESIAN_POINT('',(-4.096463724086,45.18819904442,12.));
#5022 = CIRCLE('',#5023,18.4);
#5023 = AXIS2_PLACEMENT_3D('',#5024,#5025,#5026);
#5024 = CARTESIAN_POINT('',(0.,27.25,12.));
#5025 = DIRECTION('',(0.,0.,1.));
#5026 = DIRECTION('',(1.,0.,0.));
#5027 = ORIENTED_EDGE('',*,*,#5028,.F.);
#5028 = EDGE_CURVE('',#5029,#5020,#5031,.T.);
#5029 = VERTEX_POINT('',#5030);
#5030 = CARTESIAN_POINT('',(4.096463724086,45.18819904442,12.));
#5031 = CIRCLE('',#5032,18.4);
#5032 = AXIS2_PLACEMENT_3D('',#5033,#5034,#5035);
#5033 = CARTESIAN_POINT('',(0.,27.25,12.));
#5034 = DIRECTION('',(0.,0.,1.));
#5035 = DIRECTION('',(1.,0.,0.));
#5036 = ORIENTED_EDGE('',*,*,#5037,.F.);
#5037 = EDGE_CURVE('',#5038,#5029,#5040,.T.);
#5038 = VERTEX_POINT('',#5039);
#5039 = CARTESIAN_POINT('',(5.560557940011,44.789674894244,12.));
#5040 = CIRCLE('',#5041,18.4);
#5041 = AXIS2_PLACEMENT_3D('',#5042,#5043,#5044);
#5042 = CARTESIAN_POINT('',(0.,27.25,12.));
#5043 = DIRECTION('',(0.,0.,1.));
#5044 = DIRECTION('',(1.,0.,0.));
#5045 = ORIENTED_EDGE('',*,*,#5046,.F.);
#5046 = EDGE_CURVE('',#5047,#5038,#5049,.T.);
#5047 = VERTEX_POINT('',#5048);
#5048 = CARTESIAN_POINT('',(12.971820176998,40.299593146747,12.));
#5049 = CIRCLE('',#5050,18.4);
#5050 = AXIS2_PLACEMENT_3D('',#5051,#5052,#5053);
#5051 = CARTESIAN_POINT('',(0.,27.25,12.));
#5052 = DIRECTION('',(0.,0.,1.));
#5053 = DIRECTION('',(1.,0.,0.));
#5054 = ORIENTED_EDGE('',*,*,#5055,.F.);
#5055 = EDGE_CURVE('',#4904,#5047,#5056,.T.);
#5056 = CIRCLE('',#5057,18.4);
#5057 = AXIS2_PLACEMENT_3D('',#5058,#5059,#5060);
#5058 = CARTESIAN_POINT('',(0.,27.25,12.));
#5059 = DIRECTION('',(0.,0.,1.));
#5060 = DIRECTION('',(1.,0.,0.));
#5061 = CYLINDRICAL_SURFACE('',#5062,18.4);
#5062 = AXIS2_PLACEMENT_3D('',#5063,#5064,#5065);
#5063 = CARTESIAN_POINT('',(0.,27.25,12.));
#5064 = DIRECTION('',(-0.,-0.,-1.));
#5065 = DIRECTION('',(1.,0.,0.));
#5066 = ADVANCED_FACE('',(#5067),#5081,.F.);
#5067 = FACE_BOUND('',#5068,.F.);
#5068 = EDGE_LOOP('',(#5069,#5070,#5075,#5076));
#5069 = ORIENTED_EDGE('',*,*,#4509,.F.);
#5070 = ORIENTED_EDGE('',*,*,#5071,.T.);
#5071 = EDGE_CURVE('',#4502,#4904,#5072,.T.);
#5072 = B_SPLINE_CURVE_WITH_KNOTS('',1,(#5073,#5074),.UNSPECIFIED.,.F.,
  .F.,(2,2),(0.,1.),.PIECEWISE_BEZIER_KNOTS.);
#5073 = CARTESIAN_POINT('',(11.5,37.726348502534,4.));
#5074 = CARTESIAN_POINT('',(13.631521057843,39.608868623365,12.));
#5075 = ORIENTED_EDGE('',*,*,#4901,.F.);
#5076 = ORIENTED_EDGE('',*,*,#5077,.F.);
#5077 = EDGE_CURVE('',#4510,#4902,#5078,.T.);
#5078 = B_SPLINE_CURVE_WITH_KNOTS('',1,(#5079,#5080),.UNSPECIFIED.,.F.,
  .F.,(2,2),(0.,1.),.PIECEWISE_BEZIER_KNOTS.);
#5079 = CARTESIAN_POINT('',(11.5,27.3,4.));
#5080 = CARTESIAN_POINT('',(18.4,27.25,12.));
#5081 = B_SPLINE_SURFACE_WITH_KNOTS('',7,1,(
    (#5082,#5083)
    ,(#5084,#5085)
    ,(#5086,#5087)
    ,(#5088,#5089)
    ,(#5090,#5091)
    ,(#5092,#5093)
    ,(#5094,#5095)
    ,(#5096,#5097
    )),.UNSPECIFIED.,.F.,.F.,.F.,(8,8),(2,2),(-10.42634850253,0.),(0.,1.
    ),.PIECEWISE_BEZIER_KNOTS.);
#5082 = CARTESIAN_POINT('',(11.5,27.3,4.));
#5083 = CARTESIAN_POINT('',(18.4,27.25,12.));
#5084 = CARTESIAN_POINT('',(11.5,28.789478357505,4.));
#5085 = CARTESIAN_POINT('',(18.4,29.185866556948,12.));
#5086 = CARTESIAN_POINT('',(11.5,30.27895671501,4.));
#5087 = CARTESIAN_POINT('',(18.162381677657,31.121733090091,12.));
#5088 = CARTESIAN_POINT('',(11.5,31.768435072515,4.));
#5089 = CARTESIAN_POINT('',(17.687145540062,33.022599982512,12.));
#5090 = CARTESIAN_POINT('',(11.5,33.257913430019,4.));
#5091 = CARTESIAN_POINT('',(16.980733787043,34.853466838687,12.));
#5092 = CARTESIAN_POINT('',(11.5,34.747391787524,4.));
#5093 = CARTESIAN_POINT('',(16.056039614387,36.580917276829,12.));
#5094 = CARTESIAN_POINT('',(11.5,36.236870145029,4.));
#5095 = CARTESIAN_POINT('',(14.931799343151,38.174694398571,12.));
#5096 = CARTESIAN_POINT('',(11.5,37.726348502534,4.));
#5097 = CARTESIAN_POINT('',(13.631521057843,39.608868623365,12.));
#5098 = ADVANCED_FACE('',(#5099),#5109,.F.);
#5099 = FACE_BOUND('',#5100,.F.);
#5100 = EDGE_LOOP('',(#5101,#5102,#5103,#5104));
#5101 = ORIENTED_EDGE('',*,*,#4517,.F.);
#5102 = ORIENTED_EDGE('',*,*,#5077,.T.);
#5103 = ORIENTED_EDGE('',*,*,#4920,.F.);
#5104 = ORIENTED_EDGE('',*,*,#5105,.F.);
#5105 = EDGE_CURVE('',#4518,#4921,#5106,.T.);
#5106 = B_SPLINE_CURVE_WITH_KNOTS('',1,(#5107,#5108),.UNSPECIFIED.,.F.,
  .F.,(2,2),(0.,1.),.PIECEWISE_BEZIER_KNOTS.);
#5107 = CARTESIAN_POINT('',(11.5,16.873651497466,4.));
#5108 = CARTESIAN_POINT('',(13.631521057843,14.891131376635,12.));
#5109 = B_SPLINE_SURFACE_WITH_KNOTS('',7,1,(
    (#5110,#5111)
    ,(#5112,#5113)
    ,(#5114,#5115)
    ,(#5116,#5117)
    ,(#5118,#5119)
    ,(#5120,#5121)
    ,(#5122,#5123)
    ,(#5124,#5125
    )),.UNSPECIFIED.,.F.,.F.,.F.,(8,8),(2,2),(-20.85269700506,
    -10.42634850253),(0.,1.),.PIECEWISE_BEZIER_KNOTS.);
#5110 = CARTESIAN_POINT('',(11.5,16.873651497466,4.));
#5111 = CARTESIAN_POINT('',(13.631521057843,14.891131376635,12.));
#5112 = CARTESIAN_POINT('',(11.5,18.363129854971,4.));
#5113 = CARTESIAN_POINT('',(14.931799343151,16.325305601429,12.));
#5114 = CARTESIAN_POINT('',(11.5,19.852608212476,4.));
#5115 = CARTESIAN_POINT('',(16.056039614387,17.919082723171,12.));
#5116 = CARTESIAN_POINT('',(11.5,21.342086569981,4.));
#5117 = CARTESIAN_POINT('',(16.980733787044,19.646533161313,12.));
#5118 = CARTESIAN_POINT('',(11.5,22.831564927485,4.));
#5119 = CARTESIAN_POINT('',(17.687145540062,21.477400017487,12.));
#5120 = CARTESIAN_POINT('',(11.5,24.32104328499,4.));
#5121 = CARTESIAN_POINT('',(18.162381677657,23.378266909909,12.));
#5122 = CARTESIAN_POINT('',(11.5,25.810521642495,4.));
#5123 = CARTESIAN_POINT('',(18.4,25.314133443052,12.));
#5124 = CARTESIAN_POINT('',(11.5,27.3,4.));
#5125 = CARTESIAN_POINT('',(18.4,27.25,12.));
#5126 = ADVANCED_FACE('',(#5127),#5137,.F.);
#5127 = FACE_BOUND('',#5128,.F.);
#5128 = EDGE_LOOP('',(#5129,#5130,#5135,#5136));
#5129 = ORIENTED_EDGE('',*,*,#4541,.T.);
#5130 = ORIENTED_EDGE('',*,*,#5131,.T.);
#5131 = EDGE_CURVE('',#4542,#5047,#5132,.T.);
#5132 = B_SPLINE_CURVE_WITH_KNOTS('',1,(#5133,#5134),.UNSPECIFIED.,.F.,
  .F.,(2,2),(0.,1.),.PIECEWISE_BEZIER_KNOTS.);
#5133 = CARTESIAN_POINT('',(11.258845726812,38.626348502534,4.));
#5134 = CARTESIAN_POINT('',(12.971820176998,40.299593146747,12.));
#5135 = ORIENTED_EDGE('',*,*,#5055,.F.);
#5136 = ORIENTED_EDGE('',*,*,#5071,.F.);
#5137 = B_SPLINE_SURFACE_WITH_KNOTS('',5,1,(
    (#5138,#5139)
    ,(#5140,#5141)
    ,(#5142,#5143)
    ,(#5144,#5145)
    ,(#5146,#5147)
    ,(#5148,#5149
    )),.UNSPECIFIED.,.F.,.F.,.F.,(6,6),(2,2),(-8.881784197001E-16,
    0.523598775598),(0.,1.),.PIECEWISE_BEZIER_KNOTS.);
#5138 = CARTESIAN_POINT('',(11.5,37.726348502534,4.));
#5139 = CARTESIAN_POINT('',(13.631521057843,39.608868623365,12.));
#5140 = CARTESIAN_POINT('',(11.5,37.914844061749,4.));
#5141 = CARTESIAN_POINT('',(13.503196482161,39.750407400817,12.));
#5142 = CARTESIAN_POINT('',(11.475327125202,38.103339887169,4.));
#5143 = CARTESIAN_POINT('',(13.373034873114,39.890280656076,12.));
#5144 = CARTESIAN_POINT('',(11.42597408277,38.287527949033,4.));
#5145 = CARTESIAN_POINT('',(13.241065061083,40.028456590296,12.));
#5146 = CARTESIAN_POINT('',(11.35309350642,38.463106559753,4.));
#5147 = CARTESIAN_POINT('',(13.107316681929,40.164904173933,12.));
#5148 = CARTESIAN_POINT('',(11.258845726812,38.626348502534,4.));
#5149 = CARTESIAN_POINT('',(12.971820176998,40.299593146747,12.));
#5150 = ADVANCED_FACE('',(#5151),#5161,.F.);
#5151 = FACE_BOUND('',#5152,.F.);
#5152 = EDGE_LOOP('',(#5153,#5154,#5155,#5156));
#5153 = ORIENTED_EDGE('',*,*,#4573,.T.);
#5154 = ORIENTED_EDGE('',*,*,#5105,.T.);
#5155 = ORIENTED_EDGE('',*,*,#4929,.F.);
#5156 = ORIENTED_EDGE('',*,*,#5157,.F.);
#5157 = EDGE_CURVE('',#4566,#4930,#5158,.T.);
#5158 = B_SPLINE_CURVE_WITH_KNOTS('',1,(#5159,#5160),.UNSPECIFIED.,.F.,
  .F.,(2,2),(0.,1.),.PIECEWISE_BEZIER_KNOTS.);
#5159 = CARTESIAN_POINT('',(11.258845726812,15.973651497466,4.));
#5160 = CARTESIAN_POINT('',(12.971820176998,14.200406853253,12.));
#5161 = B_SPLINE_SURFACE_WITH_KNOTS('',5,1,(
    (#5162,#5163)
    ,(#5164,#5165)
    ,(#5166,#5167)
    ,(#5168,#5169)
    ,(#5170,#5171)
    ,(#5172,#5173
    )),.UNSPECIFIED.,.F.,.F.,.F.,(6,6),(2,2),(5.759586531581,
    6.28318530718),(0.,1.),.PIECEWISE_BEZIER_KNOTS.);
#5162 = CARTESIAN_POINT('',(11.258845726812,15.973651497466,4.));
#5163 = CARTESIAN_POINT('',(12.971820176998,14.200406853253,12.));
#5164 = CARTESIAN_POINT('',(11.35309350642,16.136893440247,4.));
#5165 = CARTESIAN_POINT('',(13.107316681929,14.335095826067,12.));
#5166 = CARTESIAN_POINT('',(11.42597408277,16.312472050966,4.));
#5167 = CARTESIAN_POINT('',(13.241065061083,14.471543409704,12.));
#5168 = CARTESIAN_POINT('',(11.475327125202,16.496660112831,4.));
#5169 = CARTESIAN_POINT('',(13.373034873114,14.609719343924,12.));
#5170 = CARTESIAN_POINT('',(11.5,16.685155938251,4.));
#5171 = CARTESIAN_POINT('',(13.503196482161,14.749592599183,12.));
#5172 = CARTESIAN_POINT('',(11.5,16.873651497466,4.));
#5173 = CARTESIAN_POINT('',(13.631521057843,14.891131376635,12.));
#5174 = ADVANCED_FACE('',(#5175),#5185,.F.);
#5175 = FACE_BOUND('',#5176,.F.);
#5176 = EDGE_LOOP('',(#5177,#5178,#5183,#5184));
#5177 = ORIENTED_EDGE('',*,*,#4598,.F.);
#5178 = ORIENTED_EDGE('',*,*,#5179,.T.);
#5179 = EDGE_CURVE('',#4591,#5038,#5180,.T.);
#5180 = B_SPLINE_CURVE_WITH_KNOTS('',1,(#5181,#5182),.UNSPECIFIED.,.F.,
  .F.,(2,2),(0.,1.),.PIECEWISE_BEZIER_KNOTS.);
#5181 = CARTESIAN_POINT('',(6.308845726812,47.2,4.));
#5182 = CARTESIAN_POINT('',(5.560557940011,44.789674894244,12.));
#5183 = ORIENTED_EDGE('',*,*,#5046,.F.);
#5184 = ORIENTED_EDGE('',*,*,#5131,.F.);
#5185 = B_SPLINE_SURFACE_WITH_KNOTS('',6,1,(
    (#5186,#5187)
    ,(#5188,#5189)
    ,(#5190,#5191)
    ,(#5192,#5193)
    ,(#5194,#5195)
    ,(#5196,#5197)
    ,(#5198,#5199
    )),.UNSPECIFIED.,.F.,.F.,.F.,(7,7),(2,2),(-9.9,0.),(0.,1.),
  .PIECEWISE_BEZIER_KNOTS.);
#5186 = CARTESIAN_POINT('',(11.258845726812,38.626348502534,4.));
#5187 = CARTESIAN_POINT('',(12.971820176998,40.299593146747,12.));
#5188 = CARTESIAN_POINT('',(10.433845726812,40.055290418778,4.));
#5189 = CARTESIAN_POINT('',(11.937846098238,41.327404946435,12.));
#5190 = CARTESIAN_POINT('',(9.608845726812,41.484232335023,4.));
#5191 = CARTESIAN_POINT('',(10.806146712125,42.256905345868,12.));
#5192 = CARTESIAN_POINT('',(8.783845726812,42.913174251267,4.));
#5193 = CARTESIAN_POINT('',(9.588405707097,43.076480034473,12.));
#5194 = CARTESIAN_POINT('',(7.958845726812,44.342116167511,4.));
#5195 = CARTESIAN_POINT('',(8.298150650766,43.776364107117,12.));
#5196 = CARTESIAN_POINT('',(7.133845726812,45.771058083756,4.));
#5197 = CARTESIAN_POINT('',(6.950300055844,44.349088531991,12.));
#5198 = CARTESIAN_POINT('',(6.308845726812,47.2,4.));
#5199 = CARTESIAN_POINT('',(5.560557940011,44.789674894244,12.));
#5200 = ADVANCED_FACE('',(#5201),#5211,.F.);
#5201 = FACE_BOUND('',#5202,.F.);
#5202 = EDGE_LOOP('',(#5203,#5204,#5205,#5206));
#5203 = ORIENTED_EDGE('',*,*,#4615,.F.);
#5204 = ORIENTED_EDGE('',*,*,#5157,.T.);
#5205 = ORIENTED_EDGE('',*,*,#4938,.F.);
#5206 = ORIENTED_EDGE('',*,*,#5207,.F.);
#5207 = EDGE_CURVE('',#4616,#4939,#5208,.T.);
#5208 = B_SPLINE_CURVE_WITH_KNOTS('',1,(#5209,#5210),.UNSPECIFIED.,.F.,
  .F.,(2,2),(0.,1.),.PIECEWISE_BEZIER_KNOTS.);
#5209 = CARTESIAN_POINT('',(6.308845726812,7.4,4.));
#5210 = CARTESIAN_POINT('',(5.560557940011,9.710325105756,12.));
#5211 = B_SPLINE_SURFACE_WITH_KNOTS('',6,1,(
    (#5212,#5213)
    ,(#5214,#5215)
    ,(#5216,#5217)
    ,(#5218,#5219)
    ,(#5220,#5221)
    ,(#5222,#5223)
    ,(#5224,#5225
    )),.UNSPECIFIED.,.F.,.F.,.F.,(7,7),(2,2),(0.,9.9),(0.,1.),
  .PIECEWISE_BEZIER_KNOTS.);
#5212 = CARTESIAN_POINT('',(6.308845726812,7.4,4.));
#5213 = CARTESIAN_POINT('',(5.560557940011,9.710325105756,12.));
#5214 = CARTESIAN_POINT('',(7.133845726812,8.828941916244,4.));
#5215 = CARTESIAN_POINT('',(6.950300055844,10.150911468009,12.));
#5216 = CARTESIAN_POINT('',(7.958845726812,10.257883832489,4.));
#5217 = CARTESIAN_POINT('',(8.298150650766,10.723635892883,12.));
#5218 = CARTESIAN_POINT('',(8.783845726812,11.686825748733,4.));
#5219 = CARTESIAN_POINT('',(9.588405707097,11.423519965527,12.));
#5220 = CARTESIAN_POINT('',(9.608845726812,13.115767664977,4.));
#5221 = CARTESIAN_POINT('',(10.806146712125,12.243094654131,12.));
#5222 = CARTESIAN_POINT('',(10.433845726812,14.544709581222,4.));
#5223 = CARTESIAN_POINT('',(11.937846098238,13.172595053566,12.));
#5224 = CARTESIAN_POINT('',(11.258845726812,15.973651497466,4.));
#5225 = CARTESIAN_POINT('',(12.971820176998,14.200406853253,12.));
#5226 = ADVANCED_FACE('',(#5227),#5237,.F.);
#5227 = FACE_BOUND('',#5228,.F.);
#5228 = EDGE_LOOP('',(#5229,#5230,#5235,#5236));
#5229 = ORIENTED_EDGE('',*,*,#4639,.T.);
#5230 = ORIENTED_EDGE('',*,*,#5231,.T.);
#5231 = EDGE_CURVE('',#4640,#5029,#5232,.T.);
#5232 = B_SPLINE_CURVE_WITH_KNOTS('',1,(#5233,#5234),.UNSPECIFIED.,.F.,
  .F.,(2,2),(0.,1.),.PIECEWISE_BEZIER_KNOTS.);
#5233 = CARTESIAN_POINT('',(4.75,48.1,4.));
#5234 = CARTESIAN_POINT('',(4.096463724086,45.18819904442,12.));
#5235 = ORIENTED_EDGE('',*,*,#5037,.F.);
#5236 = ORIENTED_EDGE('',*,*,#5179,.F.);
#5237 = B_SPLINE_SURFACE_WITH_KNOTS('',7,1,(
    (#5238,#5239)
    ,(#5240,#5241)
    ,(#5242,#5243)
    ,(#5244,#5245)
    ,(#5246,#5247)
    ,(#5248,#5249)
    ,(#5250,#5251)
    ,(#5252,#5253
    )),.UNSPECIFIED.,.F.,.F.,.F.,(8,8),(2,2),(0.523598775598,
    1.570796326795),(0.,1.),.PIECEWISE_BEZIER_KNOTS.);
#5238 = CARTESIAN_POINT('',(6.308845726812,47.2,4.));
#5239 = CARTESIAN_POINT('',(5.560557940011,44.789674894244,12.));
#5240 = CARTESIAN_POINT('',(6.174206041658,47.433202775402,4.));
#5241 = CARTESIAN_POINT('',(5.353868363151,44.855201158252,12.));
#5242 = CARTESIAN_POINT('',(5.998864730911,47.642906393949,4.));
#5243 = CARTESIAN_POINT('',(5.146277908858,44.917885829547,12.));
#5244 = CARTESIAN_POINT('',(5.787743904058,47.820587068652,4.));
#5245 = CARTESIAN_POINT('',(4.937833489315,44.97771403678,12.));
#5246 = CARTESIAN_POINT('',(5.547995078089,47.959006117861,4.));
#5247 = CARTESIAN_POINT('',(4.728582283041,45.034671887065,12.));
#5248 = CARTESIAN_POINT('',(5.288558686609,48.053001779834,4.));
#5249 = CARTESIAN_POINT('',(4.518571734892,45.088746465987,12.));
#5250 = CARTESIAN_POINT('',(5.019279370308,48.1,4.));
#5251 = CARTESIAN_POINT('',(4.307849556063,45.139925837599,12.));
#5252 = CARTESIAN_POINT('',(4.75,48.1,4.));
#5253 = CARTESIAN_POINT('',(4.096463724086,45.18819904442,12.));
#5254 = ADVANCED_FACE('',(#5255),#5265,.F.);
#5255 = FACE_BOUND('',#5256,.F.);
#5256 = EDGE_LOOP('',(#5257,#5258,#5259,#5260));
#5257 = ORIENTED_EDGE('',*,*,#4671,.T.);
#5258 = ORIENTED_EDGE('',*,*,#5207,.T.);
#5259 = ORIENTED_EDGE('',*,*,#4947,.F.);
#5260 = ORIENTED_EDGE('',*,*,#5261,.F.);
#5261 = EDGE_CURVE('',#4664,#4948,#5262,.T.);
#5262 = B_SPLINE_CURVE_WITH_KNOTS('',1,(#5263,#5264),.UNSPECIFIED.,.F.,
  .F.,(2,2),(0.,1.),.PIECEWISE_BEZIER_KNOTS.);
#5263 = CARTESIAN_POINT('',(4.75,6.5,4.));
#5264 = CARTESIAN_POINT('',(4.096463724086,9.31180095558,12.));
#5265 = B_SPLINE_SURFACE_WITH_KNOTS('',7,1,(
    (#5266,#5267)
    ,(#5268,#5269)
    ,(#5270,#5271)
    ,(#5272,#5273)
    ,(#5274,#5275)
    ,(#5276,#5277)
    ,(#5278,#5279)
    ,(#5280,#5281
    )),.UNSPECIFIED.,.F.,.F.,.F.,(8,8),(2,2),(4.712388980385,
    5.759586531581),(0.,1.),.PIECEWISE_BEZIER_KNOTS.);
#5266 = CARTESIAN_POINT('',(4.75,6.5,4.));
#5267 = CARTESIAN_POINT('',(4.096463724086,9.31180095558,12.));
#5268 = CARTESIAN_POINT('',(5.019279370308,6.5,4.));
#5269 = CARTESIAN_POINT('',(4.307849556063,9.360074162401,12.));
#5270 = CARTESIAN_POINT('',(5.288558686609,6.546998220166,4.));
#5271 = CARTESIAN_POINT('',(4.518571734892,9.411253534013,12.));
#5272 = CARTESIAN_POINT('',(5.547995078089,6.640993882138,4.));
#5273 = CARTESIAN_POINT('',(4.728582283041,9.465328112935,12.));
#5274 = CARTESIAN_POINT('',(5.787743904058,6.779412931349,4.));
#5275 = CARTESIAN_POINT('',(4.937833489315,9.52228596322,12.));
#5276 = CARTESIAN_POINT('',(5.998864730911,6.957093606051,4.));
#5277 = CARTESIAN_POINT('',(5.146277908858,9.582114170453,12.));
#5278 = CARTESIAN_POINT('',(6.174206041658,7.166797224598,4.));
#5279 = CARTESIAN_POINT('',(5.353868363151,9.644798841748,12.));
#5280 = CARTESIAN_POINT('',(6.308845726812,7.4,4.));
#5281 = CARTESIAN_POINT('',(5.560557940011,9.710325105756,12.));
#5282 = ADVANCED_FACE('',(#5283),#5293,.F.);
#5283 = FACE_BOUND('',#5284,.F.);
#5284 = EDGE_LOOP('',(#5285,#5286,#5291,#5292));
#5285 = ORIENTED_EDGE('',*,*,#4696,.F.);
#5286 = ORIENTED_EDGE('',*,*,#5287,.T.);
#5287 = EDGE_CURVE('',#4689,#5020,#5288,.T.);
#5288 = B_SPLINE_CURVE_WITH_KNOTS('',1,(#5289,#5290),.UNSPECIFIED.,.F.,
  .F.,(2,2),(0.,1.),.PIECEWISE_BEZIER_KNOTS.);
#5289 = CARTESIAN_POINT('',(-4.75,48.1,4.));
#5290 = CARTESIAN_POINT('',(-4.096463724086,45.18819904442,12.));
#5291 = ORIENTED_EDGE('',*,*,#5028,.F.);
#5292 = ORIENTED_EDGE('',*,*,#5231,.F.);
#5293 = B_SPLINE_SURFACE_WITH_KNOTS('',6,1,(
    (#5294,#5295)
    ,(#5296,#5297)
    ,(#5298,#5299)
    ,(#5300,#5301)
    ,(#5302,#5303)
    ,(#5304,#5305)
    ,(#5306,#5307
    )),.UNSPECIFIED.,.F.,.F.,.F.,(7,7),(2,2),(-9.5,0.),(0.,1.),
  .PIECEWISE_BEZIER_KNOTS.);
#5294 = CARTESIAN_POINT('',(4.75,48.1,4.));
#5295 = CARTESIAN_POINT('',(4.096463724086,45.18819904442,12.));
#5296 = CARTESIAN_POINT('',(3.166666666667,48.1,4.));
#5297 = CARTESIAN_POINT('',(2.75399673595,45.494772034499,12.));
#5298 = CARTESIAN_POINT('',(1.583333333333,48.1,4.));
#5299 = CARTESIAN_POINT('',(1.383997697387,45.680783246535,12.));
#5300 = CARTESIAN_POINT('',(-9.251858538543E-16,48.1,4.));
#5301 = CARTESIAN_POINT('',(-5.551115123126E-15,45.743142004911,12.));
#5302 = CARTESIAN_POINT('',(-1.583333333333,48.1,4.));
#5303 = CARTESIAN_POINT('',(-1.383997697387,45.680783246535,12.));
#5304 = CARTESIAN_POINT('',(-3.166666666667,48.1,4.));
#5305 = CARTESIAN_POINT('',(-2.75399673595,45.494772034499,12.));
#5306 = CARTESIAN_POINT('',(-4.75,48.1,4.));
#5307 = CARTESIAN_POINT('',(-4.096463724086,45.18819904442,12.));
#5308 = ADVANCED_FACE('',(#5309),#5319,.F.);
#5309 = FACE_BOUND('',#5310,.F.);
#5310 = EDGE_LOOP('',(#5311,#5312,#5313,#5314));
#5311 = ORIENTED_EDGE('',*,*,#4713,.F.);
#5312 = ORIENTED_EDGE('',*,*,#5261,.T.);
#5313 = ORIENTED_EDGE('',*,*,#4956,.F.);
#5314 = ORIENTED_EDGE('',*,*,#5315,.F.);
#5315 = EDGE_CURVE('',#4714,#4957,#5316,.T.);
#5316 = B_SPLINE_CURVE_WITH_KNOTS('',1,(#5317,#5318),.UNSPECIFIED.,.F.,
  .F.,(2,2),(0.,1.),.PIECEWISE_BEZIER_KNOTS.);
#5317 = CARTESIAN_POINT('',(-4.75,6.5,4.));
#5318 = CARTESIAN_POINT('',(-4.096463724086,9.31180095558,12.));
#5319 = B_SPLINE_SURFACE_WITH_KNOTS('',6,1,(
    (#5320,#5321)
    ,(#5322,#5323)
    ,(#5324,#5325)
    ,(#5326,#5327)
    ,(#5328,#5329)
    ,(#5330,#5331)
    ,(#5332,#5333
    )),.UNSPECIFIED.,.F.,.F.,.F.,(7,7),(2,2),(0.,9.5),(0.,1.),
  .PIECEWISE_BEZIER_KNOTS.);
#5320 = CARTESIAN_POINT('',(-4.75,6.5,4.));
#5321 = CARTESIAN_POINT('',(-4.096463724086,9.31180095558,12.));
#5322 = CARTESIAN_POINT('',(-3.166666666667,6.5,4.));
#5323 = CARTESIAN_POINT('',(-2.75399673595,9.0052279655,12.));
#5324 = CARTESIAN_POINT('',(-1.583333333333,6.5,4.));
#5325 = CARTESIAN_POINT('',(-1.383997697387,8.819216753466,12.));
#5326 = CARTESIAN_POINT('',(3.700743415417E-17,6.5,4.));
#5327 = CARTESIAN_POINT('',(2.22044604925E-16,8.756857995088,12.));
#5328 = CARTESIAN_POINT('',(1.583333333333,6.5,4.));
#5329 = CARTESIAN_POINT('',(1.383997697387,8.819216753466,12.));
#5330 = CARTESIAN_POINT('',(3.166666666667,6.5,4.));
#5331 = CARTESIAN_POINT('',(2.75399673595,9.0052279655,12.));
#5332 = CARTESIAN_POINT('',(4.75,6.5,4.));
#5333 = CARTESIAN_POINT('',(4.096463724086,9.31180095558,12.));
#5334 = ADVANCED_FACE('',(#5335),#5345,.F.);
#5335 = FACE_BOUND('',#5336,.F.);
#5336 = EDGE_LOOP('',(#5337,#5338,#5343,#5344));
#5337 = ORIENTED_EDGE('',*,*,#4737,.T.);
#5338 = ORIENTED_EDGE('',*,*,#5339,.T.);
#5339 = EDGE_CURVE('',#4738,#5011,#5340,.T.);
#5340 = B_SPLINE_CURVE_WITH_KNOTS('',1,(#5341,#5342),.UNSPECIFIED.,.F.,
  .F.,(2,2),(0.,1.),.PIECEWISE_BEZIER_KNOTS.);
#5341 = CARTESIAN_POINT('',(-6.308845726812,47.2,4.));
#5342 = CARTESIAN_POINT('',(-5.560557940011,44.789674894244,12.));
#5343 = ORIENTED_EDGE('',*,*,#5019,.F.);
#5344 = ORIENTED_EDGE('',*,*,#5287,.F.);
#5345 = B_SPLINE_SURFACE_WITH_KNOTS('',7,1,(
    (#5346,#5347)
    ,(#5348,#5349)
    ,(#5350,#5351)
    ,(#5352,#5353)
    ,(#5354,#5355)
    ,(#5356,#5357)
    ,(#5358,#5359)
    ,(#5360,#5361
    )),.UNSPECIFIED.,.F.,.F.,.F.,(8,8),(2,2),(1.570796326795,
    2.617993877991),(0.,1.),.PIECEWISE_BEZIER_KNOTS.);
#5346 = CARTESIAN_POINT('',(-4.75,48.1,4.));
#5347 = CARTESIAN_POINT('',(-4.096463724086,45.18819904442,12.));
#5348 = CARTESIAN_POINT('',(-5.019279370308,48.1,4.));
#5349 = CARTESIAN_POINT('',(-4.307849556063,45.139925837599,12.));
#5350 = CARTESIAN_POINT('',(-5.288558686609,48.053001779835,4.));
#5351 = CARTESIAN_POINT('',(-4.518571734892,45.088746465987,12.));
#5352 = CARTESIAN_POINT('',(-5.547995078089,47.959006117861,4.));
#5353 = CARTESIAN_POINT('',(-4.728582283041,45.034671887065,12.));
#5354 = CARTESIAN_POINT('',(-5.787743904058,47.820587068652,4.));
#5355 = CARTESIAN_POINT('',(-4.937833489315,44.97771403678,12.));
#5356 = CARTESIAN_POINT('',(-5.998864730911,47.642906393949,4.));
#5357 = CARTESIAN_POINT('',(-5.146277908858,44.917885829547,12.));
#5358 = CARTESIAN_POINT('',(-6.174206041658,47.433202775402,4.));
#5359 = CARTESIAN_POINT('',(-5.353868363151,44.855201158252,12.));
#5360 = CARTESIAN_POINT('',(-6.308845726812,47.2,4.));
#5361 = CARTESIAN_POINT('',(-5.560557940011,44.789674894244,12.));
#5362 = ADVANCED_FACE('',(#5363),#5373,.F.);
#5363 = FACE_BOUND('',#5364,.F.);
#5364 = EDGE_LOOP('',(#5365,#5366,#5367,#5368));
#5365 = ORIENTED_EDGE('',*,*,#4769,.T.);
#5366 = ORIENTED_EDGE('',*,*,#5315,.T.);
#5367 = ORIENTED_EDGE('',*,*,#4965,.F.);
#5368 = ORIENTED_EDGE('',*,*,#5369,.F.);
#5369 = EDGE_CURVE('',#4762,#4966,#5370,.T.);
#5370 = B_SPLINE_CURVE_WITH_KNOTS('',1,(#5371,#5372),.UNSPECIFIED.,.F.,
  .F.,(2,2),(0.,1.),.PIECEWISE_BEZIER_KNOTS.);
#5371 = CARTESIAN_POINT('',(-6.308845726812,7.4,4.));
#5372 = CARTESIAN_POINT('',(-5.560557940011,9.710325105756,12.));
#5373 = B_SPLINE_SURFACE_WITH_KNOTS('',7,1,(
    (#5374,#5375)
    ,(#5376,#5377)
    ,(#5378,#5379)
    ,(#5380,#5381)
    ,(#5382,#5383)
    ,(#5384,#5385)
    ,(#5386,#5387)
    ,(#5388,#5389
    )),.UNSPECIFIED.,.F.,.F.,.F.,(8,8),(2,2),(3.665191429188,
    4.712388980385),(0.,1.),.PIECEWISE_BEZIER_KNOTS.);
#5374 = CARTESIAN_POINT('',(-6.308845726812,7.4,4.));
#5375 = CARTESIAN_POINT('',(-5.560557940011,9.710325105756,12.));
#5376 = CARTESIAN_POINT('',(-6.174206041658,7.166797224598,4.));
#5377 = CARTESIAN_POINT('',(-5.353868363151,9.644798841748,12.));
#5378 = CARTESIAN_POINT('',(-5.998864730911,6.957093606051,4.));
#5379 = CARTESIAN_POINT('',(-5.146277908858,9.582114170453,12.));
#5380 = CARTESIAN_POINT('',(-5.787743904058,6.779412931349,4.));
#5381 = CARTESIAN_POINT('',(-4.937833489315,9.52228596322,12.));
#5382 = CARTESIAN_POINT('',(-5.547995078089,6.640993882138,4.));
#5383 = CARTESIAN_POINT('',(-4.728582283041,9.465328112935,12.));
#5384 = CARTESIAN_POINT('',(-5.288558686609,6.546998220166,4.));
#5385 = CARTESIAN_POINT('',(-4.518571734892,9.411253534013,12.));
#5386 = CARTESIAN_POINT('',(-5.019279370308,6.5,4.));
#5387 = CARTESIAN_POINT('',(-4.307849556063,9.360074162401,12.));
#5388 = CARTESIAN_POINT('',(-4.75,6.5,4.));
#5389 = CARTESIAN_POINT('',(-4.096463724086,9.31180095558,12.));
#5390 = ADVANCED_FACE('',(#5391),#5401,.F.);
#5391 = FACE_BOUND('',#5392,.F.);
#5392 = EDGE_LOOP('',(#5393,#5394,#5399,#5400));
#5393 = ORIENTED_EDGE('',*,*,#4794,.F.);
#5394 = ORIENTED_EDGE('',*,*,#5395,.T.);
#5395 = EDGE_CURVE('',#4787,#5002,#5396,.T.);
#5396 = B_SPLINE_CURVE_WITH_KNOTS('',1,(#5397,#5398),.UNSPECIFIED.,.F.,
  .F.,(2,2),(0.,1.),.PIECEWISE_BEZIER_KNOTS.);
#5397 = CARTESIAN_POINT('',(-11.25884572681,38.626348502534,4.));
#5398 = CARTESIAN_POINT('',(-12.97182017699,40.299593146747,12.));
#5399 = ORIENTED_EDGE('',*,*,#5010,.F.);
#5400 = ORIENTED_EDGE('',*,*,#5339,.F.);
#5401 = B_SPLINE_SURFACE_WITH_KNOTS('',6,1,(
    (#5402,#5403)
    ,(#5404,#5405)
    ,(#5406,#5407)
    ,(#5408,#5409)
    ,(#5410,#5411)
    ,(#5412,#5413)
    ,(#5414,#5415
    )),.UNSPECIFIED.,.F.,.F.,.F.,(7,7),(2,2),(0.,9.9),(0.,1.),
  .PIECEWISE_BEZIER_KNOTS.);
#5402 = CARTESIAN_POINT('',(-6.308845726812,47.2,4.));
#5403 = CARTESIAN_POINT('',(-5.560557940011,44.789674894244,12.));
#5404 = CARTESIAN_POINT('',(-7.133845726812,45.771058083756,4.));
#5405 = CARTESIAN_POINT('',(-6.950300055844,44.349088531991,12.));
#5406 = CARTESIAN_POINT('',(-7.958845726812,44.342116167511,4.));
#5407 = CARTESIAN_POINT('',(-8.298150650766,43.776364107117,12.));
#5408 = CARTESIAN_POINT('',(-8.783845726812,42.913174251267,4.));
#5409 = CARTESIAN_POINT('',(-9.588405707097,43.076480034473,12.));
#5410 = CARTESIAN_POINT('',(-9.608845726812,41.484232335023,4.));
#5411 = CARTESIAN_POINT('',(-10.80614671212,42.256905345868,12.));
#5412 = CARTESIAN_POINT('',(-10.43384572681,40.055290418778,4.));
#5413 = CARTESIAN_POINT('',(-11.93784609823,41.327404946435,12.));
#5414 = CARTESIAN_POINT('',(-11.25884572681,38.626348502534,4.));
#5415 = CARTESIAN_POINT('',(-12.97182017699,40.299593146747,12.));
#5416 = ADVANCED_FACE('',(#5417),#5427,.F.);
#5417 = FACE_BOUND('',#5418,.F.);
#5418 = EDGE_LOOP('',(#5419,#5420,#5421,#5422));
#5419 = ORIENTED_EDGE('',*,*,#4811,.F.);
#5420 = ORIENTED_EDGE('',*,*,#5369,.T.);
#5421 = ORIENTED_EDGE('',*,*,#4974,.F.);
#5422 = ORIENTED_EDGE('',*,*,#5423,.F.);
#5423 = EDGE_CURVE('',#4812,#4975,#5424,.T.);
#5424 = B_SPLINE_CURVE_WITH_KNOTS('',1,(#5425,#5426),.UNSPECIFIED.,.F.,
  .F.,(2,2),(0.,1.),.PIECEWISE_BEZIER_KNOTS.);
#5425 = CARTESIAN_POINT('',(-11.25884572681,15.973651497466,4.));
#5426 = CARTESIAN_POINT('',(-12.97182017699,14.200406853253,12.));
#5427 = B_SPLINE_SURFACE_WITH_KNOTS('',6,1,(
    (#5428,#5429)
    ,(#5430,#5431)
    ,(#5432,#5433)
    ,(#5434,#5435)
    ,(#5436,#5437)
    ,(#5438,#5439)
    ,(#5440,#5441
    )),.UNSPECIFIED.,.F.,.F.,.F.,(7,7),(2,2),(0.,9.9),(0.,1.),
  .PIECEWISE_BEZIER_KNOTS.);
#5428 = CARTESIAN_POINT('',(-11.25884572681,15.973651497466,4.));
#5429 = CARTESIAN_POINT('',(-12.97182017699,14.200406853253,12.));
#5430 = CARTESIAN_POINT('',(-10.43384572681,14.544709581222,4.));
#5431 = CARTESIAN_POINT('',(-11.93784609823,13.172595053566,12.));
#5432 = CARTESIAN_POINT('',(-9.608845726812,13.115767664977,4.));
#5433 = CARTESIAN_POINT('',(-10.80614671212,12.243094654132,12.));
#5434 = CARTESIAN_POINT('',(-8.783845726812,11.686825748733,4.));
#5435 = CARTESIAN_POINT('',(-9.588405707097,11.423519965527,12.));
#5436 = CARTESIAN_POINT('',(-7.958845726812,10.257883832489,4.));
#5437 = CARTESIAN_POINT('',(-8.298150650766,10.723635892883,12.));
#5438 = CARTESIAN_POINT('',(-7.133845726812,8.828941916244,4.));
#5439 = CARTESIAN_POINT('',(-6.950300055844,10.150911468009,12.));
#5440 = CARTESIAN_POINT('',(-6.308845726812,7.4,4.));
#5441 = CARTESIAN_POINT('',(-5.560557940011,9.710325105756,12.));
#5442 = ADVANCED_FACE('',(#5443),#5453,.F.);
#5443 = FACE_BOUND('',#5444,.F.);
#5444 = EDGE_LOOP('',(#5445,#5446,#5451,#5452));
#5445 = ORIENTED_EDGE('',*,*,#4835,.T.);
#5446 = ORIENTED_EDGE('',*,*,#5447,.T.);
#5447 = EDGE_CURVE('',#4836,#4993,#5448,.T.);
#5448 = B_SPLINE_CURVE_WITH_KNOTS('',1,(#5449,#5450),.UNSPECIFIED.,.F.,
  .F.,(2,2),(0.,1.),.PIECEWISE_BEZIER_KNOTS.);
#5449 = CARTESIAN_POINT('',(-11.5,37.726348502534,4.));
#5450 = CARTESIAN_POINT('',(-13.63152105784,39.608868623365,12.));
#5451 = ORIENTED_EDGE('',*,*,#5001,.F.);
#5452 = ORIENTED_EDGE('',*,*,#5395,.F.);
#5453 = B_SPLINE_SURFACE_WITH_KNOTS('',5,1,(
    (#5454,#5455)
    ,(#5456,#5457)
    ,(#5458,#5459)
    ,(#5460,#5461)
    ,(#5462,#5463)
    ,(#5464,#5465
    )),.UNSPECIFIED.,.F.,.F.,.F.,(6,6),(2,2),(2.617993877991,
    3.14159265359),(0.,1.),.PIECEWISE_BEZIER_KNOTS.);
#5454 = CARTESIAN_POINT('',(-11.25884572681,38.626348502534,4.));
#5455 = CARTESIAN_POINT('',(-12.97182017699,40.299593146747,12.));
#5456 = CARTESIAN_POINT('',(-11.35309350642,38.463106559753,4.));
#5457 = CARTESIAN_POINT('',(-13.10731668192,40.164904173933,12.));
#5458 = CARTESIAN_POINT('',(-11.42597408277,38.287527949033,4.));
#5459 = CARTESIAN_POINT('',(-13.24106506108,40.028456590296,12.));
#5460 = CARTESIAN_POINT('',(-11.4753271252,38.103339887169,4.));
#5461 = CARTESIAN_POINT('',(-13.37303487311,39.890280656076,12.));
#5462 = CARTESIAN_POINT('',(-11.5,37.914844061749,4.));
#5463 = CARTESIAN_POINT('',(-13.50319648216,39.750407400817,12.));
#5464 = CARTESIAN_POINT('',(-11.5,37.726348502534,4.));
#5465 = CARTESIAN_POINT('',(-13.63152105784,39.608868623365,12.));
#5466 = ADVANCED_FACE('',(#5467),#5477,.F.);
#5467 = FACE_BOUND('',#5468,.F.);
#5468 = EDGE_LOOP('',(#5469,#5470,#5471,#5472));
#5469 = ORIENTED_EDGE('',*,*,#4867,.T.);
#5470 = ORIENTED_EDGE('',*,*,#5423,.T.);
#5471 = ORIENTED_EDGE('',*,*,#4983,.F.);
#5472 = ORIENTED_EDGE('',*,*,#5473,.F.);
#5473 = EDGE_CURVE('',#4860,#4984,#5474,.T.);
#5474 = B_SPLINE_CURVE_WITH_KNOTS('',1,(#5475,#5476),.UNSPECIFIED.,.F.,
  .F.,(2,2),(0.,1.),.PIECEWISE_BEZIER_KNOTS.);
#5475 = CARTESIAN_POINT('',(-11.5,16.873651497466,4.));
#5476 = CARTESIAN_POINT('',(-13.63152105784,14.891131376635,12.));
#5477 = B_SPLINE_SURFACE_WITH_KNOTS('',5,1,(
    (#5478,#5479)
    ,(#5480,#5481)
    ,(#5482,#5483)
    ,(#5484,#5485)
    ,(#5486,#5487)
    ,(#5488,#5489
    )),.UNSPECIFIED.,.F.,.F.,.F.,(6,6),(2,2),(3.14159265359,
    3.665191429188),(0.,1.),.PIECEWISE_BEZIER_KNOTS.);
#5478 = CARTESIAN_POINT('',(-11.5,16.873651497466,4.));
#5479 = CARTESIAN_POINT('',(-13.63152105784,14.891131376635,12.));
#5480 = CARTESIAN_POINT('',(-11.5,16.685155938251,4.));
#5481 = CARTESIAN_POINT('',(-13.50319648216,14.749592599183,12.));
#5482 = CARTESIAN_POINT('',(-11.4753271252,16.496660112831,4.));
#5483 = CARTESIAN_POINT('',(-13.37303487311,14.609719343924,12.));
#5484 = CARTESIAN_POINT('',(-11.42597408277,16.312472050966,4.));
#5485 = CARTESIAN_POINT('',(-13.24106506108,14.471543409704,12.));
#5486 = CARTESIAN_POINT('',(-11.35309350642,16.136893440247,4.));
#5487 = CARTESIAN_POINT('',(-13.10731668192,14.335095826067,12.));
#5488 = CARTESIAN_POINT('',(-11.25884572681,15.973651497466,4.));
#5489 = CARTESIAN_POINT('',(-12.97182017699,14.200406853253,12.));
#5490 = ADVANCED_FACE('',(#5491),#5497,.F.);
#5491 = FACE_BOUND('',#5492,.F.);
#5492 = EDGE_LOOP('',(#5493,#5494,#5495,#5496));
#5493 = ORIENTED_EDGE('',*,*,#4885,.F.);
#5494 = ORIENTED_EDGE('',*,*,#5473,.T.);
#5495 = ORIENTED_EDGE('',*,*,#4992,.F.);
#5496 = ORIENTED_EDGE('',*,*,#5447,.F.);
#5497 = B_SPLINE_SURFACE_WITH_KNOTS('',8,1,(
    (#5498,#5499)
    ,(#5500,#5501)
    ,(#5502,#5503)
    ,(#5504,#5505)
    ,(#5506,#5507)
    ,(#5508,#5509)
    ,(#5510,#5511)
    ,(#5512,#5513)
    ,(#5514,#5515
    )),.UNSPECIFIED.,.F.,.F.,.F.,(9,9),(2,2),(0.,20.852697005068),(0.,1.
    ),.PIECEWISE_BEZIER_KNOTS.);
#5498 = CARTESIAN_POINT('',(-11.5,37.726348502534,4.));
#5499 = CARTESIAN_POINT('',(-13.63152105784,39.608868623365,12.));
#5500 = CARTESIAN_POINT('',(-11.5,35.119761376901,4.));
#5501 = CARTESIAN_POINT('',(-15.90700805713,37.099063729976,12.));
#5502 = CARTESIAN_POINT('',(-11.5,32.513174251267,4.));
#5503 = CARTESIAN_POINT('',(-17.65438125965,34.110449375688,12.));
#5504 = CARTESIAN_POINT('',(-11.5,29.906587125634,4.));
#5505 = CARTESIAN_POINT('',(-18.75609732123,30.772679222452,12.));
#5506 = CARTESIAN_POINT('',(-11.5,27.3,4.));
#5507 = CARTESIAN_POINT('',(-19.13280826092,27.249999999999,12.));
#5508 = CARTESIAN_POINT('',(-11.5,24.693412874366,4.));
#5509 = CARTESIAN_POINT('',(-18.75609732123,23.727320777549,12.));
#5510 = CARTESIAN_POINT('',(-11.5,22.086825748733,4.));
#5511 = CARTESIAN_POINT('',(-17.65438125965,20.389550624311,12.));
#5512 = CARTESIAN_POINT('',(-11.5,19.480238623099,4.));
#5513 = CARTESIAN_POINT('',(-15.90700805713,17.400936270024,12.));
#5514 = CARTESIAN_POINT('',(-11.5,16.873651497466,4.));
#5515 = CARTESIAN_POINT('',(-13.63152105784,14.891131376635,12.));
#5516 = ( GEOMETRIC_REPRESENTATION_CONTEXT(3) 
GLOBAL_UNCERTAINTY_ASSIGNED_CONTEXT((#5520)) 
GLOBAL_UNIT_ASSIGNED_CONTEXT((#5517,#5518,#5519)) REPRESENTATION_CONTEXT
('Context #1','3D Context with UNIT and UNCERTAINTY') );
#5517 = ( LENGTH_UNIT() NAMED_UNIT(*) SI_UNIT(.MILLI.,.METRE.) );
#5518 = ( NAMED_UNIT(*) PLANE_ANGLE_UNIT() SI_UNIT($,.RADIAN.) );
#5519 = ( NAMED_UNIT(*) SI_UNIT($,.STERADIAN.) SOLID_ANGLE_UNIT() );
#5520 = UNCERTAINTY_MEASURE_WITH_UNIT(LENGTH_MEASURE(2.E-04),#5517,
  'distance_accuracy_value','confusion accuracy');
#5521 = PRODUCT_RELATED_PRODUCT_CATEGORY('part',$,(#7));
#5522 = MECHANICAL_DESIGN_GEOMETRIC_PRESENTATION_REPRESENTATION('',(
    #5523),#5516);
#5523 = STYLED_ITEM('color',(#5524),#15);
#5524 = PRESENTATION_STYLE_ASSIGNMENT((#5525,#5531));
#5525 = SURFACE_STYLE_USAGE(.BOTH.,#5526);
#5526 = SURFACE_SIDE_STYLE('',(#5527));
#5527 = SURFACE_STYLE_FILL_AREA(#5528);
#5528 = FILL_AREA_STYLE('',(#5529));
#5529 = FILL_AREA_STYLE_COLOUR('',#5530);
#5530 = COLOUR_RGB('',0.678431390124,0.709803936702,0.741176476869);
#5531 = CURVE_STYLE('',#5532,POSITIVE_LENGTH_MEASURE(0.1),#5533);
#5532 = DRAUGHTING_PRE_DEFINED_CURVE_FONT('continuous');
#5533 = COLOUR_RGB('',9.803921802644E-02,9.803921802644E-02,
  9.803921802644E-02);
ENDSEC;
END-ISO-10303-21;
