ISO-10303-21;
HEADER;
FILE_DESCRIPTION(('FreeCAD Model'),'2;1');
FILE_NAME('Open CASCADE Shape Model','2026-07-13T14:22:43',(''),(''),
  'Open CASCADE STEP processor 7.8','FreeCAD','Unknown');
FILE_SCHEMA(('AUTOMOTIVE_DESIGN { 1 0 10303 214 1 1 1 1 }'));
ENDSEC;
DATA;
#1 = APPLICATION_PROTOCOL_DEFINITION('international standard',
  'automotive_design',2000,#2);
#2 = APPLICATION_CONTEXT(
  'core data for automotive mechanical design processes');
#3 = SHAPE_DEFINITION_REPRESENTATION(#4,#10);
#4 = PRODUCT_DEFINITION_SHAPE('','',#5);
#5 = PRODUCT_DEFINITION('design','',#6,#9);
#6 = PRODUCT_DEFINITION_FORMATION('','',#7);
#7 = PRODUCT('ExhaustCoverR2WithVent','ExhaustCoverR2WithVent','',(#8));
#8 = PRODUCT_CONTEXT('',#2,'mechanical');
#9 = PRODUCT_DEFINITION_CONTEXT('part definition',#2,'design');
#10 = ADVANCED_BREP_SHAPE_REPRESENTATION('',(#11,#15),#11845);
#11 = AXIS2_PLACEMENT_3D('',#12,#13,#14);
#12 = CARTESIAN_POINT('',(0.,0.,0.));
#13 = DIRECTION('',(0.,0.,1.));
#14 = DIRECTION('',(1.,0.,-0.));
#15 = MANIFOLD_SOLID_BREP('',#16);
#16 = CLOSED_SHELL('',(#17,#504,#529,#560,#585,#625,#649,#673,#698,#723,
    #747,#771,#795,#820,#845,#869,#893,#917,#942,#967,#991,#1015,#1033,
    #1058,#1083,#1108,#1215,#1240,#1265,#1290,#1321,#1346,#1371,#1395,
    #1419,#1444,#1469,#1493,#1517,#1542,#1567,#1584,#1615,#1640,#1665,
    #1689,#1713,#1738,#1763,#1787,#1811,#1836,#1861,#1878,#1903,#1935,
    #1960,#1992,#2025,#2049,#2074,#2099,#2139,#2163,#2187,#2212,#2237,
    #2277,#2301,#2325,#2350,#2375,#2399,#2423,#2441,#2484,#2577,#2602,
    #2742,#2767,#2860,#2885,#2916,#2941,#2966,#2990,#3014,#3039,#3064,
    #3088,#3112,#3137,#3162,#3179,#3210,#3235,#3260,#3284,#3308,#3333,
    #3358,#3382,#3406,#3431,#3456,#3473,#3482,#3506,#3531,#3555,#3792,
    #3809,#3826,#3843,#3860,#3893,#3928,#3945,#3962,#3979,#4004,#4051,
    #5288,#5320,#5375,#5385,#5409,#5457,#5467,#5476,#5526,#5574,#5616,
    #5664,#5707,#5755,#5797,#5845,#5887,#5935,#5977,#6017,#6049,#6104,
    #6114,#6138,#6186,#6196,#6205,#6222,#6246,#6270,#6295,#6320,#6345,
    #6369,#6394,#6418,#6443,#6467,#6492,#6517,#6542,#6566,#6588,#6600,
    #6625,#6650,#6676,#6699,#6716,#6734,#6756,#6773,#6790,#6802,#6814,
    #6831,#6848,#6865,#6882,#6894,#6925,#6950,#6974,#6999,#7023,#7041,
    #7072,#7097,#7121,#7146,#7170,#7188,#7219,#7244,#7268,#7293,#7317,
    #7335,#7366,#7391,#7415,#7440,#7464,#7489,#7513,#7538,#7562,#7587,
    #7611,#7629,#7660,#7685,#7709,#7734,#7758,#7776,#7807,#7832,#7856,
    #7881,#7905,#7930,#7954,#7979,#8003,#8028,#8052,#8070,#8101,#8126,
    #8150,#8175,#8199,#8217,#8248,#8273,#8297,#8322,#8346,#8364,#8395,
    #8420,#8444,#8469,#8493,#8511,#8542,#8567,#8591,#8616,#8640,#8658,
    #8689,#8714,#8738,#8763,#8787,#8805,#8836,#8861,#8885,#8910,#8934,
    #8952,#8983,#9008,#9032,#9057,#9081,#9106,#9130,#9148,#9179,#9204,
    #9228,#9253,#9277,#9302,#9326,#9344,#9375,#9400,#9424,#9449,#9473,
    #9491,#9522,#9547,#9571,#9596,#9620,#9638,#9669,#9694,#9718,#9743,
    #9767,#9792,#9816,#9841,#9865,#9890,#9914,#9932,#9957,#9982,#9999,
    #10016,#10033,#10050,#10084,#10109,#10135,#10173,#10199,#10237,
    #10272,#10297,#10332,#10370,#10396,#10426,#10451,#10476,#10493,
    #10510,#10527,#10544,#10564,#10584,#10598,#10612,#10626,#10646,
    #10660,#10812,#10826,#10840,#10854,#10868,#10882,#10896,#10912,
    #10928,#10942,#10956,#10976,#11035,#11062,#11111,#11150,#11199,
    #11237,#11266,#11290,#11308,#11326,#11363,#11401,#11451,#11481,
    #11515,#11549,#11583,#11627,#11657,#11691,#11709,#11743,#11773,
    #11817));
#17 = ADVANCED_FACE('',(#18,#29,#199,#210,#221,#232,#258,#269,#280,#291,
    #395),#499,.T.);
#18 = FACE_BOUND('',#19,.T.);
#19 = EDGE_LOOP('',(#20));
#20 = ORIENTED_EDGE('',*,*,#21,.F.);
#21 = EDGE_CURVE('',#22,#22,#24,.T.);
#22 = VERTEX_POINT('',#23);
#23 = CARTESIAN_POINT('',(202.44322950887,196.20000000223,
    108.75715891906));
#24 = CIRCLE('',#25,2.75);
#25 = AXIS2_PLACEMENT_3D('',#26,#27,#28);
#26 = CARTESIAN_POINT('',(205.19322950887,196.20000000223,
    108.75715891906));
#27 = DIRECTION('',(1.3008E-13,1.,-1.64E-15));
#28 = DIRECTION('',(-1.,1.3008E-13,0.));
#29 = FACE_BOUND('',#30,.T.);
#30 = EDGE_LOOP('',(#31,#41,#50,#58,#67,#75,#83,#92,#100,#109,#117,#126,
    #134,#143,#151,#159,#168,#176,#185,#193));
#31 = ORIENTED_EDGE('',*,*,#32,.F.);
#32 = EDGE_CURVE('',#33,#35,#37,.T.);
#33 = VERTEX_POINT('',#34);
#34 = CARTESIAN_POINT('',(263.89322950886,196.20000000222,
    140.55715890731));
#35 = VERTEX_POINT('',#36);
#36 = CARTESIAN_POINT('',(263.89322950886,196.20000000222,
    127.75715890731));
#37 = LINE('',#38,#39);
#38 = CARTESIAN_POINT('',(263.89322950886,196.20000000222,
    125.15715890731));
#39 = VECTOR('',#40,1.);
#40 = DIRECTION('',(-2.5E-16,-1.39E-15,-1.));
#41 = ORIENTED_EDGE('',*,*,#42,.F.);
#42 = EDGE_CURVE('',#43,#33,#45,.T.);
#43 = VERTEX_POINT('',#44);
#44 = CARTESIAN_POINT('',(267.49322950886,196.20000000222,
    144.15715890731));
#45 = CIRCLE('',#46,3.6);
#46 = AXIS2_PLACEMENT_3D('',#47,#48,#49);
#47 = CARTESIAN_POINT('',(267.49322950886,196.20000000222,
    140.55715890731));
#48 = DIRECTION('',(-1.3053E-13,-1.,1.39E-15));
#49 = DIRECTION('',(-0.707106781187,9.328152657413E-14,0.707106781187));
#50 = ORIENTED_EDGE('',*,*,#51,.F.);
#51 = EDGE_CURVE('',#52,#43,#54,.T.);
#52 = VERTEX_POINT('',#53);
#53 = CARTESIAN_POINT('',(279.49322950886,196.20000000222,
    144.15715890731));
#54 = LINE('',#55,#56);
#55 = CARTESIAN_POINT('',(246.89322950886,196.20000000222,
    144.15715890731));
#56 = VECTOR('',#57,1.);
#57 = DIRECTION('',(-1.,1.3053E-13,-2.E-16));
#58 = ORIENTED_EDGE('',*,*,#59,.F.);
#59 = EDGE_CURVE('',#60,#52,#62,.T.);
#60 = VERTEX_POINT('',#61);
#61 = CARTESIAN_POINT('',(283.09322950886,196.20000000222,
    140.55715890731));
#62 = CIRCLE('',#63,3.6);
#63 = AXIS2_PLACEMENT_3D('',#64,#65,#66);
#64 = CARTESIAN_POINT('',(279.49322950886,196.20000000222,
    140.55715890731));
#65 = DIRECTION('',(-1.3053E-13,-1.,1.39E-15));
#66 = DIRECTION('',(0.707106781187,-9.131576972243E-14,0.707106781187));
#67 = ORIENTED_EDGE('',*,*,#68,.F.);
#68 = EDGE_CURVE('',#69,#60,#71,.T.);
#69 = VERTEX_POINT('',#70);
#70 = CARTESIAN_POINT('',(283.09322950886,196.20000000222,
    128.15715890731));
#71 = LINE('',#72,#73);
#72 = CARTESIAN_POINT('',(283.09322950886,196.20000000222,
    99.357158907316));
#73 = VECTOR('',#74,1.);
#74 = DIRECTION('',(3.6E-16,1.39E-15,1.));
#75 = ORIENTED_EDGE('',*,*,#76,.F.);
#76 = EDGE_CURVE('',#77,#69,#79,.T.);
#77 = VERTEX_POINT('',#78);
#78 = CARTESIAN_POINT('',(286.49322950886,196.20000000222,
    128.15715890731));
#79 = LINE('',#80,#81);
#80 = CARTESIAN_POINT('',(246.89322950886,196.20000000222,
    128.15715890731));
#81 = VECTOR('',#82,1.);
#82 = DIRECTION('',(-1.,1.3053E-13,-2.E-16));
#83 = ORIENTED_EDGE('',*,*,#84,.F.);
#84 = EDGE_CURVE('',#85,#77,#87,.T.);
#85 = VERTEX_POINT('',#86);
#86 = CARTESIAN_POINT('',(289.09322950886,196.20000000221,
    125.55715890731));
#87 = CIRCLE('',#88,2.6);
#88 = AXIS2_PLACEMENT_3D('',#89,#90,#91);
#89 = CARTESIAN_POINT('',(286.49322950886,196.20000000222,
    125.55715890731));
#90 = DIRECTION('',(-1.3053E-13,-1.,1.39E-15));
#91 = DIRECTION('',(0.707106781187,-9.131576972243E-14,0.707106781187));
#92 = ORIENTED_EDGE('',*,*,#93,.F.);
#93 = EDGE_CURVE('',#94,#85,#96,.T.);
#94 = VERTEX_POINT('',#95);
#95 = CARTESIAN_POINT('',(289.09322950886,196.20000000221,
    85.957158907316));
#96 = LINE('',#97,#98);
#97 = CARTESIAN_POINT('',(289.09322950886,196.20000000221,
    117.15715890731));
#98 = VECTOR('',#99,1.);
#99 = DIRECTION('',(-2.E-16,1.39E-15,1.));
#100 = ORIENTED_EDGE('',*,*,#101,.F.);
#101 = EDGE_CURVE('',#102,#94,#104,.T.);
#102 = VERTEX_POINT('',#103);
#103 = CARTESIAN_POINT('',(286.49322950886,196.20000000222,
    83.357158907316));
#104 = CIRCLE('',#105,2.6);
#105 = AXIS2_PLACEMENT_3D('',#106,#107,#108);
#106 = CARTESIAN_POINT('',(286.49322950886,196.20000000222,
    85.957158907316));
#107 = DIRECTION('',(-1.3053E-13,-1.,1.39E-15));
#108 = DIRECTION('',(0.707106781187,-9.328152657413E-14,-0.707106781187)
  );
#109 = ORIENTED_EDGE('',*,*,#110,.F.);
#110 = EDGE_CURVE('',#111,#102,#113,.T.);
#111 = VERTEX_POINT('',#112);
#112 = CARTESIAN_POINT('',(134.09322950886,196.20000000223,
    83.357158907316));
#113 = LINE('',#114,#115);
#114 = CARTESIAN_POINT('',(249.89322950886,196.20000000222,
    83.357158907316));
#115 = VECTOR('',#116,1.);
#116 = DIRECTION('',(1.,-1.3053E-13,2.6E-16));
#117 = ORIENTED_EDGE('',*,*,#118,.F.);
#118 = EDGE_CURVE('',#119,#111,#121,.T.);
#119 = VERTEX_POINT('',#120);
#120 = CARTESIAN_POINT('',(131.49322950886,196.20000000224,
    85.957158907316));
#121 = CIRCLE('',#122,2.6);
#122 = AXIS2_PLACEMENT_3D('',#123,#124,#125);
#123 = CARTESIAN_POINT('',(134.09322950886,196.20000000223,
    85.957158907316));
#124 = DIRECTION('',(-1.3053E-13,-1.,1.39E-15));
#125 = DIRECTION('',(-0.707106781187,9.131576972243E-14,-0.707106781187)
  );
#126 = ORIENTED_EDGE('',*,*,#127,.F.);
#127 = EDGE_CURVE('',#128,#119,#130,.T.);
#128 = VERTEX_POINT('',#129);
#129 = CARTESIAN_POINT('',(131.49322950886,196.20000000224,
    125.55715890731));
#130 = LINE('',#131,#132);
#131 = CARTESIAN_POINT('',(131.49322950886,196.20000000224,
    94.357158907316));
#132 = VECTOR('',#133,1.);
#133 = DIRECTION('',(9.8E-16,-1.39E-15,-1.));
#134 = ORIENTED_EDGE('',*,*,#135,.F.);
#135 = EDGE_CURVE('',#136,#128,#138,.T.);
#136 = VERTEX_POINT('',#137);
#137 = CARTESIAN_POINT('',(134.09322950886,196.20000000224,
    128.15715890731));
#138 = CIRCLE('',#139,2.6);
#139 = AXIS2_PLACEMENT_3D('',#140,#141,#142);
#140 = CARTESIAN_POINT('',(134.09322950886,196.20000000223,
    125.55715890731));
#141 = DIRECTION('',(-1.3053E-13,-1.,1.39E-15));
#142 = DIRECTION('',(-0.707106781187,9.328152657413E-14,0.707106781187)
  );
#143 = ORIENTED_EDGE('',*,*,#144,.F.);
#144 = EDGE_CURVE('',#145,#136,#147,.T.);
#145 = VERTEX_POINT('',#146);
#146 = CARTESIAN_POINT('',(137.49322950886,196.20000000223,
    128.15715890731));
#147 = LINE('',#148,#149);
#148 = CARTESIAN_POINT('',(170.69322950886,196.20000000223,
    128.15715890731));
#149 = VECTOR('',#150,1.);
#150 = DIRECTION('',(-1.,1.3053E-13,-2.E-16));
#151 = ORIENTED_EDGE('',*,*,#152,.F.);
#152 = EDGE_CURVE('',#153,#145,#155,.T.);
#153 = VERTEX_POINT('',#154);
#154 = CARTESIAN_POINT('',(137.49322950886,196.20000000223,
    140.55715890731));
#155 = LINE('',#156,#157);
#156 = CARTESIAN_POINT('',(137.49322950886,196.20000000223,
    115.15715890731));
#157 = VECTOR('',#158,1.);
#158 = DIRECTION('',(1.88E-15,-1.39E-15,-1.));
#159 = ORIENTED_EDGE('',*,*,#160,.F.);
#160 = EDGE_CURVE('',#161,#153,#163,.T.);
#161 = VERTEX_POINT('',#162);
#162 = CARTESIAN_POINT('',(141.09322950886,196.20000000223,
    144.15715890731));
#163 = CIRCLE('',#164,3.6);
#164 = AXIS2_PLACEMENT_3D('',#165,#166,#167);
#165 = CARTESIAN_POINT('',(141.09322950886,196.20000000223,
    140.55715890731));
#166 = DIRECTION('',(-1.3053E-13,-1.,1.39E-15));
#167 = DIRECTION('',(-0.707106781187,9.328152657413E-14,0.707106781187)
  );
#168 = ORIENTED_EDGE('',*,*,#169,.F.);
#169 = EDGE_CURVE('',#170,#161,#172,.T.);
#170 = VERTEX_POINT('',#171);
#171 = CARTESIAN_POINT('',(153.09322950886,196.20000000223,
    144.15715890731));
#172 = LINE('',#173,#174);
#173 = CARTESIAN_POINT('',(183.69322950886,196.20000000223,
    144.15715890731));
#174 = VECTOR('',#175,1.);
#175 = DIRECTION('',(-1.,1.3053E-13,-2.E-16));
#176 = ORIENTED_EDGE('',*,*,#177,.F.);
#177 = EDGE_CURVE('',#178,#170,#180,.T.);
#178 = VERTEX_POINT('',#179);
#179 = CARTESIAN_POINT('',(156.69322950886,196.20000000223,
    140.55715890731));
#180 = CIRCLE('',#181,3.6);
#181 = AXIS2_PLACEMENT_3D('',#182,#183,#184);
#182 = CARTESIAN_POINT('',(153.09322950886,196.20000000223,
    140.55715890731));
#183 = DIRECTION('',(-1.3053E-13,-1.,1.39E-15));
#184 = DIRECTION('',(0.707106781187,-9.131576972243E-14,0.707106781187)
  );
#185 = ORIENTED_EDGE('',*,*,#186,.F.);
#186 = EDGE_CURVE('',#187,#178,#189,.T.);
#187 = VERTEX_POINT('',#188);
#188 = CARTESIAN_POINT('',(156.69322950886,196.20000000223,
    127.75715890731));
#189 = LINE('',#190,#191);
#190 = CARTESIAN_POINT('',(156.69322950886,196.20000000223,
    115.15715890731));
#191 = VECTOR('',#192,1.);
#192 = DIRECTION('',(-6.4E-16,1.39E-15,1.));
#193 = ORIENTED_EDGE('',*,*,#194,.F.);
#194 = EDGE_CURVE('',#35,#187,#195,.T.);
#195 = LINE('',#196,#197);
#196 = CARTESIAN_POINT('',(183.69322950886,196.20000000223,
    127.75715890731));
#197 = VECTOR('',#198,1.);
#198 = DIRECTION('',(-1.,1.3053E-13,-2.E-16));
#199 = FACE_BOUND('',#200,.T.);
#200 = EDGE_LOOP('',(#201));
#201 = ORIENTED_EDGE('',*,*,#202,.T.);
#202 = EDGE_CURVE('',#203,#203,#205,.T.);
#203 = VERTEX_POINT('',#204);
#204 = CARTESIAN_POINT('',(138.44322950886,196.20000000223,
    108.75715890731));
#205 = CIRCLE('',#206,2.75);
#206 = AXIS2_PLACEMENT_3D('',#207,#208,#209);
#207 = CARTESIAN_POINT('',(141.19322950886,196.20000000223,
    108.75715890731));
#208 = DIRECTION('',(-1.3008E-13,-1.,1.64E-15));
#209 = DIRECTION('',(1.,-1.3008E-13,2.E-16));
#210 = FACE_BOUND('',#211,.T.);
#211 = EDGE_LOOP('',(#212));
#212 = ORIENTED_EDGE('',*,*,#213,.T.);
#213 = EDGE_CURVE('',#214,#214,#216,.T.);
#214 = VERTEX_POINT('',#215);
#215 = CARTESIAN_POINT('',(152.99322950886,196.20000000223,
    134.55715890731));
#216 = CIRCLE('',#217,5.9);
#217 = AXIS2_PLACEMENT_3D('',#218,#219,#220);
#218 = CARTESIAN_POINT('',(147.09322950886,196.20000000223,
    134.55715890731));
#219 = DIRECTION('',(-1.3008E-13,-1.,1.64E-15));
#220 = DIRECTION('',(-1.,1.3008E-13,-2.E-16));
#221 = FACE_BOUND('',#222,.T.);
#222 = EDGE_LOOP('',(#223));
#223 = ORIENTED_EDGE('',*,*,#224,.T.);
#224 = EDGE_CURVE('',#225,#225,#227,.T.);
#225 = VERTEX_POINT('',#226);
#226 = CARTESIAN_POINT('',(251.99322950886,196.20000000222,
    108.75715894962));
#227 = CIRCLE('',#228,2.7);
#228 = AXIS2_PLACEMENT_3D('',#229,#230,#231);
#229 = CARTESIAN_POINT('',(249.29322950886,196.20000000222,
    108.75715894962));
#230 = DIRECTION('',(-1.3008E-13,-1.,1.64E-15));
#231 = DIRECTION('',(-1.,1.3008E-13,-2.E-16));
#232 = FACE_BOUND('',#233,.T.);
#233 = EDGE_LOOP('',(#234));
#234 = ORIENTED_EDGE('',*,*,#235,.T.);
#235 = EDGE_CURVE('',#236,#236,#238,.T.);
#236 = VERTEX_POINT('',#237);
#237 = CARTESIAN_POINT('',(266.53378866796,196.20000000222,
    108.75715889779));
#238 = B_SPLINE_CURVE_WITH_KNOTS('',3,(#239,#240,#241,#242,#243,#244,
    #245,#246,#247,#248,#249,#250,#251,#252,#253,#254,#255,#256,#257),
  .UNSPECIFIED.,.T.,.F.,(1,3,1,1,1,1,1,1,1,1,1,1,1,1,1,1,1,3,1),(
    -3.590391604103,-3.14159265359,-2.692793703077,-2.243994752564,
    -1.795195802051,-1.346396851538,-0.897597901026,-0.448798950513,
    -0.149599650171,0.299199300342,0.448798950513,0.747998250855,
    1.047197551197,1.346396851538,1.795195802051,2.243994752564,
    2.692793703077,3.14159265359,3.590391604103),.UNSPECIFIED.);
#239 = CARTESIAN_POINT('',(266.53378866796,196.20000000222,
    108.75715889779));
#240 = CARTESIAN_POINT('',(266.53378866796,196.20000000222,
    109.16342448733));
#241 = CARTESIAN_POINT('',(266.26531269624,196.20000000222,
    109.96843146485));
#242 = CARTESIAN_POINT('',(265.24774422151,196.20000000222,
    110.85586367848));
#243 = CARTESIAN_POINT('',(263.85553127847,196.20000000222,
    111.32642721388));
#244 = CARTESIAN_POINT('',(262.33070099971,196.20000000222,
    111.32670629682));
#245 = CARTESIAN_POINT('',(260.93806918444,196.20000000222,
    110.85603567016));
#246 = CARTESIAN_POINT('',(260.03545288331,196.20000000222,
    110.06725049847));
#247 = CARTESIAN_POINT('',(259.58036396546,196.20000000222,
    109.04214197217));
#248 = CARTESIAN_POINT('',(259.67039010499,196.20000000222,
    108.20204255215));
#249 = CARTESIAN_POINT('',(260.08039451942,196.20000000222,
    107.47178735994));
#250 = CARTESIAN_POINT('',(260.58772291336,196.20000000222,
    106.94749991022));
#251 = CARTESIAN_POINT('',(261.39977569088,196.20000000222,
    106.4926725332));
#252 = CARTESIAN_POINT('',(262.49999285418,196.20000000222,
    106.18767800899));
#253 = CARTESIAN_POINT('',(263.85551475534,196.20000000222,
    106.18774422864));
#254 = CARTESIAN_POINT('',(265.24753617277,196.20000000222,
    106.65861446941));
#255 = CARTESIAN_POINT('',(266.26531036882,196.20000000222,
    107.54584159521));
#256 = CARTESIAN_POINT('',(266.53378866796,196.20000000222,
    108.35089330824));
#257 = CARTESIAN_POINT('',(266.53378866796,196.20000000222,
    108.75715889779));
#258 = FACE_BOUND('',#259,.T.);
#259 = EDGE_LOOP('',(#260));
#260 = ORIENTED_EDGE('',*,*,#261,.T.);
#261 = EDGE_CURVE('',#262,#262,#264,.T.);
#262 = VERTEX_POINT('',#263);
#263 = CARTESIAN_POINT('',(277.24322950886,196.20000000222,
    108.75715890731));
#264 = CIRCLE('',#265,2.15);
#265 = AXIS2_PLACEMENT_3D('',#266,#267,#268);
#266 = CARTESIAN_POINT('',(279.39322950886,196.20000000222,
    108.75715890731));
#267 = DIRECTION('',(-1.3008E-13,-1.,1.64E-15));
#268 = DIRECTION('',(1.,-1.3008E-13,2.E-16));
#269 = FACE_BOUND('',#270,.T.);
#270 = EDGE_LOOP('',(#271));
#271 = ORIENTED_EDGE('',*,*,#272,.T.);
#272 = EDGE_CURVE('',#273,#273,#275,.T.);
#273 = VERTEX_POINT('',#274);
#274 = CARTESIAN_POINT('',(279.39322950886,196.20000000222,
    134.55715890731));
#275 = CIRCLE('',#276,5.9);
#276 = AXIS2_PLACEMENT_3D('',#277,#278,#279);
#277 = CARTESIAN_POINT('',(273.49322950886,196.20000000222,
    134.55715890731));
#278 = DIRECTION('',(-1.3008E-13,-1.,1.64E-15));
#279 = DIRECTION('',(-1.,1.3008E-13,-2.E-16));
#280 = FACE_BOUND('',#281,.T.);
#281 = EDGE_LOOP('',(#282));
#282 = ORIENTED_EDGE('',*,*,#283,.F.);
#283 = EDGE_CURVE('',#284,#284,#286,.T.);
#284 = VERTEX_POINT('',#285);
#285 = CARTESIAN_POINT('',(147.84322950885,196.20000000223,
    108.75715891906));
#286 = CIRCLE('',#287,2.75);
#287 = AXIS2_PLACEMENT_3D('',#288,#289,#290);
#288 = CARTESIAN_POINT('',(150.59322950885,196.20000000223,
    108.75715891906));
#289 = DIRECTION('',(1.3008E-13,1.,-1.64E-15));
#290 = DIRECTION('',(-1.,1.3008E-13,0.));
#291 = FACE_BOUND('',#292,.T.);
#292 = EDGE_LOOP('',(#293,#303,#312,#320,#329,#337,#346,#354,#363,#371,
    #380,#388));
#293 = ORIENTED_EDGE('',*,*,#294,.F.);
#294 = EDGE_CURVE('',#295,#297,#299,.T.);
#295 = VERTEX_POINT('',#296);
#296 = CARTESIAN_POINT('',(176.99322950982,196.20000000223,
    113.37596106906));
#297 = VERTEX_POINT('',#298);
#298 = CARTESIAN_POINT('',(176.99322950792,196.20000000223,
    104.13835676643));
#299 = LINE('',#300,#301);
#300 = CARTESIAN_POINT('',(176.99322950982,196.20000000223,
    113.37596106906));
#301 = VECTOR('',#302,1.);
#302 = DIRECTION('',(-2.0578662E-10,-1.64E-15,-1.));
#303 = ORIENTED_EDGE('',*,*,#304,.F.);
#304 = EDGE_CURVE('',#305,#295,#307,.T.);
#305 = VERTEX_POINT('',#306);
#306 = CARTESIAN_POINT('',(176.0432295095,196.20000000223,
    115.02140933721));
#307 = CIRCLE('',#308,1.900000000654);
#308 = AXIS2_PLACEMENT_3D('',#309,#310,#311);
#309 = CARTESIAN_POINT('',(175.09322950917,196.20000000223,
    113.37596106945));
#310 = DIRECTION('',(1.3008E-13,1.,-1.64E-15));
#311 = DIRECTION('',(0.5,-6.36197183378E-14,0.866025403784));
#312 = ORIENTED_EDGE('',*,*,#313,.F.);
#313 = EDGE_CURVE('',#314,#305,#316,.T.);
#314 = VERTEX_POINT('',#315);
#315 = CARTESIAN_POINT('',(168.04322950885,196.20000000223,
    119.6402114911));
#316 = LINE('',#317,#318);
#317 = CARTESIAN_POINT('',(168.04322950885,196.20000000223,
    119.6402114911));
#318 = VECTOR('',#319,1.);
#319 = DIRECTION('',(0.866025403784,-1.1347E-13,-0.5));
#320 = ORIENTED_EDGE('',*,*,#321,.F.);
#321 = EDGE_CURVE('',#322,#314,#324,.T.);
#322 = VERTEX_POINT('',#323);
#323 = CARTESIAN_POINT('',(166.14322950888,196.20000000223,
    119.6402114911));
#324 = CIRCLE('',#325,1.899999999971);
#325 = AXIS2_PLACEMENT_3D('',#326,#327,#328);
#326 = CARTESIAN_POINT('',(167.09322950886,196.20000000223,
    117.99476322393));
#327 = DIRECTION('',(1.3008E-13,1.,-1.64E-15));
#328 = DIRECTION('',(-0.5,6.646028166216E-14,0.866025403785));
#329 = ORIENTED_EDGE('',*,*,#330,.F.);
#330 = EDGE_CURVE('',#331,#322,#333,.T.);
#331 = VERTEX_POINT('',#332);
#332 = CARTESIAN_POINT('',(158.14322950885,196.20000000223,
    115.02140933756));
#333 = LINE('',#334,#335);
#334 = CARTESIAN_POINT('',(158.14322950885,196.20000000223,
    115.02140933756));
#335 = VECTOR('',#336,1.);
#336 = DIRECTION('',(0.866025403784,-1.1183E-13,0.5));
#337 = ORIENTED_EDGE('',*,*,#338,.F.);
#338 = EDGE_CURVE('',#339,#331,#341,.T.);
#339 = VERTEX_POINT('',#340);
#340 = CARTESIAN_POINT('',(157.19322950885,196.20000000223,
    113.37596107037));
#341 = CIRCLE('',#342,1.9);
#342 = AXIS2_PLACEMENT_3D('',#343,#344,#345);
#343 = CARTESIAN_POINT('',(159.09322950885,196.20000000223,
    113.37596107037));
#344 = DIRECTION('',(1.3008E-13,1.,-1.64E-15));
#345 = DIRECTION('',(-1.,1.3008E-13,0.));
#346 = ORIENTED_EDGE('',*,*,#347,.F.);
#347 = EDGE_CURVE('',#348,#339,#350,.T.);
#348 = VERTEX_POINT('',#349);
#349 = CARTESIAN_POINT('',(157.19322950885,196.20000000223,
    104.13835676774));
#350 = LINE('',#351,#352);
#351 = CARTESIAN_POINT('',(157.19322950885,196.20000000223,
    104.13835676774));
#352 = VECTOR('',#353,1.);
#353 = DIRECTION('',(6.53E-15,1.64E-15,1.));
#354 = ORIENTED_EDGE('',*,*,#355,.F.);
#355 = EDGE_CURVE('',#356,#348,#358,.T.);
#356 = VERTEX_POINT('',#357);
#357 = CARTESIAN_POINT('',(158.14322951268,196.20000000223,
    102.49290849393));
#358 = CIRCLE('',#359,1.900000007649);
#359 = AXIS2_PLACEMENT_3D('',#360,#361,#362);
#360 = CARTESIAN_POINT('',(159.0932295165,196.20000000223,
    104.13835676774));
#361 = DIRECTION('',(1.3008E-13,1.,-1.64E-15));
#362 = DIRECTION('',(-0.5,6.361971833775E-14,-0.866025403785));
#363 = ORIENTED_EDGE('',*,*,#364,.F.);
#364 = EDGE_CURVE('',#365,#356,#367,.T.);
#365 = VERTEX_POINT('',#366);
#366 = CARTESIAN_POINT('',(166.14322950886,196.20000000223,
    97.874106342618));
#367 = LINE('',#368,#369);
#368 = CARTESIAN_POINT('',(166.14322950887,196.20000000223,
    97.874106342618));
#369 = VECTOR('',#370,1.);
#370 = DIRECTION('',(-0.866025403784,1.1347E-13,0.5));
#371 = ORIENTED_EDGE('',*,*,#372,.F.);
#372 = EDGE_CURVE('',#373,#365,#375,.T.);
#373 = VERTEX_POINT('',#374);
#374 = CARTESIAN_POINT('',(168.04322950899,196.20000000223,
    97.874106342693));
#375 = CIRCLE('',#376,1.899999999995);
#376 = AXIS2_PLACEMENT_3D('',#377,#378,#379);
#377 = CARTESIAN_POINT('',(167.09322950886,196.20000000223,
    99.519554609804));
#378 = DIRECTION('',(1.3008E-13,1.,-1.64E-15));
#379 = DIRECTION('',(0.5,-6.646028166223E-14,-0.866025403784));
#380 = ORIENTED_EDGE('',*,*,#381,.F.);
#381 = EDGE_CURVE('',#382,#373,#384,.T.);
#382 = VERTEX_POINT('',#383);
#383 = CARTESIAN_POINT('',(176.04322950768,196.20000000223,
    102.49290849944));
#384 = LINE('',#385,#386);
#385 = CARTESIAN_POINT('',(176.04322950785,196.20000000223,
    102.49290849954));
#386 = VECTOR('',#387,1.);
#387 = DIRECTION('',(-0.866025403597,1.1183E-13,-0.500000000324));
#388 = ORIENTED_EDGE('',*,*,#389,.F.);
#389 = EDGE_CURVE('',#297,#382,#390,.T.);
#390 = CIRCLE('',#391,1.900000000083);
#391 = AXIS2_PLACEMENT_3D('',#392,#393,#394);
#392 = CARTESIAN_POINT('',(175.09322950784,196.20000000223,
    104.13835676682));
#393 = DIRECTION('',(1.3008E-13,1.,-1.64E-15));
#394 = DIRECTION('',(1.,-1.300800000003E-13,-2.0599108E-10));
#395 = FACE_BOUND('',#396,.T.);
#396 = EDGE_LOOP('',(#397,#407,#416,#424,#433,#441,#450,#458,#467,#475,
    #484,#492));
#397 = ORIENTED_EDGE('',*,*,#398,.F.);
#398 = EDGE_CURVE('',#399,#401,#403,.T.);
#399 = VERTEX_POINT('',#400);
#400 = CARTESIAN_POINT('',(178.79322950885,196.20000000223,
    104.13835676297));
#401 = VERTEX_POINT('',#402);
#402 = CARTESIAN_POINT('',(178.79322950885,196.20000000223,
    113.3759610656));
#403 = LINE('',#404,#405);
#404 = CARTESIAN_POINT('',(178.79322950885,196.20000000223,
    104.13835676297));
#405 = VECTOR('',#406,1.);
#406 = DIRECTION('',(7.01E-15,1.64E-15,1.));
#407 = ORIENTED_EDGE('',*,*,#408,.F.);
#408 = EDGE_CURVE('',#409,#399,#411,.T.);
#409 = VERTEX_POINT('',#410);
#410 = CARTESIAN_POINT('',(179.74322951268,196.20000000223,
    102.49290848916));
#411 = CIRCLE('',#412,1.90000000765);
#412 = AXIS2_PLACEMENT_3D('',#413,#414,#415);
#413 = CARTESIAN_POINT('',(180.6932295165,196.20000000223,
    104.13835676297));
#414 = DIRECTION('',(1.3008E-13,1.,-1.64E-15));
#415 = DIRECTION('',(-0.5,6.361971833775E-14,-0.866025403785));
#416 = ORIENTED_EDGE('',*,*,#417,.F.);
#417 = EDGE_CURVE('',#418,#409,#420,.T.);
#418 = VERTEX_POINT('',#419);
#419 = CARTESIAN_POINT('',(187.74322950886,196.20000000223,
    97.874106337848));
#420 = LINE('',#421,#422);
#421 = CARTESIAN_POINT('',(187.74322950887,196.20000000223,
    97.874106337848));
#422 = VECTOR('',#423,1.);
#423 = DIRECTION('',(-0.866025403784,1.1347E-13,0.5));
#424 = ORIENTED_EDGE('',*,*,#425,.F.);
#425 = EDGE_CURVE('',#426,#418,#428,.T.);
#426 = VERTEX_POINT('',#427);
#427 = CARTESIAN_POINT('',(189.64322950899,196.20000000223,
    97.874106337923));
#428 = CIRCLE('',#429,1.899999999995);
#429 = AXIS2_PLACEMENT_3D('',#430,#431,#432);
#430 = CARTESIAN_POINT('',(188.69322950886,196.20000000223,
    99.519554605035));
#431 = DIRECTION('',(1.3008E-13,1.,-1.64E-15));
#432 = DIRECTION('',(0.5,-6.646028166223E-14,-0.866025403784));
#433 = ORIENTED_EDGE('',*,*,#434,.F.);
#434 = EDGE_CURVE('',#435,#426,#437,.T.);
#435 = VERTEX_POINT('',#436);
#436 = CARTESIAN_POINT('',(197.64322950768,196.20000000223,
    102.49290849467));
#437 = LINE('',#438,#439);
#438 = CARTESIAN_POINT('',(197.64322950785,196.20000000223,
    102.49290849477));
#439 = VECTOR('',#440,1.);
#440 = DIRECTION('',(-0.866025403597,1.1183E-13,-0.500000000324));
#441 = ORIENTED_EDGE('',*,*,#442,.F.);
#442 = EDGE_CURVE('',#443,#435,#445,.T.);
#443 = VERTEX_POINT('',#444);
#444 = CARTESIAN_POINT('',(198.59322950792,196.20000000223,
    104.13835676166));
#445 = CIRCLE('',#446,1.900000000083);
#446 = AXIS2_PLACEMENT_3D('',#447,#448,#449);
#447 = CARTESIAN_POINT('',(196.69322950784,196.20000000223,
    104.13835676205));
#448 = DIRECTION('',(1.3008E-13,1.,-1.64E-15));
#449 = DIRECTION('',(1.,-1.300800000003E-13,-2.0599108E-10));
#450 = ORIENTED_EDGE('',*,*,#451,.F.);
#451 = EDGE_CURVE('',#452,#443,#454,.T.);
#452 = VERTEX_POINT('',#453);
#453 = CARTESIAN_POINT('',(198.59322950982,196.20000000223,
    113.37596106429));
#454 = LINE('',#455,#456);
#455 = CARTESIAN_POINT('',(198.59322950982,196.20000000223,
    113.37596106429));
#456 = VECTOR('',#457,1.);
#457 = DIRECTION('',(-2.0578746E-10,-1.64E-15,-1.));
#458 = ORIENTED_EDGE('',*,*,#459,.F.);
#459 = EDGE_CURVE('',#460,#452,#462,.T.);
#460 = VERTEX_POINT('',#461);
#461 = CARTESIAN_POINT('',(197.6432295095,196.20000000223,
    115.02140933244));
#462 = CIRCLE('',#463,1.900000000654);
#463 = AXIS2_PLACEMENT_3D('',#464,#465,#466);
#464 = CARTESIAN_POINT('',(196.69322950917,196.20000000223,
    113.37596106468));
#465 = DIRECTION('',(1.3008E-13,1.,-1.64E-15));
#466 = DIRECTION('',(0.5,-6.36197183378E-14,0.866025403784));
#467 = ORIENTED_EDGE('',*,*,#468,.F.);
#468 = EDGE_CURVE('',#469,#460,#471,.T.);
#469 = VERTEX_POINT('',#470);
#470 = CARTESIAN_POINT('',(189.64322950885,196.20000000223,
    119.64021148633));
#471 = LINE('',#472,#473);
#472 = CARTESIAN_POINT('',(189.64322950885,196.20000000223,
    119.64021148633));
#473 = VECTOR('',#474,1.);
#474 = DIRECTION('',(0.866025403784,-1.1347E-13,-0.5));
#475 = ORIENTED_EDGE('',*,*,#476,.F.);
#476 = EDGE_CURVE('',#477,#469,#479,.T.);
#477 = VERTEX_POINT('',#478);
#478 = CARTESIAN_POINT('',(187.74322950888,196.20000000223,
    119.64021148633));
#479 = CIRCLE('',#480,1.899999999971);
#480 = AXIS2_PLACEMENT_3D('',#481,#482,#483);
#481 = CARTESIAN_POINT('',(188.69322950886,196.20000000223,
    117.99476321916));
#482 = DIRECTION('',(1.3008E-13,1.,-1.64E-15));
#483 = DIRECTION('',(-0.5,6.64602816622E-14,0.866025403784));
#484 = ORIENTED_EDGE('',*,*,#485,.F.);
#485 = EDGE_CURVE('',#486,#477,#488,.T.);
#486 = VERTEX_POINT('',#487);
#487 = CARTESIAN_POINT('',(179.74322950885,196.20000000223,
    115.02140933279));
#488 = LINE('',#489,#490);
#489 = CARTESIAN_POINT('',(179.74322950885,196.20000000223,
    115.02140933279));
#490 = VECTOR('',#491,1.);
#491 = DIRECTION('',(0.866025403784,-1.1183E-13,0.5));
#492 = ORIENTED_EDGE('',*,*,#493,.F.);
#493 = EDGE_CURVE('',#401,#486,#494,.T.);
#494 = CIRCLE('',#495,1.9);
#495 = AXIS2_PLACEMENT_3D('',#496,#497,#498);
#496 = CARTESIAN_POINT('',(180.69322950885,196.20000000223,
    113.3759610656));
#497 = DIRECTION('',(1.3008E-13,1.,-1.64E-15));
#498 = DIRECTION('',(-1.,1.3008E-13,0.));
#499 = PLANE('',#500);
#500 = AXIS2_PLACEMENT_3D('',#501,#502,#503);
#501 = CARTESIAN_POINT('',(210.29322950886,196.20000000223,
    110.7798586416));
#502 = DIRECTION('',(1.3008E-13,1.,-1.64E-15));
#503 = DIRECTION('',(-2.E-16,1.64E-15,1.));
#504 = ADVANCED_FACE('',(#505),#524,.F.);
#505 = FACE_BOUND('',#506,.T.);
#506 = EDGE_LOOP('',(#507,#515,#516,#517));
#507 = ORIENTED_EDGE('',*,*,#508,.F.);
#508 = EDGE_CURVE('',#22,#509,#511,.T.);
#509 = VERTEX_POINT('',#510);
#510 = CARTESIAN_POINT('',(202.84322950887,195.80000000223,
    108.75715891906));
#511 = LINE('',#512,#513);
#512 = CARTESIAN_POINT('',(202.84322950887,195.80000000223,
    108.75715891906));
#513 = VECTOR('',#514,1.);
#514 = DIRECTION('',(0.707106781186,-0.707106781187,1.16E-15));
#515 = ORIENTED_EDGE('',*,*,#21,.T.);
#516 = ORIENTED_EDGE('',*,*,#508,.T.);
#517 = ORIENTED_EDGE('',*,*,#518,.F.);
#518 = EDGE_CURVE('',#509,#509,#519,.T.);
#519 = CIRCLE('',#520,2.35);
#520 = AXIS2_PLACEMENT_3D('',#521,#522,#523);
#521 = CARTESIAN_POINT('',(205.19322950887,195.80000000223,
    108.75715891906));
#522 = DIRECTION('',(1.3008E-13,1.,-1.64E-15));
#523 = DIRECTION('',(-1.,1.3008E-13,0.));
#524 = CONICAL_SURFACE('',#525,2.35,0.785398163397);
#525 = AXIS2_PLACEMENT_3D('',#526,#527,#528);
#526 = CARTESIAN_POINT('',(205.19322950887,195.80000000223,
    108.75715891906));
#527 = DIRECTION('',(1.3008E-13,1.,-1.64E-15));
#528 = DIRECTION('',(-1.,1.3008E-13,0.));
#529 = ADVANCED_FACE('',(#530),#555,.T.);
#530 = FACE_BOUND('',#531,.T.);
#531 = EDGE_LOOP('',(#532,#533,#541,#549));
#532 = ORIENTED_EDGE('',*,*,#32,.T.);
#533 = ORIENTED_EDGE('',*,*,#534,.F.);
#534 = EDGE_CURVE('',#535,#35,#537,.T.);
#535 = VERTEX_POINT('',#536);
#536 = CARTESIAN_POINT('',(263.49322950886,195.80000000222,
    128.15715890731));
#537 = LINE('',#538,#539);
#538 = CARTESIAN_POINT('',(261.4265628422,193.73333333555,
    130.22382557398));
#539 = VECTOR('',#540,1.);
#540 = DIRECTION('',(0.57735026919,0.57735026919,-0.57735026919));
#541 = ORIENTED_EDGE('',*,*,#542,.F.);
#542 = EDGE_CURVE('',#543,#535,#545,.T.);
#543 = VERTEX_POINT('',#544);
#544 = CARTESIAN_POINT('',(263.49322950886,195.80000000222,
    140.55715890731));
#545 = LINE('',#546,#547);
#546 = CARTESIAN_POINT('',(263.49322950886,195.80000000222,
    125.15715890731));
#547 = VECTOR('',#548,1.);
#548 = DIRECTION('',(-2.5E-16,-1.39E-15,-1.));
#549 = ORIENTED_EDGE('',*,*,#550,.T.);
#550 = EDGE_CURVE('',#543,#33,#551,.T.);
#551 = LINE('',#552,#553);
#552 = CARTESIAN_POINT('',(263.49322950886,195.80000000222,
    140.55715890731));
#553 = VECTOR('',#554,1.);
#554 = DIRECTION('',(0.707106781187,0.707106781186,-7.4E-16));
#555 = PLANE('',#556);
#556 = AXIS2_PLACEMENT_3D('',#557,#558,#559);
#557 = CARTESIAN_POINT('',(263.49322950886,195.80000000222,
    140.55715890731));
#558 = DIRECTION('',(-0.707106781186,0.707106781187,-8.1E-16));
#559 = DIRECTION('',(2.47243507239E-16,1.392756492761E-15,1.));
#560 = ADVANCED_FACE('',(#561),#580,.T.);
#561 = FACE_BOUND('',#562,.T.);
#562 = EDGE_LOOP('',(#563,#564,#565,#574));
#563 = ORIENTED_EDGE('',*,*,#42,.T.);
#564 = ORIENTED_EDGE('',*,*,#550,.F.);
#565 = ORIENTED_EDGE('',*,*,#566,.T.);
#566 = EDGE_CURVE('',#543,#567,#569,.T.);
#567 = VERTEX_POINT('',#568);
#568 = CARTESIAN_POINT('',(267.49322950886,195.80000000222,
    144.55715890731));
#569 = CIRCLE('',#570,4.);
#570 = AXIS2_PLACEMENT_3D('',#571,#572,#573);
#571 = CARTESIAN_POINT('',(267.49322950886,195.80000000222,
    140.55715890731));
#572 = DIRECTION('',(1.3053E-13,1.,-1.39E-15));
#573 = DIRECTION('',(-0.707106781187,9.328152657413E-14,0.707106781187)
  );
#574 = ORIENTED_EDGE('',*,*,#575,.T.);
#575 = EDGE_CURVE('',#567,#43,#576,.T.);
#576 = LINE('',#577,#578);
#577 = CARTESIAN_POINT('',(267.49322950886,195.80000000222,
    144.55715890731));
#578 = VECTOR('',#579,1.);
#579 = DIRECTION('',(9.435E-14,0.707106781187,-0.707106781187));
#580 = CONICAL_SURFACE('',#581,4.,0.785398163397);
#581 = AXIS2_PLACEMENT_3D('',#582,#583,#584);
#582 = CARTESIAN_POINT('',(267.49322950886,195.80000000222,
    140.55715890731));
#583 = DIRECTION('',(-1.3323E-13,-1.,1.25E-15));
#584 = DIRECTION('',(-0.707106781187,9.509171993397E-14,0.707106781187)
  );
#585 = ADVANCED_FACE('',(#586),#620,.T.);
#586 = FACE_BOUND('',#587,.T.);
#587 = EDGE_LOOP('',(#588,#598,#606,#612,#613,#614));
#588 = ORIENTED_EDGE('',*,*,#589,.F.);
#589 = EDGE_CURVE('',#590,#592,#594,.T.);
#590 = VERTEX_POINT('',#591);
#591 = CARTESIAN_POINT('',(157.09322950886,195.40000000223,
    128.55715890731));
#592 = VERTEX_POINT('',#593);
#593 = CARTESIAN_POINT('',(157.09322950886,195.80000000223,
    128.15715890731));
#594 = LINE('',#595,#596);
#595 = CARTESIAN_POINT('',(157.09322950886,196.70000000223,
    127.25715890731));
#596 = VECTOR('',#597,1.);
#597 = DIRECTION('',(9.252E-14,0.707106781187,-0.707106781187));
#598 = ORIENTED_EDGE('',*,*,#599,.T.);
#599 = EDGE_CURVE('',#590,#600,#602,.T.);
#600 = VERTEX_POINT('',#601);
#601 = CARTESIAN_POINT('',(263.49322950886,195.40000000222,
    128.55715890731));
#602 = LINE('',#603,#604);
#603 = CARTESIAN_POINT('',(183.69322950886,195.40000000223,
    128.55715890731));
#604 = VECTOR('',#605,1.);
#605 = DIRECTION('',(1.,-1.3053E-13,2.E-16));
#606 = ORIENTED_EDGE('',*,*,#607,.F.);
#607 = EDGE_CURVE('',#535,#600,#608,.T.);
#608 = LINE('',#609,#610);
#609 = CARTESIAN_POINT('',(263.49322950886,191.70000000222,
    132.25715890731));
#610 = VECTOR('',#611,1.);
#611 = DIRECTION('',(-9.189E-14,-0.707106781187,0.707106781187));
#612 = ORIENTED_EDGE('',*,*,#534,.T.);
#613 = ORIENTED_EDGE('',*,*,#194,.T.);
#614 = ORIENTED_EDGE('',*,*,#615,.F.);
#615 = EDGE_CURVE('',#592,#187,#616,.T.);
#616 = LINE('',#617,#618);
#617 = CARTESIAN_POINT('',(174.82656284219,178.0666666689,
    145.89049224065));
#618 = VECTOR('',#619,1.);
#619 = DIRECTION('',(-0.57735026919,0.57735026919,-0.57735026919));
#620 = PLANE('',#621);
#621 = AXIS2_PLACEMENT_3D('',#622,#623,#624);
#622 = CARTESIAN_POINT('',(183.69322950886,195.60000000223,
    128.35715890731));
#623 = DIRECTION('',(9.216E-14,0.707106781187,0.707106781187));
#624 = DIRECTION('',(1.,3.03904584755E-18,-1.303369609542E-13));
#625 = ADVANCED_FACE('',(#626),#644,.T.);
#626 = FACE_BOUND('',#627,.T.);
#627 = EDGE_LOOP('',(#628,#629,#630,#638));
#628 = ORIENTED_EDGE('',*,*,#51,.T.);
#629 = ORIENTED_EDGE('',*,*,#575,.F.);
#630 = ORIENTED_EDGE('',*,*,#631,.T.);
#631 = EDGE_CURVE('',#567,#632,#634,.T.);
#632 = VERTEX_POINT('',#633);
#633 = CARTESIAN_POINT('',(279.49322950886,195.80000000222,
    144.55715890731));
#634 = LINE('',#635,#636);
#635 = CARTESIAN_POINT('',(246.89322950886,195.80000000222,
    144.55715890731));
#636 = VECTOR('',#637,1.);
#637 = DIRECTION('',(1.,-1.3053E-13,2.E-16));
#638 = ORIENTED_EDGE('',*,*,#639,.T.);
#639 = EDGE_CURVE('',#632,#52,#640,.T.);
#640 = LINE('',#641,#642);
#641 = CARTESIAN_POINT('',(279.49322950886,195.80000000222,
    144.55715890731));
#642 = VECTOR('',#643,1.);
#643 = DIRECTION('',(9.435E-14,0.707106781187,-0.707106781187));
#644 = PLANE('',#645);
#645 = AXIS2_PLACEMENT_3D('',#646,#647,#648);
#646 = CARTESIAN_POINT('',(279.49322950886,195.80000000222,
    144.55715890731));
#647 = DIRECTION('',(9.216E-14,0.707106781187,0.707106781187));
#648 = DIRECTION('',(1.,-1.305319609542E-13,1.980390458476E-16));
#649 = ADVANCED_FACE('',(#650),#668,.T.);
#650 = FACE_BOUND('',#651,.T.);
#651 = EDGE_LOOP('',(#652,#653,#661,#667));
#652 = ORIENTED_EDGE('',*,*,#186,.T.);
#653 = ORIENTED_EDGE('',*,*,#654,.F.);
#654 = EDGE_CURVE('',#655,#178,#657,.T.);
#655 = VERTEX_POINT('',#656);
#656 = CARTESIAN_POINT('',(157.09322950886,195.80000000223,
    140.55715890731));
#657 = LINE('',#658,#659);
#658 = CARTESIAN_POINT('',(157.09322950886,195.80000000223,
    140.55715890731));
#659 = VECTOR('',#660,1.);
#660 = DIRECTION('',(-0.707106781186,0.707106781187,-1.02E-15));
#661 = ORIENTED_EDGE('',*,*,#662,.T.);
#662 = EDGE_CURVE('',#655,#592,#663,.T.);
#663 = LINE('',#664,#665);
#664 = CARTESIAN_POINT('',(157.09322950886,195.80000000223,
    115.15715890731));
#665 = VECTOR('',#666,1.);
#666 = DIRECTION('',(6.4E-16,-1.39E-15,-1.));
#667 = ORIENTED_EDGE('',*,*,#615,.T.);
#668 = PLANE('',#669);
#669 = AXIS2_PLACEMENT_3D('',#670,#671,#672);
#670 = CARTESIAN_POINT('',(157.09322950886,195.80000000223,
    128.15715890731));
#671 = DIRECTION('',(0.707106781187,0.707106781186,-5.3E-16));
#672 = DIRECTION('',(6.40233405971E-16,-1.389766594029E-15,-1.));
#673 = ADVANCED_FACE('',(#674),#693,.T.);
#674 = FACE_BOUND('',#675,.T.);
#675 = EDGE_LOOP('',(#676,#677,#678,#687));
#676 = ORIENTED_EDGE('',*,*,#59,.T.);
#677 = ORIENTED_EDGE('',*,*,#639,.F.);
#678 = ORIENTED_EDGE('',*,*,#679,.T.);
#679 = EDGE_CURVE('',#632,#680,#682,.T.);
#680 = VERTEX_POINT('',#681);
#681 = CARTESIAN_POINT('',(283.49322950886,195.80000000222,
    140.55715890731));
#682 = CIRCLE('',#683,4.);
#683 = AXIS2_PLACEMENT_3D('',#684,#685,#686);
#684 = CARTESIAN_POINT('',(279.49322950886,195.80000000222,
    140.55715890731));
#685 = DIRECTION('',(1.3053E-13,1.,-1.39E-15));
#686 = DIRECTION('',(0.707106781187,-9.131576972243E-14,0.707106781187)
  );
#687 = ORIENTED_EDGE('',*,*,#688,.T.);
#688 = EDGE_CURVE('',#680,#60,#689,.T.);
#689 = LINE('',#690,#691);
#690 = CARTESIAN_POINT('',(283.49322950886,195.80000000222,
    140.55715890731));
#691 = VECTOR('',#692,1.);
#692 = DIRECTION('',(-0.707106781186,0.707106781187,-1.02E-15));
#693 = CONICAL_SURFACE('',#694,4.,0.785398163397);
#694 = AXIS2_PLACEMENT_3D('',#695,#696,#697);
#695 = CARTESIAN_POINT('',(279.49322950886,195.80000000222,
    140.55715890731));
#696 = DIRECTION('',(-1.3323E-13,-1.,1.25E-15));
#697 = DIRECTION('',(0.707106781187,-9.3323952981E-14,0.707106781187));
#698 = ADVANCED_FACE('',(#699),#718,.T.);
#699 = FACE_BOUND('',#700,.T.);
#700 = EDGE_LOOP('',(#701,#702,#710,#717));
#701 = ORIENTED_EDGE('',*,*,#177,.T.);
#702 = ORIENTED_EDGE('',*,*,#703,.F.);
#703 = EDGE_CURVE('',#704,#170,#706,.T.);
#704 = VERTEX_POINT('',#705);
#705 = CARTESIAN_POINT('',(153.09322950886,195.80000000223,
    144.55715890731));
#706 = LINE('',#707,#708);
#707 = CARTESIAN_POINT('',(153.09322950886,195.80000000223,
    144.55715890731));
#708 = VECTOR('',#709,1.);
#709 = DIRECTION('',(9.435E-14,0.707106781187,-0.707106781187));
#710 = ORIENTED_EDGE('',*,*,#711,.T.);
#711 = EDGE_CURVE('',#704,#655,#712,.T.);
#712 = CIRCLE('',#713,4.);
#713 = AXIS2_PLACEMENT_3D('',#714,#715,#716);
#714 = CARTESIAN_POINT('',(153.09322950886,195.80000000223,
    140.55715890731));
#715 = DIRECTION('',(1.3053E-13,1.,-1.39E-15));
#716 = DIRECTION('',(0.707106781187,-9.131576972243E-14,0.707106781187)
  );
#717 = ORIENTED_EDGE('',*,*,#654,.T.);
#718 = CONICAL_SURFACE('',#719,4.,0.785398163397);
#719 = AXIS2_PLACEMENT_3D('',#720,#721,#722);
#720 = CARTESIAN_POINT('',(153.09322950886,195.80000000223,
    140.55715890731));
#721 = DIRECTION('',(-1.3323E-13,-1.,1.25E-15));
#722 = DIRECTION('',(0.707106781187,-9.3323952981E-14,0.707106781187));
#723 = ADVANCED_FACE('',(#724),#742,.T.);
#724 = FACE_BOUND('',#725,.T.);
#725 = EDGE_LOOP('',(#726,#727,#728,#736));
#726 = ORIENTED_EDGE('',*,*,#68,.T.);
#727 = ORIENTED_EDGE('',*,*,#688,.F.);
#728 = ORIENTED_EDGE('',*,*,#729,.T.);
#729 = EDGE_CURVE('',#680,#730,#732,.T.);
#730 = VERTEX_POINT('',#731);
#731 = CARTESIAN_POINT('',(283.49322950886,195.80000000222,
    128.55715890731));
#732 = LINE('',#733,#734);
#733 = CARTESIAN_POINT('',(283.49322950886,195.80000000222,
    99.357158907316));
#734 = VECTOR('',#735,1.);
#735 = DIRECTION('',(-3.6E-16,-1.39E-15,-1.));
#736 = ORIENTED_EDGE('',*,*,#737,.T.);
#737 = EDGE_CURVE('',#730,#69,#738,.T.);
#738 = LINE('',#739,#740);
#739 = CARTESIAN_POINT('',(283.99322950886,195.30000000222,
    129.05715890731));
#740 = VECTOR('',#741,1.);
#741 = DIRECTION('',(-0.57735026919,0.57735026919,-0.57735026919));
#742 = PLANE('',#743);
#743 = AXIS2_PLACEMENT_3D('',#744,#745,#746);
#744 = CARTESIAN_POINT('',(283.49322950886,195.80000000222,
    128.55715890731));
#745 = DIRECTION('',(0.707106781187,0.707106781186,-1.24E-15));
#746 = DIRECTION('',(-3.618124086714E-16,-1.391812408671E-15,-1.));
#747 = ADVANCED_FACE('',(#748),#766,.T.);
#748 = FACE_BOUND('',#749,.T.);
#749 = EDGE_LOOP('',(#750,#751,#759,#765));
#750 = ORIENTED_EDGE('',*,*,#169,.T.);
#751 = ORIENTED_EDGE('',*,*,#752,.F.);
#752 = EDGE_CURVE('',#753,#161,#755,.T.);
#753 = VERTEX_POINT('',#754);
#754 = CARTESIAN_POINT('',(141.09322950886,195.80000000223,
    144.55715890731));
#755 = LINE('',#756,#757);
#756 = CARTESIAN_POINT('',(141.09322950886,195.80000000223,
    144.55715890731));
#757 = VECTOR('',#758,1.);
#758 = DIRECTION('',(9.435E-14,0.707106781187,-0.707106781187));
#759 = ORIENTED_EDGE('',*,*,#760,.T.);
#760 = EDGE_CURVE('',#753,#704,#761,.T.);
#761 = LINE('',#762,#763);
#762 = CARTESIAN_POINT('',(183.69322950886,195.80000000223,
    144.55715890731));
#763 = VECTOR('',#764,1.);
#764 = DIRECTION('',(1.,-1.3053E-13,2.E-16));
#765 = ORIENTED_EDGE('',*,*,#703,.T.);
#766 = PLANE('',#767);
#767 = AXIS2_PLACEMENT_3D('',#768,#769,#770);
#768 = CARTESIAN_POINT('',(153.09322950886,195.80000000223,
    144.55715890731));
#769 = DIRECTION('',(9.216E-14,0.707106781187,0.707106781187));
#770 = DIRECTION('',(1.,-1.305319609542E-13,1.980390458478E-16));
#771 = ADVANCED_FACE('',(#772),#790,.T.);
#772 = FACE_BOUND('',#773,.T.);
#773 = EDGE_LOOP('',(#774,#775,#776,#784));
#774 = ORIENTED_EDGE('',*,*,#76,.T.);
#775 = ORIENTED_EDGE('',*,*,#737,.F.);
#776 = ORIENTED_EDGE('',*,*,#777,.T.);
#777 = EDGE_CURVE('',#730,#778,#780,.T.);
#778 = VERTEX_POINT('',#779);
#779 = CARTESIAN_POINT('',(286.49322950886,195.80000000222,
    128.55715890731));
#780 = LINE('',#781,#782);
#781 = CARTESIAN_POINT('',(246.89322950886,195.80000000222,
    128.55715890731));
#782 = VECTOR('',#783,1.);
#783 = DIRECTION('',(1.,-1.3053E-13,2.E-16));
#784 = ORIENTED_EDGE('',*,*,#785,.T.);
#785 = EDGE_CURVE('',#778,#77,#786,.T.);
#786 = LINE('',#787,#788);
#787 = CARTESIAN_POINT('',(286.49322950886,195.80000000222,
    128.55715890731));
#788 = VECTOR('',#789,1.);
#789 = DIRECTION('',(9.435E-14,0.707106781187,-0.707106781187));
#790 = PLANE('',#791);
#791 = AXIS2_PLACEMENT_3D('',#792,#793,#794);
#792 = CARTESIAN_POINT('',(286.49322950886,195.80000000222,
    128.55715890731));
#793 = DIRECTION('',(9.216E-14,0.707106781187,0.707106781187));
#794 = DIRECTION('',(1.,-1.305319609542E-13,1.980390458476E-16));
#795 = ADVANCED_FACE('',(#796),#815,.T.);
#796 = FACE_BOUND('',#797,.T.);
#797 = EDGE_LOOP('',(#798,#799,#807,#814));
#798 = ORIENTED_EDGE('',*,*,#160,.T.);
#799 = ORIENTED_EDGE('',*,*,#800,.F.);
#800 = EDGE_CURVE('',#801,#153,#803,.T.);
#801 = VERTEX_POINT('',#802);
#802 = CARTESIAN_POINT('',(137.09322950886,195.80000000223,
    140.55715890731));
#803 = LINE('',#804,#805);
#804 = CARTESIAN_POINT('',(137.09322950886,195.80000000223,
    140.55715890731));
#805 = VECTOR('',#806,1.);
#806 = DIRECTION('',(0.707106781187,0.707106781186,-7.4E-16));
#807 = ORIENTED_EDGE('',*,*,#808,.T.);
#808 = EDGE_CURVE('',#801,#753,#809,.T.);
#809 = CIRCLE('',#810,4.);
#810 = AXIS2_PLACEMENT_3D('',#811,#812,#813);
#811 = CARTESIAN_POINT('',(141.09322950886,195.80000000223,
    140.55715890731));
#812 = DIRECTION('',(1.3053E-13,1.,-1.39E-15));
#813 = DIRECTION('',(-0.707106781187,9.328152657413E-14,0.707106781187)
  );
#814 = ORIENTED_EDGE('',*,*,#752,.T.);
#815 = CONICAL_SURFACE('',#816,4.,0.785398163397);
#816 = AXIS2_PLACEMENT_3D('',#817,#818,#819);
#817 = CARTESIAN_POINT('',(141.09322950886,195.80000000223,
    140.55715890731));
#818 = DIRECTION('',(-1.3323E-13,-1.,1.25E-15));
#819 = DIRECTION('',(-0.707106781187,9.509171993397E-14,0.707106781187)
  );
#820 = ADVANCED_FACE('',(#821),#840,.T.);
#821 = FACE_BOUND('',#822,.T.);
#822 = EDGE_LOOP('',(#823,#824,#825,#834));
#823 = ORIENTED_EDGE('',*,*,#84,.T.);
#824 = ORIENTED_EDGE('',*,*,#785,.F.);
#825 = ORIENTED_EDGE('',*,*,#826,.T.);
#826 = EDGE_CURVE('',#778,#827,#829,.T.);
#827 = VERTEX_POINT('',#828);
#828 = CARTESIAN_POINT('',(289.49322950886,195.80000000221,
    125.55715890731));
#829 = CIRCLE('',#830,3.);
#830 = AXIS2_PLACEMENT_3D('',#831,#832,#833);
#831 = CARTESIAN_POINT('',(286.49322950886,195.80000000222,
    125.55715890731));
#832 = DIRECTION('',(1.3053E-13,1.,-1.39E-15));
#833 = DIRECTION('',(0.707106781187,-9.131576972243E-14,0.707106781187)
  );
#834 = ORIENTED_EDGE('',*,*,#835,.T.);
#835 = EDGE_CURVE('',#827,#85,#836,.T.);
#836 = LINE('',#837,#838);
#837 = CARTESIAN_POINT('',(289.49322950886,195.80000000221,
    125.55715890731));
#838 = VECTOR('',#839,1.);
#839 = DIRECTION('',(-0.707106781186,0.707106781187,-1.02E-15));
#840 = CONICAL_SURFACE('',#841,3.,0.785398163397);
#841 = AXIS2_PLACEMENT_3D('',#842,#843,#844);
#842 = CARTESIAN_POINT('',(286.49322950886,195.80000000222,
    125.55715890731));
#843 = DIRECTION('',(-1.3323E-13,-1.,1.25E-15));
#844 = DIRECTION('',(0.707106781187,-9.3323952981E-14,0.707106781187));
#845 = ADVANCED_FACE('',(#846),#864,.T.);
#846 = FACE_BOUND('',#847,.T.);
#847 = EDGE_LOOP('',(#848,#849,#857,#863));
#848 = ORIENTED_EDGE('',*,*,#152,.T.);
#849 = ORIENTED_EDGE('',*,*,#850,.F.);
#850 = EDGE_CURVE('',#851,#145,#853,.T.);
#851 = VERTEX_POINT('',#852);
#852 = CARTESIAN_POINT('',(137.09322950886,195.80000000223,
    128.55715890731));
#853 = LINE('',#854,#855);
#854 = CARTESIAN_POINT('',(135.09322950886,193.80000000224,
    130.55715890731));
#855 = VECTOR('',#856,1.);
#856 = DIRECTION('',(0.57735026919,0.57735026919,-0.57735026919));
#857 = ORIENTED_EDGE('',*,*,#858,.T.);
#858 = EDGE_CURVE('',#851,#801,#859,.T.);
#859 = LINE('',#860,#861);
#860 = CARTESIAN_POINT('',(137.09322950886,195.80000000223,
    115.15715890731));
#861 = VECTOR('',#862,1.);
#862 = DIRECTION('',(-1.88E-15,1.39E-15,1.));
#863 = ORIENTED_EDGE('',*,*,#800,.T.);
#864 = PLANE('',#865);
#865 = AXIS2_PLACEMENT_3D('',#866,#867,#868);
#866 = CARTESIAN_POINT('',(137.09322950886,195.80000000223,
    140.55715890731));
#867 = DIRECTION('',(-0.707106781186,0.707106781187,-2.31E-15));
#868 = DIRECTION('',(-1.878416664541E-15,1.388416664541E-15,1.));
#869 = ADVANCED_FACE('',(#870),#888,.T.);
#870 = FACE_BOUND('',#871,.T.);
#871 = EDGE_LOOP('',(#872,#873,#874,#882));
#872 = ORIENTED_EDGE('',*,*,#93,.T.);
#873 = ORIENTED_EDGE('',*,*,#835,.F.);
#874 = ORIENTED_EDGE('',*,*,#875,.T.);
#875 = EDGE_CURVE('',#827,#876,#878,.T.);
#876 = VERTEX_POINT('',#877);
#877 = CARTESIAN_POINT('',(289.49322950886,195.80000000221,
    85.957158907316));
#878 = LINE('',#879,#880);
#879 = CARTESIAN_POINT('',(289.49322950886,195.80000000221,
    117.15715890731));
#880 = VECTOR('',#881,1.);
#881 = DIRECTION('',(2.E-16,-1.39E-15,-1.));
#882 = ORIENTED_EDGE('',*,*,#883,.T.);
#883 = EDGE_CURVE('',#876,#94,#884,.T.);
#884 = LINE('',#885,#886);
#885 = CARTESIAN_POINT('',(289.49322950886,195.80000000221,
    85.957158907316));
#886 = VECTOR('',#887,1.);
#887 = DIRECTION('',(-0.707106781186,0.707106781187,-1.02E-15));
#888 = PLANE('',#889);
#889 = AXIS2_PLACEMENT_3D('',#890,#891,#892);
#890 = CARTESIAN_POINT('',(289.49322950886,195.80000000221,
    85.957158907316));
#891 = DIRECTION('',(0.707106781187,0.707106781186,-8.4E-16));
#892 = DIRECTION('',(2.010303038032E-16,-1.388969696197E-15,-1.));
#893 = ADVANCED_FACE('',(#894),#912,.T.);
#894 = FACE_BOUND('',#895,.T.);
#895 = EDGE_LOOP('',(#896,#897,#905,#911));
#896 = ORIENTED_EDGE('',*,*,#144,.T.);
#897 = ORIENTED_EDGE('',*,*,#898,.F.);
#898 = EDGE_CURVE('',#899,#136,#901,.T.);
#899 = VERTEX_POINT('',#900);
#900 = CARTESIAN_POINT('',(134.09322950886,195.80000000224,
    128.55715890731));
#901 = LINE('',#902,#903);
#902 = CARTESIAN_POINT('',(134.09322950886,195.80000000224,
    128.55715890731));
#903 = VECTOR('',#904,1.);
#904 = DIRECTION('',(9.435E-14,0.707106781186,-0.707106781187));
#905 = ORIENTED_EDGE('',*,*,#906,.T.);
#906 = EDGE_CURVE('',#899,#851,#907,.T.);
#907 = LINE('',#908,#909);
#908 = CARTESIAN_POINT('',(170.69322950886,195.80000000223,
    128.55715890731));
#909 = VECTOR('',#910,1.);
#910 = DIRECTION('',(1.,-1.3053E-13,2.E-16));
#911 = ORIENTED_EDGE('',*,*,#850,.T.);
#912 = PLANE('',#913);
#913 = AXIS2_PLACEMENT_3D('',#914,#915,#916);
#914 = CARTESIAN_POINT('',(137.09322950886,195.80000000223,
    128.55715890731));
#915 = DIRECTION('',(9.216E-14,0.707106781187,0.707106781187));
#916 = DIRECTION('',(1.,-1.305319609542E-13,1.980390458469E-16));
#917 = ADVANCED_FACE('',(#918),#937,.T.);
#918 = FACE_BOUND('',#919,.T.);
#919 = EDGE_LOOP('',(#920,#921,#922,#931));
#920 = ORIENTED_EDGE('',*,*,#101,.T.);
#921 = ORIENTED_EDGE('',*,*,#883,.F.);
#922 = ORIENTED_EDGE('',*,*,#923,.T.);
#923 = EDGE_CURVE('',#876,#924,#926,.T.);
#924 = VERTEX_POINT('',#925);
#925 = CARTESIAN_POINT('',(286.49322950886,195.80000000222,
    82.957158907316));
#926 = CIRCLE('',#927,3.);
#927 = AXIS2_PLACEMENT_3D('',#928,#929,#930);
#928 = CARTESIAN_POINT('',(286.49322950886,195.80000000222,
    85.957158907316));
#929 = DIRECTION('',(1.3053E-13,1.,-1.39E-15));
#930 = DIRECTION('',(0.707106781187,-9.328152657413E-14,-0.707106781187)
  );
#931 = ORIENTED_EDGE('',*,*,#932,.T.);
#932 = EDGE_CURVE('',#924,#102,#933,.T.);
#933 = LINE('',#934,#935);
#934 = CARTESIAN_POINT('',(286.49322950886,195.80000000222,
    82.957158907316));
#935 = VECTOR('',#936,1.);
#936 = DIRECTION('',(9.407E-14,0.707106781187,0.707106781186));
#937 = CONICAL_SURFACE('',#938,3.,0.785398163397);
#938 = AXIS2_PLACEMENT_3D('',#939,#940,#941);
#939 = CARTESIAN_POINT('',(286.49322950886,195.80000000222,
    85.957158907316));
#940 = DIRECTION('',(-1.3323E-13,-1.,1.25E-15));
#941 = DIRECTION('',(0.707106781187,-9.509171993397E-14,-0.707106781187)
  );
#942 = ADVANCED_FACE('',(#943),#962,.T.);
#943 = FACE_BOUND('',#944,.T.);
#944 = EDGE_LOOP('',(#945,#946,#954,#961));
#945 = ORIENTED_EDGE('',*,*,#135,.T.);
#946 = ORIENTED_EDGE('',*,*,#947,.F.);
#947 = EDGE_CURVE('',#948,#128,#950,.T.);
#948 = VERTEX_POINT('',#949);
#949 = CARTESIAN_POINT('',(131.09322950886,195.80000000224,
    125.55715890731));
#950 = LINE('',#951,#952);
#951 = CARTESIAN_POINT('',(131.09322950886,195.80000000224,
    125.55715890731));
#952 = VECTOR('',#953,1.);
#953 = DIRECTION('',(0.707106781187,0.707106781186,-7.4E-16));
#954 = ORIENTED_EDGE('',*,*,#955,.T.);
#955 = EDGE_CURVE('',#948,#899,#956,.T.);
#956 = CIRCLE('',#957,3.);
#957 = AXIS2_PLACEMENT_3D('',#958,#959,#960);
#958 = CARTESIAN_POINT('',(134.09322950886,195.80000000223,
    125.55715890731));
#959 = DIRECTION('',(1.3053E-13,1.,-1.39E-15));
#960 = DIRECTION('',(-0.707106781187,9.328152657413E-14,0.707106781187)
  );
#961 = ORIENTED_EDGE('',*,*,#898,.T.);
#962 = CONICAL_SURFACE('',#963,3.,0.785398163397);
#963 = AXIS2_PLACEMENT_3D('',#964,#965,#966);
#964 = CARTESIAN_POINT('',(134.09322950886,195.80000000223,
    125.55715890731));
#965 = DIRECTION('',(-1.3323E-13,-1.,1.25E-15));
#966 = DIRECTION('',(-0.707106781187,9.509171993397E-14,0.707106781187)
  );
#967 = ADVANCED_FACE('',(#968),#986,.T.);
#968 = FACE_BOUND('',#969,.T.);
#969 = EDGE_LOOP('',(#970,#971,#972,#980));
#970 = ORIENTED_EDGE('',*,*,#110,.T.);
#971 = ORIENTED_EDGE('',*,*,#932,.F.);
#972 = ORIENTED_EDGE('',*,*,#973,.T.);
#973 = EDGE_CURVE('',#924,#974,#976,.T.);
#974 = VERTEX_POINT('',#975);
#975 = CARTESIAN_POINT('',(134.09322950886,195.80000000224,
    82.957158907316));
#976 = LINE('',#977,#978);
#977 = CARTESIAN_POINT('',(249.89322950886,195.80000000222,
    82.957158907316));
#978 = VECTOR('',#979,1.);
#979 = DIRECTION('',(-1.,1.3053E-13,-2.6E-16));
#980 = ORIENTED_EDGE('',*,*,#981,.T.);
#981 = EDGE_CURVE('',#974,#111,#982,.T.);
#982 = LINE('',#983,#984);
#983 = CARTESIAN_POINT('',(134.09322950886,195.80000000224,
    82.957158907316));
#984 = VECTOR('',#985,1.);
#985 = DIRECTION('',(1.0977E-13,0.707106781187,0.707106781187));
#986 = PLANE('',#987);
#987 = AXIS2_PLACEMENT_3D('',#988,#989,#990);
#988 = CARTESIAN_POINT('',(134.09322950886,195.80000000224,
    82.957158907316));
#989 = DIRECTION('',(9.248E-14,0.707106781187,-0.707106781187));
#990 = DIRECTION('',(-1.,1.305282351241E-13,-2.582351241318E-16));
#991 = ADVANCED_FACE('',(#992),#1010,.T.);
#992 = FACE_BOUND('',#993,.T.);
#993 = EDGE_LOOP('',(#994,#995,#1003,#1009));
#994 = ORIENTED_EDGE('',*,*,#127,.T.);
#995 = ORIENTED_EDGE('',*,*,#996,.F.);
#996 = EDGE_CURVE('',#997,#119,#999,.T.);
#997 = VERTEX_POINT('',#998);
#998 = CARTESIAN_POINT('',(131.09322950886,195.80000000224,
    85.957158907316));
#999 = LINE('',#1000,#1001);
#1000 = CARTESIAN_POINT('',(131.09322950886,195.80000000224,
    85.957158907316));
#1001 = VECTOR('',#1002,1.);
#1002 = DIRECTION('',(0.707106781187,0.707106781186,-7.4E-16));
#1003 = ORIENTED_EDGE('',*,*,#1004,.T.);
#1004 = EDGE_CURVE('',#997,#948,#1005,.T.);
#1005 = LINE('',#1006,#1007);
#1006 = CARTESIAN_POINT('',(131.09322950886,195.80000000224,
    94.357158907316));
#1007 = VECTOR('',#1008,1.);
#1008 = DIRECTION('',(-9.8E-16,1.39E-15,1.));
#1009 = ORIENTED_EDGE('',*,*,#947,.T.);
#1010 = PLANE('',#1011);
#1011 = AXIS2_PLACEMENT_3D('',#1012,#1013,#1014);
#1012 = CARTESIAN_POINT('',(131.09322950886,195.80000000224,
    125.55715890731));
#1013 = DIRECTION('',(-0.707106781186,0.707106781187,-1.67E-15));
#1014 = DIRECTION('',(-9.758683245815E-16,1.385868324582E-15,1.));
#1015 = ADVANCED_FACE('',(#1016),#1028,.T.);
#1016 = FACE_BOUND('',#1017,.T.);
#1017 = EDGE_LOOP('',(#1018,#1019,#1020,#1027));
#1018 = ORIENTED_EDGE('',*,*,#118,.T.);
#1019 = ORIENTED_EDGE('',*,*,#981,.F.);
#1020 = ORIENTED_EDGE('',*,*,#1021,.T.);
#1021 = EDGE_CURVE('',#974,#997,#1022,.T.);
#1022 = CIRCLE('',#1023,3.);
#1023 = AXIS2_PLACEMENT_3D('',#1024,#1025,#1026);
#1024 = CARTESIAN_POINT('',(134.09322950886,195.80000000223,
    85.957158907316));
#1025 = DIRECTION('',(1.3053E-13,1.,-1.39E-15));
#1026 = DIRECTION('',(-0.707106781187,9.131576972243E-14,-0.707106781187
    ));
#1027 = ORIENTED_EDGE('',*,*,#996,.T.);
#1028 = CONICAL_SURFACE('',#1029,3.,0.785398163397);
#1029 = AXIS2_PLACEMENT_3D('',#1030,#1031,#1032);
#1030 = CARTESIAN_POINT('',(134.09322950886,195.80000000223,
    85.957158907316));
#1031 = DIRECTION('',(-1.3323E-13,-1.,1.25E-15));
#1032 = DIRECTION('',(-0.707106781187,9.3323952981E-14,-0.707106781187)
  );
#1033 = ADVANCED_FACE('',(#1034),#1053,.F.);
#1034 = FACE_BOUND('',#1035,.F.);
#1035 = EDGE_LOOP('',(#1036,#1044,#1045,#1046));
#1036 = ORIENTED_EDGE('',*,*,#1037,.T.);
#1037 = EDGE_CURVE('',#1038,#203,#1040,.T.);
#1038 = VERTEX_POINT('',#1039);
#1039 = CARTESIAN_POINT('',(138.84322950886,195.80000000223,
    108.75715890731));
#1040 = LINE('',#1041,#1042);
#1041 = CARTESIAN_POINT('',(138.84322950886,195.80000000223,
    108.75715890731));
#1042 = VECTOR('',#1043,1.);
#1043 = DIRECTION('',(-0.707106781186,0.707106781187,-9.4E-16));
#1044 = ORIENTED_EDGE('',*,*,#202,.T.);
#1045 = ORIENTED_EDGE('',*,*,#1037,.F.);
#1046 = ORIENTED_EDGE('',*,*,#1047,.T.);
#1047 = EDGE_CURVE('',#1038,#1038,#1048,.T.);
#1048 = CIRCLE('',#1049,2.35);
#1049 = AXIS2_PLACEMENT_3D('',#1050,#1051,#1052);
#1050 = CARTESIAN_POINT('',(141.19322950886,195.80000000223,
    108.75715890731));
#1051 = DIRECTION('',(1.3053E-13,1.,-1.39E-15));
#1052 = DIRECTION('',(1.,-1.3053E-13,2.E-16));
#1053 = CONICAL_SURFACE('',#1054,2.35,0.785398163397);
#1054 = AXIS2_PLACEMENT_3D('',#1055,#1056,#1057);
#1055 = CARTESIAN_POINT('',(141.19322950886,195.80000000223,
    108.75715890731));
#1056 = DIRECTION('',(1.3323E-13,1.,-1.25E-15));
#1057 = DIRECTION('',(1.,-1.3323E-13,2.E-16));
#1058 = ADVANCED_FACE('',(#1059),#1078,.F.);
#1059 = FACE_BOUND('',#1060,.F.);
#1060 = EDGE_LOOP('',(#1061,#1069,#1070,#1071));
#1061 = ORIENTED_EDGE('',*,*,#1062,.T.);
#1062 = EDGE_CURVE('',#1063,#214,#1065,.T.);
#1063 = VERTEX_POINT('',#1064);
#1064 = CARTESIAN_POINT('',(152.59322950886,195.80000000223,
    134.55715890731));
#1065 = LINE('',#1066,#1067);
#1066 = CARTESIAN_POINT('',(152.59322950886,195.80000000223,
    134.55715890731));
#1067 = VECTOR('',#1068,1.);
#1068 = DIRECTION('',(0.707106781187,0.707106781186,-8.3E-16));
#1069 = ORIENTED_EDGE('',*,*,#213,.T.);
#1070 = ORIENTED_EDGE('',*,*,#1062,.F.);
#1071 = ORIENTED_EDGE('',*,*,#1072,.T.);
#1072 = EDGE_CURVE('',#1063,#1063,#1073,.T.);
#1073 = CIRCLE('',#1074,5.5);
#1074 = AXIS2_PLACEMENT_3D('',#1075,#1076,#1077);
#1075 = CARTESIAN_POINT('',(147.09322950886,195.80000000223,
    134.55715890731));
#1076 = DIRECTION('',(1.3053E-13,1.,-1.39E-15));
#1077 = DIRECTION('',(-1.,1.3053E-13,-2.E-16));
#1078 = CONICAL_SURFACE('',#1079,5.5,0.785398163397);
#1079 = AXIS2_PLACEMENT_3D('',#1080,#1081,#1082);
#1080 = CARTESIAN_POINT('',(147.09322950886,195.80000000223,
    134.55715890731));
#1081 = DIRECTION('',(1.3323E-13,1.,-1.25E-15));
#1082 = DIRECTION('',(-1.,1.3323E-13,-2.E-16));
#1083 = ADVANCED_FACE('',(#1084),#1103,.F.);
#1084 = FACE_BOUND('',#1085,.F.);
#1085 = EDGE_LOOP('',(#1086,#1094,#1095,#1096));
#1086 = ORIENTED_EDGE('',*,*,#1087,.T.);
#1087 = EDGE_CURVE('',#1088,#225,#1090,.T.);
#1088 = VERTEX_POINT('',#1089);
#1089 = CARTESIAN_POINT('',(251.59322950886,195.80000000222,
    108.75715894962));
#1090 = LINE('',#1091,#1092);
#1091 = CARTESIAN_POINT('',(251.59322950886,195.80000000222,
    108.75715894962));
#1092 = VECTOR('',#1093,1.);
#1093 = DIRECTION('',(0.707106781187,0.707106781186,-8.3E-16));
#1094 = ORIENTED_EDGE('',*,*,#224,.T.);
#1095 = ORIENTED_EDGE('',*,*,#1087,.F.);
#1096 = ORIENTED_EDGE('',*,*,#1097,.T.);
#1097 = EDGE_CURVE('',#1088,#1088,#1098,.T.);
#1098 = CIRCLE('',#1099,2.3);
#1099 = AXIS2_PLACEMENT_3D('',#1100,#1101,#1102);
#1100 = CARTESIAN_POINT('',(249.29322950886,195.80000000222,
    108.75715894962));
#1101 = DIRECTION('',(1.3053E-13,1.,-1.39E-15));
#1102 = DIRECTION('',(-1.,1.3053E-13,-2.E-16));
#1103 = CONICAL_SURFACE('',#1104,2.3,0.785398163397);
#1104 = AXIS2_PLACEMENT_3D('',#1105,#1106,#1107);
#1105 = CARTESIAN_POINT('',(249.29322950886,195.80000000222,
    108.75715894962));
#1106 = DIRECTION('',(1.3323E-13,1.,-1.25E-15));
#1107 = DIRECTION('',(-1.,1.3323E-13,-2.E-16));
#1108 = ADVANCED_FACE('',(#1109),#1138,.F.);
#1109 = FACE_BOUND('',#1110,.F.);
#1110 = EDGE_LOOP('',(#1111,#1120,#1129,#1136,#1137));
#1111 = ORIENTED_EDGE('',*,*,#1112,.F.);
#1112 = EDGE_CURVE('',#1113,#236,#1115,.T.);
#1113 = VERTEX_POINT('',#1114);
#1114 = CARTESIAN_POINT('',(266.13378866796,195.80000000222,
    108.75715889779));
#1115 = B_SPLINE_CURVE_WITH_KNOTS('',3,(#1116,#1117,#1118,#1119),
  .UNSPECIFIED.,.F.,.F.,(4,4),(0.,4.E-02),.PIECEWISE_BEZIER_KNOTS.);
#1116 = CARTESIAN_POINT('',(266.13378866796,195.80000000222,
    108.75715889779));
#1117 = CARTESIAN_POINT('',(266.2671220013,195.93333333555,
    108.75715889779));
#1118 = CARTESIAN_POINT('',(266.40045533463,196.06666666888,
    108.75715889779));
#1119 = CARTESIAN_POINT('',(266.53378866796,196.20000000222,
    108.75715889779));
#1120 = ORIENTED_EDGE('',*,*,#1121,.T.);
#1121 = EDGE_CURVE('',#1113,#1122,#1124,.T.);
#1122 = VERTEX_POINT('',#1123);
#1123 = CARTESIAN_POINT('',(263.09322950886,195.80000000222,
    110.90715889779));
#1124 = ELLIPSE('',#1125,3.040559159102,2.15);
#1125 = AXIS2_PLACEMENT_3D('',#1126,#1127,#1128);
#1126 = CARTESIAN_POINT('',(263.09322950886,195.80000000222,
    108.75715889779));
#1127 = DIRECTION('',(1.3053E-13,1.,-1.39E-15));
#1128 = DIRECTION('',(-1.,1.3053E-13,-2.11E-15));
#1129 = ORIENTED_EDGE('',*,*,#1130,.T.);
#1130 = EDGE_CURVE('',#1122,#1113,#1131,.T.);
#1131 = ELLIPSE('',#1132,3.040559159102,2.15);
#1132 = AXIS2_PLACEMENT_3D('',#1133,#1134,#1135);
#1133 = CARTESIAN_POINT('',(263.09322950886,195.80000000222,
    108.75715889779));
#1134 = DIRECTION('',(1.3053E-13,1.,-1.39E-15));
#1135 = DIRECTION('',(-1.,1.3053E-13,-2.11E-15));
#1136 = ORIENTED_EDGE('',*,*,#1112,.T.);
#1137 = ORIENTED_EDGE('',*,*,#235,.T.);
#1138 = B_SPLINE_SURFACE_WITH_KNOTS('',3,3,(
    (#1139,#1140,#1141,#1142)
    ,(#1143,#1144,#1145,#1146)
    ,(#1147,#1148,#1149,#1150)
    ,(#1151,#1152,#1153,#1154)
    ,(#1155,#1156,#1157,#1158)
    ,(#1159,#1160,#1161,#1162)
    ,(#1163,#1164,#1165,#1166)
    ,(#1167,#1168,#1169,#1170)
    ,(#1171,#1172,#1173,#1174)
    ,(#1175,#1176,#1177,#1178)
    ,(#1179,#1180,#1181,#1182)
    ,(#1183,#1184,#1185,#1186)
    ,(#1187,#1188,#1189,#1190)
    ,(#1191,#1192,#1193,#1194)
    ,(#1195,#1196,#1197,#1198)
    ,(#1199,#1200,#1201,#1202)
    ,(#1203,#1204,#1205,#1206)
    ,(#1207,#1208,#1209,#1210)
    ,(#1211,#1212,#1213,#1214
    )),.UNSPECIFIED.,.T.,.F.,.F.,(1,3,1,1,1,1,1,1,1,1,1,1,1,1,1,1,1,3,1)
  ,(4,4),(-3.590391604103,-3.14159265359,-2.692793703077,-2.243994752564
    ,-1.795195802051,-1.346396851538,-1.047197551197,-0.747998250855,
    -0.448798950513,-0.299199300342,0.149599650171,0.448798950513,
    0.897597901026,1.346396851538,1.795195802051,2.243994752564,
    2.692793703077,3.14159265359,3.590391604103),(0.,4.E-02),
  .UNSPECIFIED.);
#1139 = CARTESIAN_POINT('',(266.13378866796,195.80000000222,
    108.75715889779));
#1140 = CARTESIAN_POINT('',(266.2671220013,195.93333333555,
    108.75715889779));
#1141 = CARTESIAN_POINT('',(266.40045533463,196.06666666888,
    108.75715889779));
#1142 = CARTESIAN_POINT('',(266.53378866796,196.20000000222,
    108.75715889779));
#1143 = CARTESIAN_POINT('',(266.13378866796,195.80000000222,
    108.43551964992));
#1144 = CARTESIAN_POINT('',(266.26767230846,195.93333333555,
    108.40674220872));
#1145 = CARTESIAN_POINT('',(266.39990502746,196.06666666888,
    108.37967074944));
#1146 = CARTESIAN_POINT('',(266.53378866796,196.20000000222,
    108.35089330824));
#1147 = CARTESIAN_POINT('',(265.92621824545,195.80000000222,
    107.7924391392));
#1148 = CARTESIAN_POINT('',(266.03913860862,195.93333333555,
    107.71042457897));
#1149 = CARTESIAN_POINT('',(266.15239000564,196.06666666888,
    107.62785615544));
#1150 = CARTESIAN_POINT('',(266.26531036882,196.20000000222,
    107.54584159521));
#1151 = CARTESIAN_POINT('',(265.05384941304,195.80000000222,
    107.01873195366));
#1152 = CARTESIAN_POINT('',(265.11855518016,195.93333333555,
    106.89850021568));
#1153 = CARTESIAN_POINT('',(265.18283040564,196.06666666888,
    106.77884620739));
#1154 = CARTESIAN_POINT('',(265.24753617277,196.20000000222,
    106.65861446941));
#1155 = CARTESIAN_POINT('',(263.79275461113,195.80000000222,
    106.58941994441));
#1156 = CARTESIAN_POINT('',(263.81370134045,195.93333333555,
    106.45556733392));
#1157 = CARTESIAN_POINT('',(263.83456802602,196.06666666888,
    106.32159683914));
#1158 = CARTESIAN_POINT('',(263.85551475534,196.20000000222,
    106.18774422864));
#1159 = CARTESIAN_POINT('',(262.54900500506,195.80000000222,
    106.58944399187));
#1160 = CARTESIAN_POINT('',(262.53270476656,195.93333333555,
    106.4554564488));
#1161 = CARTESIAN_POINT('',(262.51629309268,196.06666666888,
    106.32166555206));
#1162 = CARTESIAN_POINT('',(262.49999285418,196.20000000222,
    106.18767800899));
#1163 = CARTESIAN_POINT('',(261.55008052649,195.80000000222,
    106.86729464179));
#1164 = CARTESIAN_POINT('',(261.50002338749,195.93333333555,
    106.74242424369));
#1165 = CARTESIAN_POINT('',(261.44983282988,196.06666666888,
    106.6175429313));
#1166 = CARTESIAN_POINT('',(261.39977569088,196.20000000222,
    106.4926725332));
#1167 = CARTESIAN_POINT('',(260.83056442131,195.80000000222,
    107.27270267116));
#1168 = CARTESIAN_POINT('',(260.74963779878,195.93333333555,
    107.16428551945));
#1169 = CARTESIAN_POINT('',(260.66864953589,196.06666666889,
    107.05591706193));
#1170 = CARTESIAN_POINT('',(260.58772291336,196.20000000222,
    106.94749991022));
#1171 = CARTESIAN_POINT('',(260.39924175805,195.80000000222,
    107.72075649791));
#1172 = CARTESIAN_POINT('',(260.29309564278,195.93333333555,
    107.63785526688));
#1173 = CARTESIAN_POINT('',(260.18654063469,196.06666666889,
    107.55468859097));
#1174 = CARTESIAN_POINT('',(260.08039451942,196.20000000222,
    107.47178735994));
#1175 = CARTESIAN_POINT('',(260.06503008157,195.80000000222,
    108.32122922648));
#1176 = CARTESIAN_POINT('',(259.93339734549,195.93333333555,
    108.28144513235));
#1177 = CARTESIAN_POINT('',(259.80202284107,196.06666666889,
    108.24182664628));
#1178 = CARTESIAN_POINT('',(259.67039010499,196.20000000222,
    108.20204255215));
#1179 = CARTESIAN_POINT('',(259.99579148255,195.80000000222,
    108.97867757383));
#1180 = CARTESIAN_POINT('',(259.85739546771,195.93333333555,
    108.99992877942));
#1181 = CARTESIAN_POINT('',(259.7187599803,196.06666666889,
    109.02089076657));
#1182 = CARTESIAN_POINT('',(259.58036396546,196.20000000222,
    109.04214197217));
#1183 = CARTESIAN_POINT('',(260.35749517199,195.80000000222,
    109.80791417707));
#1184 = CARTESIAN_POINT('',(260.25012184737,195.93333333555,
    109.89430563149));
#1185 = CARTESIAN_POINT('',(260.14282620793,196.06666666889,
    109.98085904404));
#1186 = CARTESIAN_POINT('',(260.03545288331,196.20000000222,
    110.06725049847));
#1187 = CARTESIAN_POINT('',(261.13246541773,195.80000000222,
    110.49543186735));
#1188 = CARTESIAN_POINT('',(261.06766835335,195.93333333555,
    110.61558477138));
#1189 = CARTESIAN_POINT('',(261.00286624883,196.06666666889,
    110.73588276613));
#1190 = CARTESIAN_POINT('',(260.93806918444,196.20000000222,
    110.85603567016));
#1191 = CARTESIAN_POINT('',(262.39368254687,195.80000000222,
    110.92509088089));
#1192 = CARTESIAN_POINT('',(262.37275914797,195.93333333555,
    111.05901620527));
#1193 = CARTESIAN_POINT('',(262.35162439861,196.06666666888,
    111.19278097245));
#1194 = CARTESIAN_POINT('',(262.33070099971,196.20000000222,
    111.32670629682));
#1195 = CARTESIAN_POINT('',(263.79280780276,195.80000000222,
    110.92462352772));
#1196 = CARTESIAN_POINT('',(263.81374108825,195.93333333555,
    111.0585085155));
#1197 = CARTESIAN_POINT('',(263.83459799299,196.06666666888,
    111.1925422261));
#1198 = CARTESIAN_POINT('',(263.85553127847,196.20000000222,
    111.32642721388));
#1199 = CARTESIAN_POINT('',(265.05399923968,195.80000000222,
    110.49585260535));
#1200 = CARTESIAN_POINT('',(265.11871321434,195.93333333555,
    110.6160618637));
#1201 = CARTESIAN_POINT('',(265.18303024685,196.06666666888,
    110.73565442013));
#1202 = CARTESIAN_POINT('',(265.24774422151,196.20000000222,
    110.85586367848));
#1203 = CARTESIAN_POINT('',(265.92623178032,195.80000000222,
    109.72179682595));
#1204 = CARTESIAN_POINT('',(266.03914585104,195.93333333555,
    109.80382911186));
#1205 = CARTESIAN_POINT('',(266.15239862552,196.06666666888,
    109.88639917893));
#1206 = CARTESIAN_POINT('',(266.26531269624,196.20000000222,
    109.96843146485));
#1207 = CARTESIAN_POINT('',(266.13378866796,195.80000000222,
    109.07879814565));
#1208 = CARTESIAN_POINT('',(266.26767573412,195.93333333555,
    109.10756583917));
#1209 = CARTESIAN_POINT('',(266.3999016018,196.06666666888,
    109.13465679381));
#1210 = CARTESIAN_POINT('',(266.53378866796,196.20000000222,
    109.16342448733));
#1211 = CARTESIAN_POINT('',(266.13378866796,195.80000000222,
    108.75715889779));
#1212 = CARTESIAN_POINT('',(266.2671220013,195.93333333555,
    108.75715889779));
#1213 = CARTESIAN_POINT('',(266.40045533463,196.06666666888,
    108.75715889779));
#1214 = CARTESIAN_POINT('',(266.53378866796,196.20000000222,
    108.75715889779));
#1215 = ADVANCED_FACE('',(#1216),#1235,.F.);
#1216 = FACE_BOUND('',#1217,.F.);
#1217 = EDGE_LOOP('',(#1218,#1226,#1227,#1228));
#1218 = ORIENTED_EDGE('',*,*,#1219,.T.);
#1219 = EDGE_CURVE('',#1220,#262,#1222,.T.);
#1220 = VERTEX_POINT('',#1221);
#1221 = CARTESIAN_POINT('',(277.64322950886,195.80000000222,
    108.75715890731));
#1222 = LINE('',#1223,#1224);
#1223 = CARTESIAN_POINT('',(277.64322950886,195.80000000222,
    108.75715890731));
#1224 = VECTOR('',#1225,1.);
#1225 = DIRECTION('',(-0.707106781186,0.707106781187,-9.4E-16));
#1226 = ORIENTED_EDGE('',*,*,#261,.T.);
#1227 = ORIENTED_EDGE('',*,*,#1219,.F.);
#1228 = ORIENTED_EDGE('',*,*,#1229,.T.);
#1229 = EDGE_CURVE('',#1220,#1220,#1230,.T.);
#1230 = CIRCLE('',#1231,1.75);
#1231 = AXIS2_PLACEMENT_3D('',#1232,#1233,#1234);
#1232 = CARTESIAN_POINT('',(279.39322950886,195.80000000222,
    108.75715890731));
#1233 = DIRECTION('',(1.3053E-13,1.,-1.39E-15));
#1234 = DIRECTION('',(1.,-1.3053E-13,2.E-16));
#1235 = CONICAL_SURFACE('',#1236,1.75,0.785398163397);
#1236 = AXIS2_PLACEMENT_3D('',#1237,#1238,#1239);
#1237 = CARTESIAN_POINT('',(279.39322950886,195.80000000222,
    108.75715890731));
#1238 = DIRECTION('',(1.3323E-13,1.,-1.25E-15));
#1239 = DIRECTION('',(1.,-1.3323E-13,2.E-16));
#1240 = ADVANCED_FACE('',(#1241),#1260,.F.);
#1241 = FACE_BOUND('',#1242,.F.);
#1242 = EDGE_LOOP('',(#1243,#1251,#1252,#1253));
#1243 = ORIENTED_EDGE('',*,*,#1244,.T.);
#1244 = EDGE_CURVE('',#1245,#273,#1247,.T.);
#1245 = VERTEX_POINT('',#1246);
#1246 = CARTESIAN_POINT('',(278.99322950886,195.80000000222,
    134.55715890731));
#1247 = LINE('',#1248,#1249);
#1248 = CARTESIAN_POINT('',(278.99322950886,195.80000000222,
    134.55715890731));
#1249 = VECTOR('',#1250,1.);
#1250 = DIRECTION('',(0.707106781187,0.707106781186,-8.3E-16));
#1251 = ORIENTED_EDGE('',*,*,#272,.T.);
#1252 = ORIENTED_EDGE('',*,*,#1244,.F.);
#1253 = ORIENTED_EDGE('',*,*,#1254,.T.);
#1254 = EDGE_CURVE('',#1245,#1245,#1255,.T.);
#1255 = CIRCLE('',#1256,5.5);
#1256 = AXIS2_PLACEMENT_3D('',#1257,#1258,#1259);
#1257 = CARTESIAN_POINT('',(273.49322950886,195.80000000222,
    134.55715890731));
#1258 = DIRECTION('',(1.3053E-13,1.,-1.39E-15));
#1259 = DIRECTION('',(-1.,1.3053E-13,-2.E-16));
#1260 = CONICAL_SURFACE('',#1261,5.5,0.785398163397);
#1261 = AXIS2_PLACEMENT_3D('',#1262,#1263,#1264);
#1262 = CARTESIAN_POINT('',(273.49322950886,195.80000000222,
    134.55715890731));
#1263 = DIRECTION('',(1.3323E-13,1.,-1.25E-15));
#1264 = DIRECTION('',(-1.,1.3323E-13,-2.E-16));
#1265 = ADVANCED_FACE('',(#1266),#1285,.F.);
#1266 = FACE_BOUND('',#1267,.T.);
#1267 = EDGE_LOOP('',(#1268,#1276,#1277,#1278));
#1268 = ORIENTED_EDGE('',*,*,#1269,.F.);
#1269 = EDGE_CURVE('',#284,#1270,#1272,.T.);
#1270 = VERTEX_POINT('',#1271);
#1271 = CARTESIAN_POINT('',(148.24322950885,195.80000000223,
    108.75715891906));
#1272 = LINE('',#1273,#1274);
#1273 = CARTESIAN_POINT('',(148.24322950885,195.80000000223,
    108.75715891906));
#1274 = VECTOR('',#1275,1.);
#1275 = DIRECTION('',(0.707106781186,-0.707106781187,1.16E-15));
#1276 = ORIENTED_EDGE('',*,*,#283,.T.);
#1277 = ORIENTED_EDGE('',*,*,#1269,.T.);
#1278 = ORIENTED_EDGE('',*,*,#1279,.F.);
#1279 = EDGE_CURVE('',#1270,#1270,#1280,.T.);
#1280 = CIRCLE('',#1281,2.35);
#1281 = AXIS2_PLACEMENT_3D('',#1282,#1283,#1284);
#1282 = CARTESIAN_POINT('',(150.59322950885,195.80000000223,
    108.75715891906));
#1283 = DIRECTION('',(1.3008E-13,1.,-1.64E-15));
#1284 = DIRECTION('',(-1.,1.3008E-13,0.));
#1285 = CONICAL_SURFACE('',#1286,2.35,0.785398163397);
#1286 = AXIS2_PLACEMENT_3D('',#1287,#1288,#1289);
#1287 = CARTESIAN_POINT('',(150.59322950885,195.80000000223,
    108.75715891906));
#1288 = DIRECTION('',(1.3008E-13,1.,-1.64E-15));
#1289 = DIRECTION('',(-1.,1.3008E-13,0.));
#1290 = ADVANCED_FACE('',(#1291),#1316,.F.);
#1291 = FACE_BOUND('',#1292,.T.);
#1292 = EDGE_LOOP('',(#1293,#1301,#1302,#1310));
#1293 = ORIENTED_EDGE('',*,*,#1294,.F.);
#1294 = EDGE_CURVE('',#295,#1295,#1297,.T.);
#1295 = VERTEX_POINT('',#1296);
#1296 = CARTESIAN_POINT('',(176.59322950982,195.80000000223,
    113.37596106914));
#1297 = LINE('',#1298,#1299);
#1298 = CARTESIAN_POINT('',(176.79322950982,196.00000000223,
    113.3759610691));
#1299 = VECTOR('',#1300,1.);
#1300 = DIRECTION('',(-0.707106781187,-0.707106781186,1.4551427E-10));
#1301 = ORIENTED_EDGE('',*,*,#294,.T.);
#1302 = ORIENTED_EDGE('',*,*,#1303,.T.);
#1303 = EDGE_CURVE('',#297,#1304,#1306,.T.);
#1304 = VERTEX_POINT('',#1305);
#1305 = CARTESIAN_POINT('',(176.59322950792,195.80000000223,
    104.13835676651));
#1306 = LINE('',#1307,#1308);
#1307 = CARTESIAN_POINT('',(176.79322950792,196.00000000223,
    104.13835676647));
#1308 = VECTOR('',#1309,1.);
#1309 = DIRECTION('',(-0.707106781187,-0.707106781186,1.4551427E-10));
#1310 = ORIENTED_EDGE('',*,*,#1311,.F.);
#1311 = EDGE_CURVE('',#1295,#1304,#1312,.T.);
#1312 = LINE('',#1313,#1314);
#1313 = CARTESIAN_POINT('',(176.59322950982,195.80000000223,
    113.37596106914));
#1314 = VECTOR('',#1315,1.);
#1315 = DIRECTION('',(-2.0578662E-10,-1.64E-15,-1.));
#1316 = PLANE('',#1317);
#1317 = AXIS2_PLACEMENT_3D('',#1318,#1319,#1320);
#1318 = CARTESIAN_POINT('',(176.79322950982,196.00000000223,
    113.3759610691));
#1319 = DIRECTION('',(0.707106781186,-0.707106781187,-1.4551366E-10));
#1320 = DIRECTION('',(2.057878257413E-10,4.342587117017E-16,1.));
#1321 = ADVANCED_FACE('',(#1322),#1341,.F.);
#1322 = FACE_BOUND('',#1323,.T.);
#1323 = EDGE_LOOP('',(#1324,#1332,#1333,#1334));
#1324 = ORIENTED_EDGE('',*,*,#1325,.F.);
#1325 = EDGE_CURVE('',#305,#1326,#1328,.T.);
#1326 = VERTEX_POINT('',#1327);
#1327 = CARTESIAN_POINT('',(175.8432295095,195.80000000223,
    114.67499917569));
#1328 = LINE('',#1329,#1330);
#1329 = CARTESIAN_POINT('',(175.9432295095,196.00000000223,
    114.84820425645));
#1330 = VECTOR('',#1331,1.);
#1331 = DIRECTION('',(-0.353553390593,-0.707106781187,-0.612372435696));
#1332 = ORIENTED_EDGE('',*,*,#304,.T.);
#1333 = ORIENTED_EDGE('',*,*,#1294,.T.);
#1334 = ORIENTED_EDGE('',*,*,#1335,.F.);
#1335 = EDGE_CURVE('',#1326,#1295,#1336,.T.);
#1336 = CIRCLE('',#1337,1.500000000654);
#1337 = AXIS2_PLACEMENT_3D('',#1338,#1339,#1340);
#1338 = CARTESIAN_POINT('',(175.09322950917,195.80000000223,
    113.37596106945));
#1339 = DIRECTION('',(1.3008E-13,1.,-1.64E-15));
#1340 = DIRECTION('',(0.5,-6.36197183378E-14,0.866025403784));
#1341 = CONICAL_SURFACE('',#1342,1.500000000654,0.785398163397);
#1342 = AXIS2_PLACEMENT_3D('',#1343,#1344,#1345);
#1343 = CARTESIAN_POINT('',(175.09322950917,195.80000000223,
    113.37596106945));
#1344 = DIRECTION('',(1.3008E-13,1.,-1.64E-15));
#1345 = DIRECTION('',(0.5,-6.36197183378E-14,0.866025403784));
#1346 = ADVANCED_FACE('',(#1347),#1366,.F.);
#1347 = FACE_BOUND('',#1348,.T.);
#1348 = EDGE_LOOP('',(#1349,#1350,#1351,#1359));
#1349 = ORIENTED_EDGE('',*,*,#1303,.F.);
#1350 = ORIENTED_EDGE('',*,*,#389,.T.);
#1351 = ORIENTED_EDGE('',*,*,#1352,.T.);
#1352 = EDGE_CURVE('',#382,#1353,#1355,.T.);
#1353 = VERTEX_POINT('',#1354);
#1354 = CARTESIAN_POINT('',(175.84322950772,195.80000000223,
    102.83931866098));
#1355 = LINE('',#1356,#1357);
#1356 = CARTESIAN_POINT('',(175.84322950772,195.80000000223,
    102.83931866098));
#1357 = VECTOR('',#1358,1.);
#1358 = DIRECTION('',(-0.353553390517,-0.707106781187,0.61237243574));
#1359 = ORIENTED_EDGE('',*,*,#1360,.F.);
#1360 = EDGE_CURVE('',#1304,#1353,#1361,.T.);
#1361 = CIRCLE('',#1362,1.500000000083);
#1362 = AXIS2_PLACEMENT_3D('',#1363,#1364,#1365);
#1363 = CARTESIAN_POINT('',(175.09322950784,195.80000000223,
    104.13835676682));
#1364 = DIRECTION('',(1.3008E-13,1.,-1.64E-15));
#1365 = DIRECTION('',(1.,-1.300800000003E-13,-2.0599108E-10));
#1366 = CONICAL_SURFACE('',#1367,1.500000000083,0.785398163397);
#1367 = AXIS2_PLACEMENT_3D('',#1368,#1369,#1370);
#1368 = CARTESIAN_POINT('',(175.09322950784,195.80000000223,
    104.13835676682));
#1369 = DIRECTION('',(1.3008E-13,1.,-1.64E-15));
#1370 = DIRECTION('',(1.,-1.300800000003E-13,-2.0599108E-10));
#1371 = ADVANCED_FACE('',(#1372),#1390,.F.);
#1372 = FACE_BOUND('',#1373,.T.);
#1373 = EDGE_LOOP('',(#1374,#1382,#1383,#1384));
#1374 = ORIENTED_EDGE('',*,*,#1375,.F.);
#1375 = EDGE_CURVE('',#314,#1376,#1378,.T.);
#1376 = VERTEX_POINT('',#1377);
#1377 = CARTESIAN_POINT('',(167.84322950885,195.80000000223,
    119.29380132958));
#1378 = LINE('',#1379,#1380);
#1379 = CARTESIAN_POINT('',(167.84322950885,195.80000000223,
    119.29380132958));
#1380 = VECTOR('',#1381,1.);
#1381 = DIRECTION('',(-0.353553390593,-0.707106781187,-0.612372435696));
#1382 = ORIENTED_EDGE('',*,*,#313,.T.);
#1383 = ORIENTED_EDGE('',*,*,#1325,.T.);
#1384 = ORIENTED_EDGE('',*,*,#1385,.F.);
#1385 = EDGE_CURVE('',#1376,#1326,#1386,.T.);
#1386 = LINE('',#1387,#1388);
#1387 = CARTESIAN_POINT('',(167.84322950885,195.80000000223,
    119.29380132958));
#1388 = VECTOR('',#1389,1.);
#1389 = DIRECTION('',(0.866025403784,-1.1347E-13,-0.5));
#1390 = PLANE('',#1391);
#1391 = AXIS2_PLACEMENT_3D('',#1392,#1393,#1394);
#1392 = CARTESIAN_POINT('',(167.94322950885,196.00000000223,
    119.46700641034));
#1393 = DIRECTION('',(0.353553390593,-0.707106781187,0.612372435696));
#1394 = DIRECTION('',(-0.866025403784,1.13659082146E-13,0.5));
#1395 = ADVANCED_FACE('',(#1396),#1414,.F.);
#1396 = FACE_BOUND('',#1397,.T.);
#1397 = EDGE_LOOP('',(#1398,#1399,#1400,#1408));
#1398 = ORIENTED_EDGE('',*,*,#1352,.F.);
#1399 = ORIENTED_EDGE('',*,*,#381,.T.);
#1400 = ORIENTED_EDGE('',*,*,#1401,.T.);
#1401 = EDGE_CURVE('',#373,#1402,#1404,.T.);
#1402 = VERTEX_POINT('',#1403);
#1403 = CARTESIAN_POINT('',(167.84322950886,195.80000000223,
    98.220516504132));
#1404 = LINE('',#1405,#1406);
#1405 = CARTESIAN_POINT('',(167.94322950893,196.00000000223,
    98.047311423412));
#1406 = VECTOR('',#1407,1.);
#1407 = DIRECTION('',(-0.353553390822,-0.707106781187,0.612372435564));
#1408 = ORIENTED_EDGE('',*,*,#1409,.F.);
#1409 = EDGE_CURVE('',#1353,#1402,#1410,.T.);
#1410 = LINE('',#1411,#1412);
#1411 = CARTESIAN_POINT('',(175.84322950772,195.80000000223,
    102.83931866098));
#1412 = VECTOR('',#1413,1.);
#1413 = DIRECTION('',(-0.866025403597,1.1183E-13,-0.500000000324));
#1414 = PLANE('',#1415);
#1415 = AXIS2_PLACEMENT_3D('',#1416,#1417,#1418);
#1416 = CARTESIAN_POINT('',(175.94322950778,196.00000000223,
    102.66611358026));
#1417 = DIRECTION('',(0.353553390822,-0.707106781187,-0.612372435564));
#1418 = DIRECTION('',(0.866025403597,-1.129096816044E-13,0.500000000324)
  );
#1419 = ADVANCED_FACE('',(#1420),#1439,.F.);
#1420 = FACE_BOUND('',#1421,.T.);
#1421 = EDGE_LOOP('',(#1422,#1430,#1431,#1432));
#1422 = ORIENTED_EDGE('',*,*,#1423,.F.);
#1423 = EDGE_CURVE('',#322,#1424,#1426,.T.);
#1424 = VERTEX_POINT('',#1425);
#1425 = CARTESIAN_POINT('',(166.34322950888,195.80000000223,
    119.29380132958));
#1426 = LINE('',#1427,#1428);
#1427 = CARTESIAN_POINT('',(166.24322950888,196.00000000223,
    119.46700641034));
#1428 = VECTOR('',#1429,1.);
#1429 = DIRECTION('',(0.353553390593,-0.707106781187,-0.612372435696));
#1430 = ORIENTED_EDGE('',*,*,#321,.T.);
#1431 = ORIENTED_EDGE('',*,*,#1375,.T.);
#1432 = ORIENTED_EDGE('',*,*,#1433,.F.);
#1433 = EDGE_CURVE('',#1424,#1376,#1434,.T.);
#1434 = CIRCLE('',#1435,1.499999999971);
#1435 = AXIS2_PLACEMENT_3D('',#1436,#1437,#1438);
#1436 = CARTESIAN_POINT('',(167.09322950886,195.80000000223,
    117.99476322393));
#1437 = DIRECTION('',(1.3008E-13,1.,-1.64E-15));
#1438 = DIRECTION('',(-0.5,6.646028166216E-14,0.866025403785));
#1439 = CONICAL_SURFACE('',#1440,1.499999999971,0.785398163397);
#1440 = AXIS2_PLACEMENT_3D('',#1441,#1442,#1443);
#1441 = CARTESIAN_POINT('',(167.09322950886,195.80000000223,
    117.99476322393));
#1442 = DIRECTION('',(1.3008E-13,1.,-1.64E-15));
#1443 = DIRECTION('',(-0.5,6.646028166216E-14,0.866025403785));
#1444 = ADVANCED_FACE('',(#1445),#1464,.F.);
#1445 = FACE_BOUND('',#1446,.T.);
#1446 = EDGE_LOOP('',(#1447,#1448,#1449,#1457));
#1447 = ORIENTED_EDGE('',*,*,#1401,.F.);
#1448 = ORIENTED_EDGE('',*,*,#372,.T.);
#1449 = ORIENTED_EDGE('',*,*,#1450,.T.);
#1450 = EDGE_CURVE('',#365,#1451,#1453,.T.);
#1451 = VERTEX_POINT('',#1452);
#1452 = CARTESIAN_POINT('',(166.34322950886,195.80000000223,
    98.220516504132));
#1453 = LINE('',#1454,#1455);
#1454 = CARTESIAN_POINT('',(166.34322950886,195.80000000223,
    98.220516504132));
#1455 = VECTOR('',#1456,1.);
#1456 = DIRECTION('',(0.353553390593,-0.707106781187,0.612372435696));
#1457 = ORIENTED_EDGE('',*,*,#1458,.F.);
#1458 = EDGE_CURVE('',#1402,#1451,#1459,.T.);
#1459 = CIRCLE('',#1460,1.499999999995);
#1460 = AXIS2_PLACEMENT_3D('',#1461,#1462,#1463);
#1461 = CARTESIAN_POINT('',(167.09322950886,195.80000000223,
    99.519554609804));
#1462 = DIRECTION('',(1.3008E-13,1.,-1.64E-15));
#1463 = DIRECTION('',(0.5,-6.646028166223E-14,-0.866025403784));
#1464 = CONICAL_SURFACE('',#1465,1.499999999995,0.785398163397);
#1465 = AXIS2_PLACEMENT_3D('',#1466,#1467,#1468);
#1466 = CARTESIAN_POINT('',(167.09322950886,195.80000000223,
    99.519554609804));
#1467 = DIRECTION('',(1.3008E-13,1.,-1.64E-15));
#1468 = DIRECTION('',(0.5,-6.646028166223E-14,-0.866025403784));
#1469 = ADVANCED_FACE('',(#1470),#1488,.F.);
#1470 = FACE_BOUND('',#1471,.T.);
#1471 = EDGE_LOOP('',(#1472,#1480,#1481,#1482));
#1472 = ORIENTED_EDGE('',*,*,#1473,.F.);
#1473 = EDGE_CURVE('',#331,#1474,#1476,.T.);
#1474 = VERTEX_POINT('',#1475);
#1475 = CARTESIAN_POINT('',(158.34322950885,195.80000000223,
    114.67499917605));
#1476 = LINE('',#1477,#1478);
#1477 = CARTESIAN_POINT('',(158.34322950885,195.80000000223,
    114.67499917605));
#1478 = VECTOR('',#1479,1.);
#1479 = DIRECTION('',(0.353553390593,-0.707106781187,-0.612372435696));
#1480 = ORIENTED_EDGE('',*,*,#330,.T.);
#1481 = ORIENTED_EDGE('',*,*,#1423,.T.);
#1482 = ORIENTED_EDGE('',*,*,#1483,.F.);
#1483 = EDGE_CURVE('',#1474,#1424,#1484,.T.);
#1484 = LINE('',#1485,#1486);
#1485 = CARTESIAN_POINT('',(158.34322950885,195.80000000223,
    114.67499917605));
#1486 = VECTOR('',#1487,1.);
#1487 = DIRECTION('',(0.866025403784,-1.1183E-13,0.5));
#1488 = PLANE('',#1489);
#1489 = AXIS2_PLACEMENT_3D('',#1490,#1491,#1492);
#1490 = CARTESIAN_POINT('',(158.24322950885,196.00000000223,
    114.84820425681));
#1491 = DIRECTION('',(-0.353553390593,-0.707106781186,0.612372435696));
#1492 = DIRECTION('',(-0.866025403784,1.117717030041E-13,-0.5));
#1493 = ADVANCED_FACE('',(#1494),#1512,.F.);
#1494 = FACE_BOUND('',#1495,.T.);
#1495 = EDGE_LOOP('',(#1496,#1497,#1498,#1506));
#1496 = ORIENTED_EDGE('',*,*,#1450,.F.);
#1497 = ORIENTED_EDGE('',*,*,#364,.T.);
#1498 = ORIENTED_EDGE('',*,*,#1499,.T.);
#1499 = EDGE_CURVE('',#356,#1500,#1502,.T.);
#1500 = VERTEX_POINT('',#1501);
#1501 = CARTESIAN_POINT('',(158.34322951268,195.80000000223,
    102.83931865544));
#1502 = LINE('',#1503,#1504);
#1503 = CARTESIAN_POINT('',(158.24322951268,196.00000000223,
    102.66611357469));
#1504 = VECTOR('',#1505,1.);
#1505 = DIRECTION('',(0.353553390593,-0.707106781187,0.612372435696));
#1506 = ORIENTED_EDGE('',*,*,#1507,.F.);
#1507 = EDGE_CURVE('',#1451,#1500,#1508,.T.);
#1508 = LINE('',#1509,#1510);
#1509 = CARTESIAN_POINT('',(166.34322950887,195.80000000223,
    98.220516504132));
#1510 = VECTOR('',#1511,1.);
#1511 = DIRECTION('',(-0.866025403784,1.1347E-13,0.5));
#1512 = PLANE('',#1513);
#1513 = AXIS2_PLACEMENT_3D('',#1514,#1515,#1516);
#1514 = CARTESIAN_POINT('',(166.24322950887,196.00000000223,
    98.047311423375));
#1515 = DIRECTION('',(-0.353553390593,-0.707106781186,-0.612372435696));
#1516 = DIRECTION('',(0.866025403784,-1.129929483312E-13,-0.5));
#1517 = ADVANCED_FACE('',(#1518),#1537,.F.);
#1518 = FACE_BOUND('',#1519,.T.);
#1519 = EDGE_LOOP('',(#1520,#1528,#1529,#1530));
#1520 = ORIENTED_EDGE('',*,*,#1521,.F.);
#1521 = EDGE_CURVE('',#339,#1522,#1524,.T.);
#1522 = VERTEX_POINT('',#1523);
#1523 = CARTESIAN_POINT('',(157.59322950885,195.80000000223,
    113.37596107037));
#1524 = LINE('',#1525,#1526);
#1525 = CARTESIAN_POINT('',(157.39322950885,196.00000000223,
    113.37596107037));
#1526 = VECTOR('',#1527,1.);
#1527 = DIRECTION('',(0.707106781186,-0.707106781187,-3.46E-15));
#1528 = ORIENTED_EDGE('',*,*,#338,.T.);
#1529 = ORIENTED_EDGE('',*,*,#1473,.T.);
#1530 = ORIENTED_EDGE('',*,*,#1531,.F.);
#1531 = EDGE_CURVE('',#1522,#1474,#1532,.T.);
#1532 = CIRCLE('',#1533,1.5);
#1533 = AXIS2_PLACEMENT_3D('',#1534,#1535,#1536);
#1534 = CARTESIAN_POINT('',(159.09322950885,195.80000000223,
    113.37596107037));
#1535 = DIRECTION('',(1.3008E-13,1.,-1.64E-15));
#1536 = DIRECTION('',(-1.,1.3008E-13,0.));
#1537 = CONICAL_SURFACE('',#1538,1.5,0.785398163397);
#1538 = AXIS2_PLACEMENT_3D('',#1539,#1540,#1541);
#1539 = CARTESIAN_POINT('',(159.09322950885,195.80000000223,
    113.37596107037));
#1540 = DIRECTION('',(1.3008E-13,1.,-1.64E-15));
#1541 = DIRECTION('',(-1.,1.3008E-13,0.));
#1542 = ADVANCED_FACE('',(#1543),#1562,.F.);
#1543 = FACE_BOUND('',#1544,.T.);
#1544 = EDGE_LOOP('',(#1545,#1546,#1547,#1555));
#1545 = ORIENTED_EDGE('',*,*,#1499,.F.);
#1546 = ORIENTED_EDGE('',*,*,#355,.T.);
#1547 = ORIENTED_EDGE('',*,*,#1548,.T.);
#1548 = EDGE_CURVE('',#348,#1549,#1551,.T.);
#1549 = VERTEX_POINT('',#1550);
#1550 = CARTESIAN_POINT('',(157.59322950885,195.80000000223,
    104.13835676774));
#1551 = LINE('',#1552,#1553);
#1552 = CARTESIAN_POINT('',(157.59322950885,195.80000000223,
    104.13835676774));
#1553 = VECTOR('',#1554,1.);
#1554 = DIRECTION('',(0.707106781186,-0.707106781187,2.38E-15));
#1555 = ORIENTED_EDGE('',*,*,#1556,.F.);
#1556 = EDGE_CURVE('',#1500,#1549,#1557,.T.);
#1557 = CIRCLE('',#1558,1.500000007649);
#1558 = AXIS2_PLACEMENT_3D('',#1559,#1560,#1561);
#1559 = CARTESIAN_POINT('',(159.0932295165,195.80000000223,
    104.13835676774));
#1560 = DIRECTION('',(1.3008E-13,1.,-1.64E-15));
#1561 = DIRECTION('',(-0.5,6.361971833775E-14,-0.866025403785));
#1562 = CONICAL_SURFACE('',#1563,1.500000007649,0.785398163397);
#1563 = AXIS2_PLACEMENT_3D('',#1564,#1565,#1566);
#1564 = CARTESIAN_POINT('',(159.0932295165,195.80000000223,
    104.13835676774));
#1565 = DIRECTION('',(1.3008E-13,1.,-1.64E-15));
#1566 = DIRECTION('',(-0.5,6.361971833775E-14,-0.866025403785));
#1567 = ADVANCED_FACE('',(#1568),#1579,.F.);
#1568 = FACE_BOUND('',#1569,.T.);
#1569 = EDGE_LOOP('',(#1570,#1571,#1572,#1573));
#1570 = ORIENTED_EDGE('',*,*,#1548,.F.);
#1571 = ORIENTED_EDGE('',*,*,#347,.T.);
#1572 = ORIENTED_EDGE('',*,*,#1521,.T.);
#1573 = ORIENTED_EDGE('',*,*,#1574,.F.);
#1574 = EDGE_CURVE('',#1549,#1522,#1575,.T.);
#1575 = LINE('',#1576,#1577);
#1576 = CARTESIAN_POINT('',(157.59322950885,195.80000000223,
    104.13835676774));
#1577 = VECTOR('',#1578,1.);
#1578 = DIRECTION('',(6.53E-15,1.64E-15,1.));
#1579 = PLANE('',#1580);
#1580 = AXIS2_PLACEMENT_3D('',#1581,#1582,#1583);
#1581 = CARTESIAN_POINT('',(157.39322950885,196.00000000223,
    104.13835676774));
#1582 = DIRECTION('',(-0.707106781187,-0.707106781186,4.02E-15));
#1583 = DIRECTION('',(-5.28756926037E-15,-3.975692603696E-16,-1.));
#1584 = ADVANCED_FACE('',(#1585),#1610,.F.);
#1585 = FACE_BOUND('',#1586,.T.);
#1586 = EDGE_LOOP('',(#1587,#1595,#1596,#1604));
#1587 = ORIENTED_EDGE('',*,*,#1588,.F.);
#1588 = EDGE_CURVE('',#399,#1589,#1591,.T.);
#1589 = VERTEX_POINT('',#1590);
#1590 = CARTESIAN_POINT('',(179.19322950885,195.80000000223,
    104.13835676297));
#1591 = LINE('',#1592,#1593);
#1592 = CARTESIAN_POINT('',(178.99322950885,196.00000000223,
    104.13835676297));
#1593 = VECTOR('',#1594,1.);
#1594 = DIRECTION('',(0.707106781186,-0.707106781187,-3.8E-15));
#1595 = ORIENTED_EDGE('',*,*,#398,.T.);
#1596 = ORIENTED_EDGE('',*,*,#1597,.T.);
#1597 = EDGE_CURVE('',#401,#1598,#1600,.T.);
#1598 = VERTEX_POINT('',#1599);
#1599 = CARTESIAN_POINT('',(179.19322950885,195.80000000223,
    113.3759610656));
#1600 = LINE('',#1601,#1602);
#1601 = CARTESIAN_POINT('',(178.99322950885,196.00000000223,
    113.3759610656));
#1602 = VECTOR('',#1603,1.);
#1603 = DIRECTION('',(0.707106781186,-0.707106781187,-3.8E-15));
#1604 = ORIENTED_EDGE('',*,*,#1605,.F.);
#1605 = EDGE_CURVE('',#1589,#1598,#1606,.T.);
#1606 = LINE('',#1607,#1608);
#1607 = CARTESIAN_POINT('',(179.19322950885,195.80000000223,
    104.13835676297));
#1608 = VECTOR('',#1609,1.);
#1609 = DIRECTION('',(7.01E-15,1.64E-15,1.));
#1610 = PLANE('',#1611);
#1611 = AXIS2_PLACEMENT_3D('',#1612,#1613,#1614);
#1612 = CARTESIAN_POINT('',(178.99322950885,196.00000000223,
    104.13835676297));
#1613 = DIRECTION('',(-0.707106781187,-0.707106781186,6.03E-15));
#1614 = DIRECTION('',(-6.948853890554E-15,-1.578853890555E-15,-1.));
#1615 = ADVANCED_FACE('',(#1616),#1635,.F.);
#1616 = FACE_BOUND('',#1617,.T.);
#1617 = EDGE_LOOP('',(#1618,#1626,#1627,#1628));
#1618 = ORIENTED_EDGE('',*,*,#1619,.F.);
#1619 = EDGE_CURVE('',#409,#1620,#1622,.T.);
#1620 = VERTEX_POINT('',#1621);
#1621 = CARTESIAN_POINT('',(179.94322951268,195.80000000223,
    102.83931865067));
#1622 = LINE('',#1623,#1624);
#1623 = CARTESIAN_POINT('',(179.84322951268,196.00000000223,
    102.66611356992));
#1624 = VECTOR('',#1625,1.);
#1625 = DIRECTION('',(0.353553390593,-0.707106781187,0.612372435696));
#1626 = ORIENTED_EDGE('',*,*,#408,.T.);
#1627 = ORIENTED_EDGE('',*,*,#1588,.T.);
#1628 = ORIENTED_EDGE('',*,*,#1629,.F.);
#1629 = EDGE_CURVE('',#1620,#1589,#1630,.T.);
#1630 = CIRCLE('',#1631,1.50000000765);
#1631 = AXIS2_PLACEMENT_3D('',#1632,#1633,#1634);
#1632 = CARTESIAN_POINT('',(180.6932295165,195.80000000223,
    104.13835676297));
#1633 = DIRECTION('',(1.3008E-13,1.,-1.64E-15));
#1634 = DIRECTION('',(-0.5,6.361971833775E-14,-0.866025403785));
#1635 = CONICAL_SURFACE('',#1636,1.50000000765,0.785398163397);
#1636 = AXIS2_PLACEMENT_3D('',#1637,#1638,#1639);
#1637 = CARTESIAN_POINT('',(180.6932295165,195.80000000223,
    104.13835676297));
#1638 = DIRECTION('',(1.3008E-13,1.,-1.64E-15));
#1639 = DIRECTION('',(-0.5,6.361971833775E-14,-0.866025403785));
#1640 = ADVANCED_FACE('',(#1641),#1660,.F.);
#1641 = FACE_BOUND('',#1642,.T.);
#1642 = EDGE_LOOP('',(#1643,#1644,#1645,#1653));
#1643 = ORIENTED_EDGE('',*,*,#1597,.F.);
#1644 = ORIENTED_EDGE('',*,*,#493,.T.);
#1645 = ORIENTED_EDGE('',*,*,#1646,.T.);
#1646 = EDGE_CURVE('',#486,#1647,#1649,.T.);
#1647 = VERTEX_POINT('',#1648);
#1648 = CARTESIAN_POINT('',(179.94322950885,195.80000000223,
    114.67499917128));
#1649 = LINE('',#1650,#1651);
#1650 = CARTESIAN_POINT('',(179.94322950885,195.80000000223,
    114.67499917128));
#1651 = VECTOR('',#1652,1.);
#1652 = DIRECTION('',(0.353553390593,-0.707106781187,-0.612372435696));
#1653 = ORIENTED_EDGE('',*,*,#1654,.F.);
#1654 = EDGE_CURVE('',#1598,#1647,#1655,.T.);
#1655 = CIRCLE('',#1656,1.5);
#1656 = AXIS2_PLACEMENT_3D('',#1657,#1658,#1659);
#1657 = CARTESIAN_POINT('',(180.69322950885,195.80000000223,
    113.3759610656));
#1658 = DIRECTION('',(1.3008E-13,1.,-1.64E-15));
#1659 = DIRECTION('',(-1.,1.3008E-13,0.));
#1660 = CONICAL_SURFACE('',#1661,1.5,0.785398163397);
#1661 = AXIS2_PLACEMENT_3D('',#1662,#1663,#1664);
#1662 = CARTESIAN_POINT('',(180.69322950885,195.80000000223,
    113.3759610656));
#1663 = DIRECTION('',(1.3008E-13,1.,-1.64E-15));
#1664 = DIRECTION('',(-1.,1.3008E-13,0.));
#1665 = ADVANCED_FACE('',(#1666),#1684,.F.);
#1666 = FACE_BOUND('',#1667,.T.);
#1667 = EDGE_LOOP('',(#1668,#1676,#1677,#1678));
#1668 = ORIENTED_EDGE('',*,*,#1669,.F.);
#1669 = EDGE_CURVE('',#418,#1670,#1672,.T.);
#1670 = VERTEX_POINT('',#1671);
#1671 = CARTESIAN_POINT('',(187.94322950886,195.80000000223,
    98.220516499362));
#1672 = LINE('',#1673,#1674);
#1673 = CARTESIAN_POINT('',(187.94322950886,195.80000000223,
    98.220516499362));
#1674 = VECTOR('',#1675,1.);
#1675 = DIRECTION('',(0.353553390593,-0.707106781187,0.612372435696));
#1676 = ORIENTED_EDGE('',*,*,#417,.T.);
#1677 = ORIENTED_EDGE('',*,*,#1619,.T.);
#1678 = ORIENTED_EDGE('',*,*,#1679,.F.);
#1679 = EDGE_CURVE('',#1670,#1620,#1680,.T.);
#1680 = LINE('',#1681,#1682);
#1681 = CARTESIAN_POINT('',(187.94322950887,195.80000000223,
    98.220516499362));
#1682 = VECTOR('',#1683,1.);
#1683 = DIRECTION('',(-0.866025403784,1.1347E-13,0.5));
#1684 = PLANE('',#1685);
#1685 = AXIS2_PLACEMENT_3D('',#1686,#1687,#1688);
#1686 = CARTESIAN_POINT('',(187.84322950887,196.00000000223,
    98.047311418605));
#1687 = DIRECTION('',(-0.353553390593,-0.707106781186,-0.612372435696));
#1688 = DIRECTION('',(0.866025403784,-1.14019904629E-13,-0.5));
#1689 = ADVANCED_FACE('',(#1690),#1708,.F.);
#1690 = FACE_BOUND('',#1691,.T.);
#1691 = EDGE_LOOP('',(#1692,#1693,#1694,#1702));
#1692 = ORIENTED_EDGE('',*,*,#1646,.F.);
#1693 = ORIENTED_EDGE('',*,*,#485,.T.);
#1694 = ORIENTED_EDGE('',*,*,#1695,.T.);
#1695 = EDGE_CURVE('',#477,#1696,#1698,.T.);
#1696 = VERTEX_POINT('',#1697);
#1697 = CARTESIAN_POINT('',(187.94322950888,195.80000000223,
    119.29380132481));
#1698 = LINE('',#1699,#1700);
#1699 = CARTESIAN_POINT('',(187.84322950888,196.00000000223,
    119.46700640557));
#1700 = VECTOR('',#1701,1.);
#1701 = DIRECTION('',(0.353553390593,-0.707106781187,-0.612372435696));
#1702 = ORIENTED_EDGE('',*,*,#1703,.F.);
#1703 = EDGE_CURVE('',#1647,#1696,#1704,.T.);
#1704 = LINE('',#1705,#1706);
#1705 = CARTESIAN_POINT('',(179.94322950885,195.80000000223,
    114.67499917128));
#1706 = VECTOR('',#1707,1.);
#1707 = DIRECTION('',(0.866025403784,-1.1183E-13,0.5));
#1708 = PLANE('',#1709);
#1709 = AXIS2_PLACEMENT_3D('',#1710,#1711,#1712);
#1710 = CARTESIAN_POINT('',(179.84322950885,196.00000000223,
    114.84820425204));
#1711 = DIRECTION('',(-0.353553390593,-0.707106781186,0.612372435696));
#1712 = DIRECTION('',(-0.866025403784,1.117717030041E-13,-0.5));
#1713 = ADVANCED_FACE('',(#1714),#1733,.F.);
#1714 = FACE_BOUND('',#1715,.T.);
#1715 = EDGE_LOOP('',(#1716,#1724,#1725,#1726));
#1716 = ORIENTED_EDGE('',*,*,#1717,.F.);
#1717 = EDGE_CURVE('',#426,#1718,#1720,.T.);
#1718 = VERTEX_POINT('',#1719);
#1719 = CARTESIAN_POINT('',(189.44322950886,195.80000000223,
    98.220516499362));
#1720 = LINE('',#1721,#1722);
#1721 = CARTESIAN_POINT('',(189.54322950893,196.00000000223,
    98.047311418643));
#1722 = VECTOR('',#1723,1.);
#1723 = DIRECTION('',(-0.353553390822,-0.707106781187,0.612372435564));
#1724 = ORIENTED_EDGE('',*,*,#425,.T.);
#1725 = ORIENTED_EDGE('',*,*,#1669,.T.);
#1726 = ORIENTED_EDGE('',*,*,#1727,.F.);
#1727 = EDGE_CURVE('',#1718,#1670,#1728,.T.);
#1728 = CIRCLE('',#1729,1.499999999995);
#1729 = AXIS2_PLACEMENT_3D('',#1730,#1731,#1732);
#1730 = CARTESIAN_POINT('',(188.69322950886,195.80000000223,
    99.519554605035));
#1731 = DIRECTION('',(1.3008E-13,1.,-1.64E-15));
#1732 = DIRECTION('',(0.5,-6.646028166223E-14,-0.866025403784));
#1733 = CONICAL_SURFACE('',#1734,1.499999999995,0.785398163397);
#1734 = AXIS2_PLACEMENT_3D('',#1735,#1736,#1737);
#1735 = CARTESIAN_POINT('',(188.69322950886,195.80000000223,
    99.519554605035));
#1736 = DIRECTION('',(1.3008E-13,1.,-1.64E-15));
#1737 = DIRECTION('',(0.5,-6.646028166223E-14,-0.866025403784));
#1738 = ADVANCED_FACE('',(#1739),#1758,.F.);
#1739 = FACE_BOUND('',#1740,.T.);
#1740 = EDGE_LOOP('',(#1741,#1742,#1743,#1751));
#1741 = ORIENTED_EDGE('',*,*,#1695,.F.);
#1742 = ORIENTED_EDGE('',*,*,#476,.T.);
#1743 = ORIENTED_EDGE('',*,*,#1744,.T.);
#1744 = EDGE_CURVE('',#469,#1745,#1747,.T.);
#1745 = VERTEX_POINT('',#1746);
#1746 = CARTESIAN_POINT('',(189.44322950885,195.80000000223,
    119.29380132481));
#1747 = LINE('',#1748,#1749);
#1748 = CARTESIAN_POINT('',(189.44322950885,195.80000000223,
    119.29380132481));
#1749 = VECTOR('',#1750,1.);
#1750 = DIRECTION('',(-0.353553390593,-0.707106781187,-0.612372435696));
#1751 = ORIENTED_EDGE('',*,*,#1752,.F.);
#1752 = EDGE_CURVE('',#1696,#1745,#1753,.T.);
#1753 = CIRCLE('',#1754,1.499999999971);
#1754 = AXIS2_PLACEMENT_3D('',#1755,#1756,#1757);
#1755 = CARTESIAN_POINT('',(188.69322950886,195.80000000223,
    117.99476321916));
#1756 = DIRECTION('',(1.3008E-13,1.,-1.64E-15));
#1757 = DIRECTION('',(-0.5,6.64602816622E-14,0.866025403784));
#1758 = CONICAL_SURFACE('',#1759,1.499999999971,0.785398163397);
#1759 = AXIS2_PLACEMENT_3D('',#1760,#1761,#1762);
#1760 = CARTESIAN_POINT('',(188.69322950886,195.80000000223,
    117.99476321916));
#1761 = DIRECTION('',(1.3008E-13,1.,-1.64E-15));
#1762 = DIRECTION('',(-0.5,6.64602816622E-14,0.866025403784));
#1763 = ADVANCED_FACE('',(#1764),#1782,.F.);
#1764 = FACE_BOUND('',#1765,.T.);
#1765 = EDGE_LOOP('',(#1766,#1774,#1775,#1776));
#1766 = ORIENTED_EDGE('',*,*,#1767,.F.);
#1767 = EDGE_CURVE('',#435,#1768,#1770,.T.);
#1768 = VERTEX_POINT('',#1769);
#1769 = CARTESIAN_POINT('',(197.44322950772,195.80000000223,
    102.83931865621));
#1770 = LINE('',#1771,#1772);
#1771 = CARTESIAN_POINT('',(197.44322950772,195.80000000223,
    102.83931865621));
#1772 = VECTOR('',#1773,1.);
#1773 = DIRECTION('',(-0.353553390517,-0.707106781187,0.61237243574));
#1774 = ORIENTED_EDGE('',*,*,#434,.T.);
#1775 = ORIENTED_EDGE('',*,*,#1717,.T.);
#1776 = ORIENTED_EDGE('',*,*,#1777,.F.);
#1777 = EDGE_CURVE('',#1768,#1718,#1778,.T.);
#1778 = LINE('',#1779,#1780);
#1779 = CARTESIAN_POINT('',(197.44322950772,195.80000000223,
    102.83931865621));
#1780 = VECTOR('',#1781,1.);
#1781 = DIRECTION('',(-0.866025403597,1.1183E-13,-0.500000000324));
#1782 = PLANE('',#1783);
#1783 = AXIS2_PLACEMENT_3D('',#1784,#1785,#1786);
#1784 = CARTESIAN_POINT('',(197.54322950778,196.00000000223,
    102.66611357549));
#1785 = DIRECTION('',(0.353553390822,-0.707106781187,-0.612372435564));
#1786 = DIRECTION('',(0.866025403597,-1.110778136137E-13,0.500000000324)
  );
#1787 = ADVANCED_FACE('',(#1788),#1806,.F.);
#1788 = FACE_BOUND('',#1789,.T.);
#1789 = EDGE_LOOP('',(#1790,#1791,#1792,#1800));
#1790 = ORIENTED_EDGE('',*,*,#1744,.F.);
#1791 = ORIENTED_EDGE('',*,*,#468,.T.);
#1792 = ORIENTED_EDGE('',*,*,#1793,.T.);
#1793 = EDGE_CURVE('',#460,#1794,#1796,.T.);
#1794 = VERTEX_POINT('',#1795);
#1795 = CARTESIAN_POINT('',(197.4432295095,195.80000000223,
    114.67499917092));
#1796 = LINE('',#1797,#1798);
#1797 = CARTESIAN_POINT('',(197.5432295095,196.00000000223,
    114.84820425168));
#1798 = VECTOR('',#1799,1.);
#1799 = DIRECTION('',(-0.353553390593,-0.707106781187,-0.612372435696));
#1800 = ORIENTED_EDGE('',*,*,#1801,.F.);
#1801 = EDGE_CURVE('',#1745,#1794,#1802,.T.);
#1802 = LINE('',#1803,#1804);
#1803 = CARTESIAN_POINT('',(189.44322950885,195.80000000223,
    119.29380132481));
#1804 = VECTOR('',#1805,1.);
#1805 = DIRECTION('',(0.866025403784,-1.1347E-13,-0.5));
#1806 = PLANE('',#1807);
#1807 = AXIS2_PLACEMENT_3D('',#1808,#1809,#1810);
#1808 = CARTESIAN_POINT('',(189.54322950885,196.00000000223,
    119.46700640557));
#1809 = DIRECTION('',(0.353553390593,-0.707106781187,0.612372435696));
#1810 = DIRECTION('',(-0.866025403784,1.138256155997E-13,0.5));
#1811 = ADVANCED_FACE('',(#1812),#1831,.F.);
#1812 = FACE_BOUND('',#1813,.T.);
#1813 = EDGE_LOOP('',(#1814,#1822,#1823,#1824));
#1814 = ORIENTED_EDGE('',*,*,#1815,.F.);
#1815 = EDGE_CURVE('',#443,#1816,#1818,.T.);
#1816 = VERTEX_POINT('',#1817);
#1817 = CARTESIAN_POINT('',(198.19322950792,195.80000000223,
    104.13835676174));
#1818 = LINE('',#1819,#1820);
#1819 = CARTESIAN_POINT('',(198.39322950792,196.00000000223,
    104.1383567617));
#1820 = VECTOR('',#1821,1.);
#1821 = DIRECTION('',(-0.707106781187,-0.707106781186,1.4551487E-10));
#1822 = ORIENTED_EDGE('',*,*,#442,.T.);
#1823 = ORIENTED_EDGE('',*,*,#1767,.T.);
#1824 = ORIENTED_EDGE('',*,*,#1825,.F.);
#1825 = EDGE_CURVE('',#1816,#1768,#1826,.T.);
#1826 = CIRCLE('',#1827,1.500000000083);
#1827 = AXIS2_PLACEMENT_3D('',#1828,#1829,#1830);
#1828 = CARTESIAN_POINT('',(196.69322950784,195.80000000223,
    104.13835676205));
#1829 = DIRECTION('',(1.3008E-13,1.,-1.64E-15));
#1830 = DIRECTION('',(1.,-1.300800000003E-13,-2.0599108E-10));
#1831 = CONICAL_SURFACE('',#1832,1.500000000083,0.785398163397);
#1832 = AXIS2_PLACEMENT_3D('',#1833,#1834,#1835);
#1833 = CARTESIAN_POINT('',(196.69322950784,195.80000000223,
    104.13835676205));
#1834 = DIRECTION('',(1.3008E-13,1.,-1.64E-15));
#1835 = DIRECTION('',(1.,-1.300800000003E-13,-2.0599108E-10));
#1836 = ADVANCED_FACE('',(#1837),#1856,.F.);
#1837 = FACE_BOUND('',#1838,.T.);
#1838 = EDGE_LOOP('',(#1839,#1840,#1841,#1849));
#1839 = ORIENTED_EDGE('',*,*,#1793,.F.);
#1840 = ORIENTED_EDGE('',*,*,#459,.T.);
#1841 = ORIENTED_EDGE('',*,*,#1842,.T.);
#1842 = EDGE_CURVE('',#452,#1843,#1845,.T.);
#1843 = VERTEX_POINT('',#1844);
#1844 = CARTESIAN_POINT('',(198.19322950982,195.80000000223,
    113.37596106437));
#1845 = LINE('',#1846,#1847);
#1846 = CARTESIAN_POINT('',(198.19322950982,195.80000000223,
    113.37596106437));
#1847 = VECTOR('',#1848,1.);
#1848 = DIRECTION('',(-0.707106781187,-0.707106781186,1.4552753E-10));
#1849 = ORIENTED_EDGE('',*,*,#1850,.F.);
#1850 = EDGE_CURVE('',#1794,#1843,#1851,.T.);
#1851 = CIRCLE('',#1852,1.500000000654);
#1852 = AXIS2_PLACEMENT_3D('',#1853,#1854,#1855);
#1853 = CARTESIAN_POINT('',(196.69322950917,195.80000000223,
    113.37596106468));
#1854 = DIRECTION('',(1.3008E-13,1.,-1.64E-15));
#1855 = DIRECTION('',(0.5,-6.36197183378E-14,0.866025403784));
#1856 = CONICAL_SURFACE('',#1857,1.500000000654,0.785398163397);
#1857 = AXIS2_PLACEMENT_3D('',#1858,#1859,#1860);
#1858 = CARTESIAN_POINT('',(196.69322950917,195.80000000223,
    113.37596106468));
#1859 = DIRECTION('',(1.3008E-13,1.,-1.64E-15));
#1860 = DIRECTION('',(0.5,-6.36197183378E-14,0.866025403784));
#1861 = ADVANCED_FACE('',(#1862),#1873,.F.);
#1862 = FACE_BOUND('',#1863,.T.);
#1863 = EDGE_LOOP('',(#1864,#1865,#1866,#1867));
#1864 = ORIENTED_EDGE('',*,*,#1842,.F.);
#1865 = ORIENTED_EDGE('',*,*,#451,.T.);
#1866 = ORIENTED_EDGE('',*,*,#1815,.T.);
#1867 = ORIENTED_EDGE('',*,*,#1868,.F.);
#1868 = EDGE_CURVE('',#1843,#1816,#1869,.T.);
#1869 = LINE('',#1870,#1871);
#1870 = CARTESIAN_POINT('',(198.19322950982,195.80000000223,
    113.37596106437));
#1871 = VECTOR('',#1872,1.);
#1872 = DIRECTION('',(-2.0578746E-10,-1.64E-15,-1.));
#1873 = PLANE('',#1874);
#1874 = AXIS2_PLACEMENT_3D('',#1875,#1876,#1877);
#1875 = CARTESIAN_POINT('',(198.39322950982,196.00000000223,
    113.37596106433));
#1876 = DIRECTION('',(0.707106781186,-0.707106781187,-1.4551366E-10));
#1877 = DIRECTION('',(2.057882457413E-10,8.542587117115E-16,1.));
#1878 = ADVANCED_FACE('',(#1879),#1898,.F.);
#1879 = FACE_BOUND('',#1880,.F.);
#1880 = EDGE_LOOP('',(#1881,#1889,#1896,#1897));
#1881 = ORIENTED_EDGE('',*,*,#1882,.T.);
#1882 = EDGE_CURVE('',#509,#1883,#1885,.T.);
#1883 = VERTEX_POINT('',#1884);
#1884 = CARTESIAN_POINT('',(202.84322950887,191.20000000223,
    108.75715891906));
#1885 = LINE('',#1886,#1887);
#1886 = CARTESIAN_POINT('',(202.84322950887,196.20000000223,
    108.75715891906));
#1887 = VECTOR('',#1888,1.);
#1888 = DIRECTION('',(-1.3008E-13,-1.,1.78E-15));
#1889 = ORIENTED_EDGE('',*,*,#1890,.T.);
#1890 = EDGE_CURVE('',#1883,#1883,#1891,.T.);
#1891 = CIRCLE('',#1892,2.35);
#1892 = AXIS2_PLACEMENT_3D('',#1893,#1894,#1895);
#1893 = CARTESIAN_POINT('',(205.19322950887,191.20000000223,
    108.75715891906));
#1894 = DIRECTION('',(1.3E-13,1.,-2.E-15));
#1895 = DIRECTION('',(-1.,1.3E-13,0.));
#1896 = ORIENTED_EDGE('',*,*,#1882,.F.);
#1897 = ORIENTED_EDGE('',*,*,#518,.F.);
#1898 = CYLINDRICAL_SURFACE('',#1899,2.35);
#1899 = AXIS2_PLACEMENT_3D('',#1900,#1901,#1902);
#1900 = CARTESIAN_POINT('',(205.19322950887,196.20000000223,
    108.75715891906));
#1901 = DIRECTION('',(1.3008E-13,1.,-1.78E-15));
#1902 = DIRECTION('',(-1.,1.3008E-13,0.));
#1903 = ADVANCED_FACE('',(#1904),#1930,.T.);
#1904 = FACE_BOUND('',#1905,.T.);
#1905 = EDGE_LOOP('',(#1906,#1914,#1922,#1928,#1929));
#1906 = ORIENTED_EDGE('',*,*,#1907,.T.);
#1907 = EDGE_CURVE('',#600,#1908,#1910,.T.);
#1908 = VERTEX_POINT('',#1909);
#1909 = CARTESIAN_POINT('',(263.49322950886,188.60000000222,
    128.55715890731));
#1910 = LINE('',#1911,#1912);
#1911 = CARTESIAN_POINT('',(263.49322950886,194.20000000222,
    128.55715890731));
#1912 = VECTOR('',#1913,1.);
#1913 = DIRECTION('',(-1.302E-13,-1.,1.25E-15));
#1914 = ORIENTED_EDGE('',*,*,#1915,.F.);
#1915 = EDGE_CURVE('',#1916,#1908,#1918,.T.);
#1916 = VERTEX_POINT('',#1917);
#1917 = CARTESIAN_POINT('',(263.49322950886,188.60000000222,
    140.55715890731));
#1918 = LINE('',#1919,#1920);
#1919 = CARTESIAN_POINT('',(263.49322950886,188.60000000222,
    126.65715890731));
#1920 = VECTOR('',#1921,1.);
#1921 = DIRECTION('',(-2.5E-16,-1.25E-15,-1.));
#1922 = ORIENTED_EDGE('',*,*,#1923,.F.);
#1923 = EDGE_CURVE('',#543,#1916,#1924,.T.);
#1924 = LINE('',#1925,#1926);
#1925 = CARTESIAN_POINT('',(263.49322950886,196.20000000222,
    140.55715890731));
#1926 = VECTOR('',#1927,1.);
#1927 = DIRECTION('',(-1.302E-13,-1.,1.25E-15));
#1928 = ORIENTED_EDGE('',*,*,#542,.T.);
#1929 = ORIENTED_EDGE('',*,*,#607,.T.);
#1930 = PLANE('',#1931);
#1931 = AXIS2_PLACEMENT_3D('',#1932,#1933,#1934);
#1932 = CARTESIAN_POINT('',(263.49322950886,196.20000000222,
    144.55715890731));
#1933 = DIRECTION('',(-1.,1.302E-13,2.5E-16));
#1934 = DIRECTION('',(-2.500000000002E-16,-1.39E-15,-1.));
#1935 = ADVANCED_FACE('',(#1936),#1955,.T.);
#1936 = FACE_BOUND('',#1937,.T.);
#1937 = EDGE_LOOP('',(#1938,#1947,#1953,#1954));
#1938 = ORIENTED_EDGE('',*,*,#1939,.F.);
#1939 = EDGE_CURVE('',#1940,#1916,#1942,.T.);
#1940 = VERTEX_POINT('',#1941);
#1941 = CARTESIAN_POINT('',(267.49322950886,188.60000000222,
    144.55715890731));
#1942 = CIRCLE('',#1943,4.);
#1943 = AXIS2_PLACEMENT_3D('',#1944,#1945,#1946);
#1944 = CARTESIAN_POINT('',(267.49322950886,188.60000000222,
    140.55715890731));
#1945 = DIRECTION('',(-1.2879E-13,-1.,1.25E-15));
#1946 = DIRECTION('',(-0.707106781187,9.19521658255E-14,0.707106781187)
  );
#1947 = ORIENTED_EDGE('',*,*,#1948,.T.);
#1948 = EDGE_CURVE('',#1940,#567,#1949,.T.);
#1949 = LINE('',#1950,#1951);
#1950 = CARTESIAN_POINT('',(267.49322950886,196.20000000222,
    144.55715890731));
#1951 = VECTOR('',#1952,1.);
#1952 = DIRECTION('',(1.302E-13,1.,-1.25E-15));
#1953 = ORIENTED_EDGE('',*,*,#566,.F.);
#1954 = ORIENTED_EDGE('',*,*,#1923,.T.);
#1955 = CYLINDRICAL_SURFACE('',#1956,4.);
#1956 = AXIS2_PLACEMENT_3D('',#1957,#1958,#1959);
#1957 = CARTESIAN_POINT('',(267.49322950886,196.20000000222,
    140.55715890731));
#1958 = DIRECTION('',(-1.302E-13,-1.,1.25E-15));
#1959 = DIRECTION('',(-0.707106781187,9.294918638697E-14,0.707106781187)
  );
#1960 = ADVANCED_FACE('',(#1961),#1987,.T.);
#1961 = FACE_BOUND('',#1962,.T.);
#1962 = EDGE_LOOP('',(#1963,#1971,#1972,#1973,#1981));
#1963 = ORIENTED_EDGE('',*,*,#1964,.T.);
#1964 = EDGE_CURVE('',#1965,#590,#1967,.T.);
#1965 = VERTEX_POINT('',#1966);
#1966 = CARTESIAN_POINT('',(157.09322950886,188.60000000223,
    128.55715890731));
#1967 = LINE('',#1968,#1969);
#1968 = CARTESIAN_POINT('',(157.09322950886,194.20000000223,
    128.55715890731));
#1969 = VECTOR('',#1970,1.);
#1970 = DIRECTION('',(1.302E-13,1.,-1.25E-15));
#1971 = ORIENTED_EDGE('',*,*,#589,.T.);
#1972 = ORIENTED_EDGE('',*,*,#662,.F.);
#1973 = ORIENTED_EDGE('',*,*,#1974,.F.);
#1974 = EDGE_CURVE('',#1975,#655,#1977,.T.);
#1975 = VERTEX_POINT('',#1976);
#1976 = CARTESIAN_POINT('',(157.09322950886,188.60000000223,
    140.55715890731));
#1977 = LINE('',#1978,#1979);
#1978 = CARTESIAN_POINT('',(157.09322950886,196.20000000223,
    140.55715890731));
#1979 = VECTOR('',#1980,1.);
#1980 = DIRECTION('',(1.302E-13,1.,-1.25E-15));
#1981 = ORIENTED_EDGE('',*,*,#1982,.F.);
#1982 = EDGE_CURVE('',#1965,#1975,#1983,.T.);
#1983 = LINE('',#1984,#1985);
#1984 = CARTESIAN_POINT('',(157.09322950886,188.60000000223,
    116.65715890731));
#1985 = VECTOR('',#1986,1.);
#1986 = DIRECTION('',(-6.4E-16,1.25E-15,1.));
#1987 = PLANE('',#1988);
#1988 = AXIS2_PLACEMENT_3D('',#1989,#1990,#1991);
#1989 = CARTESIAN_POINT('',(157.09322950886,196.20000000223,
    124.55715890731));
#1990 = DIRECTION('',(1.,-1.302E-13,6.4E-16));
#1991 = DIRECTION('',(-6.399999999998E-16,1.39E-15,1.));
#1992 = ADVANCED_FACE('',(#1993),#2020,.T.);
#1993 = FACE_BOUND('',#1994,.T.);
#1994 = EDGE_LOOP('',(#1995,#1996,#1997,#2005,#2013,#2019));
#1995 = ORIENTED_EDGE('',*,*,#599,.F.);
#1996 = ORIENTED_EDGE('',*,*,#1964,.F.);
#1997 = ORIENTED_EDGE('',*,*,#1998,.T.);
#1998 = EDGE_CURVE('',#1965,#1999,#2001,.T.);
#1999 = VERTEX_POINT('',#2000);
#2000 = CARTESIAN_POINT('',(156.69322950886,188.20000000223,
    128.55715890731));
#2001 = LINE('',#2002,#2003);
#2002 = CARTESIAN_POINT('',(157.89322950886,189.40000000223,
    128.55715890731));
#2003 = VECTOR('',#2004,1.);
#2004 = DIRECTION('',(-0.707106781186,-0.707106781187,7.4E-16));
#2005 = ORIENTED_EDGE('',*,*,#2006,.T.);
#2006 = EDGE_CURVE('',#1999,#2007,#2009,.T.);
#2007 = VERTEX_POINT('',#2008);
#2008 = CARTESIAN_POINT('',(263.89322950886,188.20000000222,
    128.55715890731));
#2009 = LINE('',#2010,#2011);
#2010 = CARTESIAN_POINT('',(236.89322950886,188.20000000222,
    128.55715890731));
#2011 = VECTOR('',#2012,1.);
#2012 = DIRECTION('',(1.,-1.2879E-13,3.6E-16));
#2013 = ORIENTED_EDGE('',*,*,#2014,.T.);
#2014 = EDGE_CURVE('',#2007,#1908,#2015,.T.);
#2015 = LINE('',#2016,#2017);
#2016 = CARTESIAN_POINT('',(236.09322950887,216.00000000222,
    128.55715890731));
#2017 = VECTOR('',#2018,1.);
#2018 = DIRECTION('',(-0.707106781186,0.707106781187,-1.02E-15));
#2019 = ORIENTED_EDGE('',*,*,#1907,.F.);
#2020 = PLANE('',#2021);
#2021 = AXIS2_PLACEMENT_3D('',#2022,#2023,#2024);
#2022 = CARTESIAN_POINT('',(157.09322950886,192.20000000223,
    128.55715890731));
#2023 = DIRECTION('',(-2.E-16,1.25E-15,1.));
#2024 = DIRECTION('',(1.,-1.3053E-13,2.000000000002E-16));
#2025 = ADVANCED_FACE('',(#2026),#2044,.T.);
#2026 = FACE_BOUND('',#2027,.T.);
#2027 = EDGE_LOOP('',(#2028,#2036,#2042,#2043));
#2028 = ORIENTED_EDGE('',*,*,#2029,.F.);
#2029 = EDGE_CURVE('',#2030,#1940,#2032,.T.);
#2030 = VERTEX_POINT('',#2031);
#2031 = CARTESIAN_POINT('',(279.49322950886,188.60000000222,
    144.55715890731));
#2032 = LINE('',#2033,#2034);
#2033 = CARTESIAN_POINT('',(282.09322950886,188.60000000222,
    144.55715890731));
#2034 = VECTOR('',#2035,1.);
#2035 = DIRECTION('',(-1.,1.2879E-13,-2.E-16));
#2036 = ORIENTED_EDGE('',*,*,#2037,.F.);
#2037 = EDGE_CURVE('',#632,#2030,#2038,.T.);
#2038 = LINE('',#2039,#2040);
#2039 = CARTESIAN_POINT('',(279.49322950886,194.20000000222,
    144.55715890731));
#2040 = VECTOR('',#2041,1.);
#2041 = DIRECTION('',(-1.2879E-13,-1.,1.25E-15));
#2042 = ORIENTED_EDGE('',*,*,#631,.F.);
#2043 = ORIENTED_EDGE('',*,*,#1948,.F.);
#2044 = PLANE('',#2045);
#2045 = AXIS2_PLACEMENT_3D('',#2046,#2047,#2048);
#2046 = CARTESIAN_POINT('',(283.49322950886,196.20000000222,
    144.55715890731));
#2047 = DIRECTION('',(-2.E-16,1.25E-15,1.));
#2048 = DIRECTION('',(-1.,1.3053E-13,-2.000000000002E-16));
#2049 = ADVANCED_FACE('',(#2050),#2069,.T.);
#2050 = FACE_BOUND('',#2051,.T.);
#2051 = EDGE_LOOP('',(#2052,#2061,#2067,#2068));
#2052 = ORIENTED_EDGE('',*,*,#2053,.F.);
#2053 = EDGE_CURVE('',#2054,#2030,#2056,.T.);
#2054 = VERTEX_POINT('',#2055);
#2055 = CARTESIAN_POINT('',(283.49322950886,188.60000000222,
    140.55715890731));
#2056 = CIRCLE('',#2057,4.);
#2057 = AXIS2_PLACEMENT_3D('',#2058,#2059,#2060);
#2058 = CARTESIAN_POINT('',(279.49322950886,188.60000000222,
    140.55715890731));
#2059 = DIRECTION('',(-1.2879E-13,-1.,1.25E-15));
#2060 = DIRECTION('',(0.707106781187,-9.018439887253E-14,0.707106781187)
  );
#2061 = ORIENTED_EDGE('',*,*,#2062,.T.);
#2062 = EDGE_CURVE('',#2054,#680,#2063,.T.);
#2063 = LINE('',#2064,#2065);
#2064 = CARTESIAN_POINT('',(283.49322950886,194.20000000222,
    140.55715890731));
#2065 = VECTOR('',#2066,1.);
#2066 = DIRECTION('',(1.2879E-13,1.,-1.25E-15));
#2067 = ORIENTED_EDGE('',*,*,#679,.F.);
#2068 = ORIENTED_EDGE('',*,*,#2037,.T.);
#2069 = CYLINDRICAL_SURFACE('',#2070,4.);
#2070 = AXIS2_PLACEMENT_3D('',#2071,#2072,#2073);
#2071 = CARTESIAN_POINT('',(279.49322950886,194.20000000222,
    140.55715890731));
#2072 = DIRECTION('',(-1.2879E-13,-1.,1.25E-15));
#2073 = DIRECTION('',(0.707106781187,-9.018439887253E-14,0.707106781187)
  );
#2074 = ADVANCED_FACE('',(#2075),#2094,.T.);
#2075 = FACE_BOUND('',#2076,.T.);
#2076 = EDGE_LOOP('',(#2077,#2086,#2087,#2088));
#2077 = ORIENTED_EDGE('',*,*,#2078,.F.);
#2078 = EDGE_CURVE('',#1975,#2079,#2081,.T.);
#2079 = VERTEX_POINT('',#2080);
#2080 = CARTESIAN_POINT('',(153.09322950886,188.60000000223,
    144.55715890731));
#2081 = CIRCLE('',#2082,4.);
#2082 = AXIS2_PLACEMENT_3D('',#2083,#2084,#2085);
#2083 = CARTESIAN_POINT('',(153.09322950886,188.60000000223,
    140.55715890731));
#2084 = DIRECTION('',(-1.2879E-13,-1.,1.25E-15));
#2085 = DIRECTION('',(0.707106781187,-9.018439887253E-14,0.707106781187)
  );
#2086 = ORIENTED_EDGE('',*,*,#1974,.T.);
#2087 = ORIENTED_EDGE('',*,*,#711,.F.);
#2088 = ORIENTED_EDGE('',*,*,#2089,.T.);
#2089 = EDGE_CURVE('',#704,#2079,#2090,.T.);
#2090 = LINE('',#2091,#2092);
#2091 = CARTESIAN_POINT('',(153.09322950886,196.20000000223,
    144.55715890731));
#2092 = VECTOR('',#2093,1.);
#2093 = DIRECTION('',(-1.302E-13,-1.,1.25E-15));
#2094 = CYLINDRICAL_SURFACE('',#2095,4.);
#2095 = AXIS2_PLACEMENT_3D('',#2096,#2097,#2098);
#2096 = CARTESIAN_POINT('',(153.09322950886,196.20000000223,
    140.55715890731));
#2097 = DIRECTION('',(-1.302E-13,-1.,1.25E-15));
#2098 = DIRECTION('',(0.707106781187,-9.118141943401E-14,0.707106781187)
  );
#2099 = ADVANCED_FACE('',(#2100),#2134,.T.);
#2100 = FACE_BOUND('',#2101,.T.);
#2101 = EDGE_LOOP('',(#2102,#2110,#2118,#2126,#2132,#2133));
#2102 = ORIENTED_EDGE('',*,*,#2103,.F.);
#2103 = EDGE_CURVE('',#2104,#2054,#2106,.T.);
#2104 = VERTEX_POINT('',#2105);
#2105 = CARTESIAN_POINT('',(283.49322950886,188.60000000222,
    94.957158907316));
#2106 = LINE('',#2107,#2108);
#2107 = CARTESIAN_POINT('',(283.49322950886,188.60000000222,
    100.85715890731));
#2108 = VECTOR('',#2109,1.);
#2109 = DIRECTION('',(3.6E-16,1.25E-15,1.));
#2110 = ORIENTED_EDGE('',*,*,#2111,.F.);
#2111 = EDGE_CURVE('',#2112,#2104,#2114,.T.);
#2112 = VERTEX_POINT('',#2113);
#2113 = CARTESIAN_POINT('',(283.49322950886,194.20000000222,
    94.957158907316));
#2114 = LINE('',#2115,#2116);
#2115 = CARTESIAN_POINT('',(283.49322950886,192.20000000222,
    94.957158907316));
#2116 = VECTOR('',#2117,1.);
#2117 = DIRECTION('',(-1.2879E-13,-1.,1.25E-15));
#2118 = ORIENTED_EDGE('',*,*,#2119,.T.);
#2119 = EDGE_CURVE('',#2112,#2120,#2122,.T.);
#2120 = VERTEX_POINT('',#2121);
#2121 = CARTESIAN_POINT('',(283.49322950886,194.20000000222,
    128.55715890731));
#2122 = LINE('',#2123,#2124);
#2123 = CARTESIAN_POINT('',(283.49322950886,194.20000000222,
    128.55715890731));
#2124 = VECTOR('',#2125,1.);
#2125 = DIRECTION('',(-7.E-16,1.25E-15,1.));
#2126 = ORIENTED_EDGE('',*,*,#2127,.T.);
#2127 = EDGE_CURVE('',#2120,#730,#2128,.T.);
#2128 = LINE('',#2129,#2130);
#2129 = CARTESIAN_POINT('',(283.49322950886,192.20000000222,
    128.55715890731));
#2130 = VECTOR('',#2131,1.);
#2131 = DIRECTION('',(1.2879E-13,1.,-1.25E-15));
#2132 = ORIENTED_EDGE('',*,*,#729,.F.);
#2133 = ORIENTED_EDGE('',*,*,#2062,.F.);
#2134 = PLANE('',#2135);
#2135 = AXIS2_PLACEMENT_3D('',#2136,#2137,#2138);
#2136 = CARTESIAN_POINT('',(283.49322950886,192.20000000222,
    92.957158907316));
#2137 = DIRECTION('',(1.,-1.2879E-13,-3.6E-16));
#2138 = DIRECTION('',(3.600000000002E-16,1.39E-15,1.));
#2139 = ADVANCED_FACE('',(#2140),#2158,.T.);
#2140 = FACE_BOUND('',#2141,.T.);
#2141 = EDGE_LOOP('',(#2142,#2150,#2151,#2152));
#2142 = ORIENTED_EDGE('',*,*,#2143,.F.);
#2143 = EDGE_CURVE('',#2079,#2144,#2146,.T.);
#2144 = VERTEX_POINT('',#2145);
#2145 = CARTESIAN_POINT('',(141.09322950886,188.60000000223,
    144.55715890731));
#2146 = LINE('',#2147,#2148);
#2147 = CARTESIAN_POINT('',(218.89322950886,188.60000000222,
    144.55715890731));
#2148 = VECTOR('',#2149,1.);
#2149 = DIRECTION('',(-1.,1.2879E-13,-2.E-16));
#2150 = ORIENTED_EDGE('',*,*,#2089,.F.);
#2151 = ORIENTED_EDGE('',*,*,#760,.F.);
#2152 = ORIENTED_EDGE('',*,*,#2153,.F.);
#2153 = EDGE_CURVE('',#2144,#753,#2154,.T.);
#2154 = LINE('',#2155,#2156);
#2155 = CARTESIAN_POINT('',(141.09322950886,194.20000000223,
    144.55715890731));
#2156 = VECTOR('',#2157,1.);
#2157 = DIRECTION('',(1.3101E-13,1.,-1.25E-15));
#2158 = PLANE('',#2159);
#2159 = AXIS2_PLACEMENT_3D('',#2160,#2161,#2162);
#2160 = CARTESIAN_POINT('',(157.09322950886,196.20000000223,
    144.55715890731));
#2161 = DIRECTION('',(-2.E-16,1.25E-15,1.));
#2162 = DIRECTION('',(-1.,1.3053E-13,-2.000000000002E-16));
#2163 = ADVANCED_FACE('',(#2164),#2182,.T.);
#2164 = FACE_BOUND('',#2165,.T.);
#2165 = EDGE_LOOP('',(#2166,#2174,#2175,#2176));
#2166 = ORIENTED_EDGE('',*,*,#2167,.F.);
#2167 = EDGE_CURVE('',#778,#2168,#2170,.T.);
#2168 = VERTEX_POINT('',#2169);
#2169 = CARTESIAN_POINT('',(286.49322950886,194.20000000222,
    128.55715890731));
#2170 = LINE('',#2171,#2172);
#2171 = CARTESIAN_POINT('',(286.49322950886,192.20000000222,
    128.55715890731));
#2172 = VECTOR('',#2173,1.);
#2173 = DIRECTION('',(-1.2919E-13,-1.,1.25E-15));
#2174 = ORIENTED_EDGE('',*,*,#777,.F.);
#2175 = ORIENTED_EDGE('',*,*,#2127,.F.);
#2176 = ORIENTED_EDGE('',*,*,#2177,.T.);
#2177 = EDGE_CURVE('',#2120,#2168,#2178,.T.);
#2178 = LINE('',#2179,#2180);
#2179 = CARTESIAN_POINT('',(246.89322950886,194.20000000222,
    128.55715890731));
#2180 = VECTOR('',#2181,1.);
#2181 = DIRECTION('',(1.,0.,2.E-16));
#2182 = PLANE('',#2183);
#2183 = AXIS2_PLACEMENT_3D('',#2184,#2185,#2186);
#2184 = CARTESIAN_POINT('',(283.49322950886,192.20000000222,
    128.55715890731));
#2185 = DIRECTION('',(-2.E-16,1.25E-15,1.));
#2186 = DIRECTION('',(1.,-1.3053E-13,2.000000000002E-16));
#2187 = ADVANCED_FACE('',(#2188),#2207,.T.);
#2188 = FACE_BOUND('',#2189,.T.);
#2189 = EDGE_LOOP('',(#2190,#2199,#2200,#2201));
#2190 = ORIENTED_EDGE('',*,*,#2191,.F.);
#2191 = EDGE_CURVE('',#2144,#2192,#2194,.T.);
#2192 = VERTEX_POINT('',#2193);
#2193 = CARTESIAN_POINT('',(137.09322950886,188.60000000224,
    140.55715890731));
#2194 = CIRCLE('',#2195,4.);
#2195 = AXIS2_PLACEMENT_3D('',#2196,#2197,#2198);
#2196 = CARTESIAN_POINT('',(141.09322950886,188.60000000223,
    140.55715890731));
#2197 = DIRECTION('',(-1.2879E-13,-1.,1.25E-15));
#2198 = DIRECTION('',(-0.707106781187,9.19521658255E-14,0.707106781187)
  );
#2199 = ORIENTED_EDGE('',*,*,#2153,.T.);
#2200 = ORIENTED_EDGE('',*,*,#808,.F.);
#2201 = ORIENTED_EDGE('',*,*,#2202,.T.);
#2202 = EDGE_CURVE('',#801,#2192,#2203,.T.);
#2203 = LINE('',#2204,#2205);
#2204 = CARTESIAN_POINT('',(137.09322950886,194.20000000223,
    140.55715890731));
#2205 = VECTOR('',#2206,1.);
#2206 = DIRECTION('',(-1.3101E-13,-1.,1.25E-15));
#2207 = CYLINDRICAL_SURFACE('',#2208,4.);
#2208 = AXIS2_PLACEMENT_3D('',#2209,#2210,#2211);
#2209 = CARTESIAN_POINT('',(141.09322950886,194.20000000223,
    140.55715890731));
#2210 = DIRECTION('',(-1.3101E-13,-1.,1.25E-15));
#2211 = DIRECTION('',(-0.707106781187,9.352194287973E-14,0.707106781187)
  );
#2212 = ADVANCED_FACE('',(#2213),#2232,.T.);
#2213 = FACE_BOUND('',#2214,.T.);
#2214 = EDGE_LOOP('',(#2215,#2216,#2217,#2226));
#2215 = ORIENTED_EDGE('',*,*,#826,.F.);
#2216 = ORIENTED_EDGE('',*,*,#2167,.T.);
#2217 = ORIENTED_EDGE('',*,*,#2218,.T.);
#2218 = EDGE_CURVE('',#2168,#2219,#2221,.T.);
#2219 = VERTEX_POINT('',#2220);
#2220 = CARTESIAN_POINT('',(289.49322950886,194.20000000222,
    125.55715890731));
#2221 = CIRCLE('',#2222,3.);
#2222 = AXIS2_PLACEMENT_3D('',#2223,#2224,#2225);
#2223 = CARTESIAN_POINT('',(286.49322950886,194.20000000221,
    125.55715890731));
#2224 = DIRECTION('',(0.,1.,-1.25E-15));
#2225 = DIRECTION('',(0.707106781187,8.838834764832E-16,0.707106781187)
  );
#2226 = ORIENTED_EDGE('',*,*,#2227,.T.);
#2227 = EDGE_CURVE('',#2219,#827,#2228,.T.);
#2228 = LINE('',#2229,#2230);
#2229 = CARTESIAN_POINT('',(289.49322950886,192.20000000221,
    125.55715890731));
#2230 = VECTOR('',#2231,1.);
#2231 = DIRECTION('',(1.2919E-13,1.,-1.25E-15));
#2232 = CYLINDRICAL_SURFACE('',#2233,3.);
#2233 = AXIS2_PLACEMENT_3D('',#2234,#2235,#2236);
#2234 = CARTESIAN_POINT('',(286.49322950886,192.20000000222,
    125.55715890731));
#2235 = DIRECTION('',(1.2919E-13,1.,-1.25E-15));
#2236 = DIRECTION('',(0.707106781187,-9.046724158501E-14,0.707106781187)
  );
#2237 = ADVANCED_FACE('',(#2238),#2272,.T.);
#2238 = FACE_BOUND('',#2239,.T.);
#2239 = EDGE_LOOP('',(#2240,#2248,#2249,#2250,#2258,#2266));
#2240 = ORIENTED_EDGE('',*,*,#2241,.F.);
#2241 = EDGE_CURVE('',#2192,#2242,#2244,.T.);
#2242 = VERTEX_POINT('',#2243);
#2243 = CARTESIAN_POINT('',(137.09322950886,188.60000000223,
    94.957158907314));
#2244 = LINE('',#2245,#2246);
#2245 = CARTESIAN_POINT('',(137.09322950886,188.60000000223,
    116.65715890731));
#2246 = VECTOR('',#2247,1.);
#2247 = DIRECTION('',(1.88E-15,-1.25E-15,-1.));
#2248 = ORIENTED_EDGE('',*,*,#2202,.F.);
#2249 = ORIENTED_EDGE('',*,*,#858,.F.);
#2250 = ORIENTED_EDGE('',*,*,#2251,.T.);
#2251 = EDGE_CURVE('',#851,#2252,#2254,.T.);
#2252 = VERTEX_POINT('',#2253);
#2253 = CARTESIAN_POINT('',(137.09322950886,194.20000000222,
    128.55715890731));
#2254 = LINE('',#2255,#2256);
#2255 = CARTESIAN_POINT('',(137.09322950886,192.20000000223,
    128.55715890731));
#2256 = VECTOR('',#2257,1.);
#2257 = DIRECTION('',(-1.3101E-13,-1.,1.25E-15));
#2258 = ORIENTED_EDGE('',*,*,#2259,.T.);
#2259 = EDGE_CURVE('',#2252,#2260,#2262,.T.);
#2260 = VERTEX_POINT('',#2261);
#2261 = CARTESIAN_POINT('',(137.09322950886,194.20000000222,
    94.957158907314));
#2262 = LINE('',#2263,#2264);
#2263 = CARTESIAN_POINT('',(137.09322950886,194.20000000222,
    92.957158907316));
#2264 = VECTOR('',#2265,1.);
#2265 = DIRECTION('',(1.2E-15,-1.25E-15,-1.));
#2266 = ORIENTED_EDGE('',*,*,#2267,.F.);
#2267 = EDGE_CURVE('',#2242,#2260,#2268,.T.);
#2268 = LINE('',#2269,#2270);
#2269 = CARTESIAN_POINT('',(137.09322950886,192.20000000223,
    94.957158907314));
#2270 = VECTOR('',#2271,1.);
#2271 = DIRECTION('',(1.3101E-13,1.,-1.25E-15));
#2272 = PLANE('',#2273);
#2273 = AXIS2_PLACEMENT_3D('',#2274,#2275,#2276);
#2274 = CARTESIAN_POINT('',(137.09322950886,192.20000000223,
    124.55715890731));
#2275 = DIRECTION('',(-1.,1.3101E-13,-1.88E-15));
#2276 = DIRECTION('',(1.88E-15,-1.39E-15,-1.));
#2277 = ADVANCED_FACE('',(#2278),#2296,.T.);
#2278 = FACE_BOUND('',#2279,.T.);
#2279 = EDGE_LOOP('',(#2280,#2288,#2289,#2290));
#2280 = ORIENTED_EDGE('',*,*,#2281,.F.);
#2281 = EDGE_CURVE('',#876,#2282,#2284,.T.);
#2282 = VERTEX_POINT('',#2283);
#2283 = CARTESIAN_POINT('',(289.49322950886,194.20000000222,
    85.957158907316));
#2284 = LINE('',#2285,#2286);
#2285 = CARTESIAN_POINT('',(289.49322950886,192.20000000221,
    85.957158907316));
#2286 = VECTOR('',#2287,1.);
#2287 = DIRECTION('',(-1.2919E-13,-1.,1.25E-15));
#2288 = ORIENTED_EDGE('',*,*,#875,.F.);
#2289 = ORIENTED_EDGE('',*,*,#2227,.F.);
#2290 = ORIENTED_EDGE('',*,*,#2291,.T.);
#2291 = EDGE_CURVE('',#2219,#2282,#2292,.T.);
#2292 = LINE('',#2293,#2294);
#2293 = CARTESIAN_POINT('',(289.49322950886,194.20000000222,
    117.15715890731));
#2294 = VECTOR('',#2295,1.);
#2295 = DIRECTION('',(2.E-16,-1.25E-15,-1.));
#2296 = PLANE('',#2297);
#2297 = AXIS2_PLACEMENT_3D('',#2298,#2299,#2300);
#2298 = CARTESIAN_POINT('',(289.49322950886,192.20000000221,
    128.55715890731));
#2299 = DIRECTION('',(1.,-1.2919E-13,2.E-16));
#2300 = DIRECTION('',(1.999999999998E-16,-1.39E-15,-1.));
#2301 = ADVANCED_FACE('',(#2302),#2320,.T.);
#2302 = FACE_BOUND('',#2303,.T.);
#2303 = EDGE_LOOP('',(#2304,#2312,#2318,#2319));
#2304 = ORIENTED_EDGE('',*,*,#2305,.F.);
#2305 = EDGE_CURVE('',#2306,#899,#2308,.T.);
#2306 = VERTEX_POINT('',#2307);
#2307 = CARTESIAN_POINT('',(134.09322950886,194.20000000222,
    128.55715890731));
#2308 = LINE('',#2309,#2310);
#2309 = CARTESIAN_POINT('',(134.09322950886,192.20000000224,
    128.55715890731));
#2310 = VECTOR('',#2311,1.);
#2311 = DIRECTION('',(1.2919E-13,1.,-1.25E-15));
#2312 = ORIENTED_EDGE('',*,*,#2313,.T.);
#2313 = EDGE_CURVE('',#2306,#2252,#2314,.T.);
#2314 = LINE('',#2315,#2316);
#2315 = CARTESIAN_POINT('',(170.69322950886,194.20000000222,
    128.55715890731));
#2316 = VECTOR('',#2317,1.);
#2317 = DIRECTION('',(1.,0.,2.E-16));
#2318 = ORIENTED_EDGE('',*,*,#2251,.F.);
#2319 = ORIENTED_EDGE('',*,*,#906,.F.);
#2320 = PLANE('',#2321);
#2321 = AXIS2_PLACEMENT_3D('',#2322,#2323,#2324);
#2322 = CARTESIAN_POINT('',(131.09322950886,192.20000000224,
    128.55715890731));
#2323 = DIRECTION('',(-2.E-16,1.25E-15,1.));
#2324 = DIRECTION('',(1.,-1.3053E-13,2.000000000002E-16));
#2325 = ADVANCED_FACE('',(#2326),#2345,.T.);
#2326 = FACE_BOUND('',#2327,.T.);
#2327 = EDGE_LOOP('',(#2328,#2329,#2330,#2339));
#2328 = ORIENTED_EDGE('',*,*,#923,.F.);
#2329 = ORIENTED_EDGE('',*,*,#2281,.T.);
#2330 = ORIENTED_EDGE('',*,*,#2331,.T.);
#2331 = EDGE_CURVE('',#2282,#2332,#2334,.T.);
#2332 = VERTEX_POINT('',#2333);
#2333 = CARTESIAN_POINT('',(286.49322950886,194.20000000222,
    82.957158907316));
#2334 = CIRCLE('',#2335,3.);
#2335 = AXIS2_PLACEMENT_3D('',#2336,#2337,#2338);
#2336 = CARTESIAN_POINT('',(286.49322950886,194.20000000221,
    85.957158907316));
#2337 = DIRECTION('',(0.,1.,-1.25E-15));
#2338 = DIRECTION('',(0.707106781187,-8.838834764832E-16,-0.707106781187
    ));
#2339 = ORIENTED_EDGE('',*,*,#2340,.T.);
#2340 = EDGE_CURVE('',#2332,#924,#2341,.T.);
#2341 = LINE('',#2342,#2343);
#2342 = CARTESIAN_POINT('',(286.49322950886,192.20000000222,
    82.957158907316));
#2343 = VECTOR('',#2344,1.);
#2344 = DIRECTION('',(1.2919E-13,1.,-1.25E-15));
#2345 = CYLINDRICAL_SURFACE('',#2346,3.);
#2346 = AXIS2_PLACEMENT_3D('',#2347,#2348,#2349);
#2347 = CARTESIAN_POINT('',(286.49322950886,192.20000000222,
    85.957158907316));
#2348 = DIRECTION('',(1.2919E-13,1.,-1.25E-15));
#2349 = DIRECTION('',(0.707106781187,-9.223500853797E-14,-0.707106781187
    ));
#2350 = ADVANCED_FACE('',(#2351),#2370,.T.);
#2351 = FACE_BOUND('',#2352,.T.);
#2352 = EDGE_LOOP('',(#2353,#2354,#2362,#2369));
#2353 = ORIENTED_EDGE('',*,*,#955,.F.);
#2354 = ORIENTED_EDGE('',*,*,#2355,.T.);
#2355 = EDGE_CURVE('',#948,#2356,#2358,.T.);
#2356 = VERTEX_POINT('',#2357);
#2357 = CARTESIAN_POINT('',(131.09322950886,194.20000000222,
    125.55715890731));
#2358 = LINE('',#2359,#2360);
#2359 = CARTESIAN_POINT('',(131.09322950886,192.20000000224,
    125.55715890731));
#2360 = VECTOR('',#2361,1.);
#2361 = DIRECTION('',(-1.2919E-13,-1.,1.25E-15));
#2362 = ORIENTED_EDGE('',*,*,#2363,.T.);
#2363 = EDGE_CURVE('',#2356,#2306,#2364,.T.);
#2364 = CIRCLE('',#2365,3.);
#2365 = AXIS2_PLACEMENT_3D('',#2366,#2367,#2368);
#2366 = CARTESIAN_POINT('',(134.09322950886,194.20000000223,
    125.55715890731));
#2367 = DIRECTION('',(0.,1.,-1.25E-15));
#2368 = DIRECTION('',(-0.707106781187,8.838834764832E-16,0.707106781187)
  );
#2369 = ORIENTED_EDGE('',*,*,#2305,.T.);
#2370 = CYLINDRICAL_SURFACE('',#2371,3.);
#2371 = AXIS2_PLACEMENT_3D('',#2372,#2373,#2374);
#2372 = CARTESIAN_POINT('',(134.09322950886,192.20000000224,
    125.55715890731));
#2373 = DIRECTION('',(1.2919E-13,1.,-1.25E-15));
#2374 = DIRECTION('',(-0.707106781187,9.223500853797E-14,0.707106781187)
  );
#2375 = ADVANCED_FACE('',(#2376),#2394,.T.);
#2376 = FACE_BOUND('',#2377,.T.);
#2377 = EDGE_LOOP('',(#2378,#2379,#2387,#2393));
#2378 = ORIENTED_EDGE('',*,*,#2340,.F.);
#2379 = ORIENTED_EDGE('',*,*,#2380,.T.);
#2380 = EDGE_CURVE('',#2332,#2381,#2383,.T.);
#2381 = VERTEX_POINT('',#2382);
#2382 = CARTESIAN_POINT('',(134.09322950886,194.20000000222,
    82.957158907316));
#2383 = LINE('',#2384,#2385);
#2384 = CARTESIAN_POINT('',(249.89322950886,194.20000000222,
    82.957158907316));
#2385 = VECTOR('',#2386,1.);
#2386 = DIRECTION('',(-1.,0.,-2.6E-16));
#2387 = ORIENTED_EDGE('',*,*,#2388,.F.);
#2388 = EDGE_CURVE('',#974,#2381,#2389,.T.);
#2389 = LINE('',#2390,#2391);
#2390 = CARTESIAN_POINT('',(134.09322950886,192.20000000223,
    82.957158907316));
#2391 = VECTOR('',#2392,1.);
#2392 = DIRECTION('',(-1.2919E-13,-1.,1.25E-15));
#2393 = ORIENTED_EDGE('',*,*,#973,.F.);
#2394 = PLANE('',#2395);
#2395 = AXIS2_PLACEMENT_3D('',#2396,#2397,#2398);
#2396 = CARTESIAN_POINT('',(289.49322950886,192.20000000221,
    82.957158907316));
#2397 = DIRECTION('',(2.6E-16,-1.25E-15,-1.));
#2398 = DIRECTION('',(-1.,1.3053E-13,-2.600000000002E-16));
#2399 = ADVANCED_FACE('',(#2400),#2418,.T.);
#2400 = FACE_BOUND('',#2401,.T.);
#2401 = EDGE_LOOP('',(#2402,#2410,#2416,#2417));
#2402 = ORIENTED_EDGE('',*,*,#2403,.F.);
#2403 = EDGE_CURVE('',#2404,#997,#2406,.T.);
#2404 = VERTEX_POINT('',#2405);
#2405 = CARTESIAN_POINT('',(131.09322950886,194.20000000222,
    85.957158907316));
#2406 = LINE('',#2407,#2408);
#2407 = CARTESIAN_POINT('',(131.09322950886,192.20000000224,
    85.957158907316));
#2408 = VECTOR('',#2409,1.);
#2409 = DIRECTION('',(1.2919E-13,1.,-1.25E-15));
#2410 = ORIENTED_EDGE('',*,*,#2411,.T.);
#2411 = EDGE_CURVE('',#2404,#2356,#2412,.T.);
#2412 = LINE('',#2413,#2414);
#2413 = CARTESIAN_POINT('',(131.09322950886,194.20000000222,
    94.357158907316));
#2414 = VECTOR('',#2415,1.);
#2415 = DIRECTION('',(-9.8E-16,1.25E-15,1.));
#2416 = ORIENTED_EDGE('',*,*,#2355,.F.);
#2417 = ORIENTED_EDGE('',*,*,#1004,.F.);
#2418 = PLANE('',#2419);
#2419 = AXIS2_PLACEMENT_3D('',#2420,#2421,#2422);
#2420 = CARTESIAN_POINT('',(131.09322950886,192.20000000224,
    82.957158907316));
#2421 = DIRECTION('',(-1.,1.2919E-13,-9.8E-16));
#2422 = DIRECTION('',(-9.799999999998E-16,1.39E-15,1.));
#2423 = ADVANCED_FACE('',(#2424),#2436,.T.);
#2424 = FACE_BOUND('',#2425,.T.);
#2425 = EDGE_LOOP('',(#2426,#2427,#2428,#2435));
#2426 = ORIENTED_EDGE('',*,*,#1021,.F.);
#2427 = ORIENTED_EDGE('',*,*,#2388,.T.);
#2428 = ORIENTED_EDGE('',*,*,#2429,.T.);
#2429 = EDGE_CURVE('',#2381,#2404,#2430,.T.);
#2430 = CIRCLE('',#2431,3.);
#2431 = AXIS2_PLACEMENT_3D('',#2432,#2433,#2434);
#2432 = CARTESIAN_POINT('',(134.09322950886,194.20000000223,
    85.957158907316));
#2433 = DIRECTION('',(0.,1.,-1.25E-15));
#2434 = DIRECTION('',(-0.707106781187,-8.838834764832E-16,
    -0.707106781187));
#2435 = ORIENTED_EDGE('',*,*,#2403,.T.);
#2436 = CYLINDRICAL_SURFACE('',#2437,3.);
#2437 = AXIS2_PLACEMENT_3D('',#2438,#2439,#2440);
#2438 = CARTESIAN_POINT('',(134.09322950886,192.20000000223,
    85.957158907316));
#2439 = DIRECTION('',(1.2919E-13,1.,-1.25E-15));
#2440 = DIRECTION('',(-0.707106781187,9.046724158501E-14,-0.707106781187
    ));
#2441 = ADVANCED_FACE('',(#2442),#2479,.F.);
#2442 = FACE_BOUND('',#2443,.F.);
#2443 = EDGE_LOOP('',(#2444,#2455,#2461,#2462,#2463,#2472));
#2444 = ORIENTED_EDGE('',*,*,#2445,.F.);
#2445 = EDGE_CURVE('',#2446,#2448,#2450,.T.);
#2446 = VERTEX_POINT('',#2447);
#2447 = CARTESIAN_POINT('',(138.84322950886,192.20000000223,
    108.75715890731));
#2448 = VERTEX_POINT('',#2449);
#2449 = CARTESIAN_POINT('',(142.47040922836,192.20000000223,
    106.78451804691));
#2450 = CIRCLE('',#2451,2.35);
#2451 = AXIS2_PLACEMENT_3D('',#2452,#2453,#2454);
#2452 = CARTESIAN_POINT('',(141.19322950886,192.20000000223,
    108.75715890731));
#2453 = DIRECTION('',(-1.3053E-13,-1.,1.39E-15));
#2454 = DIRECTION('',(1.,-1.3053E-13,2.E-16));
#2455 = ORIENTED_EDGE('',*,*,#2456,.T.);
#2456 = EDGE_CURVE('',#2446,#1038,#2457,.T.);
#2457 = LINE('',#2458,#2459);
#2458 = CARTESIAN_POINT('',(138.84322950886,192.20000000223,
    108.75715890731));
#2459 = VECTOR('',#2460,1.);
#2460 = DIRECTION('',(1.3101E-13,1.,-1.25E-15));
#2461 = ORIENTED_EDGE('',*,*,#1047,.F.);
#2462 = ORIENTED_EDGE('',*,*,#2456,.F.);
#2463 = ORIENTED_EDGE('',*,*,#2464,.F.);
#2464 = EDGE_CURVE('',#2465,#2446,#2467,.T.);
#2465 = VERTEX_POINT('',#2466);
#2466 = CARTESIAN_POINT('',(142.47040922836,192.20000000223,
    110.72979976771));
#2467 = CIRCLE('',#2468,2.35);
#2468 = AXIS2_PLACEMENT_3D('',#2469,#2470,#2471);
#2469 = CARTESIAN_POINT('',(141.19322950886,192.20000000223,
    108.75715890731));
#2470 = DIRECTION('',(-1.3053E-13,-1.,1.39E-15));
#2471 = DIRECTION('',(1.,-1.3053E-13,2.E-16));
#2472 = ORIENTED_EDGE('',*,*,#2473,.F.);
#2473 = EDGE_CURVE('',#2448,#2465,#2474,.T.);
#2474 = CIRCLE('',#2475,2.35);
#2475 = AXIS2_PLACEMENT_3D('',#2476,#2477,#2478);
#2476 = CARTESIAN_POINT('',(141.19322950886,192.20000000223,
    108.75715890731));
#2477 = DIRECTION('',(-1.3053E-13,-1.,1.39E-15));
#2478 = DIRECTION('',(1.,-1.3053E-13,2.E-16));
#2479 = CYLINDRICAL_SURFACE('',#2480,2.35);
#2480 = AXIS2_PLACEMENT_3D('',#2481,#2482,#2483);
#2481 = CARTESIAN_POINT('',(141.19322950886,192.20000000223,
    108.75715890731));
#2482 = DIRECTION('',(1.3101E-13,1.,-1.25E-15));
#2483 = DIRECTION('',(1.,-1.3101E-13,2.E-16));
#2484 = ADVANCED_FACE('',(#2485),#2572,.F.);
#2485 = FACE_BOUND('',#2486,.F.);
#2486 = EDGE_LOOP('',(#2487,#2495,#2504,#2512,#2521,#2529,#2538,#2546,
    #2555,#2563,#2570,#2571));
#2487 = ORIENTED_EDGE('',*,*,#2488,.T.);
#2488 = EDGE_CURVE('',#1063,#2489,#2491,.T.);
#2489 = VERTEX_POINT('',#2490);
#2490 = CARTESIAN_POINT('',(152.59322950886,191.80000000223,
    134.55715890731));
#2491 = LINE('',#2492,#2493);
#2492 = CARTESIAN_POINT('',(152.59322950886,196.20000000223,
    134.55715890731));
#2493 = VECTOR('',#2494,1.);
#2494 = DIRECTION('',(-1.3121E-13,-1.,1.25E-15));
#2495 = ORIENTED_EDGE('',*,*,#2496,.F.);
#2496 = EDGE_CURVE('',#2497,#2489,#2499,.T.);
#2497 = VERTEX_POINT('',#2498);
#2498 = CARTESIAN_POINT('',(151.85636922968,191.80000000223,
    131.80715890731));
#2499 = CIRCLE('',#2500,5.5);
#2500 = AXIS2_PLACEMENT_3D('',#2501,#2502,#2503);
#2501 = CARTESIAN_POINT('',(147.09322950886,191.80000000223,
    134.55715890731));
#2502 = DIRECTION('',(-1.3053E-13,-1.,1.39E-15));
#2503 = DIRECTION('',(-1.,1.3053E-13,-2.E-16));
#2504 = ORIENTED_EDGE('',*,*,#2505,.F.);
#2505 = EDGE_CURVE('',#2506,#2497,#2508,.T.);
#2506 = VERTEX_POINT('',#2507);
#2507 = CARTESIAN_POINT('',(151.85636922968,192.20000000223,
    131.80715890731));
#2508 = LINE('',#2509,#2510);
#2509 = CARTESIAN_POINT('',(151.85636922968,192.20000000223,
    131.80715890731));
#2510 = VECTOR('',#2511,1.);
#2511 = DIRECTION('',(-1.3323E-13,-1.,1.25E-15));
#2512 = ORIENTED_EDGE('',*,*,#2513,.T.);
#2513 = EDGE_CURVE('',#2506,#2514,#2516,.T.);
#2514 = VERTEX_POINT('',#2515);
#2515 = CARTESIAN_POINT('',(142.33008978805,192.20000000223,
    131.80715890731));
#2516 = CIRCLE('',#2517,5.5);
#2517 = AXIS2_PLACEMENT_3D('',#2518,#2519,#2520);
#2518 = CARTESIAN_POINT('',(147.09322950886,192.20000000223,
    134.55715890731));
#2519 = DIRECTION('',(1.3053E-13,1.,-1.39E-15));
#2520 = DIRECTION('',(-1.,1.3053E-13,-2.E-16));
#2521 = ORIENTED_EDGE('',*,*,#2522,.T.);
#2522 = EDGE_CURVE('',#2514,#2523,#2525,.T.);
#2523 = VERTEX_POINT('',#2524);
#2524 = CARTESIAN_POINT('',(142.33008978805,191.80000000223,
    131.80715890731));
#2525 = LINE('',#2526,#2527);
#2526 = CARTESIAN_POINT('',(142.33008978805,192.20000000223,
    131.80715890731));
#2527 = VECTOR('',#2528,1.);
#2528 = DIRECTION('',(-1.3323E-13,-1.,1.25E-15));
#2529 = ORIENTED_EDGE('',*,*,#2530,.F.);
#2530 = EDGE_CURVE('',#2531,#2523,#2533,.T.);
#2531 = VERTEX_POINT('',#2532);
#2532 = CARTESIAN_POINT('',(142.33008978805,191.80000000223,
    137.30715890731));
#2533 = CIRCLE('',#2534,5.5);
#2534 = AXIS2_PLACEMENT_3D('',#2535,#2536,#2537);
#2535 = CARTESIAN_POINT('',(147.09322950886,191.80000000223,
    134.55715890731));
#2536 = DIRECTION('',(-1.3053E-13,-1.,1.39E-15));
#2537 = DIRECTION('',(-1.,1.3053E-13,-2.E-16));
#2538 = ORIENTED_EDGE('',*,*,#2539,.F.);
#2539 = EDGE_CURVE('',#2540,#2531,#2542,.T.);
#2540 = VERTEX_POINT('',#2541);
#2541 = CARTESIAN_POINT('',(142.33008978805,192.20000000223,
    137.30715890731));
#2542 = LINE('',#2543,#2544);
#2543 = CARTESIAN_POINT('',(142.33008978805,192.20000000223,
    137.30715890731));
#2544 = VECTOR('',#2545,1.);
#2545 = DIRECTION('',(-1.3323E-13,-1.,1.25E-15));
#2546 = ORIENTED_EDGE('',*,*,#2547,.T.);
#2547 = EDGE_CURVE('',#2540,#2548,#2550,.T.);
#2548 = VERTEX_POINT('',#2549);
#2549 = CARTESIAN_POINT('',(151.85636922968,192.20000000223,
    137.30715890731));
#2550 = CIRCLE('',#2551,5.5);
#2551 = AXIS2_PLACEMENT_3D('',#2552,#2553,#2554);
#2552 = CARTESIAN_POINT('',(147.09322950886,192.20000000223,
    134.55715890731));
#2553 = DIRECTION('',(1.3053E-13,1.,-1.39E-15));
#2554 = DIRECTION('',(-1.,1.3053E-13,-2.E-16));
#2555 = ORIENTED_EDGE('',*,*,#2556,.T.);
#2556 = EDGE_CURVE('',#2548,#2557,#2559,.T.);
#2557 = VERTEX_POINT('',#2558);
#2558 = CARTESIAN_POINT('',(151.85636922968,191.80000000223,
    137.30715890731));
#2559 = LINE('',#2560,#2561);
#2560 = CARTESIAN_POINT('',(151.85636922968,192.20000000223,
    137.30715890731));
#2561 = VECTOR('',#2562,1.);
#2562 = DIRECTION('',(-1.3323E-13,-1.,1.25E-15));
#2563 = ORIENTED_EDGE('',*,*,#2564,.F.);
#2564 = EDGE_CURVE('',#2489,#2557,#2565,.T.);
#2565 = CIRCLE('',#2566,5.5);
#2566 = AXIS2_PLACEMENT_3D('',#2567,#2568,#2569);
#2567 = CARTESIAN_POINT('',(147.09322950886,191.80000000223,
    134.55715890731));
#2568 = DIRECTION('',(-1.3053E-13,-1.,1.39E-15));
#2569 = DIRECTION('',(-1.,1.3053E-13,-2.E-16));
#2570 = ORIENTED_EDGE('',*,*,#2488,.F.);
#2571 = ORIENTED_EDGE('',*,*,#1072,.F.);
#2572 = CYLINDRICAL_SURFACE('',#2573,5.5);
#2573 = AXIS2_PLACEMENT_3D('',#2574,#2575,#2576);
#2574 = CARTESIAN_POINT('',(147.09322950886,196.20000000223,
    134.55715890731));
#2575 = DIRECTION('',(-1.3121E-13,-1.,1.25E-15));
#2576 = DIRECTION('',(-1.,1.3121E-13,-2.E-16));
#2577 = ADVANCED_FACE('',(#2578),#2597,.F.);
#2578 = FACE_BOUND('',#2579,.F.);
#2579 = EDGE_LOOP('',(#2580,#2588,#2595,#2596));
#2580 = ORIENTED_EDGE('',*,*,#2581,.T.);
#2581 = EDGE_CURVE('',#1088,#2582,#2584,.T.);
#2582 = VERTEX_POINT('',#2583);
#2583 = CARTESIAN_POINT('',(251.59322950885,191.20000000222,
    108.75715894962));
#2584 = LINE('',#2585,#2586);
#2585 = CARTESIAN_POINT('',(251.59322950886,196.20000000222,
    108.75715894962));
#2586 = VECTOR('',#2587,1.);
#2587 = DIRECTION('',(-1.2967E-13,-1.,1.25E-15));
#2588 = ORIENTED_EDGE('',*,*,#2589,.F.);
#2589 = EDGE_CURVE('',#2582,#2582,#2590,.T.);
#2590 = CIRCLE('',#2591,2.3);
#2591 = AXIS2_PLACEMENT_3D('',#2592,#2593,#2594);
#2592 = CARTESIAN_POINT('',(249.29322950885,191.20000000222,
    108.75715894962));
#2593 = DIRECTION('',(-1.3053E-13,-1.,1.39E-15));
#2594 = DIRECTION('',(-1.,1.3053E-13,-2.E-16));
#2595 = ORIENTED_EDGE('',*,*,#2581,.F.);
#2596 = ORIENTED_EDGE('',*,*,#1097,.F.);
#2597 = CYLINDRICAL_SURFACE('',#2598,2.3);
#2598 = AXIS2_PLACEMENT_3D('',#2599,#2600,#2601);
#2599 = CARTESIAN_POINT('',(249.29322950886,196.20000000222,
    108.75715894962));
#2600 = DIRECTION('',(-1.2967E-13,-1.,1.25E-15));
#2601 = DIRECTION('',(-1.,1.2967E-13,-2.E-16));
#2602 = ADVANCED_FACE('',(#2603),#2737,.F.);
#2603 = FACE_BOUND('',#2604,.F.);
#2604 = EDGE_LOOP('',(#2605,#2616,#2626,#2635,#2645,#2654,#2660,#2661,
    #2662,#2663,#2672,#2682,#2691,#2701,#2710,#2720,#2729));
#2605 = ORIENTED_EDGE('',*,*,#2606,.T.);
#2606 = EDGE_CURVE('',#2607,#2609,#2611,.T.);
#2607 = VERTEX_POINT('',#2608);
#2608 = CARTESIAN_POINT('',(257.30422500797,192.34178509157,
    107.37650327708));
#2609 = VERTEX_POINT('',#2610);
#2610 = CARTESIAN_POINT('',(257.05949320562,192.54344246251,
    107.88186519982));
#2611 = B_SPLINE_CURVE_WITH_KNOTS('',3,(#2612,#2613,#2614,#2615),
  .UNSPECIFIED.,.F.,.F.,(4,4),(-8.792538227367E-02,1.1419E-13),
  .PIECEWISE_BEZIER_KNOTS.);
#2612 = CARTESIAN_POINT('',(257.30422500797,192.34178509157,
    107.37650327707));
#2613 = CARTESIAN_POINT('',(257.23631589461,192.45448211122,
    107.52895074059));
#2614 = CARTESIAN_POINT('',(257.15284274555,192.52343632074,
    107.70203470824));
#2615 = CARTESIAN_POINT('',(257.05949320562,192.54344246251,
    107.88186519982));
#2616 = ORIENTED_EDGE('',*,*,#2617,.T.);
#2617 = EDGE_CURVE('',#2609,#2618,#2620,.T.);
#2618 = VERTEX_POINT('',#2619);
#2619 = CARTESIAN_POINT('',(257.05949320575,192.54344246248,
    109.63245259599));
#2620 = B_SPLINE_CURVE_WITH_KNOTS('',3,(#2621,#2622,#2623,#2624,#2625),
  .UNSPECIFIED.,.F.,.F.,(4,1,4),(-0.266049383531,-0.152028219161,0.),
  .UNSPECIFIED.);
#2621 = CARTESIAN_POINT('',(257.05949320562,192.54344246251,
    107.88186519982));
#2622 = CARTESIAN_POINT('',(256.93843802268,192.56938631991,
    108.11506841724));
#2623 = CARTESIAN_POINT('',(256.73703620756,192.5761718091,
    108.70955770696));
#2624 = CARTESIAN_POINT('',(256.89808629512,192.57803427237,
    109.32151497278));
#2625 = CARTESIAN_POINT('',(257.05949320575,192.54344246248,
    109.63245259599));
#2626 = ORIENTED_EDGE('',*,*,#2627,.T.);
#2627 = EDGE_CURVE('',#2618,#2628,#2630,.T.);
#2628 = VERTEX_POINT('',#2629);
#2629 = CARTESIAN_POINT('',(257.3042250081,192.34178509158,
    110.1378145186));
#2630 = B_SPLINE_CURVE_WITH_KNOTS('',3,(#2631,#2632,#2633,#2634),
  .UNSPECIFIED.,.F.,.F.,(4,4),(-1.641447138587,-1.55352129728),
  .PIECEWISE_BEZIER_KNOTS.);
#2631 = CARTESIAN_POINT('',(257.05949320573,192.54344246249,
    109.63245259596));
#2632 = CARTESIAN_POINT('',(257.1528431261,192.52343623917,
    109.81228382037));
#2633 = CARTESIAN_POINT('',(257.23631555112,192.45448268142,
    109.98536628375));
#2634 = CARTESIAN_POINT('',(257.3042250081,192.34178509158,
    110.1378145186));
#2635 = ORIENTED_EDGE('',*,*,#2636,.T.);
#2636 = EDGE_CURVE('',#2628,#2637,#2639,.T.);
#2637 = VERTEX_POINT('',#2638);
#2638 = CARTESIAN_POINT('',(258.43522407375,191.36893067741,
    110.90116216292));
#2639 = B_SPLINE_CURVE_WITH_KNOTS('',3,(#2640,#2641,#2642,#2643,#2644),
  .UNSPECIFIED.,.F.,.F.,(4,1,4),(-0.25268457005,-0.108293387164,0.),
  .UNSPECIFIED.);
#2640 = CARTESIAN_POINT('',(257.3042250081,192.34178509158,
    110.1378145186));
#2641 = CARTESIAN_POINT('',(257.4157454289,192.15671392179,
    110.38816391111));
#2642 = CARTESIAN_POINT('',(257.74003757882,191.81110069626,
    110.74387564362));
#2643 = CARTESIAN_POINT('',(258.23122656595,191.50972446931,
    110.88291461692));
#2644 = CARTESIAN_POINT('',(258.43522407375,191.36893067741,
    110.90116216292));
#2645 = ORIENTED_EDGE('',*,*,#2646,.T.);
#2646 = EDGE_CURVE('',#2637,#2647,#2649,.T.);
#2647 = VERTEX_POINT('',#2648);
#2648 = CARTESIAN_POINT('',(258.56221643369,191.26898280322,
    110.90712555219));
#2649 = B_SPLINE_CURVE_WITH_KNOTS('',3,(#2650,#2651,#2652,#2653),
  .UNSPECIFIED.,.F.,.F.,(4,4),(-1.02E-15,2.361639852739E-02),
  .PIECEWISE_BEZIER_KNOTS.);
#2650 = CARTESIAN_POINT('',(258.43522407375,191.36893067741,
    110.90116216292));
#2651 = CARTESIAN_POINT('',(258.47971142952,191.33822665765,
    110.90514155012));
#2652 = CARTESIAN_POINT('',(258.52212654699,191.30483014625,
    110.9071312119));
#2653 = CARTESIAN_POINT('',(258.56221624668,191.26898252653,
    110.90712482702));
#2654 = ORIENTED_EDGE('',*,*,#2655,.T.);
#2655 = EDGE_CURVE('',#2647,#1122,#2656,.T.);
#2656 = LINE('',#2657,#2658);
#2657 = CARTESIAN_POINT('',(248.69322950886,181.40000000221,
    110.90715889779));
#2658 = VECTOR('',#2659,1.);
#2659 = DIRECTION('',(0.707106781187,0.707106781187,6.E-16));
#2660 = ORIENTED_EDGE('',*,*,#1121,.F.);
#2661 = ORIENTED_EDGE('',*,*,#1130,.F.);
#2662 = ORIENTED_EDGE('',*,*,#2655,.F.);
#2663 = ORIENTED_EDGE('',*,*,#2664,.T.);
#2664 = EDGE_CURVE('',#2647,#2665,#2667,.T.);
#2665 = VERTEX_POINT('',#2666);
#2666 = CARTESIAN_POINT('',(258.71468378089,191.10663586162,
    110.89560335195));
#2667 = B_SPLINE_CURVE_WITH_KNOTS('',3,(#2668,#2669,#2670,#2671),
  .UNSPECIFIED.,.F.,.F.,(4,4),(2.361639852739E-02,5.631312046611E-02),
  .PIECEWISE_BEZIER_KNOTS.);
#2668 = CARTESIAN_POINT('',(258.56221624668,191.26898252653,
    110.90712482702));
#2669 = CARTESIAN_POINT('',(258.61772012725,191.21935177302,
    110.90711598719));
#2670 = CARTESIAN_POINT('',(258.66876660299,191.16502268867,
    110.90328108732));
#2671 = CARTESIAN_POINT('',(258.71468378089,191.10663586162,
    110.89560335195));
#2672 = ORIENTED_EDGE('',*,*,#2673,.T.);
#2673 = EDGE_CURVE('',#2665,#2674,#2676,.T.);
#2674 = VERTEX_POINT('',#2675);
#2675 = CARTESIAN_POINT('',(259.67050861217,190.13207577655,
    110.20699716661));
#2676 = B_SPLINE_CURVE_WITH_KNOTS('',3,(#2677,#2678,#2679,#2680,#2681),
  .UNSPECIFIED.,.F.,.F.,(4,1,4),(-0.229363364949,-9.829858497803E-02,
    -9.567E-14),.UNSPECIFIED.);
#2677 = CARTESIAN_POINT('',(258.71468378089,191.10663586162,
    110.89560335195));
#2678 = CARTESIAN_POINT('',(258.89872526724,190.87261454488,
    110.8648300794));
#2679 = CARTESIAN_POINT('',(259.21785508942,190.4747946568,
    110.70179228779));
#2680 = CARTESIAN_POINT('',(259.54542380802,190.21956790571,
    110.37159429741));
#2681 = CARTESIAN_POINT('',(259.67050861217,190.13207577655,
    110.20699716661));
#2682 = ORIENTED_EDGE('',*,*,#2683,.T.);
#2683 = EDGE_CURVE('',#2674,#2684,#2686,.T.);
#2684 = VERTEX_POINT('',#2685);
#2685 = CARTESIAN_POINT('',(259.83462160593,189.94379755637,
    109.87463430929));
#2686 = B_SPLINE_CURVE_WITH_KNOTS('',3,(#2687,#2688,#2689,#2690),
  .UNSPECIFIED.,.F.,.F.,(4,4),(-1.622079021952,-1.560982741288),
  .PIECEWISE_BEZIER_KNOTS.);
#2687 = CARTESIAN_POINT('',(259.67050861217,190.13207577655,
    110.20699716661));
#2688 = CARTESIAN_POINT('',(259.74825896767,190.07769231893,
    110.10468669398));
#2689 = CARTESIAN_POINT('',(259.80371414432,190.01410259755,
    109.99226957993));
#2690 = CARTESIAN_POINT('',(259.83462160593,189.94379755637,
    109.87463430929));
#2691 = ORIENTED_EDGE('',*,*,#2692,.T.);
#2692 = EDGE_CURVE('',#2684,#2693,#2695,.T.);
#2693 = VERTEX_POINT('',#2694);
#2694 = CARTESIAN_POINT('',(259.83462160602,189.94379755616,
    107.63968348664));
#2695 = B_SPLINE_CURVE_WITH_KNOTS('',3,(#2696,#2697,#2698,#2699,#2700),
  .UNSPECIFIED.,.F.,.F.,(4,1,4),(-0.346418883405,-0.148465235745,0.),
  .UNSPECIFIED.);
#2696 = CARTESIAN_POINT('',(259.83462160593,189.94379755637,
    109.87463430929));
#2697 = CARTESIAN_POINT('',(259.93476264068,189.71600726866,
    109.49349276249));
#2698 = CARTESIAN_POINT('',(259.9452389111,189.45556300693,
    108.69223974834));
#2699 = CARTESIAN_POINT('',(259.90972738204,189.7729548404,
    107.92553964678));
#2700 = CARTESIAN_POINT('',(259.83462160602,189.94379755616,
    107.63968348664));
#2701 = ORIENTED_EDGE('',*,*,#2702,.T.);
#2702 = EDGE_CURVE('',#2693,#2703,#2705,.T.);
#2703 = VERTEX_POINT('',#2704);
#2704 = CARTESIAN_POINT('',(259.67050861222,190.13207577638,
    107.30732062912));
#2705 = B_SPLINE_CURVE_WITH_KNOTS('',3,(#2706,#2707,#2708,#2709),
  .UNSPECIFIED.,.F.,.F.,(4,4),(3.8E-16,6.109628069362E-02),
  .PIECEWISE_BEZIER_KNOTS.);
#2706 = CARTESIAN_POINT('',(259.83462160602,189.94379755616,
    107.63968348664));
#2707 = CARTESIAN_POINT('',(259.80371414442,190.01410259736,
    107.52204821593));
#2708 = CARTESIAN_POINT('',(259.74825896775,190.07769231876,
    107.40963110182));
#2709 = CARTESIAN_POINT('',(259.67050861222,190.13207577638,
    107.30732062912));
#2710 = ORIENTED_EDGE('',*,*,#2711,.T.);
#2711 = EDGE_CURVE('',#2703,#2712,#2714,.T.);
#2712 = VERTEX_POINT('',#2713);
#2713 = CARTESIAN_POINT('',(258.71468378094,191.10663586146,
    106.61871444364));
#2714 = B_SPLINE_CURVE_WITH_KNOTS('',3,(#2715,#2716,#2717,#2718,#2719),
  .UNSPECIFIED.,.F.,.F.,(4,1,4),(-0.229363817611,-9.829877897627E-02,
    -6.752E-14),.UNSPECIFIED.);
#2715 = CARTESIAN_POINT('',(259.67050861222,190.13207577638,
    107.30732062912));
#2716 = CARTESIAN_POINT('',(259.5037285442,190.24873217879,
    107.08785735491));
#2717 = CARTESIAN_POINT('',(259.16901523901,190.52643507041,
    106.77669336035));
#2718 = CARTESIAN_POINT('',(258.8527151681,190.9311195275,
    106.64179444362));
#2719 = CARTESIAN_POINT('',(258.71468378094,191.10663586146,
    106.61871444364));
#2720 = ORIENTED_EDGE('',*,*,#2721,.T.);
#2721 = EDGE_CURVE('',#2712,#2722,#2724,.T.);
#2722 = VERTEX_POINT('',#2723);
#2723 = CARTESIAN_POINT('',(258.43522407356,191.36893067746,
    106.61315563266));
#2724 = B_SPLINE_CURVE_WITH_KNOTS('',3,(#2725,#2726,#2727,#2728),
  .UNSPECIFIED.,.F.,.F.,(4,4),(-5.631312051317E-02,3.54E-15),
  .PIECEWISE_BEZIER_KNOTS.);
#2725 = CARTESIAN_POINT('',(258.71468378094,191.10663586146,
    106.61871444364));
#2726 = CARTESIAN_POINT('',(258.63560124853,191.20719470141,
    106.60549118418));
#2727 = CARTESIAN_POINT('',(258.54130383099,191.29571717868,
    106.60366681451));
#2728 = CARTESIAN_POINT('',(258.43522407356,191.36893067746,
    106.61315563266));
#2729 = ORIENTED_EDGE('',*,*,#2730,.T.);
#2730 = EDGE_CURVE('',#2722,#2607,#2731,.T.);
#2731 = B_SPLINE_CURVE_WITH_KNOTS('',3,(#2732,#2733,#2734,#2735,#2736),
  .UNSPECIFIED.,.F.,.F.,(4,1,4),(-0.252684570045,-0.108293387162,0.),
  .UNSPECIFIED.);
#2732 = CARTESIAN_POINT('',(258.43522407356,191.36893067746,
    106.61315563266));
#2733 = CARTESIAN_POINT('',(258.16322739647,191.55665573329,
    106.63748569402));
#2734 = CARTESIAN_POINT('',(257.67392780418,191.85669446913,
    106.81076993821));
#2735 = CARTESIAN_POINT('',(257.38786532355,192.20298171423,
    107.18874123269));
#2736 = CARTESIAN_POINT('',(257.30422500797,192.34178509157,
    107.37650327708));
#2737 = CYLINDRICAL_SURFACE('',#2738,2.15);
#2738 = AXIS2_PLACEMENT_3D('',#2739,#2740,#2741);
#2739 = CARTESIAN_POINT('',(248.69322950886,181.40000000221,
    108.75715889779));
#2740 = DIRECTION('',(0.707106781187,0.707106781187,6.E-16));
#2741 = DIRECTION('',(2.109264068712E-15,-1.260735931288E-15,-1.));
#2742 = ADVANCED_FACE('',(#2743),#2762,.F.);
#2743 = FACE_BOUND('',#2744,.F.);
#2744 = EDGE_LOOP('',(#2745,#2753,#2754,#2755));
#2745 = ORIENTED_EDGE('',*,*,#2746,.T.);
#2746 = EDGE_CURVE('',#2747,#1220,#2749,.T.);
#2747 = VERTEX_POINT('',#2748);
#2748 = CARTESIAN_POINT('',(277.64322950886,192.20000000222,
    108.75715890731));
#2749 = LINE('',#2750,#2751);
#2750 = CARTESIAN_POINT('',(277.64322950886,192.20000000222,
    108.75715890731));
#2751 = VECTOR('',#2752,1.);
#2752 = DIRECTION('',(1.3121E-13,1.,-1.25E-15));
#2753 = ORIENTED_EDGE('',*,*,#1229,.F.);
#2754 = ORIENTED_EDGE('',*,*,#2746,.F.);
#2755 = ORIENTED_EDGE('',*,*,#2756,.T.);
#2756 = EDGE_CURVE('',#2747,#2747,#2757,.T.);
#2757 = CIRCLE('',#2758,1.75);
#2758 = AXIS2_PLACEMENT_3D('',#2759,#2760,#2761);
#2759 = CARTESIAN_POINT('',(279.39322950886,192.20000000222,
    108.75715890731));
#2760 = DIRECTION('',(1.3053E-13,1.,-1.39E-15));
#2761 = DIRECTION('',(1.,-1.3053E-13,2.E-16));
#2762 = CYLINDRICAL_SURFACE('',#2763,1.75);
#2763 = AXIS2_PLACEMENT_3D('',#2764,#2765,#2766);
#2764 = CARTESIAN_POINT('',(279.39322950886,192.20000000222,
    108.75715890731));
#2765 = DIRECTION('',(1.3121E-13,1.,-1.25E-15));
#2766 = DIRECTION('',(1.,-1.3121E-13,2.E-16));
#2767 = ADVANCED_FACE('',(#2768),#2855,.F.);
#2768 = FACE_BOUND('',#2769,.F.);
#2769 = EDGE_LOOP('',(#2770,#2778,#2787,#2795,#2804,#2812,#2821,#2829,
    #2838,#2846,#2853,#2854));
#2770 = ORIENTED_EDGE('',*,*,#2771,.T.);
#2771 = EDGE_CURVE('',#1245,#2772,#2774,.T.);
#2772 = VERTEX_POINT('',#2773);
#2773 = CARTESIAN_POINT('',(278.99322950886,191.80000000222,
    134.55715890731));
#2774 = LINE('',#2775,#2776);
#2775 = CARTESIAN_POINT('',(278.99322950886,196.20000000222,
    134.55715890731));
#2776 = VECTOR('',#2777,1.);
#2777 = DIRECTION('',(-1.3121E-13,-1.,1.25E-15));
#2778 = ORIENTED_EDGE('',*,*,#2779,.F.);
#2779 = EDGE_CURVE('',#2780,#2772,#2782,.T.);
#2780 = VERTEX_POINT('',#2781);
#2781 = CARTESIAN_POINT('',(278.25636922968,191.80000000222,
    131.80715890731));
#2782 = CIRCLE('',#2783,5.5);
#2783 = AXIS2_PLACEMENT_3D('',#2784,#2785,#2786);
#2784 = CARTESIAN_POINT('',(273.49322950886,191.80000000222,
    134.55715890731));
#2785 = DIRECTION('',(-1.3053E-13,-1.,1.39E-15));
#2786 = DIRECTION('',(-1.,1.3053E-13,-2.E-16));
#2787 = ORIENTED_EDGE('',*,*,#2788,.F.);
#2788 = EDGE_CURVE('',#2789,#2780,#2791,.T.);
#2789 = VERTEX_POINT('',#2790);
#2790 = CARTESIAN_POINT('',(278.25636922968,192.20000000222,
    131.80715890731));
#2791 = LINE('',#2792,#2793);
#2792 = CARTESIAN_POINT('',(278.25636922968,192.20000000222,
    131.80715890731));
#2793 = VECTOR('',#2794,1.);
#2794 = DIRECTION('',(-1.3323E-13,-1.,1.25E-15));
#2795 = ORIENTED_EDGE('',*,*,#2796,.T.);
#2796 = EDGE_CURVE('',#2789,#2797,#2799,.T.);
#2797 = VERTEX_POINT('',#2798);
#2798 = CARTESIAN_POINT('',(268.73008978805,192.20000000222,
    131.80715890731));
#2799 = CIRCLE('',#2800,5.5);
#2800 = AXIS2_PLACEMENT_3D('',#2801,#2802,#2803);
#2801 = CARTESIAN_POINT('',(273.49322950886,192.20000000222,
    134.55715890731));
#2802 = DIRECTION('',(1.3053E-13,1.,-1.39E-15));
#2803 = DIRECTION('',(-1.,1.3053E-13,-2.E-16));
#2804 = ORIENTED_EDGE('',*,*,#2805,.T.);
#2805 = EDGE_CURVE('',#2797,#2806,#2808,.T.);
#2806 = VERTEX_POINT('',#2807);
#2807 = CARTESIAN_POINT('',(268.73008978805,191.80000000222,
    131.80715890731));
#2808 = LINE('',#2809,#2810);
#2809 = CARTESIAN_POINT('',(268.73008978805,192.20000000222,
    131.80715890731));
#2810 = VECTOR('',#2811,1.);
#2811 = DIRECTION('',(-1.3323E-13,-1.,1.25E-15));
#2812 = ORIENTED_EDGE('',*,*,#2813,.F.);
#2813 = EDGE_CURVE('',#2814,#2806,#2816,.T.);
#2814 = VERTEX_POINT('',#2815);
#2815 = CARTESIAN_POINT('',(268.73008978805,191.80000000222,
    137.30715890731));
#2816 = CIRCLE('',#2817,5.5);
#2817 = AXIS2_PLACEMENT_3D('',#2818,#2819,#2820);
#2818 = CARTESIAN_POINT('',(273.49322950886,191.80000000222,
    134.55715890731));
#2819 = DIRECTION('',(-1.3053E-13,-1.,1.39E-15));
#2820 = DIRECTION('',(-1.,1.3053E-13,-2.E-16));
#2821 = ORIENTED_EDGE('',*,*,#2822,.F.);
#2822 = EDGE_CURVE('',#2823,#2814,#2825,.T.);
#2823 = VERTEX_POINT('',#2824);
#2824 = CARTESIAN_POINT('',(268.73008978805,192.20000000222,
    137.30715890731));
#2825 = LINE('',#2826,#2827);
#2826 = CARTESIAN_POINT('',(268.73008978805,192.20000000222,
    137.30715890731));
#2827 = VECTOR('',#2828,1.);
#2828 = DIRECTION('',(-1.3323E-13,-1.,1.25E-15));
#2829 = ORIENTED_EDGE('',*,*,#2830,.T.);
#2830 = EDGE_CURVE('',#2823,#2831,#2833,.T.);
#2831 = VERTEX_POINT('',#2832);
#2832 = CARTESIAN_POINT('',(278.25636922968,192.20000000222,
    137.30715890731));
#2833 = CIRCLE('',#2834,5.5);
#2834 = AXIS2_PLACEMENT_3D('',#2835,#2836,#2837);
#2835 = CARTESIAN_POINT('',(273.49322950886,192.20000000222,
    134.55715890731));
#2836 = DIRECTION('',(1.3053E-13,1.,-1.39E-15));
#2837 = DIRECTION('',(-1.,1.3053E-13,-2.E-16));
#2838 = ORIENTED_EDGE('',*,*,#2839,.T.);
#2839 = EDGE_CURVE('',#2831,#2840,#2842,.T.);
#2840 = VERTEX_POINT('',#2841);
#2841 = CARTESIAN_POINT('',(278.25636922968,191.80000000222,
    137.30715890731));
#2842 = LINE('',#2843,#2844);
#2843 = CARTESIAN_POINT('',(278.25636922968,192.20000000222,
    137.30715890731));
#2844 = VECTOR('',#2845,1.);
#2845 = DIRECTION('',(-1.3323E-13,-1.,1.25E-15));
#2846 = ORIENTED_EDGE('',*,*,#2847,.F.);
#2847 = EDGE_CURVE('',#2772,#2840,#2848,.T.);
#2848 = CIRCLE('',#2849,5.5);
#2849 = AXIS2_PLACEMENT_3D('',#2850,#2851,#2852);
#2850 = CARTESIAN_POINT('',(273.49322950886,191.80000000222,
    134.55715890731));
#2851 = DIRECTION('',(-1.3053E-13,-1.,1.39E-15));
#2852 = DIRECTION('',(-1.,1.3053E-13,-2.E-16));
#2853 = ORIENTED_EDGE('',*,*,#2771,.F.);
#2854 = ORIENTED_EDGE('',*,*,#1254,.F.);
#2855 = CYLINDRICAL_SURFACE('',#2856,5.5);
#2856 = AXIS2_PLACEMENT_3D('',#2857,#2858,#2859);
#2857 = CARTESIAN_POINT('',(273.49322950886,196.20000000222,
    134.55715890731));
#2858 = DIRECTION('',(-1.3121E-13,-1.,1.25E-15));
#2859 = DIRECTION('',(-1.,1.3121E-13,-2.E-16));
#2860 = ADVANCED_FACE('',(#2861),#2880,.F.);
#2861 = FACE_BOUND('',#2862,.F.);
#2862 = EDGE_LOOP('',(#2863,#2871,#2878,#2879));
#2863 = ORIENTED_EDGE('',*,*,#2864,.T.);
#2864 = EDGE_CURVE('',#1270,#2865,#2867,.T.);
#2865 = VERTEX_POINT('',#2866);
#2866 = CARTESIAN_POINT('',(148.24322950885,191.20000000223,
    108.75715891906));
#2867 = LINE('',#2868,#2869);
#2868 = CARTESIAN_POINT('',(148.24322950885,196.20000000223,
    108.75715891906));
#2869 = VECTOR('',#2870,1.);
#2870 = DIRECTION('',(-1.3008E-13,-1.,1.78E-15));
#2871 = ORIENTED_EDGE('',*,*,#2872,.T.);
#2872 = EDGE_CURVE('',#2865,#2865,#2873,.T.);
#2873 = CIRCLE('',#2874,2.35);
#2874 = AXIS2_PLACEMENT_3D('',#2875,#2876,#2877);
#2875 = CARTESIAN_POINT('',(150.59322950885,191.20000000223,
    108.75715891906));
#2876 = DIRECTION('',(1.3E-13,1.,-2.E-15));
#2877 = DIRECTION('',(-1.,1.3E-13,0.));
#2878 = ORIENTED_EDGE('',*,*,#2864,.F.);
#2879 = ORIENTED_EDGE('',*,*,#1279,.F.);
#2880 = CYLINDRICAL_SURFACE('',#2881,2.35);
#2881 = AXIS2_PLACEMENT_3D('',#2882,#2883,#2884);
#2882 = CARTESIAN_POINT('',(150.59322950885,196.20000000223,
    108.75715891906));
#2883 = DIRECTION('',(1.3008E-13,1.,-1.78E-15));
#2884 = DIRECTION('',(-1.,1.3008E-13,0.));
#2885 = ADVANCED_FACE('',(#2886),#2911,.F.);
#2886 = FACE_BOUND('',#2887,.F.);
#2887 = EDGE_LOOP('',(#2888,#2896,#2904,#2910));
#2888 = ORIENTED_EDGE('',*,*,#2889,.F.);
#2889 = EDGE_CURVE('',#2890,#1295,#2892,.T.);
#2890 = VERTEX_POINT('',#2891);
#2891 = CARTESIAN_POINT('',(176.59322950982,192.20000000223,
    113.37596106914));
#2892 = LINE('',#2893,#2894);
#2893 = CARTESIAN_POINT('',(176.59322950982,190.20000000223,
    113.37596106914));
#2894 = VECTOR('',#2895,1.);
#2895 = DIRECTION('',(1.3053E-13,1.,-1.39E-15));
#2896 = ORIENTED_EDGE('',*,*,#2897,.T.);
#2897 = EDGE_CURVE('',#2890,#2898,#2900,.T.);
#2898 = VERTEX_POINT('',#2899);
#2899 = CARTESIAN_POINT('',(176.59322950792,192.20000000223,
    104.13835676651));
#2900 = LINE('',#2901,#2902);
#2901 = CARTESIAN_POINT('',(176.59322950809,192.20000000223,
    104.94775784038));
#2902 = VECTOR('',#2903,1.);
#2903 = DIRECTION('',(-2.0578662E-10,-1.39E-15,-1.));
#2904 = ORIENTED_EDGE('',*,*,#2905,.T.);
#2905 = EDGE_CURVE('',#2898,#1304,#2906,.T.);
#2906 = LINE('',#2907,#2908);
#2907 = CARTESIAN_POINT('',(176.59322950792,190.20000000223,
    104.13835676651));
#2908 = VECTOR('',#2909,1.);
#2909 = DIRECTION('',(1.3053E-13,1.,-1.39E-15));
#2910 = ORIENTED_EDGE('',*,*,#1311,.F.);
#2911 = PLANE('',#2912);
#2912 = AXIS2_PLACEMENT_3D('',#2913,#2914,#2915);
#2913 = CARTESIAN_POINT('',(176.59322950792,190.20000000223,
    104.13835676651));
#2914 = DIRECTION('',(1.,-1.3053E-13,-2.0578662E-10));
#2915 = DIRECTION('',(2.0578662E-10,1.24E-15,1.));
#2916 = ADVANCED_FACE('',(#2917),#2936,.F.);
#2917 = FACE_BOUND('',#2918,.F.);
#2918 = EDGE_LOOP('',(#2919,#2927,#2934,#2935));
#2919 = ORIENTED_EDGE('',*,*,#2920,.F.);
#2920 = EDGE_CURVE('',#2921,#1326,#2923,.T.);
#2921 = VERTEX_POINT('',#2922);
#2922 = CARTESIAN_POINT('',(175.8432295095,192.20000000223,
    114.67499917569));
#2923 = LINE('',#2924,#2925);
#2924 = CARTESIAN_POINT('',(175.8432295095,190.20000000223,
    114.67499917569));
#2925 = VECTOR('',#2926,1.);
#2926 = DIRECTION('',(1.3053E-13,1.,-1.39E-15));
#2927 = ORIENTED_EDGE('',*,*,#2928,.T.);
#2928 = EDGE_CURVE('',#2921,#2890,#2929,.T.);
#2929 = CIRCLE('',#2930,1.500000000654);
#2930 = AXIS2_PLACEMENT_3D('',#2931,#2932,#2933);
#2931 = CARTESIAN_POINT('',(175.09322950917,192.20000000223,
    113.37596106945));
#2932 = DIRECTION('',(1.3053E-13,1.,-1.39E-15));
#2933 = DIRECTION('',(1.,-1.305300000003E-13,-2.0580258E-10));
#2934 = ORIENTED_EDGE('',*,*,#2889,.T.);
#2935 = ORIENTED_EDGE('',*,*,#1335,.F.);
#2936 = CYLINDRICAL_SURFACE('',#2937,1.500000000654);
#2937 = AXIS2_PLACEMENT_3D('',#2938,#2939,#2940);
#2938 = CARTESIAN_POINT('',(175.09322950917,190.20000000223,
    113.37596106945));
#2939 = DIRECTION('',(-1.3053E-13,-1.,1.39E-15));
#2940 = DIRECTION('',(1.,-1.305300000003E-13,-2.0580258E-10));
#2941 = ADVANCED_FACE('',(#2942),#2961,.F.);
#2942 = FACE_BOUND('',#2943,.F.);
#2943 = EDGE_LOOP('',(#2944,#2945,#2954,#2960));
#2944 = ORIENTED_EDGE('',*,*,#2905,.F.);
#2945 = ORIENTED_EDGE('',*,*,#2946,.T.);
#2946 = EDGE_CURVE('',#2898,#2947,#2949,.T.);
#2947 = VERTEX_POINT('',#2948);
#2948 = CARTESIAN_POINT('',(175.84322950772,192.20000000223,
    102.83931866098));
#2949 = CIRCLE('',#2950,1.500000000083);
#2950 = AXIS2_PLACEMENT_3D('',#2951,#2952,#2953);
#2951 = CARTESIAN_POINT('',(175.09322950784,192.20000000223,
    104.13835676682));
#2952 = DIRECTION('',(1.3053E-13,1.,-1.39E-15));
#2953 = DIRECTION('',(0.499999999892,-6.646877529725E-14,-0.866025403847
    ));
#2954 = ORIENTED_EDGE('',*,*,#2955,.T.);
#2955 = EDGE_CURVE('',#2947,#1353,#2956,.T.);
#2956 = LINE('',#2957,#2958);
#2957 = CARTESIAN_POINT('',(175.84322950772,190.20000000223,
    102.83931866098));
#2958 = VECTOR('',#2959,1.);
#2959 = DIRECTION('',(1.3053E-13,1.,-1.39E-15));
#2960 = ORIENTED_EDGE('',*,*,#1360,.F.);
#2961 = CYLINDRICAL_SURFACE('',#2962,1.500000000083);
#2962 = AXIS2_PLACEMENT_3D('',#2963,#2964,#2965);
#2963 = CARTESIAN_POINT('',(175.09322950784,190.20000000223,
    104.13835676682));
#2964 = DIRECTION('',(-1.3127E-13,-1.,2.67E-15));
#2965 = DIRECTION('',(0.499999999892,-6.794728781409E-14,-0.866025403847
    ));
#2966 = ADVANCED_FACE('',(#2967),#2985,.F.);
#2967 = FACE_BOUND('',#2968,.F.);
#2968 = EDGE_LOOP('',(#2969,#2977,#2983,#2984));
#2969 = ORIENTED_EDGE('',*,*,#2970,.F.);
#2970 = EDGE_CURVE('',#2971,#1376,#2973,.T.);
#2971 = VERTEX_POINT('',#2972);
#2972 = CARTESIAN_POINT('',(167.84322950885,192.20000000223,
    119.29380132958));
#2973 = LINE('',#2974,#2975);
#2974 = CARTESIAN_POINT('',(167.84322950885,190.20000000223,
    119.29380132958));
#2975 = VECTOR('',#2976,1.);
#2976 = DIRECTION('',(1.3053E-13,1.,-1.39E-15));
#2977 = ORIENTED_EDGE('',*,*,#2978,.T.);
#2978 = EDGE_CURVE('',#2971,#2921,#2979,.T.);
#2979 = LINE('',#2980,#2981);
#2980 = CARTESIAN_POINT('',(190.69274856409,192.20000000223,
    106.10162535219));
#2981 = VECTOR('',#2982,1.);
#2982 = DIRECTION('',(0.866025403784,-1.1374E-13,-0.5));
#2983 = ORIENTED_EDGE('',*,*,#2920,.T.);
#2984 = ORIENTED_EDGE('',*,*,#1385,.F.);
#2985 = PLANE('',#2986);
#2986 = AXIS2_PLACEMENT_3D('',#2987,#2988,#2989);
#2987 = CARTESIAN_POINT('',(175.8432295095,190.20000000223,
    114.67499917569));
#2988 = DIRECTION('',(0.5,-6.406E-14,0.866025403784));
#2989 = DIRECTION('',(-0.866025403784,1.1374E-13,0.5));
#2990 = ADVANCED_FACE('',(#2991),#3009,.F.);
#2991 = FACE_BOUND('',#2992,.F.);
#2992 = EDGE_LOOP('',(#2993,#2994,#3002,#3008));
#2993 = ORIENTED_EDGE('',*,*,#2955,.F.);
#2994 = ORIENTED_EDGE('',*,*,#2995,.T.);
#2995 = EDGE_CURVE('',#2947,#2996,#2998,.T.);
#2996 = VERTEX_POINT('',#2997);
#2997 = CARTESIAN_POINT('',(167.84322950886,192.20000000223,
    98.220516504132));
#2998 = LINE('',#2999,#3000);
#2999 = CARTESIAN_POINT('',(185.39371044779,192.20000000223,
    108.35329140738));
#3000 = VECTOR('',#3001,1.);
#3001 = DIRECTION('',(-0.866025403597,1.1235E-13,-0.500000000324));
#3002 = ORIENTED_EDGE('',*,*,#3003,.T.);
#3003 = EDGE_CURVE('',#2996,#1402,#3004,.T.);
#3004 = LINE('',#3005,#3006);
#3005 = CARTESIAN_POINT('',(167.84322950886,190.20000000223,
    98.220516504132));
#3006 = VECTOR('',#3007,1.);
#3007 = DIRECTION('',(1.3053E-13,1.,-1.39E-15));
#3008 = ORIENTED_EDGE('',*,*,#1409,.F.);
#3009 = PLANE('',#3010);
#3010 = AXIS2_PLACEMENT_3D('',#3011,#3012,#3013);
#3011 = CARTESIAN_POINT('',(167.84322950886,190.20000000223,
    98.220516504132));
#3012 = DIRECTION('',(0.500000000324,-6.647E-14,-0.866025403597));
#3013 = DIRECTION('',(0.866025403597,-1.1235E-13,0.500000000324));
#3014 = ADVANCED_FACE('',(#3015),#3034,.F.);
#3015 = FACE_BOUND('',#3016,.F.);
#3016 = EDGE_LOOP('',(#3017,#3025,#3032,#3033));
#3017 = ORIENTED_EDGE('',*,*,#3018,.F.);
#3018 = EDGE_CURVE('',#3019,#1424,#3021,.T.);
#3019 = VERTEX_POINT('',#3020);
#3020 = CARTESIAN_POINT('',(166.34322950888,192.20000000223,
    119.29380132958));
#3021 = LINE('',#3022,#3023);
#3022 = CARTESIAN_POINT('',(166.34322950888,190.20000000223,
    119.29380132958));
#3023 = VECTOR('',#3024,1.);
#3024 = DIRECTION('',(1.3053E-13,1.,-1.39E-15));
#3025 = ORIENTED_EDGE('',*,*,#3026,.T.);
#3026 = EDGE_CURVE('',#3019,#2971,#3027,.T.);
#3027 = CIRCLE('',#3028,1.499999999971);
#3028 = AXIS2_PLACEMENT_3D('',#3029,#3030,#3031);
#3029 = CARTESIAN_POINT('',(167.09322950886,192.20000000223,
    117.99476322393));
#3030 = DIRECTION('',(1.3053E-13,1.,-1.39E-15));
#3031 = DIRECTION('',(0.5,-6.406122468874E-14,0.866025403784));
#3032 = ORIENTED_EDGE('',*,*,#2970,.T.);
#3033 = ORIENTED_EDGE('',*,*,#1433,.F.);
#3034 = CYLINDRICAL_SURFACE('',#3035,1.499999999971);
#3035 = AXIS2_PLACEMENT_3D('',#3036,#3037,#3038);
#3036 = CARTESIAN_POINT('',(167.09322950886,190.20000000223,
    117.99476322393));
#3037 = DIRECTION('',(-1.3053E-13,-1.,1.39E-15));
#3038 = DIRECTION('',(0.5,-6.406122468874E-14,0.866025403784));
#3039 = ADVANCED_FACE('',(#3040),#3059,.F.);
#3040 = FACE_BOUND('',#3041,.F.);
#3041 = EDGE_LOOP('',(#3042,#3043,#3052,#3058));
#3042 = ORIENTED_EDGE('',*,*,#3003,.F.);
#3043 = ORIENTED_EDGE('',*,*,#3044,.T.);
#3044 = EDGE_CURVE('',#2996,#3045,#3047,.T.);
#3045 = VERTEX_POINT('',#3046);
#3046 = CARTESIAN_POINT('',(166.34322950886,192.20000000223,
    98.220516504132));
#3047 = CIRCLE('',#3048,1.499999999995);
#3048 = AXIS2_PLACEMENT_3D('',#3049,#3050,#3051);
#3049 = CARTESIAN_POINT('',(167.09322950886,192.20000000223,
    99.519554609804));
#3050 = DIRECTION('',(1.3053E-13,1.,-1.39E-15));
#3051 = DIRECTION('',(-0.5,6.406122468875E-14,-0.866025403784));
#3052 = ORIENTED_EDGE('',*,*,#3053,.T.);
#3053 = EDGE_CURVE('',#3045,#1451,#3054,.T.);
#3054 = LINE('',#3055,#3056);
#3055 = CARTESIAN_POINT('',(166.34322950886,190.20000000223,
    98.220516504132));
#3056 = VECTOR('',#3057,1.);
#3057 = DIRECTION('',(1.3053E-13,1.,-1.39E-15));
#3058 = ORIENTED_EDGE('',*,*,#1458,.F.);
#3059 = CYLINDRICAL_SURFACE('',#3060,1.499999999995);
#3060 = AXIS2_PLACEMENT_3D('',#3061,#3062,#3063);
#3061 = CARTESIAN_POINT('',(167.09322950886,190.20000000223,
    99.519554609804));
#3062 = DIRECTION('',(-1.3053E-13,-1.,1.39E-15));
#3063 = DIRECTION('',(-0.5,6.406122468875E-14,-0.866025403784));
#3064 = ADVANCED_FACE('',(#3065),#3083,.F.);
#3065 = FACE_BOUND('',#3066,.F.);
#3066 = EDGE_LOOP('',(#3067,#3075,#3081,#3082));
#3067 = ORIENTED_EDGE('',*,*,#3068,.F.);
#3068 = EDGE_CURVE('',#3069,#1474,#3071,.T.);
#3069 = VERTEX_POINT('',#3070);
#3070 = CARTESIAN_POINT('',(158.34322950885,192.20000000223,
    114.67499917605));
#3071 = LINE('',#3072,#3073);
#3072 = CARTESIAN_POINT('',(158.34322950885,190.20000000223,
    114.67499917605));
#3073 = VECTOR('',#3074,1.);
#3074 = DIRECTION('',(1.3053E-13,1.,-1.39E-15));
#3075 = ORIENTED_EDGE('',*,*,#3076,.T.);
#3076 = EDGE_CURVE('',#3069,#3019,#3077,.T.);
#3077 = LINE('',#3078,#3079);
#3078 = CARTESIAN_POINT('',(179.89371045396,192.20000000223,
    127.11717515088));
#3079 = VECTOR('',#3080,1.);
#3080 = DIRECTION('',(0.866025403784,-1.1235E-13,0.5));
#3081 = ORIENTED_EDGE('',*,*,#3018,.T.);
#3082 = ORIENTED_EDGE('',*,*,#1483,.F.);
#3083 = PLANE('',#3084);
#3084 = AXIS2_PLACEMENT_3D('',#3085,#3086,#3087);
#3085 = CARTESIAN_POINT('',(166.34322950888,190.20000000223,
    119.29380132958));
#3086 = DIRECTION('',(-0.5,6.647E-14,0.866025403784));
#3087 = DIRECTION('',(-0.866025403784,1.1235E-13,-0.5));
#3088 = ADVANCED_FACE('',(#3089),#3107,.F.);
#3089 = FACE_BOUND('',#3090,.F.);
#3090 = EDGE_LOOP('',(#3091,#3092,#3100,#3106));
#3091 = ORIENTED_EDGE('',*,*,#3053,.F.);
#3092 = ORIENTED_EDGE('',*,*,#3093,.T.);
#3093 = EDGE_CURVE('',#3045,#3094,#3096,.T.);
#3094 = VERTEX_POINT('',#3095);
#3095 = CARTESIAN_POINT('',(158.34322951268,192.20000000223,
    102.83931865544));
#3096 = LINE('',#3097,#3098);
#3097 = CARTESIAN_POINT('',(177.19274856567,192.20000000223,
    91.956543756107));
#3098 = VECTOR('',#3099,1.);
#3099 = DIRECTION('',(-0.866025403784,1.1374E-13,0.5));
#3100 = ORIENTED_EDGE('',*,*,#3101,.T.);
#3101 = EDGE_CURVE('',#3094,#1500,#3102,.T.);
#3102 = LINE('',#3103,#3104);
#3103 = CARTESIAN_POINT('',(158.34322951268,190.20000000223,
    102.83931865544));
#3104 = VECTOR('',#3105,1.);
#3105 = DIRECTION('',(1.3053E-13,1.,-1.39E-15));
#3106 = ORIENTED_EDGE('',*,*,#1507,.F.);
#3107 = PLANE('',#3108);
#3108 = AXIS2_PLACEMENT_3D('',#3109,#3110,#3111);
#3109 = CARTESIAN_POINT('',(158.34322951268,190.20000000223,
    102.83931865544));
#3110 = DIRECTION('',(-0.5,6.406E-14,-0.866025403784));
#3111 = DIRECTION('',(0.866025403784,-1.1374E-13,-0.5));
#3112 = ADVANCED_FACE('',(#3113),#3132,.F.);
#3113 = FACE_BOUND('',#3114,.F.);
#3114 = EDGE_LOOP('',(#3115,#3123,#3130,#3131));
#3115 = ORIENTED_EDGE('',*,*,#3116,.F.);
#3116 = EDGE_CURVE('',#3117,#1522,#3119,.T.);
#3117 = VERTEX_POINT('',#3118);
#3118 = CARTESIAN_POINT('',(157.59322950885,192.20000000223,
    113.37596107037));
#3119 = LINE('',#3120,#3121);
#3120 = CARTESIAN_POINT('',(157.59322950885,190.20000000223,
    113.37596107037));
#3121 = VECTOR('',#3122,1.);
#3122 = DIRECTION('',(1.3053E-13,1.,-1.39E-15));
#3123 = ORIENTED_EDGE('',*,*,#3124,.T.);
#3124 = EDGE_CURVE('',#3117,#3069,#3125,.T.);
#3125 = CIRCLE('',#3126,1.5);
#3126 = AXIS2_PLACEMENT_3D('',#3127,#3128,#3129);
#3127 = CARTESIAN_POINT('',(159.09322950885,192.20000000223,
    113.37596107037));
#3128 = DIRECTION('',(1.3053E-13,1.,-1.39E-15));
#3129 = DIRECTION('',(-0.5,6.646877531126E-14,0.866025403784));
#3130 = ORIENTED_EDGE('',*,*,#3068,.T.);
#3131 = ORIENTED_EDGE('',*,*,#1531,.F.);
#3132 = CYLINDRICAL_SURFACE('',#3133,1.5);
#3133 = AXIS2_PLACEMENT_3D('',#3134,#3135,#3136);
#3134 = CARTESIAN_POINT('',(159.09322950885,190.20000000223,
    113.37596107037));
#3135 = DIRECTION('',(-1.3053E-13,-1.,1.39E-15));
#3136 = DIRECTION('',(-0.5,6.646877531126E-14,0.866025403784));
#3137 = ADVANCED_FACE('',(#3138),#3157,.F.);
#3138 = FACE_BOUND('',#3139,.F.);
#3139 = EDGE_LOOP('',(#3140,#3141,#3150,#3156));
#3140 = ORIENTED_EDGE('',*,*,#3101,.F.);
#3141 = ORIENTED_EDGE('',*,*,#3142,.T.);
#3142 = EDGE_CURVE('',#3094,#3143,#3145,.T.);
#3143 = VERTEX_POINT('',#3144);
#3144 = CARTESIAN_POINT('',(157.59322950885,192.20000000223,
    104.13835676774));
#3145 = CIRCLE('',#3146,1.500000007649);
#3146 = AXIS2_PLACEMENT_3D('',#3147,#3148,#3149);
#3147 = CARTESIAN_POINT('',(159.0932295165,192.20000000223,
    104.13835676774));
#3148 = DIRECTION('',(1.3053E-13,1.,-1.39E-15));
#3149 = DIRECTION('',(-1.,1.3053E-13,1.461E-14));
#3150 = ORIENTED_EDGE('',*,*,#3151,.T.);
#3151 = EDGE_CURVE('',#3143,#1549,#3152,.T.);
#3152 = LINE('',#3153,#3154);
#3153 = CARTESIAN_POINT('',(157.59322950885,190.20000000223,
    104.13835676774));
#3154 = VECTOR('',#3155,1.);
#3155 = DIRECTION('',(1.3053E-13,1.,-1.39E-15));
#3156 = ORIENTED_EDGE('',*,*,#1556,.F.);
#3157 = CYLINDRICAL_SURFACE('',#3158,1.500000007649);
#3158 = AXIS2_PLACEMENT_3D('',#3159,#3160,#3161);
#3159 = CARTESIAN_POINT('',(159.0932295165,190.20000000223,
    104.13835676774));
#3160 = DIRECTION('',(-1.3053E-13,-1.,1.39E-15));
#3161 = DIRECTION('',(-1.,1.3053E-13,1.461E-14));
#3162 = ADVANCED_FACE('',(#3163),#3174,.F.);
#3163 = FACE_BOUND('',#3164,.F.);
#3164 = EDGE_LOOP('',(#3165,#3166,#3172,#3173));
#3165 = ORIENTED_EDGE('',*,*,#3151,.F.);
#3166 = ORIENTED_EDGE('',*,*,#3167,.T.);
#3167 = EDGE_CURVE('',#3143,#3117,#3168,.T.);
#3168 = LINE('',#3169,#3170);
#3169 = CARTESIAN_POINT('',(157.59322950885,192.20000000223,
    109.56655998884));
#3170 = VECTOR('',#3171,1.);
#3171 = DIRECTION('',(6.53E-15,1.39E-15,1.));
#3172 = ORIENTED_EDGE('',*,*,#3116,.T.);
#3173 = ORIENTED_EDGE('',*,*,#1574,.F.);
#3174 = PLANE('',#3175);
#3175 = AXIS2_PLACEMENT_3D('',#3176,#3177,#3178);
#3176 = CARTESIAN_POINT('',(157.59322950885,190.20000000223,
    113.37596107037));
#3177 = DIRECTION('',(-1.,1.3053E-13,6.53E-15));
#3178 = DIRECTION('',(-6.53E-15,-1.39E-15,-1.));
#3179 = ADVANCED_FACE('',(#3180),#3205,.F.);
#3180 = FACE_BOUND('',#3181,.F.);
#3181 = EDGE_LOOP('',(#3182,#3190,#3198,#3204));
#3182 = ORIENTED_EDGE('',*,*,#3183,.F.);
#3183 = EDGE_CURVE('',#3184,#1589,#3186,.T.);
#3184 = VERTEX_POINT('',#3185);
#3185 = CARTESIAN_POINT('',(179.19322950885,192.20000000223,
    104.13835676297));
#3186 = LINE('',#3187,#3188);
#3187 = CARTESIAN_POINT('',(179.19322950885,190.20000000223,
    104.13835676297));
#3188 = VECTOR('',#3189,1.);
#3189 = DIRECTION('',(1.3053E-13,1.,-1.39E-15));
#3190 = ORIENTED_EDGE('',*,*,#3191,.T.);
#3191 = EDGE_CURVE('',#3184,#3192,#3194,.T.);
#3192 = VERTEX_POINT('',#3193);
#3193 = CARTESIAN_POINT('',(179.19322950885,192.20000000223,
    113.3759610656));
#3194 = LINE('',#3195,#3196);
#3195 = CARTESIAN_POINT('',(179.19322950885,192.20000000223,
    109.56655998646));
#3196 = VECTOR('',#3197,1.);
#3197 = DIRECTION('',(7.01E-15,1.39E-15,1.));
#3198 = ORIENTED_EDGE('',*,*,#3199,.T.);
#3199 = EDGE_CURVE('',#3192,#1598,#3200,.T.);
#3200 = LINE('',#3201,#3202);
#3201 = CARTESIAN_POINT('',(179.19322950885,190.20000000223,
    113.3759610656));
#3202 = VECTOR('',#3203,1.);
#3203 = DIRECTION('',(1.3053E-13,1.,-1.39E-15));
#3204 = ORIENTED_EDGE('',*,*,#1605,.F.);
#3205 = PLANE('',#3206);
#3206 = AXIS2_PLACEMENT_3D('',#3207,#3208,#3209);
#3207 = CARTESIAN_POINT('',(179.19322950885,190.20000000223,
    113.3759610656));
#3208 = DIRECTION('',(-1.,1.3053E-13,7.01E-15));
#3209 = DIRECTION('',(-7.01E-15,-1.39E-15,-1.));
#3210 = ADVANCED_FACE('',(#3211),#3230,.F.);
#3211 = FACE_BOUND('',#3212,.F.);
#3212 = EDGE_LOOP('',(#3213,#3221,#3228,#3229));
#3213 = ORIENTED_EDGE('',*,*,#3214,.F.);
#3214 = EDGE_CURVE('',#3215,#1620,#3217,.T.);
#3215 = VERTEX_POINT('',#3216);
#3216 = CARTESIAN_POINT('',(179.94322951268,192.20000000223,
    102.83931865067));
#3217 = LINE('',#3218,#3219);
#3218 = CARTESIAN_POINT('',(179.94322951268,190.20000000223,
    102.83931865067));
#3219 = VECTOR('',#3220,1.);
#3220 = DIRECTION('',(1.3053E-13,1.,-1.39E-15));
#3221 = ORIENTED_EDGE('',*,*,#3222,.T.);
#3222 = EDGE_CURVE('',#3215,#3184,#3223,.T.);
#3223 = CIRCLE('',#3224,1.50000000765);
#3224 = AXIS2_PLACEMENT_3D('',#3225,#3226,#3227);
#3225 = CARTESIAN_POINT('',(180.6932295165,192.20000000223,
    104.13835676297));
#3226 = DIRECTION('',(1.3053E-13,1.,-1.39E-15));
#3227 = DIRECTION('',(-1.,1.3053E-13,-3.16E-15));
#3228 = ORIENTED_EDGE('',*,*,#3183,.T.);
#3229 = ORIENTED_EDGE('',*,*,#1629,.F.);
#3230 = CYLINDRICAL_SURFACE('',#3231,1.50000000765);
#3231 = AXIS2_PLACEMENT_3D('',#3232,#3233,#3234);
#3232 = CARTESIAN_POINT('',(180.6932295165,190.20000000223,
    104.13835676297));
#3233 = DIRECTION('',(-1.2905E-13,-1.,1.39E-15));
#3234 = DIRECTION('',(-1.,1.2905E-13,-3.16E-15));
#3235 = ADVANCED_FACE('',(#3236),#3255,.F.);
#3236 = FACE_BOUND('',#3237,.F.);
#3237 = EDGE_LOOP('',(#3238,#3239,#3248,#3254));
#3238 = ORIENTED_EDGE('',*,*,#3199,.F.);
#3239 = ORIENTED_EDGE('',*,*,#3240,.T.);
#3240 = EDGE_CURVE('',#3192,#3241,#3243,.T.);
#3241 = VERTEX_POINT('',#3242);
#3242 = CARTESIAN_POINT('',(179.94322950885,192.20000000223,
    114.67499917128));
#3243 = CIRCLE('',#3244,1.5);
#3244 = AXIS2_PLACEMENT_3D('',#3245,#3246,#3247);
#3245 = CARTESIAN_POINT('',(180.69322950885,192.20000000223,
    113.3759610656));
#3246 = DIRECTION('',(1.3053E-13,1.,-1.39E-15));
#3247 = DIRECTION('',(-0.5,6.646877531126E-14,0.866025403784));
#3248 = ORIENTED_EDGE('',*,*,#3249,.T.);
#3249 = EDGE_CURVE('',#3241,#1647,#3250,.T.);
#3250 = LINE('',#3251,#3252);
#3251 = CARTESIAN_POINT('',(179.94322950885,190.20000000223,
    114.67499917128));
#3252 = VECTOR('',#3253,1.);
#3253 = DIRECTION('',(1.3053E-13,1.,-1.39E-15));
#3254 = ORIENTED_EDGE('',*,*,#1654,.F.);
#3255 = CYLINDRICAL_SURFACE('',#3256,1.5);
#3256 = AXIS2_PLACEMENT_3D('',#3257,#3258,#3259);
#3257 = CARTESIAN_POINT('',(180.69322950885,190.20000000223,
    113.3759610656));
#3258 = DIRECTION('',(-1.3053E-13,-1.,1.39E-15));
#3259 = DIRECTION('',(-0.5,6.646877531126E-14,0.866025403784));
#3260 = ADVANCED_FACE('',(#3261),#3279,.F.);
#3261 = FACE_BOUND('',#3262,.F.);
#3262 = EDGE_LOOP('',(#3263,#3271,#3277,#3278));
#3263 = ORIENTED_EDGE('',*,*,#3264,.F.);
#3264 = EDGE_CURVE('',#3265,#1670,#3267,.T.);
#3265 = VERTEX_POINT('',#3266);
#3266 = CARTESIAN_POINT('',(187.94322950886,192.20000000223,
    98.220516499362));
#3267 = LINE('',#3268,#3269);
#3268 = CARTESIAN_POINT('',(187.94322950886,190.20000000223,
    98.220516499362));
#3269 = VECTOR('',#3270,1.);
#3270 = DIRECTION('',(1.3053E-13,1.,-1.39E-15));
#3271 = ORIENTED_EDGE('',*,*,#3272,.T.);
#3272 = EDGE_CURVE('',#3265,#3215,#3273,.T.);
#3273 = LINE('',#3274,#3275);
#3274 = CARTESIAN_POINT('',(190.69274856464,192.20000000223,
    96.633080932369));
#3275 = VECTOR('',#3276,1.);
#3276 = DIRECTION('',(-0.866025403784,1.1374E-13,0.5));
#3277 = ORIENTED_EDGE('',*,*,#3214,.T.);
#3278 = ORIENTED_EDGE('',*,*,#1679,.F.);
#3279 = PLANE('',#3280);
#3280 = AXIS2_PLACEMENT_3D('',#3281,#3282,#3283);
#3281 = CARTESIAN_POINT('',(179.94322951268,190.20000000223,
    102.83931865067));
#3282 = DIRECTION('',(-0.5,6.406E-14,-0.866025403784));
#3283 = DIRECTION('',(0.866025403784,-1.1389E-13,-0.5));
#3284 = ADVANCED_FACE('',(#3285),#3303,.F.);
#3285 = FACE_BOUND('',#3286,.F.);
#3286 = EDGE_LOOP('',(#3287,#3288,#3296,#3302));
#3287 = ORIENTED_EDGE('',*,*,#3249,.F.);
#3288 = ORIENTED_EDGE('',*,*,#3289,.T.);
#3289 = EDGE_CURVE('',#3241,#3290,#3292,.T.);
#3290 = VERTEX_POINT('',#3291);
#3291 = CARTESIAN_POINT('',(187.94322950888,192.20000000223,
    119.29380132481));
#3292 = LINE('',#3293,#3294);
#3293 = CARTESIAN_POINT('',(193.393710455,192.20000000223,
    122.44063796627));
#3294 = VECTOR('',#3295,1.);
#3295 = DIRECTION('',(0.866025403784,-1.1235E-13,0.5));
#3296 = ORIENTED_EDGE('',*,*,#3297,.T.);
#3297 = EDGE_CURVE('',#3290,#1696,#3298,.T.);
#3298 = LINE('',#3299,#3300);
#3299 = CARTESIAN_POINT('',(187.94322950888,190.20000000223,
    119.29380132481));
#3300 = VECTOR('',#3301,1.);
#3301 = DIRECTION('',(1.3053E-13,1.,-1.39E-15));
#3302 = ORIENTED_EDGE('',*,*,#1703,.F.);
#3303 = PLANE('',#3304);
#3304 = AXIS2_PLACEMENT_3D('',#3305,#3306,#3307);
#3305 = CARTESIAN_POINT('',(187.94322950888,190.20000000223,
    119.29380132481));
#3306 = DIRECTION('',(-0.5,6.647E-14,0.866025403784));
#3307 = DIRECTION('',(-0.866025403784,1.1235E-13,-0.5));
#3308 = ADVANCED_FACE('',(#3309),#3328,.F.);
#3309 = FACE_BOUND('',#3310,.F.);
#3310 = EDGE_LOOP('',(#3311,#3319,#3326,#3327));
#3311 = ORIENTED_EDGE('',*,*,#3312,.F.);
#3312 = EDGE_CURVE('',#3313,#1718,#3315,.T.);
#3313 = VERTEX_POINT('',#3314);
#3314 = CARTESIAN_POINT('',(189.44322950886,192.20000000223,
    98.220516499362));
#3315 = LINE('',#3316,#3317);
#3316 = CARTESIAN_POINT('',(189.44322950886,190.20000000223,
    98.220516499362));
#3317 = VECTOR('',#3318,1.);
#3318 = DIRECTION('',(1.3053E-13,1.,-1.39E-15));
#3319 = ORIENTED_EDGE('',*,*,#3320,.T.);
#3320 = EDGE_CURVE('',#3313,#3265,#3321,.T.);
#3321 = CIRCLE('',#3322,1.499999999995);
#3322 = AXIS2_PLACEMENT_3D('',#3323,#3324,#3325);
#3323 = CARTESIAN_POINT('',(188.69322950886,192.20000000223,
    99.519554605035));
#3324 = DIRECTION('',(1.3053E-13,1.,-1.39E-15));
#3325 = DIRECTION('',(-0.5,6.406122468874E-14,-0.866025403784));
#3326 = ORIENTED_EDGE('',*,*,#3264,.T.);
#3327 = ORIENTED_EDGE('',*,*,#1727,.F.);
#3328 = CYLINDRICAL_SURFACE('',#3329,1.499999999995);
#3329 = AXIS2_PLACEMENT_3D('',#3330,#3331,#3332);
#3330 = CARTESIAN_POINT('',(188.69322950886,190.20000000223,
    99.519554605035));
#3331 = DIRECTION('',(-1.3053E-13,-1.,1.39E-15));
#3332 = DIRECTION('',(-0.5,6.406122468874E-14,-0.866025403784));
#3333 = ADVANCED_FACE('',(#3334),#3353,.F.);
#3334 = FACE_BOUND('',#3335,.F.);
#3335 = EDGE_LOOP('',(#3336,#3337,#3346,#3352));
#3336 = ORIENTED_EDGE('',*,*,#3297,.F.);
#3337 = ORIENTED_EDGE('',*,*,#3338,.T.);
#3338 = EDGE_CURVE('',#3290,#3339,#3341,.T.);
#3339 = VERTEX_POINT('',#3340);
#3340 = CARTESIAN_POINT('',(189.44322950885,192.20000000223,
    119.29380132481));
#3341 = CIRCLE('',#3342,1.499999999971);
#3342 = AXIS2_PLACEMENT_3D('',#3343,#3344,#3345);
#3343 = CARTESIAN_POINT('',(188.69322950886,192.20000000223,
    117.99476321916));
#3344 = DIRECTION('',(1.3053E-13,1.,-1.39E-15));
#3345 = DIRECTION('',(0.5,-6.406122468874E-14,0.866025403784));
#3346 = ORIENTED_EDGE('',*,*,#3347,.T.);
#3347 = EDGE_CURVE('',#3339,#1745,#3348,.T.);
#3348 = LINE('',#3349,#3350);
#3349 = CARTESIAN_POINT('',(189.44322950885,190.20000000223,
    119.29380132481));
#3350 = VECTOR('',#3351,1.);
#3351 = DIRECTION('',(1.3053E-13,1.,-1.39E-15));
#3352 = ORIENTED_EDGE('',*,*,#1752,.F.);
#3353 = CYLINDRICAL_SURFACE('',#3354,1.499999999971);
#3354 = AXIS2_PLACEMENT_3D('',#3355,#3356,#3357);
#3355 = CARTESIAN_POINT('',(188.69322950886,190.20000000223,
    117.99476321916));
#3356 = DIRECTION('',(-1.3053E-13,-1.,1.39E-15));
#3357 = DIRECTION('',(0.5,-6.406122468874E-14,0.866025403784));
#3358 = ADVANCED_FACE('',(#3359),#3377,.F.);
#3359 = FACE_BOUND('',#3360,.F.);
#3360 = EDGE_LOOP('',(#3361,#3369,#3375,#3376));
#3361 = ORIENTED_EDGE('',*,*,#3362,.F.);
#3362 = EDGE_CURVE('',#3363,#1768,#3365,.T.);
#3363 = VERTEX_POINT('',#3364);
#3364 = CARTESIAN_POINT('',(197.44322950772,192.20000000223,
    102.83931865621));
#3365 = LINE('',#3366,#3367);
#3366 = CARTESIAN_POINT('',(197.44322950772,190.20000000223,
    102.83931865621));
#3367 = VECTOR('',#3368,1.);
#3368 = DIRECTION('',(1.3053E-13,1.,-1.39E-15));
#3369 = ORIENTED_EDGE('',*,*,#3370,.T.);
#3370 = EDGE_CURVE('',#3363,#3313,#3371,.T.);
#3371 = LINE('',#3372,#3373);
#3372 = CARTESIAN_POINT('',(198.89371045232,192.20000000223,
    103.67675422075));
#3373 = VECTOR('',#3374,1.);
#3374 = DIRECTION('',(-0.866025403597,1.1235E-13,-0.500000000324));
#3375 = ORIENTED_EDGE('',*,*,#3312,.T.);
#3376 = ORIENTED_EDGE('',*,*,#1777,.F.);
#3377 = PLANE('',#3378);
#3378 = AXIS2_PLACEMENT_3D('',#3379,#3380,#3381);
#3379 = CARTESIAN_POINT('',(189.44322950886,190.20000000223,
    98.220516499362));
#3380 = DIRECTION('',(0.500000000324,-6.647E-14,-0.866025403597));
#3381 = DIRECTION('',(0.866025403597,-1.1235E-13,0.500000000324));
#3382 = ADVANCED_FACE('',(#3383),#3401,.F.);
#3383 = FACE_BOUND('',#3384,.F.);
#3384 = EDGE_LOOP('',(#3385,#3386,#3394,#3400));
#3385 = ORIENTED_EDGE('',*,*,#3347,.F.);
#3386 = ORIENTED_EDGE('',*,*,#3387,.T.);
#3387 = EDGE_CURVE('',#3339,#3388,#3390,.T.);
#3388 = VERTEX_POINT('',#3389);
#3389 = CARTESIAN_POINT('',(197.4432295095,192.20000000223,
    114.67499917092));
#3390 = LINE('',#3391,#3392);
#3391 = CARTESIAN_POINT('',(204.19274856305,192.20000000223,
    110.77816252845));
#3392 = VECTOR('',#3393,1.);
#3393 = DIRECTION('',(0.866025403784,-1.1374E-13,-0.5));
#3394 = ORIENTED_EDGE('',*,*,#3395,.T.);
#3395 = EDGE_CURVE('',#3388,#1794,#3396,.T.);
#3396 = LINE('',#3397,#3398);
#3397 = CARTESIAN_POINT('',(197.4432295095,190.20000000223,
    114.67499917092));
#3398 = VECTOR('',#3399,1.);
#3399 = DIRECTION('',(1.3053E-13,1.,-1.39E-15));
#3400 = ORIENTED_EDGE('',*,*,#1801,.F.);
#3401 = PLANE('',#3402);
#3402 = AXIS2_PLACEMENT_3D('',#3403,#3404,#3405);
#3403 = CARTESIAN_POINT('',(197.4432295095,190.20000000223,
    114.67499917092));
#3404 = DIRECTION('',(0.5,-6.406E-14,0.866025403784));
#3405 = DIRECTION('',(-0.866025403784,1.1374E-13,0.5));
#3406 = ADVANCED_FACE('',(#3407),#3426,.F.);
#3407 = FACE_BOUND('',#3408,.F.);
#3408 = EDGE_LOOP('',(#3409,#3417,#3424,#3425));
#3409 = ORIENTED_EDGE('',*,*,#3410,.F.);
#3410 = EDGE_CURVE('',#3411,#1816,#3413,.T.);
#3411 = VERTEX_POINT('',#3412);
#3412 = CARTESIAN_POINT('',(198.19322950792,192.20000000223,
    104.13835676174));
#3413 = LINE('',#3414,#3415);
#3414 = CARTESIAN_POINT('',(198.19322950792,190.20000000223,
    104.13835676174));
#3415 = VECTOR('',#3416,1.);
#3416 = DIRECTION('',(1.3053E-13,1.,-1.39E-15));
#3417 = ORIENTED_EDGE('',*,*,#3418,.T.);
#3418 = EDGE_CURVE('',#3411,#3363,#3419,.T.);
#3419 = CIRCLE('',#3420,1.500000000083);
#3420 = AXIS2_PLACEMENT_3D('',#3421,#3422,#3423);
#3421 = CARTESIAN_POINT('',(196.69322950784,192.20000000223,
    104.13835676205));
#3422 = DIRECTION('',(1.3053E-13,1.,-1.39E-15));
#3423 = DIRECTION('',(0.499999999892,-6.646877529725E-14,-0.866025403847
    ));
#3424 = ORIENTED_EDGE('',*,*,#3362,.T.);
#3425 = ORIENTED_EDGE('',*,*,#1825,.F.);
#3426 = CYLINDRICAL_SURFACE('',#3427,1.500000000083);
#3427 = AXIS2_PLACEMENT_3D('',#3428,#3429,#3430);
#3428 = CARTESIAN_POINT('',(196.69322950784,190.20000000223,
    104.13835676205));
#3429 = DIRECTION('',(-1.3053E-13,-1.,1.39E-15));
#3430 = DIRECTION('',(0.499999999892,-6.646877529725E-14,-0.866025403847
    ));
#3431 = ADVANCED_FACE('',(#3432),#3451,.F.);
#3432 = FACE_BOUND('',#3433,.F.);
#3433 = EDGE_LOOP('',(#3434,#3435,#3444,#3450));
#3434 = ORIENTED_EDGE('',*,*,#3395,.F.);
#3435 = ORIENTED_EDGE('',*,*,#3436,.T.);
#3436 = EDGE_CURVE('',#3388,#3437,#3439,.T.);
#3437 = VERTEX_POINT('',#3438);
#3438 = CARTESIAN_POINT('',(198.19322950982,192.20000000223,
    113.37596106437));
#3439 = CIRCLE('',#3440,1.500000000654);
#3440 = AXIS2_PLACEMENT_3D('',#3441,#3442,#3443);
#3441 = CARTESIAN_POINT('',(196.69322950917,192.20000000223,
    113.37596106468));
#3442 = DIRECTION('',(1.3053E-13,1.,-1.39E-15));
#3443 = DIRECTION('',(1.,-1.305300000003E-13,-2.0581147E-10));
#3444 = ORIENTED_EDGE('',*,*,#3445,.T.);
#3445 = EDGE_CURVE('',#3437,#1843,#3446,.T.);
#3446 = LINE('',#3447,#3448);
#3447 = CARTESIAN_POINT('',(198.19322950982,190.20000000223,
    113.37596106437));
#3448 = VECTOR('',#3449,1.);
#3449 = DIRECTION('',(1.3053E-13,1.,-1.39E-15));
#3450 = ORIENTED_EDGE('',*,*,#1850,.F.);
#3451 = CYLINDRICAL_SURFACE('',#3452,1.500000000654);
#3452 = AXIS2_PLACEMENT_3D('',#3453,#3454,#3455);
#3453 = CARTESIAN_POINT('',(196.69322950917,190.20000000223,
    113.37596106468));
#3454 = DIRECTION('',(-1.3053E-13,-1.,1.39E-15));
#3455 = DIRECTION('',(1.,-1.305300000003E-13,-2.0581147E-10));
#3456 = ADVANCED_FACE('',(#3457),#3468,.F.);
#3457 = FACE_BOUND('',#3458,.F.);
#3458 = EDGE_LOOP('',(#3459,#3460,#3466,#3467));
#3459 = ORIENTED_EDGE('',*,*,#3445,.F.);
#3460 = ORIENTED_EDGE('',*,*,#3461,.T.);
#3461 = EDGE_CURVE('',#3437,#3411,#3462,.T.);
#3462 = LINE('',#3463,#3464);
#3463 = CARTESIAN_POINT('',(198.19322950809,192.20000000223,
    104.94775783577));
#3464 = VECTOR('',#3465,1.);
#3465 = DIRECTION('',(-2.0578746E-10,-1.39E-15,-1.));
#3466 = ORIENTED_EDGE('',*,*,#3410,.T.);
#3467 = ORIENTED_EDGE('',*,*,#1868,.F.);
#3468 = PLANE('',#3469);
#3469 = AXIS2_PLACEMENT_3D('',#3470,#3471,#3472);
#3470 = CARTESIAN_POINT('',(198.19322950792,190.20000000223,
    104.13835676174));
#3471 = DIRECTION('',(1.,-1.3053E-13,-2.0578746E-10));
#3472 = DIRECTION('',(2.0578746E-10,1.39E-15,1.));
#3473 = ADVANCED_FACE('',(#3474),#3477,.T.);
#3474 = FACE_BOUND('',#3475,.T.);
#3475 = EDGE_LOOP('',(#3476));
#3476 = ORIENTED_EDGE('',*,*,#1890,.T.);
#3477 = PLANE('',#3478);
#3478 = AXIS2_PLACEMENT_3D('',#3479,#3480,#3481);
#3479 = CARTESIAN_POINT('',(177.89322950886,191.20000000223,
    108.75715891906));
#3480 = DIRECTION('',(1.3013E-13,1.,0.));
#3481 = DIRECTION('',(1.,-1.3013E-13,0.));
#3482 = ADVANCED_FACE('',(#3483),#3501,.T.);
#3483 = FACE_BOUND('',#3484,.T.);
#3484 = EDGE_LOOP('',(#3485,#3486,#3494,#3500));
#3485 = ORIENTED_EDGE('',*,*,#2014,.F.);
#3486 = ORIENTED_EDGE('',*,*,#3487,.T.);
#3487 = EDGE_CURVE('',#2007,#3488,#3490,.T.);
#3488 = VERTEX_POINT('',#3489);
#3489 = CARTESIAN_POINT('',(263.89322950886,188.20000000222,
    140.55715890731));
#3490 = LINE('',#3491,#3492);
#3491 = CARTESIAN_POINT('',(263.89322950886,188.20000000222,
    126.65715890731));
#3492 = VECTOR('',#3493,1.);
#3493 = DIRECTION('',(2.5E-16,1.25E-15,1.));
#3494 = ORIENTED_EDGE('',*,*,#3495,.F.);
#3495 = EDGE_CURVE('',#1916,#3488,#3496,.T.);
#3496 = LINE('',#3497,#3498);
#3497 = CARTESIAN_POINT('',(263.49322950886,188.60000000222,
    140.55715890731));
#3498 = VECTOR('',#3499,1.);
#3499 = DIRECTION('',(0.707106781186,-0.707106781187,1.02E-15));
#3500 = ORIENTED_EDGE('',*,*,#1915,.T.);
#3501 = PLANE('',#3502);
#3502 = AXIS2_PLACEMENT_3D('',#3503,#3504,#3505);
#3503 = CARTESIAN_POINT('',(263.69322950886,188.40000000222,
    126.65715890731));
#3504 = DIRECTION('',(-0.707106781187,-0.707106781186,1.06E-15));
#3505 = DIRECTION('',(2.495331880578E-16,1.249533188058E-15,1.));
#3506 = ADVANCED_FACE('',(#3507),#3526,.T.);
#3507 = FACE_BOUND('',#3508,.T.);
#3508 = EDGE_LOOP('',(#3509,#3517,#3518,#3519));
#3509 = ORIENTED_EDGE('',*,*,#3510,.F.);
#3510 = EDGE_CURVE('',#1940,#3511,#3513,.T.);
#3511 = VERTEX_POINT('',#3512);
#3512 = CARTESIAN_POINT('',(267.49322950886,188.20000000222,
    144.15715890731));
#3513 = LINE('',#3514,#3515);
#3514 = CARTESIAN_POINT('',(267.49322950886,188.60000000222,
    144.55715890731));
#3515 = VECTOR('',#3516,1.);
#3516 = DIRECTION('',(-9.407E-14,-0.707106781187,-0.707106781187));
#3517 = ORIENTED_EDGE('',*,*,#1939,.T.);
#3518 = ORIENTED_EDGE('',*,*,#3495,.T.);
#3519 = ORIENTED_EDGE('',*,*,#3520,.T.);
#3520 = EDGE_CURVE('',#3488,#3511,#3521,.T.);
#3521 = CIRCLE('',#3522,3.6);
#3522 = AXIS2_PLACEMENT_3D('',#3523,#3524,#3525);
#3523 = CARTESIAN_POINT('',(267.49322950886,188.20000000222,
    140.55715890731));
#3524 = DIRECTION('',(1.2879E-13,1.,-1.25E-15));
#3525 = DIRECTION('',(-0.707106781187,9.19521658255E-14,0.707106781187)
  );
#3526 = CONICAL_SURFACE('',#3527,3.8,0.785398163397);
#3527 = AXIS2_PLACEMENT_3D('',#3528,#3529,#3530);
#3528 = CARTESIAN_POINT('',(267.49322950886,188.40000000222,
    140.55715890731));
#3529 = DIRECTION('',(1.3323E-13,1.,-1.25E-15));
#3530 = DIRECTION('',(-0.707106781187,9.509171993397E-14,0.707106781187)
  );
#3531 = ADVANCED_FACE('',(#3532),#3550,.T.);
#3532 = FACE_BOUND('',#3533,.T.);
#3533 = EDGE_LOOP('',(#3534,#3535,#3536,#3544));
#3534 = ORIENTED_EDGE('',*,*,#1998,.F.);
#3535 = ORIENTED_EDGE('',*,*,#1982,.T.);
#3536 = ORIENTED_EDGE('',*,*,#3537,.T.);
#3537 = EDGE_CURVE('',#1975,#3538,#3540,.T.);
#3538 = VERTEX_POINT('',#3539);
#3539 = CARTESIAN_POINT('',(156.69322950886,188.20000000223,
    140.55715890731));
#3540 = LINE('',#3541,#3542);
#3541 = CARTESIAN_POINT('',(157.09322950886,188.60000000223,
    140.55715890731));
#3542 = VECTOR('',#3543,1.);
#3543 = DIRECTION('',(-0.707106781186,-0.707106781187,7.4E-16));
#3544 = ORIENTED_EDGE('',*,*,#3545,.T.);
#3545 = EDGE_CURVE('',#3538,#1999,#3546,.T.);
#3546 = LINE('',#3547,#3548);
#3547 = CARTESIAN_POINT('',(156.69322950886,188.20000000223,
    116.65715890731));
#3548 = VECTOR('',#3549,1.);
#3549 = DIRECTION('',(6.4E-16,-1.25E-15,-1.));
#3550 = PLANE('',#3551);
#3551 = AXIS2_PLACEMENT_3D('',#3552,#3553,#3554);
#3552 = CARTESIAN_POINT('',(156.89322950886,188.40000000223,
    116.65715890731));
#3553 = DIRECTION('',(0.707106781187,-0.707106781186,1.34E-15));
#3554 = DIRECTION('',(6.4252308679E-16,-1.25252308679E-15,-1.));
#3555 = ADVANCED_FACE('',(#3556,#3765,#3776),#3787,.T.);
#3556 = FACE_BOUND('',#3557,.T.);
#3557 = EDGE_LOOP('',(#3558,#3559,#3560,#3569,#3577,#3586,#3594,#3603,
    #3611,#3619,#3628,#3637,#3646,#3654,#3663,#3671,#3680,#3688,#3697,
    #3706,#3715,#3723,#3731,#3740,#3748,#3757,#3763,#3764));
#3558 = ORIENTED_EDGE('',*,*,#2006,.F.);
#3559 = ORIENTED_EDGE('',*,*,#3545,.F.);
#3560 = ORIENTED_EDGE('',*,*,#3561,.F.);
#3561 = EDGE_CURVE('',#3562,#3538,#3564,.T.);
#3562 = VERTEX_POINT('',#3563);
#3563 = CARTESIAN_POINT('',(153.09322950886,188.20000000223,
    144.15715890731));
#3564 = CIRCLE('',#3565,3.6);
#3565 = AXIS2_PLACEMENT_3D('',#3566,#3567,#3568);
#3566 = CARTESIAN_POINT('',(153.09322950886,188.20000000223,
    140.55715890731));
#3567 = DIRECTION('',(1.2879E-13,1.,-1.25E-15));
#3568 = DIRECTION('',(0.707106781187,-9.018439887253E-14,0.707106781187)
  );
#3569 = ORIENTED_EDGE('',*,*,#3570,.F.);
#3570 = EDGE_CURVE('',#3571,#3562,#3573,.T.);
#3571 = VERTEX_POINT('',#3572);
#3572 = CARTESIAN_POINT('',(141.09322950886,188.20000000223,
    144.15715890731));
#3573 = LINE('',#3574,#3575);
#3574 = CARTESIAN_POINT('',(218.89322950886,188.20000000222,
    144.15715890731));
#3575 = VECTOR('',#3576,1.);
#3576 = DIRECTION('',(1.,-1.2879E-13,2.E-16));
#3577 = ORIENTED_EDGE('',*,*,#3578,.F.);
#3578 = EDGE_CURVE('',#3579,#3571,#3581,.T.);
#3579 = VERTEX_POINT('',#3580);
#3580 = CARTESIAN_POINT('',(137.49322950886,188.20000000223,
    140.55715890731));
#3581 = CIRCLE('',#3582,3.6);
#3582 = AXIS2_PLACEMENT_3D('',#3583,#3584,#3585);
#3583 = CARTESIAN_POINT('',(141.09322950886,188.20000000223,
    140.55715890731));
#3584 = DIRECTION('',(1.2879E-13,1.,-1.25E-15));
#3585 = DIRECTION('',(-0.707106781187,9.19521658255E-14,0.707106781187)
  );
#3586 = ORIENTED_EDGE('',*,*,#3587,.F.);
#3587 = EDGE_CURVE('',#3588,#3579,#3590,.T.);
#3588 = VERTEX_POINT('',#3589);
#3589 = CARTESIAN_POINT('',(137.49322950886,188.20000000223,
    94.957158907314));
#3590 = LINE('',#3591,#3592);
#3591 = CARTESIAN_POINT('',(137.49322950886,188.20000000223,
    116.65715890731));
#3592 = VECTOR('',#3593,1.);
#3593 = DIRECTION('',(-1.88E-15,1.25E-15,1.));
#3594 = ORIENTED_EDGE('',*,*,#3595,.F.);
#3595 = EDGE_CURVE('',#3596,#3588,#3598,.T.);
#3596 = VERTEX_POINT('',#3597);
#3597 = CARTESIAN_POINT('',(139.09322950886,188.20000000223,
    93.357158907314));
#3598 = CIRCLE('',#3599,1.6);
#3599 = AXIS2_PLACEMENT_3D('',#3600,#3601,#3602);
#3600 = CARTESIAN_POINT('',(139.09322950886,188.20000000223,
    94.957158907314));
#3601 = DIRECTION('',(1.2879E-13,1.,-1.25E-15));
#3602 = DIRECTION('',(-0.707106781187,9.018439887253E-14,-0.707106781187
    ));
#3603 = ORIENTED_EDGE('',*,*,#3604,.F.);
#3604 = EDGE_CURVE('',#3605,#3596,#3607,.T.);
#3605 = VERTEX_POINT('',#3606);
#3606 = CARTESIAN_POINT('',(142.29322950886,188.20000000223,
    93.357158907316));
#3607 = LINE('',#3608,#3609);
#3608 = CARTESIAN_POINT('',(279.29322950886,188.20000000222,
    93.357158907318));
#3609 = VECTOR('',#3610,1.);
#3610 = DIRECTION('',(-1.,1.2879E-13,-1.401E-14));
#3611 = ORIENTED_EDGE('',*,*,#3612,.F.);
#3612 = EDGE_CURVE('',#3613,#3605,#3615,.T.);
#3613 = VERTEX_POINT('',#3614);
#3614 = CARTESIAN_POINT('',(142.29322950886,188.20000000223,
    106.31789672378));
#3615 = LINE('',#3616,#3617);
#3616 = CARTESIAN_POINT('',(142.29322950886,188.20000000223,
    100.85715890731));
#3617 = VECTOR('',#3618,1.);
#3618 = DIRECTION('',(1.6E-15,-1.25E-15,-1.));
#3619 = ORIENTED_EDGE('',*,*,#3620,.F.);
#3620 = EDGE_CURVE('',#3621,#3613,#3623,.T.);
#3621 = VERTEX_POINT('',#3622);
#3622 = CARTESIAN_POINT('',(142.02399873963,188.20000000223,
    106.50553227636));
#3623 = CIRCLE('',#3624,0.2);
#3624 = AXIS2_PLACEMENT_3D('',#3625,#3626,#3627);
#3625 = CARTESIAN_POINT('',(142.09322950886,188.20000000223,
    106.31789672378));
#3626 = DIRECTION('',(1.2879E-13,1.,-1.25E-15));
#3627 = DIRECTION('',(0.571771874897,-7.261298395029E-14,0.820412654142)
  );
#3628 = ORIENTED_EDGE('',*,*,#3629,.F.);
#3629 = EDGE_CURVE('',#3630,#3621,#3632,.T.);
#3630 = VERTEX_POINT('',#3631);
#3631 = CARTESIAN_POINT('',(142.02399873963,188.20000000223,
    111.00878553826));
#3632 = CIRCLE('',#3633,2.4);
#3633 = AXIS2_PLACEMENT_3D('',#3634,#3635,#3636);
#3634 = CARTESIAN_POINT('',(141.19322950886,188.20000000223,
    108.75715890731));
#3635 = DIRECTION('',(-1.2879E-13,-1.,1.25E-15));
#3636 = DIRECTION('',(-1.,1.2879E-13,-2.E-16));
#3637 = ORIENTED_EDGE('',*,*,#3638,.F.);
#3638 = EDGE_CURVE('',#3639,#3630,#3641,.T.);
#3639 = VERTEX_POINT('',#3640);
#3640 = CARTESIAN_POINT('',(142.29322950886,188.20000000223,
    111.19642109084));
#3641 = CIRCLE('',#3642,0.2);
#3642 = AXIS2_PLACEMENT_3D('',#3643,#3644,#3645);
#3643 = CARTESIAN_POINT('',(142.09322950886,188.20000000223,
    111.19642109084));
#3644 = DIRECTION('',(1.2879E-13,1.,-1.25E-15));
#3645 = DIRECTION('',(0.571771874897,-7.466401558564E-14,-0.820412654142
    ));
#3646 = ORIENTED_EDGE('',*,*,#3647,.F.);
#3647 = EDGE_CURVE('',#3648,#3639,#3650,.T.);
#3648 = VERTEX_POINT('',#3649);
#3649 = CARTESIAN_POINT('',(142.29322950886,188.20000000223,
    122.55715890731));
#3650 = LINE('',#3651,#3652);
#3651 = CARTESIAN_POINT('',(142.29322950886,188.20000000223,
    100.85715890731));
#3652 = VECTOR('',#3653,1.);
#3653 = DIRECTION('',(1.6E-15,-1.25E-15,-1.));
#3654 = ORIENTED_EDGE('',*,*,#3655,.F.);
#3655 = EDGE_CURVE('',#3656,#3648,#3658,.T.);
#3656 = VERTEX_POINT('',#3657);
#3657 = CARTESIAN_POINT('',(144.69322950886,188.20000000223,
    124.95715890731));
#3658 = CIRCLE('',#3659,2.4);
#3659 = AXIS2_PLACEMENT_3D('',#3660,#3661,#3662);
#3660 = CARTESIAN_POINT('',(144.69322950886,188.20000000223,
    122.55715890731));
#3661 = DIRECTION('',(-1.2879E-13,-1.,1.25E-15));
#3662 = DIRECTION('',(-0.707106781187,9.19521658255E-14,0.707106781187)
  );
#3663 = ORIENTED_EDGE('',*,*,#3664,.F.);
#3664 = EDGE_CURVE('',#3665,#3656,#3667,.T.);
#3665 = VERTEX_POINT('',#3666);
#3666 = CARTESIAN_POINT('',(275.89322950886,188.20000000222,
    124.95715890731));
#3667 = LINE('',#3668,#3669);
#3668 = CARTESIAN_POINT('',(272.09322950886,188.20000000222,
    124.95715890731));
#3669 = VECTOR('',#3670,1.);
#3670 = DIRECTION('',(-1.,1.2879E-13,-5.6E-16));
#3671 = ORIENTED_EDGE('',*,*,#3672,.F.);
#3672 = EDGE_CURVE('',#3673,#3665,#3675,.T.);
#3673 = VERTEX_POINT('',#3674);
#3674 = CARTESIAN_POINT('',(278.29322950886,188.20000000222,
    122.55715890731));
#3675 = CIRCLE('',#3676,2.4);
#3676 = AXIS2_PLACEMENT_3D('',#3677,#3678,#3679);
#3677 = CARTESIAN_POINT('',(275.89322950886,188.20000000222,
    122.55715890731));
#3678 = DIRECTION('',(-1.2879E-13,-1.,1.25E-15));
#3679 = DIRECTION('',(0.707106781187,-9.018439887253E-14,0.707106781187)
  );
#3680 = ORIENTED_EDGE('',*,*,#3681,.F.);
#3681 = EDGE_CURVE('',#3682,#3673,#3684,.T.);
#3682 = VERTEX_POINT('',#3683);
#3683 = CARTESIAN_POINT('',(278.29322950886,188.20000000222,
    111.19642109084));
#3684 = LINE('',#3685,#3686);
#3685 = CARTESIAN_POINT('',(278.29322950886,188.20000000222,
    116.65715890731));
#3686 = VECTOR('',#3687,1.);
#3687 = DIRECTION('',(6.83E-15,1.25E-15,1.));
#3688 = ORIENTED_EDGE('',*,*,#3689,.F.);
#3689 = EDGE_CURVE('',#3690,#3682,#3692,.T.);
#3690 = VERTEX_POINT('',#3691);
#3691 = CARTESIAN_POINT('',(278.56246027809,188.20000000222,
    111.00878553826));
#3692 = CIRCLE('',#3693,0.2);
#3693 = AXIS2_PLACEMENT_3D('',#3694,#3695,#3696);
#3694 = CARTESIAN_POINT('',(278.49322950886,188.20000000222,
    111.19642109084));
#3695 = DIRECTION('',(1.2879E-13,1.,-1.25E-15));
#3696 = DIRECTION('',(-0.571771874897,7.261298395029E-14,-0.820412654142
    ));
#3697 = ORIENTED_EDGE('',*,*,#3698,.F.);
#3698 = EDGE_CURVE('',#3699,#3690,#3701,.T.);
#3699 = VERTEX_POINT('',#3700);
#3700 = CARTESIAN_POINT('',(278.56246027809,188.20000000222,
    106.50553227636));
#3701 = CIRCLE('',#3702,2.4);
#3702 = AXIS2_PLACEMENT_3D('',#3703,#3704,#3705);
#3703 = CARTESIAN_POINT('',(279.39322950886,188.20000000222,
    108.75715890731));
#3704 = DIRECTION('',(-1.2879E-13,-1.,1.25E-15));
#3705 = DIRECTION('',(1.,-1.2879E-13,2.E-16));
#3706 = ORIENTED_EDGE('',*,*,#3707,.F.);
#3707 = EDGE_CURVE('',#3708,#3699,#3710,.T.);
#3708 = VERTEX_POINT('',#3709);
#3709 = CARTESIAN_POINT('',(278.29322950886,188.20000000222,
    106.31789672378));
#3710 = CIRCLE('',#3711,0.2);
#3711 = AXIS2_PLACEMENT_3D('',#3712,#3713,#3714);
#3712 = CARTESIAN_POINT('',(278.49322950886,188.20000000222,
    106.31789672378));
#3713 = DIRECTION('',(1.2879E-13,1.,-1.25E-15));
#3714 = DIRECTION('',(-0.571771874897,7.466401558564E-14,0.820412654142)
  );
#3715 = ORIENTED_EDGE('',*,*,#3716,.F.);
#3716 = EDGE_CURVE('',#3717,#3708,#3719,.T.);
#3717 = VERTEX_POINT('',#3718);
#3718 = CARTESIAN_POINT('',(278.29322950886,188.20000000222,
    93.357158907316));
#3719 = LINE('',#3720,#3721);
#3720 = CARTESIAN_POINT('',(278.29322950886,188.20000000222,
    116.65715890731));
#3721 = VECTOR('',#3722,1.);
#3722 = DIRECTION('',(6.83E-15,1.25E-15,1.));
#3723 = ORIENTED_EDGE('',*,*,#3724,.F.);
#3724 = EDGE_CURVE('',#3725,#3717,#3727,.T.);
#3725 = VERTEX_POINT('',#3726);
#3726 = CARTESIAN_POINT('',(281.49322950886,188.20000000222,
    93.357158907316));
#3727 = LINE('',#3728,#3729);
#3728 = CARTESIAN_POINT('',(279.29322950886,188.20000000222,
    93.357158907316));
#3729 = VECTOR('',#3730,1.);
#3730 = DIRECTION('',(-1.,1.2879E-13,-1.401E-14));
#3731 = ORIENTED_EDGE('',*,*,#3732,.F.);
#3732 = EDGE_CURVE('',#3733,#3725,#3735,.T.);
#3733 = VERTEX_POINT('',#3734);
#3734 = CARTESIAN_POINT('',(283.09322950886,188.20000000222,
    94.957158907316));
#3735 = CIRCLE('',#3736,1.6);
#3736 = AXIS2_PLACEMENT_3D('',#3737,#3738,#3739);
#3737 = CARTESIAN_POINT('',(281.49322950886,188.20000000222,
    94.957158907316));
#3738 = DIRECTION('',(1.2879E-13,1.,-1.25E-15));
#3739 = DIRECTION('',(0.707106781187,-9.19521658255E-14,-0.707106781187)
  );
#3740 = ORIENTED_EDGE('',*,*,#3741,.F.);
#3741 = EDGE_CURVE('',#3742,#3733,#3744,.T.);
#3742 = VERTEX_POINT('',#3743);
#3743 = CARTESIAN_POINT('',(283.09322950886,188.20000000222,
    140.55715890731));
#3744 = LINE('',#3745,#3746);
#3745 = CARTESIAN_POINT('',(283.09322950886,188.20000000222,
    100.85715890731));
#3746 = VECTOR('',#3747,1.);
#3747 = DIRECTION('',(-3.6E-16,-1.25E-15,-1.));
#3748 = ORIENTED_EDGE('',*,*,#3749,.F.);
#3749 = EDGE_CURVE('',#3750,#3742,#3752,.T.);
#3750 = VERTEX_POINT('',#3751);
#3751 = CARTESIAN_POINT('',(279.49322950886,188.20000000222,
    144.15715890731));
#3752 = CIRCLE('',#3753,3.6);
#3753 = AXIS2_PLACEMENT_3D('',#3754,#3755,#3756);
#3754 = CARTESIAN_POINT('',(279.49322950886,188.20000000222,
    140.55715890731));
#3755 = DIRECTION('',(1.2879E-13,1.,-1.25E-15));
#3756 = DIRECTION('',(0.707106781187,-9.018439887253E-14,0.707106781187)
  );
#3757 = ORIENTED_EDGE('',*,*,#3758,.F.);
#3758 = EDGE_CURVE('',#3511,#3750,#3759,.T.);
#3759 = LINE('',#3760,#3761);
#3760 = CARTESIAN_POINT('',(282.09322950886,188.20000000222,
    144.15715890731));
#3761 = VECTOR('',#3762,1.);
#3762 = DIRECTION('',(1.,-1.2879E-13,2.E-16));
#3763 = ORIENTED_EDGE('',*,*,#3520,.F.);
#3764 = ORIENTED_EDGE('',*,*,#3487,.F.);
#3765 = FACE_BOUND('',#3766,.T.);
#3766 = EDGE_LOOP('',(#3767));
#3767 = ORIENTED_EDGE('',*,*,#3768,.F.);
#3768 = EDGE_CURVE('',#3769,#3769,#3771,.T.);
#3769 = VERTEX_POINT('',#3770);
#3770 = CARTESIAN_POINT('',(150.24322950886,188.20000000223,
    134.55715890731));
#3771 = CIRCLE('',#3772,3.15);
#3772 = AXIS2_PLACEMENT_3D('',#3773,#3774,#3775);
#3773 = CARTESIAN_POINT('',(147.09322950886,188.20000000223,
    134.55715890731));
#3774 = DIRECTION('',(-1.2879E-13,-1.,1.25E-15));
#3775 = DIRECTION('',(-1.,1.2879E-13,-2.E-16));
#3776 = FACE_BOUND('',#3777,.T.);
#3777 = EDGE_LOOP('',(#3778));
#3778 = ORIENTED_EDGE('',*,*,#3779,.F.);
#3779 = EDGE_CURVE('',#3780,#3780,#3782,.T.);
#3780 = VERTEX_POINT('',#3781);
#3781 = CARTESIAN_POINT('',(276.64322950886,188.20000000222,
    134.55715890731));
#3782 = CIRCLE('',#3783,3.15);
#3783 = AXIS2_PLACEMENT_3D('',#3784,#3785,#3786);
#3784 = CARTESIAN_POINT('',(273.49322950886,188.20000000222,
    134.55715890731));
#3785 = DIRECTION('',(-1.2879E-13,-1.,1.25E-15));
#3786 = DIRECTION('',(-1.,1.2879E-13,-2.E-16));
#3787 = PLANE('',#3788);
#3788 = AXIS2_PLACEMENT_3D('',#3789,#3790,#3791);
#3789 = CARTESIAN_POINT('',(280.69322950886,188.20000000222,
    108.75715890731));
#3790 = DIRECTION('',(-1.2879E-13,-1.,1.25E-15));
#3791 = DIRECTION('',(2.E-16,-1.25E-15,-1.));
#3792 = ADVANCED_FACE('',(#3793),#3804,.T.);
#3793 = FACE_BOUND('',#3794,.T.);
#3794 = EDGE_LOOP('',(#3795,#3801,#3802,#3803));
#3795 = ORIENTED_EDGE('',*,*,#3796,.F.);
#3796 = EDGE_CURVE('',#2030,#3750,#3797,.T.);
#3797 = LINE('',#3798,#3799);
#3798 = CARTESIAN_POINT('',(279.49322950886,188.60000000222,
    144.55715890731));
#3799 = VECTOR('',#3800,1.);
#3800 = DIRECTION('',(-9.407E-14,-0.707106781187,-0.707106781187));
#3801 = ORIENTED_EDGE('',*,*,#2029,.T.);
#3802 = ORIENTED_EDGE('',*,*,#3510,.T.);
#3803 = ORIENTED_EDGE('',*,*,#3758,.T.);
#3804 = PLANE('',#3805);
#3805 = AXIS2_PLACEMENT_3D('',#3806,#3807,#3808);
#3806 = CARTESIAN_POINT('',(282.09322950886,188.40000000222,
    144.35715890731));
#3807 = DIRECTION('',(-9.121E-14,-0.707106781187,0.707106781187));
#3808 = DIRECTION('',(1.,-5.209512029245E-18,1.28985209512E-13));
#3809 = ADVANCED_FACE('',(#3810),#3821,.T.);
#3810 = FACE_BOUND('',#3811,.T.);
#3811 = EDGE_LOOP('',(#3812,#3818,#3819,#3820));
#3812 = ORIENTED_EDGE('',*,*,#3813,.F.);
#3813 = EDGE_CURVE('',#2054,#3742,#3814,.T.);
#3814 = LINE('',#3815,#3816);
#3815 = CARTESIAN_POINT('',(283.49322950886,188.60000000222,
    140.55715890731));
#3816 = VECTOR('',#3817,1.);
#3817 = DIRECTION('',(-0.707106781187,-0.707106781186,7.4E-16));
#3818 = ORIENTED_EDGE('',*,*,#2053,.T.);
#3819 = ORIENTED_EDGE('',*,*,#3796,.T.);
#3820 = ORIENTED_EDGE('',*,*,#3749,.T.);
#3821 = CONICAL_SURFACE('',#3822,3.8,0.785398163397);
#3822 = AXIS2_PLACEMENT_3D('',#3823,#3824,#3825);
#3823 = CARTESIAN_POINT('',(279.49322950886,188.40000000222,
    140.55715890731));
#3824 = DIRECTION('',(1.3323E-13,1.,-1.25E-15));
#3825 = DIRECTION('',(0.707106781187,-9.3323952981E-14,0.707106781187));
#3826 = ADVANCED_FACE('',(#3827),#3838,.T.);
#3827 = FACE_BOUND('',#3828,.T.);
#3828 = EDGE_LOOP('',(#3829,#3830,#3831,#3837));
#3829 = ORIENTED_EDGE('',*,*,#3537,.F.);
#3830 = ORIENTED_EDGE('',*,*,#2078,.T.);
#3831 = ORIENTED_EDGE('',*,*,#3832,.T.);
#3832 = EDGE_CURVE('',#2079,#3562,#3833,.T.);
#3833 = LINE('',#3834,#3835);
#3834 = CARTESIAN_POINT('',(153.09322950886,188.60000000223,
    144.55715890731));
#3835 = VECTOR('',#3836,1.);
#3836 = DIRECTION('',(-9.407E-14,-0.707106781187,-0.707106781186));
#3837 = ORIENTED_EDGE('',*,*,#3561,.T.);
#3838 = CONICAL_SURFACE('',#3839,3.8,0.785398163397);
#3839 = AXIS2_PLACEMENT_3D('',#3840,#3841,#3842);
#3840 = CARTESIAN_POINT('',(153.09322950886,188.40000000223,
    140.55715890731));
#3841 = DIRECTION('',(1.3323E-13,1.,-1.25E-15));
#3842 = DIRECTION('',(0.707106781187,-9.3323952981E-14,0.707106781187));
#3843 = ADVANCED_FACE('',(#3844),#3855,.T.);
#3844 = FACE_BOUND('',#3845,.T.);
#3845 = EDGE_LOOP('',(#3846,#3847,#3848,#3854));
#3846 = ORIENTED_EDGE('',*,*,#3813,.T.);
#3847 = ORIENTED_EDGE('',*,*,#3741,.T.);
#3848 = ORIENTED_EDGE('',*,*,#3849,.F.);
#3849 = EDGE_CURVE('',#2104,#3733,#3850,.T.);
#3850 = LINE('',#3851,#3852);
#3851 = CARTESIAN_POINT('',(283.49322950886,188.60000000222,
    94.957158907316));
#3852 = VECTOR('',#3853,1.);
#3853 = DIRECTION('',(-0.707106781187,-0.707106781186,4.67E-15));
#3854 = ORIENTED_EDGE('',*,*,#2103,.T.);
#3855 = PLANE('',#3856);
#3856 = AXIS2_PLACEMENT_3D('',#3857,#3858,#3859);
#3857 = CARTESIAN_POINT('',(283.29322950886,188.40000000222,
    100.85715890731));
#3858 = DIRECTION('',(0.707106781186,-0.707106781187,6.2E-16));
#3859 = DIRECTION('',(-3.665937956644E-16,-1.243406204336E-15,-1.));
#3860 = ADVANCED_FACE('',(#3861),#3888,.T.);
#3861 = FACE_BOUND('',#3862,.T.);
#3862 = EDGE_LOOP('',(#3863,#3872,#3880,#3887));
#3863 = ORIENTED_EDGE('',*,*,#3864,.F.);
#3864 = EDGE_CURVE('',#3865,#2104,#3867,.T.);
#3865 = VERTEX_POINT('',#3866);
#3866 = CARTESIAN_POINT('',(281.49322950886,188.60000000222,
    92.957158907316));
#3867 = CIRCLE('',#3868,2.);
#3868 = AXIS2_PLACEMENT_3D('',#3869,#3870,#3871);
#3869 = CARTESIAN_POINT('',(281.49322950886,188.60000000222,
    94.957158907316));
#3870 = DIRECTION('',(-1.2879E-13,-1.,1.25E-15));
#3871 = DIRECTION('',(0.707106781187,-9.19521658255E-14,-0.707106781187)
  );
#3872 = ORIENTED_EDGE('',*,*,#3873,.T.);
#3873 = EDGE_CURVE('',#3865,#3874,#3876,.T.);
#3874 = VERTEX_POINT('',#3875);
#3875 = CARTESIAN_POINT('',(281.49322950886,194.20000000222,
    92.957158907316));
#3876 = LINE('',#3877,#3878);
#3877 = CARTESIAN_POINT('',(281.49322950886,192.20000000222,
    92.957158907316));
#3878 = VECTOR('',#3879,1.);
#3879 = DIRECTION('',(1.2879E-13,1.,-1.25E-15));
#3880 = ORIENTED_EDGE('',*,*,#3881,.F.);
#3881 = EDGE_CURVE('',#2112,#3874,#3882,.T.);
#3882 = CIRCLE('',#3883,2.);
#3883 = AXIS2_PLACEMENT_3D('',#3884,#3885,#3886);
#3884 = CARTESIAN_POINT('',(281.49322950886,194.20000000222,
    94.957158907316));
#3885 = DIRECTION('',(0.,1.,-1.25E-15));
#3886 = DIRECTION('',(0.707106781187,-8.838834764832E-16,-0.707106781187
    ));
#3887 = ORIENTED_EDGE('',*,*,#2111,.T.);
#3888 = CYLINDRICAL_SURFACE('',#3889,2.);
#3889 = AXIS2_PLACEMENT_3D('',#3890,#3891,#3892);
#3890 = CARTESIAN_POINT('',(281.49322950886,192.20000000222,
    94.957158907316));
#3891 = DIRECTION('',(-1.2879E-13,-1.,1.25E-15));
#3892 = DIRECTION('',(0.707106781187,-9.19521658255E-14,-0.707106781187)
  );
#3893 = ADVANCED_FACE('',(#3894),#3923,.F.);
#3894 = FACE_BOUND('',#3895,.T.);
#3895 = EDGE_LOOP('',(#3896,#3897,#3898,#3899,#3900,#3901,#3902,#3910,
    #3917,#3918,#3919,#3920,#3921,#3922));
#3896 = ORIENTED_EDGE('',*,*,#2331,.F.);
#3897 = ORIENTED_EDGE('',*,*,#2291,.F.);
#3898 = ORIENTED_EDGE('',*,*,#2218,.F.);
#3899 = ORIENTED_EDGE('',*,*,#2177,.F.);
#3900 = ORIENTED_EDGE('',*,*,#2119,.F.);
#3901 = ORIENTED_EDGE('',*,*,#3881,.T.);
#3902 = ORIENTED_EDGE('',*,*,#3903,.F.);
#3903 = EDGE_CURVE('',#3904,#3874,#3906,.T.);
#3904 = VERTEX_POINT('',#3905);
#3905 = CARTESIAN_POINT('',(139.09322950886,194.20000000222,
    92.957158907314));
#3906 = LINE('',#3907,#3908);
#3907 = CARTESIAN_POINT('',(283.49322950886,194.20000000222,
    92.957158907316));
#3908 = VECTOR('',#3909,1.);
#3909 = DIRECTION('',(1.,0.,1.368E-14));
#3910 = ORIENTED_EDGE('',*,*,#3911,.T.);
#3911 = EDGE_CURVE('',#3904,#2260,#3912,.T.);
#3912 = CIRCLE('',#3913,2.);
#3913 = AXIS2_PLACEMENT_3D('',#3914,#3915,#3916);
#3914 = CARTESIAN_POINT('',(139.09322950886,194.20000000223,
    94.957158907314));
#3915 = DIRECTION('',(0.,1.,-1.25E-15));
#3916 = DIRECTION('',(-0.707106781187,-8.838834764832E-16,
    -0.707106781187));
#3917 = ORIENTED_EDGE('',*,*,#2259,.F.);
#3918 = ORIENTED_EDGE('',*,*,#2313,.F.);
#3919 = ORIENTED_EDGE('',*,*,#2363,.F.);
#3920 = ORIENTED_EDGE('',*,*,#2411,.F.);
#3921 = ORIENTED_EDGE('',*,*,#2429,.F.);
#3922 = ORIENTED_EDGE('',*,*,#2380,.F.);
#3923 = PLANE('',#3924);
#3924 = AXIS2_PLACEMENT_3D('',#3925,#3926,#3927);
#3925 = CARTESIAN_POINT('',(210.29322950886,194.20000000222,
    105.75715890731));
#3926 = DIRECTION('',(0.,1.,-1.25E-15));
#3927 = DIRECTION('',(-2.E-16,1.25E-15,1.));
#3928 = ADVANCED_FACE('',(#3929),#3940,.T.);
#3929 = FACE_BOUND('',#3930,.T.);
#3930 = EDGE_LOOP('',(#3931,#3932,#3933,#3939));
#3931 = ORIENTED_EDGE('',*,*,#3832,.F.);
#3932 = ORIENTED_EDGE('',*,*,#2143,.T.);
#3933 = ORIENTED_EDGE('',*,*,#3934,.T.);
#3934 = EDGE_CURVE('',#2144,#3571,#3935,.T.);
#3935 = LINE('',#3936,#3937);
#3936 = CARTESIAN_POINT('',(141.09322950886,188.60000000223,
    144.55715890731));
#3937 = VECTOR('',#3938,1.);
#3938 = DIRECTION('',(-9.407E-14,-0.707106781187,-0.707106781186));
#3939 = ORIENTED_EDGE('',*,*,#3570,.T.);
#3940 = PLANE('',#3941);
#3941 = AXIS2_PLACEMENT_3D('',#3942,#3943,#3944);
#3942 = CARTESIAN_POINT('',(218.89322950886,188.40000000222,
    144.35715890731));
#3943 = DIRECTION('',(-9.121E-14,-0.707106781186,0.707106781187));
#3944 = DIRECTION('',(1.,-5.209512004443E-18,1.28985209512E-13));
#3945 = ADVANCED_FACE('',(#3946),#3957,.T.);
#3946 = FACE_BOUND('',#3947,.T.);
#3947 = EDGE_LOOP('',(#3948,#3949,#3950,#3956));
#3948 = ORIENTED_EDGE('',*,*,#3934,.F.);
#3949 = ORIENTED_EDGE('',*,*,#2191,.T.);
#3950 = ORIENTED_EDGE('',*,*,#3951,.T.);
#3951 = EDGE_CURVE('',#2192,#3579,#3952,.T.);
#3952 = LINE('',#3953,#3954);
#3953 = CARTESIAN_POINT('',(137.09322950886,188.60000000224,
    140.55715890731));
#3954 = VECTOR('',#3955,1.);
#3955 = DIRECTION('',(0.707106781186,-0.707106781187,1.02E-15));
#3956 = ORIENTED_EDGE('',*,*,#3578,.T.);
#3957 = CONICAL_SURFACE('',#3958,3.8,0.785398163397);
#3958 = AXIS2_PLACEMENT_3D('',#3959,#3960,#3961);
#3959 = CARTESIAN_POINT('',(141.09322950886,188.40000000223,
    140.55715890731));
#3960 = DIRECTION('',(1.3323E-13,1.,-1.25E-15));
#3961 = DIRECTION('',(-0.707106781187,9.509171993397E-14,0.707106781187)
  );
#3962 = ADVANCED_FACE('',(#3963),#3974,.T.);
#3963 = FACE_BOUND('',#3964,.T.);
#3964 = EDGE_LOOP('',(#3965,#3966,#3967,#3973));
#3965 = ORIENTED_EDGE('',*,*,#3951,.F.);
#3966 = ORIENTED_EDGE('',*,*,#2241,.T.);
#3967 = ORIENTED_EDGE('',*,*,#3968,.T.);
#3968 = EDGE_CURVE('',#2242,#3588,#3969,.T.);
#3969 = LINE('',#3970,#3971);
#3970 = CARTESIAN_POINT('',(137.09322950886,188.60000000223,
    94.957158907314));
#3971 = VECTOR('',#3972,1.);
#3972 = DIRECTION('',(0.707106781186,-0.707106781187,1.02E-15));
#3973 = ORIENTED_EDGE('',*,*,#3587,.T.);
#3974 = PLANE('',#3975);
#3975 = AXIS2_PLACEMENT_3D('',#3976,#3977,#3978);
#3976 = CARTESIAN_POINT('',(137.29322950886,188.40000000223,
    116.65715890731));
#3977 = DIRECTION('',(-0.707106781187,-0.707106781186,-4.5E-16));
#3978 = DIRECTION('',(-1.883198051533E-15,1.246801948467E-15,1.));
#3979 = ADVANCED_FACE('',(#3980),#3999,.T.);
#3980 = FACE_BOUND('',#3981,.T.);
#3981 = EDGE_LOOP('',(#3982,#3991,#3992,#3993));
#3982 = ORIENTED_EDGE('',*,*,#3983,.F.);
#3983 = EDGE_CURVE('',#2242,#3984,#3986,.T.);
#3984 = VERTEX_POINT('',#3985);
#3985 = CARTESIAN_POINT('',(139.09322950886,188.60000000223,
    92.957158907314));
#3986 = CIRCLE('',#3987,2.);
#3987 = AXIS2_PLACEMENT_3D('',#3988,#3989,#3990);
#3988 = CARTESIAN_POINT('',(139.09322950886,188.60000000223,
    94.957158907314));
#3989 = DIRECTION('',(-1.2879E-13,-1.,1.25E-15));
#3990 = DIRECTION('',(-0.707106781187,9.018439887253E-14,-0.707106781187
    ));
#3991 = ORIENTED_EDGE('',*,*,#2267,.T.);
#3992 = ORIENTED_EDGE('',*,*,#3911,.F.);
#3993 = ORIENTED_EDGE('',*,*,#3994,.T.);
#3994 = EDGE_CURVE('',#3904,#3984,#3995,.T.);
#3995 = LINE('',#3996,#3997);
#3996 = CARTESIAN_POINT('',(139.09322950886,192.20000000223,
    92.957158907314));
#3997 = VECTOR('',#3998,1.);
#3998 = DIRECTION('',(-1.3101E-13,-1.,1.25E-15));
#3999 = CYLINDRICAL_SURFACE('',#4000,2.);
#4000 = AXIS2_PLACEMENT_3D('',#4001,#4002,#4003);
#4001 = CARTESIAN_POINT('',(139.09322950886,192.20000000223,
    94.957158907314));
#4002 = DIRECTION('',(1.3101E-13,1.,-1.25E-15));
#4003 = DIRECTION('',(-0.707106781187,9.175417592677E-14,-0.707106781187
    ));
#4004 = ADVANCED_FACE('',(#4005),#4046,.F.);
#4005 = FACE_BOUND('',#4006,.F.);
#4006 = EDGE_LOOP('',(#4007,#4008,#4009,#4024,#4033));
#4007 = ORIENTED_EDGE('',*,*,#2464,.T.);
#4008 = ORIENTED_EDGE('',*,*,#2445,.T.);
#4009 = ORIENTED_EDGE('',*,*,#4010,.T.);
#4010 = EDGE_CURVE('',#2448,#4011,#4013,.T.);
#4011 = VERTEX_POINT('',#4012);
#4012 = CARTESIAN_POINT('',(141.88553720117,191.85000000223,
    106.88080338152));
#4013 = B_SPLINE_CURVE_WITH_KNOTS('',3,(#4014,#4015,#4016,#4017,#4018,
    #4019,#4020,#4021,#4022,#4023),.UNSPECIFIED.,.F.,.F.,(4,2,2,2,4),(
    0.276668165123,0.280600282061,0.30893504626,0.327683490944,
    0.346431935629),.UNSPECIFIED.);
#4014 = CARTESIAN_POINT('',(142.47040922836,192.20000000223,
    106.78451804691));
#4015 = CARTESIAN_POINT('',(142.46244497969,192.19026766884,
    106.79095571474));
#4016 = CARTESIAN_POINT('',(142.45427568145,192.18057434257,
    106.79722180363));
#4017 = CARTESIAN_POINT('',(142.38564532967,192.101553903,
    106.84708719612));
#4018 = CARTESIAN_POINT('',(142.31508885927,192.03545441287,
    106.88077293354));
#4019 = CARTESIAN_POINT('',(142.18973602377,191.94644290222,
    106.9123172838));
#4020 = CARTESIAN_POINT('',(142.13102775012,191.91203898719,
    106.91984478131));
#4021 = CARTESIAN_POINT('',(142.00831858646,191.86361593519,
    106.9150234743));
#4022 = CARTESIAN_POINT('',(141.94416844748,191.85000000223,
    106.90243620231));
#4023 = CARTESIAN_POINT('',(141.88553720117,191.85000000223,
    106.88080338152));
#4024 = ORIENTED_EDGE('',*,*,#4025,.F.);
#4025 = EDGE_CURVE('',#4026,#4011,#4028,.T.);
#4026 = VERTEX_POINT('',#4027);
#4027 = CARTESIAN_POINT('',(141.88553720117,191.85000000223,
    110.6335144331));
#4028 = CIRCLE('',#4029,2.);
#4029 = AXIS2_PLACEMENT_3D('',#4030,#4031,#4032);
#4030 = CARTESIAN_POINT('',(141.19322950886,191.85000000223,
    108.75715890731));
#4031 = DIRECTION('',(-1.3053E-13,-1.,1.39E-15));
#4032 = DIRECTION('',(-1.,1.3053E-13,-2.E-16));
#4033 = ORIENTED_EDGE('',*,*,#4034,.T.);
#4034 = EDGE_CURVE('',#4026,#2465,#4035,.T.);
#4035 = B_SPLINE_CURVE_WITH_KNOTS('',3,(#4036,#4037,#4038,#4039,#4040,
    #4041,#4042,#4043,#4044,#4045),.UNSPECIFIED.,.F.,.F.,(4,2,2,2,4),(
    9.416641776707E-02,0.112914862452,0.131663307136,0.159998071335,
    0.163930188273),.UNSPECIFIED.);
#4036 = CARTESIAN_POINT('',(141.88553720117,191.85000000223,
    110.6335144331));
#4037 = CARTESIAN_POINT('',(141.94416844748,191.85000000223,
    110.61188161231));
#4038 = CARTESIAN_POINT('',(142.00831858646,191.86361593519,
    110.59929434033));
#4039 = CARTESIAN_POINT('',(142.13102775012,191.91203898719,
    110.59447303332));
#4040 = CARTESIAN_POINT('',(142.18973602377,191.94644290222,
    110.60200053082));
#4041 = CARTESIAN_POINT('',(142.31508885927,192.03545441287,
    110.63354488109));
#4042 = CARTESIAN_POINT('',(142.38564532967,192.101553903,
    110.66723061851));
#4043 = CARTESIAN_POINT('',(142.45427568145,192.18057434257,
    110.71709601099));
#4044 = CARTESIAN_POINT('',(142.46244497969,192.19026766884,
    110.72336209989));
#4045 = CARTESIAN_POINT('',(142.47040922836,192.20000000223,
    110.72979976771));
#4046 = CONICAL_SURFACE('',#4047,2.175,0.785398163398);
#4047 = AXIS2_PLACEMENT_3D('',#4048,#4049,#4050);
#4048 = CARTESIAN_POINT('',(141.19322950886,192.02500000223,
    108.75715890731));
#4049 = DIRECTION('',(1.2688E-13,1.,-1.25E-15));
#4050 = DIRECTION('',(-1.,1.2688E-13,-2.E-16));
#4051 = ADVANCED_FACE('',(#4052,#4164,#4217,#4231,#4284,#4337,#4441,
    #4494,#4598,#4601,#4654,#4707,#4760,#4813,#4827,#4880,#4933,#5003,
    #5073,#5126,#5179),#5283,.F.);
#4052 = FACE_BOUND('',#4053,.T.);
#4053 = EDGE_LOOP('',(#4054,#4065,#4073,#4082,#4090,#4097,#4098,#4107,
    #4115,#4123,#4131,#4140,#4149,#4158));
#4054 = ORIENTED_EDGE('',*,*,#4055,.T.);
#4055 = EDGE_CURVE('',#4056,#4058,#4060,.T.);
#4056 = VERTEX_POINT('',#4057);
#4057 = CARTESIAN_POINT('',(277.89322950886,192.20000000222,
    122.55715890731));
#4058 = VERTEX_POINT('',#4059);
#4059 = CARTESIAN_POINT('',(275.89322950886,192.20000000222,
    124.55715890731));
#4060 = CIRCLE('',#4061,2.);
#4061 = AXIS2_PLACEMENT_3D('',#4062,#4063,#4064);
#4062 = CARTESIAN_POINT('',(275.89322950886,192.20000000222,
    122.55715890731));
#4063 = DIRECTION('',(-1.3053E-13,-1.,1.39E-15));
#4064 = DIRECTION('',(0.707106781187,-9.131576972243E-14,0.707106781187)
  );
#4065 = ORIENTED_EDGE('',*,*,#4066,.F.);
#4066 = EDGE_CURVE('',#4067,#4058,#4069,.T.);
#4067 = VERTEX_POINT('',#4068);
#4068 = CARTESIAN_POINT('',(144.69322950886,192.20000000223,
    124.55715890731));
#4069 = LINE('',#4070,#4071);
#4070 = CARTESIAN_POINT('',(136.89322950886,192.20000000223,
    124.55715890731));
#4071 = VECTOR('',#4072,1.);
#4072 = DIRECTION('',(1.,-1.3078E-13,2.13E-15));
#4073 = ORIENTED_EDGE('',*,*,#4074,.T.);
#4074 = EDGE_CURVE('',#4067,#4075,#4077,.T.);
#4075 = VERTEX_POINT('',#4076);
#4076 = CARTESIAN_POINT('',(142.69322950886,192.20000000223,
    122.55715890731));
#4077 = CIRCLE('',#4078,2.);
#4078 = AXIS2_PLACEMENT_3D('',#4079,#4080,#4081);
#4079 = CARTESIAN_POINT('',(144.69322950886,192.20000000223,
    122.55715890731));
#4080 = DIRECTION('',(-1.3053E-13,-1.,1.39E-15));
#4081 = DIRECTION('',(-0.707106781187,9.328152657413E-14,0.707106781187)
  );
#4082 = ORIENTED_EDGE('',*,*,#4083,.T.);
#4083 = EDGE_CURVE('',#4075,#4084,#4086,.T.);
#4084 = VERTEX_POINT('',#4085);
#4085 = CARTESIAN_POINT('',(142.69322950886,192.20000000223,
    111.19642109084));
#4086 = LINE('',#4087,#4088);
#4087 = CARTESIAN_POINT('',(142.69322950886,192.20000000223,
    99.357158907316));
#4088 = VECTOR('',#4089,1.);
#4089 = DIRECTION('',(1.6E-15,-1.39E-15,-1.));
#4090 = ORIENTED_EDGE('',*,*,#4091,.T.);
#4091 = EDGE_CURVE('',#4084,#2465,#4092,.T.);
#4092 = CIRCLE('',#4093,0.6);
#4093 = AXIS2_PLACEMENT_3D('',#4094,#4095,#4096);
#4094 = CARTESIAN_POINT('',(142.09322950886,192.20000000223,
    111.19642109084));
#4095 = DIRECTION('',(1.3053E-13,1.,-1.39E-15));
#4096 = DIRECTION('',(0.571771874897,-7.577375641954E-14,-0.820412654142
    ));
#4097 = ORIENTED_EDGE('',*,*,#2473,.F.);
#4098 = ORIENTED_EDGE('',*,*,#4099,.T.);
#4099 = EDGE_CURVE('',#2448,#4100,#4102,.T.);
#4100 = VERTEX_POINT('',#4101);
#4101 = CARTESIAN_POINT('',(142.69322950886,192.20000000223,
    106.31789672378));
#4102 = CIRCLE('',#4103,0.6);
#4103 = AXIS2_PLACEMENT_3D('',#4104,#4105,#4106);
#4104 = CARTESIAN_POINT('',(142.09322950886,192.20000000223,
    106.31789672378));
#4105 = DIRECTION('',(1.3053E-13,1.,-1.39E-15));
#4106 = DIRECTION('',(0.571771874897,-7.349300924103E-14,0.820412654142)
  );
#4107 = ORIENTED_EDGE('',*,*,#4108,.T.);
#4108 = EDGE_CURVE('',#4100,#4109,#4111,.T.);
#4109 = VERTEX_POINT('',#4110);
#4110 = CARTESIAN_POINT('',(142.69322950886,192.20000000223,
    92.957158907316));
#4111 = LINE('',#4112,#4113);
#4112 = CARTESIAN_POINT('',(142.69322950886,192.20000000223,
    99.357158907316));
#4113 = VECTOR('',#4114,1.);
#4114 = DIRECTION('',(1.6E-15,-1.39E-15,-1.));
#4115 = ORIENTED_EDGE('',*,*,#4116,.T.);
#4116 = EDGE_CURVE('',#4109,#4117,#4119,.T.);
#4117 = VERTEX_POINT('',#4118);
#4118 = CARTESIAN_POINT('',(277.89322950886,192.20000000222,
    92.957158907316));
#4119 = LINE('',#4120,#4121);
#4120 = CARTESIAN_POINT('',(173.69322950886,192.20000000223,
    92.957158907315));
#4121 = VECTOR('',#4122,1.);
#4122 = DIRECTION('',(1.,-1.3053E-13,1.368E-14));
#4123 = ORIENTED_EDGE('',*,*,#4124,.T.);
#4124 = EDGE_CURVE('',#4117,#4125,#4127,.T.);
#4125 = VERTEX_POINT('',#4126);
#4126 = CARTESIAN_POINT('',(277.89322950886,192.20000000222,
    106.31789672378));
#4127 = LINE('',#4128,#4129);
#4128 = CARTESIAN_POINT('',(277.89322950886,192.20000000222,
    115.15715890731));
#4129 = VECTOR('',#4130,1.);
#4130 = DIRECTION('',(6.83E-15,1.39E-15,1.));
#4131 = ORIENTED_EDGE('',*,*,#4132,.T.);
#4132 = EDGE_CURVE('',#4125,#4133,#4135,.T.);
#4133 = VERTEX_POINT('',#4134);
#4134 = CARTESIAN_POINT('',(278.70092181656,192.20000000222,
    106.88080338152));
#4135 = CIRCLE('',#4136,0.6);
#4136 = AXIS2_PLACEMENT_3D('',#4137,#4138,#4139);
#4137 = CARTESIAN_POINT('',(278.49322950886,192.20000000222,
    106.31789672378));
#4138 = DIRECTION('',(1.3053E-13,1.,-1.39E-15));
#4139 = DIRECTION('',(-0.571771874897,7.577375641954E-14,0.820412654142)
  );
#4140 = ORIENTED_EDGE('',*,*,#4141,.F.);
#4141 = EDGE_CURVE('',#4142,#4133,#4144,.T.);
#4142 = VERTEX_POINT('',#4143);
#4143 = CARTESIAN_POINT('',(278.70092181656,192.20000000222,
    110.6335144331));
#4144 = CIRCLE('',#4145,2.);
#4145 = AXIS2_PLACEMENT_3D('',#4146,#4147,#4148);
#4146 = CARTESIAN_POINT('',(279.39322950886,192.20000000222,
    108.75715890731));
#4147 = DIRECTION('',(1.3053E-13,1.,-1.39E-15));
#4148 = DIRECTION('',(1.,-1.3053E-13,2.E-16));
#4149 = ORIENTED_EDGE('',*,*,#4150,.T.);
#4150 = EDGE_CURVE('',#4142,#4151,#4153,.T.);
#4151 = VERTEX_POINT('',#4152);
#4152 = CARTESIAN_POINT('',(277.89322950886,192.20000000222,
    111.19642109084));
#4153 = CIRCLE('',#4154,0.6);
#4154 = AXIS2_PLACEMENT_3D('',#4155,#4156,#4157);
#4155 = CARTESIAN_POINT('',(278.49322950886,192.20000000222,
    111.19642109084));
#4156 = DIRECTION('',(1.3053E-13,1.,-1.39E-15));
#4157 = DIRECTION('',(-0.571771874897,7.349300924103E-14,-0.820412654142
    ));
#4158 = ORIENTED_EDGE('',*,*,#4159,.T.);
#4159 = EDGE_CURVE('',#4151,#4056,#4160,.T.);
#4160 = LINE('',#4161,#4162);
#4161 = CARTESIAN_POINT('',(277.89322950886,192.20000000222,
    115.15715890731));
#4162 = VECTOR('',#4163,1.);
#4163 = DIRECTION('',(6.83E-15,1.39E-15,1.));
#4164 = FACE_BOUND('',#4165,.T.);
#4165 = EDGE_LOOP('',(#4166,#4176,#4185,#4193,#4202,#4210));
#4166 = ORIENTED_EDGE('',*,*,#4167,.T.);
#4167 = EDGE_CURVE('',#4168,#4170,#4172,.T.);
#4168 = VERTEX_POINT('',#4169);
#4169 = CARTESIAN_POINT('',(263.54322950888,192.20000000222,
    116.92666520203));
#4170 = VERTEX_POINT('',#4171);
#4171 = CARTESIAN_POINT('',(255.58015882418,192.20000000222,
    121.52414620542));
#4172 = LINE('',#4173,#4174);
#4173 = CARTESIAN_POINT('',(242.01121321626,192.20000000222,
    129.35818060477));
#4174 = VECTOR('',#4175,1.);
#4175 = DIRECTION('',(-0.866025403784,1.1374E-13,0.5));
#4176 = ORIENTED_EDGE('',*,*,#4177,.T.);
#4177 = EDGE_CURVE('',#4170,#4178,#4180,.T.);
#4178 = VERTEX_POINT('',#4179);
#4179 = CARTESIAN_POINT('',(255.83015882418,192.20000000222,
    122.45715890731));
#4180 = CIRCLE('',#4181,0.5);
#4181 = AXIS2_PLACEMENT_3D('',#4182,#4183,#4184);
#4182 = CARTESIAN_POINT('',(255.83015882418,192.20000000222,
    121.95715890731));
#4183 = DIRECTION('',(1.3053E-13,1.,-1.39E-15));
#4184 = DIRECTION('',(-1.796E-14,1.390000000002E-15,1.));
#4185 = ORIENTED_EDGE('',*,*,#4186,.T.);
#4186 = EDGE_CURVE('',#4178,#4187,#4189,.T.);
#4187 = VERTEX_POINT('',#4188);
#4188 = CARTESIAN_POINT('',(272.7563001867,192.20000000222,
    122.45715890731));
#4189 = LINE('',#4190,#4191);
#4190 = CARTESIAN_POINT('',(241.52476484778,192.20000000222,
    122.45715890731));
#4191 = VECTOR('',#4192,1.);
#4192 = DIRECTION('',(1.,-1.3053E-13,-2.342E-14));
#4193 = ORIENTED_EDGE('',*,*,#4194,.T.);
#4194 = EDGE_CURVE('',#4187,#4195,#4197,.T.);
#4195 = VERTEX_POINT('',#4196);
#4196 = CARTESIAN_POINT('',(273.00630018686,192.20000000222,
    121.52414620551));
#4197 = CIRCLE('',#4198,0.5);
#4198 = AXIS2_PLACEMENT_3D('',#4199,#4200,#4201);
#4199 = CARTESIAN_POINT('',(272.7563001867,192.20000000222,
    121.95715890731));
#4200 = DIRECTION('',(1.3053E-13,1.,-1.39E-15));
#4201 = DIRECTION('',(0.500000000324,-6.646877535329E-14,-0.866025403597
    ));
#4202 = ORIENTED_EDGE('',*,*,#4203,.T.);
#4203 = EDGE_CURVE('',#4195,#4204,#4206,.T.);
#4204 = VERTEX_POINT('',#4205);
#4205 = CARTESIAN_POINT('',(265.04322950888,192.20000000222,
    116.92666520203));
#4206 = LINE('',#4207,#4208);
#4207 = CARTESIAN_POINT('',(242.09371046696,192.20000000222,
    103.67675419396));
#4208 = VECTOR('',#4209,1.);
#4209 = DIRECTION('',(-0.866025403597,1.1235E-13,-0.500000000324));
#4210 = ORIENTED_EDGE('',*,*,#4211,.T.);
#4211 = EDGE_CURVE('',#4204,#4168,#4212,.T.);
#4212 = CIRCLE('',#4213,1.499999999996);
#4213 = AXIS2_PLACEMENT_3D('',#4214,#4215,#4216);
#4214 = CARTESIAN_POINT('',(264.29322950888,192.20000000222,
    118.2257033077));
#4215 = DIRECTION('',(1.3053E-13,1.,-1.39E-15));
#4216 = DIRECTION('',(-0.5,6.406122468876E-14,-0.866025403784));
#4217 = FACE_BOUND('',#4218,.T.);
#4218 = EDGE_LOOP('',(#4219,#4220,#4221,#4222,#4223,#4224,#4225,#4226,
    #4227,#4228,#4229,#4230));
#4219 = ORIENTED_EDGE('',*,*,#2978,.T.);
#4220 = ORIENTED_EDGE('',*,*,#2928,.T.);
#4221 = ORIENTED_EDGE('',*,*,#2897,.T.);
#4222 = ORIENTED_EDGE('',*,*,#2946,.T.);
#4223 = ORIENTED_EDGE('',*,*,#2995,.T.);
#4224 = ORIENTED_EDGE('',*,*,#3044,.T.);
#4225 = ORIENTED_EDGE('',*,*,#3093,.T.);
#4226 = ORIENTED_EDGE('',*,*,#3142,.T.);
#4227 = ORIENTED_EDGE('',*,*,#3167,.T.);
#4228 = ORIENTED_EDGE('',*,*,#3124,.T.);
#4229 = ORIENTED_EDGE('',*,*,#3076,.T.);
#4230 = ORIENTED_EDGE('',*,*,#3026,.T.);
#4231 = FACE_BOUND('',#4232,.T.);
#4232 = EDGE_LOOP('',(#4233,#4243,#4252,#4260,#4269,#4277));
#4233 = ORIENTED_EDGE('',*,*,#4234,.T.);
#4234 = EDGE_CURVE('',#4235,#4237,#4239,.T.);
#4235 = VERTEX_POINT('',#4236);
#4236 = CARTESIAN_POINT('',(220.34322950888,192.20000000222,
    116.92666521157));
#4237 = VERTEX_POINT('',#4238);
#4238 = CARTESIAN_POINT('',(212.3801588407,192.20000000222,
    121.52414620542));
#4239 = LINE('',#4240,#4241);
#4240 = CARTESIAN_POINT('',(215.01121322659,192.20000000222,
    120.00510624747));
#4241 = VECTOR('',#4242,1.);
#4242 = DIRECTION('',(-0.866025403784,1.1374E-13,0.5));
#4243 = ORIENTED_EDGE('',*,*,#4244,.T.);
#4244 = EDGE_CURVE('',#4237,#4245,#4247,.T.);
#4245 = VERTEX_POINT('',#4246);
#4246 = CARTESIAN_POINT('',(212.6301588407,192.20000000222,
    122.45715890731));
#4247 = CIRCLE('',#4248,0.5);
#4248 = AXIS2_PLACEMENT_3D('',#4249,#4250,#4251);
#4249 = CARTESIAN_POINT('',(212.6301588407,192.20000000222,
    121.95715890731));
#4250 = DIRECTION('',(1.3053E-13,1.,-1.39E-15));
#4251 = DIRECTION('',(-3.128E-14,1.390000000004E-15,1.));
#4252 = ORIENTED_EDGE('',*,*,#4253,.T.);
#4253 = EDGE_CURVE('',#4245,#4254,#4256,.T.);
#4254 = VERTEX_POINT('',#4255);
#4255 = CARTESIAN_POINT('',(229.55630017017,192.20000000222,
    122.45715890731));
#4256 = LINE('',#4257,#4258);
#4257 = CARTESIAN_POINT('',(219.92476483952,192.20000000222,
    122.45715890731));
#4258 = VECTOR('',#4259,1.);
#4259 = DIRECTION('',(1.,-1.3053E-13,-2.289E-14));
#4260 = ORIENTED_EDGE('',*,*,#4261,.T.);
#4261 = EDGE_CURVE('',#4254,#4262,#4264,.T.);
#4262 = VERTEX_POINT('',#4263);
#4263 = CARTESIAN_POINT('',(229.80630017033,192.20000000222,
    121.52414620551));
#4264 = CIRCLE('',#4265,0.5);
#4265 = AXIS2_PLACEMENT_3D('',#4266,#4267,#4268);
#4266 = CARTESIAN_POINT('',(229.55630017017,192.20000000222,
    121.95715890731));
#4267 = DIRECTION('',(1.3053E-13,1.,-1.39E-15));
#4268 = DIRECTION('',(0.500000000324,-6.646877535328E-14,-0.866025403597
    ));
#4269 = ORIENTED_EDGE('',*,*,#4270,.T.);
#4270 = EDGE_CURVE('',#4262,#4271,#4273,.T.);
#4271 = VERTEX_POINT('',#4272);
#4272 = CARTESIAN_POINT('',(221.84322950888,192.20000000222,
    116.92666521157));
#4273 = LINE('',#4274,#4275);
#4274 = CARTESIAN_POINT('',(215.09371045789,192.20000000222,
    113.02982856722));
#4275 = VECTOR('',#4276,1.);
#4276 = DIRECTION('',(-0.866025403597,1.1235E-13,-0.500000000324));
#4277 = ORIENTED_EDGE('',*,*,#4278,.T.);
#4278 = EDGE_CURVE('',#4271,#4235,#4279,.T.);
#4279 = CIRCLE('',#4280,1.499999999995);
#4280 = AXIS2_PLACEMENT_3D('',#4281,#4282,#4283);
#4281 = CARTESIAN_POINT('',(221.09322950888,192.20000000222,
    118.22570331724));
#4282 = DIRECTION('',(1.3053E-13,1.,-1.39E-15));
#4283 = DIRECTION('',(-0.5,6.406122468874E-14,-0.866025403784));
#4284 = FACE_BOUND('',#4285,.T.);
#4285 = EDGE_LOOP('',(#4286,#4296,#4305,#4313,#4322,#4330));
#4286 = ORIENTED_EDGE('',*,*,#4287,.T.);
#4287 = EDGE_CURVE('',#4288,#4290,#4292,.T.);
#4288 = VERTEX_POINT('',#4289);
#4289 = CARTESIAN_POINT('',(178.64322950883,192.20000000223,
    100.58765260783));
#4290 = VERTEX_POINT('',#4291);
#4291 = CARTESIAN_POINT('',(186.60630018528,192.20000000223,
    95.990171609208));
#4292 = LINE('',#4293,#4294);
#4293 = CARTESIAN_POINT('',(193.37428390198,192.20000000223,
    92.082674388505));
#4294 = VECTOR('',#4295,1.);
#4295 = DIRECTION('',(0.866025403784,-1.1374E-13,-0.5));
#4296 = ORIENTED_EDGE('',*,*,#4297,.T.);
#4297 = EDGE_CURVE('',#4290,#4298,#4300,.T.);
#4298 = VERTEX_POINT('',#4299);
#4299 = CARTESIAN_POINT('',(186.35630018528,192.20000000223,
    95.057158907316));
#4300 = CIRCLE('',#4301,0.5);
#4301 = AXIS2_PLACEMENT_3D('',#4302,#4303,#4304);
#4302 = CARTESIAN_POINT('',(186.35630018528,192.20000000223,
    95.557158907316));
#4303 = DIRECTION('',(1.3053E-13,1.,-1.39E-15));
#4304 = DIRECTION('',(-4.24E-15,-1.389999999999E-15,-1.));
#4305 = ORIENTED_EDGE('',*,*,#4306,.T.);
#4306 = EDGE_CURVE('',#4298,#4307,#4309,.T.);
#4307 = VERTEX_POINT('',#4308);
#4308 = CARTESIAN_POINT('',(169.43015883241,192.20000000223,
    95.057158907316));
#4309 = LINE('',#4310,#4311);
#4310 = CARTESIAN_POINT('',(189.86169417064,192.20000000223,
    95.057158907316));
#4311 = VECTOR('',#4312,1.);
#4312 = DIRECTION('',(-1.,1.3053E-13,4.6E-16));
#4313 = ORIENTED_EDGE('',*,*,#4314,.T.);
#4314 = EDGE_CURVE('',#4307,#4315,#4317,.T.);
#4315 = VERTEX_POINT('',#4316);
#4316 = CARTESIAN_POINT('',(169.18015883241,192.20000000223,
    95.990171609208));
#4317 = CIRCLE('',#4318,0.5);
#4318 = AXIS2_PLACEMENT_3D('',#4319,#4320,#4321);
#4319 = CARTESIAN_POINT('',(169.43015883241,192.20000000223,
    95.557158907316));
#4320 = DIRECTION('',(1.3053E-13,1.,-1.39E-15));
#4321 = DIRECTION('',(-0.5,6.646877531126E-14,0.866025403784));
#4322 = ORIENTED_EDGE('',*,*,#4323,.T.);
#4323 = EDGE_CURVE('',#4315,#4324,#4326,.T.);
#4324 = VERTEX_POINT('',#4325);
#4325 = CARTESIAN_POINT('',(177.14322950886,192.20000000223,
    100.58765260783));
#4326 = LINE('',#4327,#4328);
#4327 = CARTESIAN_POINT('',(190.69371045396,192.20000000223,
    108.41102642913));
#4328 = VECTOR('',#4329,1.);
#4329 = DIRECTION('',(0.866025403784,-1.1235E-13,0.5));
#4330 = ORIENTED_EDGE('',*,*,#4331,.T.);
#4331 = EDGE_CURVE('',#4324,#4288,#4332,.T.);
#4332 = CIRCLE('',#4333,1.499999999971);
#4333 = AXIS2_PLACEMENT_3D('',#4334,#4335,#4336);
#4334 = CARTESIAN_POINT('',(177.89322950885,192.20000000223,
    99.288614502182));
#4335 = DIRECTION('',(1.3053E-13,1.,-1.39E-15));
#4336 = DIRECTION('',(0.5,-6.406122468874E-14,0.866025403784));
#4337 = FACE_BOUND('',#4338,.T.);
#4338 = EDGE_LOOP('',(#4339,#4349,#4358,#4366,#4375,#4383,#4392,#4400,
    #4409,#4417,#4426,#4434));
#4339 = ORIENTED_EDGE('',*,*,#4340,.T.);
#4340 = EDGE_CURVE('',#4341,#4343,#4345,.T.);
#4341 = VERTEX_POINT('',#4342);
#4342 = CARTESIAN_POINT('',(211.29322950885,192.20000000222,
    119.72681402193));
#4343 = VERTEX_POINT('',#4344);
#4344 = CARTESIAN_POINT('',(219.2932295095,192.20000000222,
    115.10801186804));
#4345 = LINE('',#4346,#4347);
#4346 = CARTESIAN_POINT('',(217.94274856202,192.20000000222,
    115.8877124066));
#4347 = VECTOR('',#4348,1.);
#4348 = DIRECTION('',(0.866025403784,-1.1374E-13,-0.5));
#4349 = ORIENTED_EDGE('',*,*,#4350,.T.);
#4350 = EDGE_CURVE('',#4343,#4351,#4353,.T.);
#4351 = VERTEX_POINT('',#4352);
#4352 = CARTESIAN_POINT('',(220.29322950982,192.20000000222,
    113.3759610595));
#4353 = CIRCLE('',#4354,2.000000000654);
#4354 = AXIS2_PLACEMENT_3D('',#4355,#4356,#4357);
#4355 = CARTESIAN_POINT('',(218.29322950917,192.20000000222,
    113.37596105991));
#4356 = DIRECTION('',(1.3053E-13,1.,-1.39E-15));
#4357 = DIRECTION('',(1.,-1.305300000003E-13,-2.0580184E-10));
#4358 = ORIENTED_EDGE('',*,*,#4359,.T.);
#4359 = EDGE_CURVE('',#4351,#4360,#4362,.T.);
#4360 = VERTEX_POINT('',#4361);
#4361 = CARTESIAN_POINT('',(220.29322950792,192.20000000222,
    104.13835675687));
#4362 = LINE('',#4363,#4364);
#4363 = CARTESIAN_POINT('',(220.29322950809,192.20000000222,
    104.94775783106));
#4364 = VECTOR('',#4365,1.);
#4365 = DIRECTION('',(-2.0577989E-10,-1.39E-15,-1.));
#4366 = ORIENTED_EDGE('',*,*,#4367,.T.);
#4367 = EDGE_CURVE('',#4360,#4368,#4370,.T.);
#4368 = VERTEX_POINT('',#4369);
#4369 = CARTESIAN_POINT('',(219.29322950788,192.20000000222,
    102.40630594964));
#4370 = CIRCLE('',#4371,2.000000000083);
#4371 = AXIS2_PLACEMENT_3D('',#4372,#4373,#4374);
#4372 = CARTESIAN_POINT('',(218.29322950784,192.20000000222,
    104.13835675728));
#4373 = DIRECTION('',(1.3053E-13,1.,-1.39E-15));
#4374 = DIRECTION('',(0.5,-6.646877531126E-14,-0.866025403784));
#4375 = ORIENTED_EDGE('',*,*,#4376,.T.);
#4376 = EDGE_CURVE('',#4368,#4377,#4379,.T.);
#4377 = VERTEX_POINT('',#4378);
#4378 = CARTESIAN_POINT('',(211.29322950886,192.20000000222,
    97.7875037927));
#4379 = LINE('',#4380,#4381);
#4380 = CARTESIAN_POINT('',(212.64371045693,192.20000000222,
    98.567204332279));
#4381 = VECTOR('',#4382,1.);
#4382 = DIRECTION('',(-0.866025403597,1.1235E-13,-0.500000000324));
#4383 = ORIENTED_EDGE('',*,*,#4384,.T.);
#4384 = EDGE_CURVE('',#4377,#4385,#4387,.T.);
#4385 = VERTEX_POINT('',#4386);
#4386 = CARTESIAN_POINT('',(209.29322950886,192.20000000223,
    97.7875037927));
#4387 = CIRCLE('',#4388,1.999999999995);
#4388 = AXIS2_PLACEMENT_3D('',#4389,#4390,#4391);
#4389 = CARTESIAN_POINT('',(210.29322950886,192.20000000223,
    99.519554600265));
#4390 = DIRECTION('',(1.3053E-13,1.,-1.39E-15));
#4391 = DIRECTION('',(-0.5,6.406122468874E-14,-0.866025403784));
#4392 = ORIENTED_EDGE('',*,*,#4393,.T.);
#4393 = EDGE_CURVE('',#4385,#4394,#4396,.T.);
#4394 = VERTEX_POINT('',#4395);
#4395 = CARTESIAN_POINT('',(201.29322951268,192.20000000223,
    102.40630594401));
#4396 = LINE('',#4397,#4398);
#4397 = CARTESIAN_POINT('',(203.94274856361,192.20000000223,
    100.87660540673));
#4398 = VECTOR('',#4399,1.);
#4399 = DIRECTION('',(-0.866025403784,1.1374E-13,0.5));
#4400 = ORIENTED_EDGE('',*,*,#4401,.T.);
#4401 = EDGE_CURVE('',#4394,#4402,#4404,.T.);
#4402 = VERTEX_POINT('',#4403);
#4403 = CARTESIAN_POINT('',(200.29322950885,192.20000000223,
    104.13835675821));
#4404 = CIRCLE('',#4405,2.000000007649);
#4405 = AXIS2_PLACEMENT_3D('',#4406,#4407,#4408);
#4406 = CARTESIAN_POINT('',(202.2932295165,192.20000000223,
    104.13835675821));
#4407 = DIRECTION('',(1.3053E-13,1.,-1.39E-15));
#4408 = DIRECTION('',(-1.,1.3053E-13,6.46E-15));
#4409 = ORIENTED_EDGE('',*,*,#4410,.T.);
#4410 = EDGE_CURVE('',#4402,#4411,#4413,.T.);
#4411 = VERTEX_POINT('',#4412);
#4412 = CARTESIAN_POINT('',(200.29322950885,192.20000000223,
    113.37596106083));
#4413 = LINE('',#4414,#4415);
#4414 = CARTESIAN_POINT('',(200.29322950885,192.20000000223,
    109.56655998407));
#4415 = VECTOR('',#4416,1.);
#4416 = DIRECTION('',(-7.59E-15,1.39E-15,1.));
#4417 = ORIENTED_EDGE('',*,*,#4418,.T.);
#4418 = EDGE_CURVE('',#4411,#4419,#4421,.T.);
#4419 = VERTEX_POINT('',#4420);
#4420 = CARTESIAN_POINT('',(201.29322950885,192.20000000223,
    115.1080118684));
#4421 = CIRCLE('',#4422,2.);
#4422 = AXIS2_PLACEMENT_3D('',#4423,#4424,#4425);
#4423 = CARTESIAN_POINT('',(202.29322950885,192.20000000223,
    113.37596106083));
#4424 = DIRECTION('',(1.3053E-13,1.,-1.39E-15));
#4425 = DIRECTION('',(-0.5,6.646877531126E-14,0.866025403784));
#4426 = ORIENTED_EDGE('',*,*,#4427,.T.);
#4427 = EDGE_CURVE('',#4419,#4428,#4430,.T.);
#4428 = VERTEX_POINT('',#4429);
#4429 = CARTESIAN_POINT('',(209.29322950888,192.20000000223,
    119.72681402193));
#4430 = LINE('',#4431,#4432);
#4431 = CARTESIAN_POINT('',(206.64371045603,192.20000000223,
    118.19711348355));
#4432 = VECTOR('',#4433,1.);
#4433 = DIRECTION('',(0.866025403784,-1.1235E-13,0.5));
#4434 = ORIENTED_EDGE('',*,*,#4435,.T.);
#4435 = EDGE_CURVE('',#4428,#4341,#4436,.T.);
#4436 = CIRCLE('',#4437,1.999999999971);
#4437 = AXIS2_PLACEMENT_3D('',#4438,#4439,#4440);
#4438 = CARTESIAN_POINT('',(210.29322950886,192.20000000223,
    117.99476321439));
#4439 = DIRECTION('',(1.3053E-13,1.,-1.39E-15));
#4440 = DIRECTION('',(0.5,-6.406122468874E-14,0.866025403784));
#4441 = FACE_BOUND('',#4442,.T.);
#4442 = EDGE_LOOP('',(#4443,#4453,#4462,#4470,#4479,#4487));
#4443 = ORIENTED_EDGE('',*,*,#4444,.T.);
#4444 = EDGE_CURVE('',#4445,#4447,#4449,.T.);
#4445 = VERTEX_POINT('',#4446);
#4446 = CARTESIAN_POINT('',(186.60630015381,192.20000000223,
    121.52414620551));
#4447 = VERTEX_POINT('',#4448);
#4448 = CARTESIAN_POINT('',(178.64322950888,192.20000000223,
    116.92666522111));
#4449 = LINE('',#4450,#4451);
#4450 = CARTESIAN_POINT('',(188.09371044883,192.20000000223,
    122.38290294048));
#4451 = VECTOR('',#4452,1.);
#4452 = DIRECTION('',(-0.866025403597,1.1235E-13,-0.500000000324));
#4453 = ORIENTED_EDGE('',*,*,#4454,.T.);
#4454 = EDGE_CURVE('',#4447,#4455,#4457,.T.);
#4455 = VERTEX_POINT('',#4456);
#4456 = CARTESIAN_POINT('',(177.14322950888,192.20000000223,
    116.92666522111));
#4457 = CIRCLE('',#4458,1.499999999995);
#4458 = AXIS2_PLACEMENT_3D('',#4459,#4460,#4461);
#4459 = CARTESIAN_POINT('',(177.89322950888,192.20000000223,
    118.22570332678));
#4460 = DIRECTION('',(1.3053E-13,1.,-1.39E-15));
#4461 = DIRECTION('',(-0.5,6.406122468874E-14,-0.866025403784));
#4462 = ORIENTED_EDGE('',*,*,#4463,.T.);
#4463 = EDGE_CURVE('',#4455,#4464,#4466,.T.);
#4464 = VERTEX_POINT('',#4465);
#4465 = CARTESIAN_POINT('',(169.18015885722,192.20000000223,
    121.52414620542));
#4466 = LINE('',#4467,#4468);
#4467 = CARTESIAN_POINT('',(188.01121323692,192.20000000223,
    110.65203189018));
#4468 = VECTOR('',#4469,1.);
#4469 = DIRECTION('',(-0.866025403784,1.1374E-13,0.5));
#4470 = ORIENTED_EDGE('',*,*,#4471,.T.);
#4471 = EDGE_CURVE('',#4464,#4472,#4474,.T.);
#4472 = VERTEX_POINT('',#4473);
#4473 = CARTESIAN_POINT('',(169.43015885723,192.20000000223,
    122.45715890731));
#4474 = CIRCLE('',#4475,0.5);
#4475 = AXIS2_PLACEMENT_3D('',#4476,#4477,#4478);
#4476 = CARTESIAN_POINT('',(169.43015885723,192.20000000223,
    121.95715890731));
#4477 = DIRECTION('',(1.3053E-13,1.,-1.39E-15));
#4478 = DIRECTION('',(-1.796E-14,1.390000000002E-15,1.));
#4479 = ORIENTED_EDGE('',*,*,#4480,.T.);
#4480 = EDGE_CURVE('',#4472,#4481,#4483,.T.);
#4481 = VERTEX_POINT('',#4482);
#4482 = CARTESIAN_POINT('',(186.35630015365,192.20000000223,
    122.45715890731));
#4483 = LINE('',#4484,#4485);
#4484 = CARTESIAN_POINT('',(198.32476483126,192.20000000223,
    122.45715890731));
#4485 = VECTOR('',#4486,1.);
#4486 = DIRECTION('',(1.,-1.3053E-13,-2.342E-14));
#4487 = ORIENTED_EDGE('',*,*,#4488,.T.);
#4488 = EDGE_CURVE('',#4481,#4445,#4489,.T.);
#4489 = CIRCLE('',#4490,0.5);
#4490 = AXIS2_PLACEMENT_3D('',#4491,#4492,#4493);
#4491 = CARTESIAN_POINT('',(186.35630015365,192.20000000223,
    121.95715890731));
#4492 = DIRECTION('',(1.3053E-13,1.,-1.39E-15));
#4493 = DIRECTION('',(0.500000000324,-6.64687753533E-14,-0.866025403597)
  );
#4494 = FACE_BOUND('',#4495,.T.);
#4495 = EDGE_LOOP('',(#4496,#4506,#4515,#4523,#4532,#4540,#4549,#4557,
    #4566,#4574,#4583,#4591));
#4496 = ORIENTED_EDGE('',*,*,#4497,.T.);
#4497 = EDGE_CURVE('',#4498,#4500,#4502,.T.);
#4498 = VERTEX_POINT('',#4499);
#4499 = CARTESIAN_POINT('',(244.69322950885,192.20000000222,
    114.76160169735));
#4500 = VERTEX_POINT('',#4501);
#4501 = CARTESIAN_POINT('',(252.69322950888,192.20000000222,
    119.38040385088));
#4502 = LINE('',#4503,#4504);
#4503 = CARTESIAN_POINT('',(233.8437104581,192.20000000222,
    108.49762895282));
#4504 = VECTOR('',#4505,1.);
#4505 = DIRECTION('',(0.866025403784,-1.1235E-13,0.5));
#4506 = ORIENTED_EDGE('',*,*,#4507,.T.);
#4507 = EDGE_CURVE('',#4500,#4508,#4510,.T.);
#4508 = VERTEX_POINT('',#4509);
#4509 = CARTESIAN_POINT('',(254.29322950885,192.20000000222,
    119.38040385088));
#4510 = CIRCLE('',#4511,1.599999999971);
#4511 = AXIS2_PLACEMENT_3D('',#4512,#4513,#4514);
#4512 = CARTESIAN_POINT('',(253.49322950886,192.20000000222,
    117.99476320485));
#4513 = DIRECTION('',(1.3053E-13,1.,-1.39E-15));
#4514 = DIRECTION('',(0.5,-6.406122468873E-14,0.866025403784));
#4515 = ORIENTED_EDGE('',*,*,#4516,.T.);
#4516 = EDGE_CURVE('',#4508,#4517,#4519,.T.);
#4517 = VERTEX_POINT('',#4518);
#4518 = CARTESIAN_POINT('',(262.2932295095,192.20000000222,
    114.76160169699));
#4519 = LINE('',#4520,#4521);
#4520 = CARTESIAN_POINT('',(244.74274855996,192.20000000222,
    124.89437659762));
#4521 = VECTOR('',#4522,1.);
#4522 = DIRECTION('',(0.866025403784,-1.1374E-13,-0.5));
#4523 = ORIENTED_EDGE('',*,*,#4524,.T.);
#4524 = EDGE_CURVE('',#4517,#4525,#4527,.T.);
#4525 = VERTEX_POINT('',#4526);
#4526 = CARTESIAN_POINT('',(263.09322950982,192.20000000222,
    113.37596105004));
#4527 = CIRCLE('',#4528,1.600000000654);
#4528 = AXIS2_PLACEMENT_3D('',#4529,#4530,#4531);
#4529 = CARTESIAN_POINT('',(261.49322950917,192.20000000222,
    113.37596105037));
#4530 = DIRECTION('',(1.3053E-13,1.,-1.39E-15));
#4531 = DIRECTION('',(1.,-1.305300000003E-13,-2.0576576E-10));
#4532 = ORIENTED_EDGE('',*,*,#4533,.T.);
#4533 = EDGE_CURVE('',#4525,#4534,#4536,.T.);
#4534 = VERTEX_POINT('',#4535);
#4535 = CARTESIAN_POINT('',(263.09322950792,192.20000000222,
    104.13835674741));
#4536 = LINE('',#4537,#4538);
#4537 = CARTESIAN_POINT('',(263.09322950809,192.20000000222,
    104.94775782193));
#4538 = VECTOR('',#4539,1.);
#4539 = DIRECTION('',(-2.0577892E-10,-1.39E-15,-1.));
#4540 = ORIENTED_EDGE('',*,*,#4541,.T.);
#4541 = EDGE_CURVE('',#4534,#4542,#4544,.T.);
#4542 = VERTEX_POINT('',#4543);
#4543 = CARTESIAN_POINT('',(262.29322950775,192.20000000222,
    102.75271610154));
#4544 = CIRCLE('',#4545,1.600000000083);
#4545 = AXIS2_PLACEMENT_3D('',#4546,#4547,#4548);
#4546 = CARTESIAN_POINT('',(261.49322950784,192.20000000222,
    104.13835674774));
#4547 = DIRECTION('',(1.3053E-13,1.,-1.39E-15));
#4548 = DIRECTION('',(0.499999999919,-6.646877530075E-14,-0.866025403831
    ));
#4549 = ORIENTED_EDGE('',*,*,#4550,.T.);
#4550 = EDGE_CURVE('',#4542,#4551,#4553,.T.);
#4551 = VERTEX_POINT('',#4552);
#4552 = CARTESIAN_POINT('',(254.29322950886,192.20000000222,
    98.133913944674));
#4553 = LINE('',#4554,#4555);
#4554 = CARTESIAN_POINT('',(239.44371046593,192.20000000222,
    89.560540120496));
#4555 = VECTOR('',#4556,1.);
#4556 = DIRECTION('',(-0.866025403597,1.1235E-13,-0.500000000324));
#4557 = ORIENTED_EDGE('',*,*,#4558,.T.);
#4558 = EDGE_CURVE('',#4551,#4559,#4561,.T.);
#4559 = VERTEX_POINT('',#4560);
#4560 = CARTESIAN_POINT('',(252.69322950887,192.20000000222,
    98.133913944674));
#4561 = CIRCLE('',#4562,1.599999999995);
#4562 = AXIS2_PLACEMENT_3D('',#4563,#4564,#4565);
#4563 = CARTESIAN_POINT('',(253.49322950886,192.20000000222,
    99.519554590725));
#4564 = DIRECTION('',(1.3053E-13,1.,-1.39E-15));
#4565 = DIRECTION('',(-0.5,6.406122468874E-14,-0.866025403784));
#4566 = ORIENTED_EDGE('',*,*,#4567,.T.);
#4567 = EDGE_CURVE('',#4559,#4568,#4570,.T.);
#4568 = VERTEX_POINT('',#4569);
#4569 = CARTESIAN_POINT('',(244.69322951268,192.20000000222,
    102.75271609599));
#4570 = LINE('',#4571,#4572);
#4571 = CARTESIAN_POINT('',(231.14274856154,192.20000000222,
    110.57608992077));
#4572 = VECTOR('',#4573,1.);
#4573 = DIRECTION('',(-0.866025403784,1.1374E-13,0.5));
#4574 = ORIENTED_EDGE('',*,*,#4575,.T.);
#4575 = EDGE_CURVE('',#4568,#4576,#4578,.T.);
#4576 = VERTEX_POINT('',#4577);
#4577 = CARTESIAN_POINT('',(243.89322950885,192.20000000222,
    104.13835674867));
#4578 = CIRCLE('',#4579,1.60000000765);
#4579 = AXIS2_PLACEMENT_3D('',#4580,#4581,#4582);
#4580 = CARTESIAN_POINT('',(245.4932295165,192.20000000222,
    104.13835674867));
#4581 = DIRECTION('',(1.3053E-13,1.,-1.39E-15));
#4582 = DIRECTION('',(-1.,1.3053E-13,-1.408E-14));
#4583 = ORIENTED_EDGE('',*,*,#4584,.T.);
#4584 = EDGE_CURVE('',#4576,#4585,#4587,.T.);
#4585 = VERTEX_POINT('',#4586);
#4586 = CARTESIAN_POINT('',(243.89322950885,192.20000000222,
    113.3759610513));
#4587 = LINE('',#4588,#4589);
#4588 = CARTESIAN_POINT('',(243.89322950885,192.20000000222,
    109.5665599793));
#4589 = VECTOR('',#4590,1.);
#4590 = DIRECTION('',(-2.12E-15,1.39E-15,1.));
#4591 = ORIENTED_EDGE('',*,*,#4592,.T.);
#4592 = EDGE_CURVE('',#4585,#4498,#4593,.T.);
#4593 = CIRCLE('',#4594,1.6);
#4594 = AXIS2_PLACEMENT_3D('',#4595,#4596,#4597);
#4595 = CARTESIAN_POINT('',(245.49322950885,192.20000000222,
    113.3759610513));
#4596 = DIRECTION('',(1.3053E-13,1.,-1.39E-15));
#4597 = DIRECTION('',(-0.5,6.646877531126E-14,0.866025403784));
#4598 = FACE_BOUND('',#4599,.T.);
#4599 = EDGE_LOOP('',(#4600));
#4600 = ORIENTED_EDGE('',*,*,#2756,.T.);
#4601 = FACE_BOUND('',#4602,.T.);
#4602 = EDGE_LOOP('',(#4603,#4613,#4622,#4630,#4639,#4647));
#4603 = ORIENTED_EDGE('',*,*,#4604,.T.);
#4604 = EDGE_CURVE('',#4605,#4607,#4609,.T.);
#4605 = VERTEX_POINT('',#4606);
#4606 = CARTESIAN_POINT('',(255.58015886546,192.20000000222,
    95.990171609208));
#4607 = VERTEX_POINT('',#4608);
#4608 = CARTESIAN_POINT('',(263.54322950886,192.20000000222,
    100.58765258875));
#4609 = LINE('',#4610,#4611);
#4610 = CARTESIAN_POINT('',(244.69371045809,192.20000000222,
    89.704877690695));
#4611 = VECTOR('',#4612,1.);
#4612 = DIRECTION('',(0.866025403784,-1.1235E-13,0.5));
#4613 = ORIENTED_EDGE('',*,*,#4614,.T.);
#4614 = EDGE_CURVE('',#4607,#4615,#4617,.T.);
#4615 = VERTEX_POINT('',#4616);
#4616 = CARTESIAN_POINT('',(265.04322950883,192.20000000222,
    100.58765258875));
#4617 = CIRCLE('',#4618,1.499999999971);
#4618 = AXIS2_PLACEMENT_3D('',#4619,#4620,#4621);
#4619 = CARTESIAN_POINT('',(264.29322950885,192.20000000222,
    99.288614483103));
#4620 = DIRECTION('',(1.3053E-13,1.,-1.39E-15));
#4621 = DIRECTION('',(0.5,-6.406122468877E-14,0.866025403784));
#4622 = ORIENTED_EDGE('',*,*,#4623,.T.);
#4623 = EDGE_CURVE('',#4615,#4624,#4626,.T.);
#4624 = VERTEX_POINT('',#4625);
#4625 = CARTESIAN_POINT('',(273.00630015224,192.20000000222,
    95.990171609208));
#4626 = LINE('',#4627,#4628);
#4627 = CARTESIAN_POINT('',(247.37428388132,192.20000000222,
    110.78882310309));
#4628 = VECTOR('',#4629,1.);
#4629 = DIRECTION('',(0.866025403784,-1.1374E-13,-0.5));
#4630 = ORIENTED_EDGE('',*,*,#4631,.T.);
#4631 = EDGE_CURVE('',#4624,#4632,#4634,.T.);
#4632 = VERTEX_POINT('',#4633);
#4633 = CARTESIAN_POINT('',(272.75630015224,192.20000000222,
    95.057158907316));
#4634 = CIRCLE('',#4635,0.5);
#4635 = AXIS2_PLACEMENT_3D('',#4636,#4637,#4638);
#4636 = CARTESIAN_POINT('',(272.75630015224,192.20000000222,
    95.557158907316));
#4637 = DIRECTION('',(1.3053E-13,1.,-1.39E-15));
#4638 = DIRECTION('',(2.E-16,-1.39E-15,-1.));
#4639 = ORIENTED_EDGE('',*,*,#4640,.T.);
#4640 = EDGE_CURVE('',#4632,#4641,#4643,.T.);
#4641 = VERTEX_POINT('',#4642);
#4642 = CARTESIAN_POINT('',(255.83015886545,192.20000000222,
    95.057158907316));
#4643 = LINE('',#4644,#4645);
#4644 = CARTESIAN_POINT('',(233.06169418716,192.20000000222,
    95.057158907316));
#4645 = VECTOR('',#4646,1.);
#4646 = DIRECTION('',(-1.,1.3053E-13,4.6E-16));
#4647 = ORIENTED_EDGE('',*,*,#4648,.T.);
#4648 = EDGE_CURVE('',#4641,#4605,#4649,.T.);
#4649 = CIRCLE('',#4650,0.5);
#4650 = AXIS2_PLACEMENT_3D('',#4651,#4652,#4653);
#4651 = CARTESIAN_POINT('',(255.83015886545,192.20000000222,
    95.557158907316));
#4652 = DIRECTION('',(1.3053E-13,1.,-1.39E-15));
#4653 = DIRECTION('',(-0.5,6.646877531125E-14,0.866025403784));
#4654 = FACE_BOUND('',#4655,.T.);
#4655 = EDGE_LOOP('',(#4656,#4666,#4675,#4683,#4692,#4700));
#4656 = ORIENTED_EDGE('',*,*,#4657,.T.);
#4657 = EDGE_CURVE('',#4658,#4660,#4662,.T.);
#4658 = VERTEX_POINT('',#4659);
#4659 = CARTESIAN_POINT('',(243.44322950883,192.20000000222,
    100.58765259352));
#4660 = VERTEX_POINT('',#4661);
#4661 = CARTESIAN_POINT('',(251.4063001605,192.20000000222,
    95.990171609208));
#4662 = LINE('',#4663,#4664);
#4663 = CARTESIAN_POINT('',(233.87428388649,192.20000000222,
    106.11228592444));
#4664 = VECTOR('',#4665,1.);
#4665 = DIRECTION('',(0.866025403784,-1.1374E-13,-0.5));
#4666 = ORIENTED_EDGE('',*,*,#4667,.T.);
#4667 = EDGE_CURVE('',#4660,#4668,#4670,.T.);
#4668 = VERTEX_POINT('',#4669);
#4669 = CARTESIAN_POINT('',(251.1563001605,192.20000000222,
    95.057158907316));
#4670 = CIRCLE('',#4671,0.5);
#4671 = AXIS2_PLACEMENT_3D('',#4672,#4673,#4674);
#4672 = CARTESIAN_POINT('',(251.1563001605,192.20000000222,
    95.557158907316));
#4673 = DIRECTION('',(1.3053E-13,1.,-1.39E-15));
#4674 = DIRECTION('',(2.E-16,-1.39E-15,-1.));
#4675 = ORIENTED_EDGE('',*,*,#4676,.T.);
#4676 = EDGE_CURVE('',#4668,#4677,#4679,.T.);
#4677 = VERTEX_POINT('',#4678);
#4678 = CARTESIAN_POINT('',(234.23015885719,192.20000000222,
    95.057158907316));
#4679 = LINE('',#4680,#4681);
#4680 = CARTESIAN_POINT('',(222.26169418303,192.20000000222,
    95.057158907316));
#4681 = VECTOR('',#4682,1.);
#4682 = DIRECTION('',(-1.,1.3053E-13,4.6E-16));
#4683 = ORIENTED_EDGE('',*,*,#4684,.T.);
#4684 = EDGE_CURVE('',#4677,#4685,#4687,.T.);
#4685 = VERTEX_POINT('',#4686);
#4686 = CARTESIAN_POINT('',(233.98015885719,192.20000000222,
    95.990171609208));
#4687 = CIRCLE('',#4688,0.5);
#4688 = AXIS2_PLACEMENT_3D('',#4689,#4690,#4691);
#4689 = CARTESIAN_POINT('',(234.23015885719,192.20000000222,
    95.557158907316));
#4690 = DIRECTION('',(1.3053E-13,1.,-1.39E-15));
#4691 = DIRECTION('',(-0.5,6.646877531128E-14,0.866025403784));
#4692 = ORIENTED_EDGE('',*,*,#4693,.T.);
#4693 = EDGE_CURVE('',#4685,#4694,#4696,.T.);
#4694 = VERTEX_POINT('',#4695);
#4695 = CARTESIAN_POINT('',(241.94322950886,192.20000000222,
    100.58765259352));
#4696 = LINE('',#4697,#4698);
#4697 = CARTESIAN_POINT('',(231.19371045705,192.20000000222,
    94.381414875305));
#4698 = VECTOR('',#4699,1.);
#4699 = DIRECTION('',(0.866025403784,-1.1235E-13,0.5));
#4700 = ORIENTED_EDGE('',*,*,#4701,.T.);
#4701 = EDGE_CURVE('',#4694,#4658,#4702,.T.);
#4702 = CIRCLE('',#4703,1.499999999971);
#4703 = AXIS2_PLACEMENT_3D('',#4704,#4705,#4706);
#4704 = CARTESIAN_POINT('',(242.69322950885,192.20000000222,
    99.288614487873));
#4705 = DIRECTION('',(1.3053E-13,1.,-1.39E-15));
#4706 = DIRECTION('',(0.5,-6.406122468874E-14,0.866025403784));
#4707 = FACE_BOUND('',#4708,.T.);
#4708 = EDGE_LOOP('',(#4709,#4719,#4728,#4736,#4745,#4753));
#4709 = ORIENTED_EDGE('',*,*,#4710,.T.);
#4710 = EDGE_CURVE('',#4711,#4713,#4715,.T.);
#4711 = VERTEX_POINT('',#4712);
#4712 = CARTESIAN_POINT('',(165.00630014555,192.20000000223,
    121.52414620551));
#4713 = VERTEX_POINT('',#4714);
#4714 = CARTESIAN_POINT('',(157.04322950888,192.20000000223,
    116.92666522588));
#4715 = LINE('',#4716,#4717);
#4716 = CARTESIAN_POINT('',(174.5937104443,192.20000000223,
    127.05944012711));
#4717 = VECTOR('',#4718,1.);
#4718 = DIRECTION('',(-0.866025403597,1.1235E-13,-0.500000000324));
#4719 = ORIENTED_EDGE('',*,*,#4720,.T.);
#4720 = EDGE_CURVE('',#4713,#4721,#4723,.T.);
#4721 = VERTEX_POINT('',#4722);
#4722 = CARTESIAN_POINT('',(155.54322950888,192.20000000223,
    116.92666522588));
#4723 = CIRCLE('',#4724,1.499999999995);
#4724 = AXIS2_PLACEMENT_3D('',#4725,#4726,#4727);
#4725 = CARTESIAN_POINT('',(156.29322950888,192.20000000223,
    118.22570333155));
#4726 = DIRECTION('',(1.3053E-13,1.,-1.39E-15));
#4727 = DIRECTION('',(-0.5,6.406122468874E-14,-0.866025403784));
#4728 = ORIENTED_EDGE('',*,*,#4729,.T.);
#4729 = EDGE_CURVE('',#4721,#4730,#4732,.T.);
#4730 = VERTEX_POINT('',#4731);
#4731 = CARTESIAN_POINT('',(147.58015886549,192.20000000223,
    121.52414620542));
#4732 = LINE('',#4733,#4734);
#4733 = CARTESIAN_POINT('',(174.51121324208,192.20000000223,
    105.97549471153));
#4734 = VECTOR('',#4735,1.);
#4735 = DIRECTION('',(-0.866025403784,1.1374E-13,0.5));
#4736 = ORIENTED_EDGE('',*,*,#4737,.T.);
#4737 = EDGE_CURVE('',#4730,#4738,#4740,.T.);
#4738 = VERTEX_POINT('',#4739);
#4739 = CARTESIAN_POINT('',(147.83015886549,192.20000000223,
    122.45715890731));
#4740 = CIRCLE('',#4741,0.5);
#4741 = AXIS2_PLACEMENT_3D('',#4742,#4743,#4744);
#4742 = CARTESIAN_POINT('',(147.83015886549,192.20000000223,
    121.95715890731));
#4743 = DIRECTION('',(1.3053E-13,1.,-1.39E-15));
#4744 = DIRECTION('',(-3.572E-14,1.390000000005E-15,1.));
#4745 = ORIENTED_EDGE('',*,*,#4746,.T.);
#4746 = EDGE_CURVE('',#4738,#4747,#4749,.T.);
#4747 = VERTEX_POINT('',#4748);
#4748 = CARTESIAN_POINT('',(164.75630014539,192.20000000223,
    122.45715890731));
#4749 = LINE('',#4750,#4751);
#4750 = CARTESIAN_POINT('',(187.52476482713,192.20000000223,
    122.45715890731));
#4751 = VECTOR('',#4752,1.);
#4752 = DIRECTION('',(1.,-1.3053E-13,-2.342E-14));
#4753 = ORIENTED_EDGE('',*,*,#4754,.T.);
#4754 = EDGE_CURVE('',#4747,#4711,#4755,.T.);
#4755 = CIRCLE('',#4756,0.5);
#4756 = AXIS2_PLACEMENT_3D('',#4757,#4758,#4759);
#4757 = CARTESIAN_POINT('',(164.75630014539,192.20000000223,
    121.95715890731));
#4758 = DIRECTION('',(1.3053E-13,1.,-1.39E-15));
#4759 = DIRECTION('',(0.500000000324,-6.64687753533E-14,-0.866025403597)
  );
#4760 = FACE_BOUND('',#4761,.T.);
#4761 = EDGE_LOOP('',(#4762,#4772,#4781,#4789,#4798,#4806));
#4762 = ORIENTED_EDGE('',*,*,#4763,.T.);
#4763 = EDGE_CURVE('',#4764,#4766,#4768,.T.);
#4764 = VERTEX_POINT('',#4765);
#4765 = CARTESIAN_POINT('',(212.38015884893,192.20000000222,
    95.990171609208));
#4766 = VERTEX_POINT('',#4767);
#4767 = CARTESIAN_POINT('',(220.34322950886,192.20000000222,
    100.58765259829));
#4768 = LINE('',#4769,#4770);
#4769 = CARTESIAN_POINT('',(217.69371045602,192.20000000222,
    99.057952059914));
#4770 = VECTOR('',#4771,1.);
#4771 = DIRECTION('',(0.866025403784,-1.1235E-13,0.5));
#4772 = ORIENTED_EDGE('',*,*,#4773,.T.);
#4773 = EDGE_CURVE('',#4766,#4774,#4776,.T.);
#4774 = VERTEX_POINT('',#4775);
#4775 = CARTESIAN_POINT('',(221.84322950883,192.20000000222,
    100.58765259829));
#4776 = CIRCLE('',#4777,1.499999999971);
#4777 = AXIS2_PLACEMENT_3D('',#4778,#4779,#4780);
#4778 = CARTESIAN_POINT('',(221.09322950885,192.20000000222,
    99.288614492643));
#4779 = DIRECTION('',(1.3053E-13,1.,-1.39E-15));
#4780 = DIRECTION('',(0.5,-6.406122468874E-14,0.866025403784));
#4781 = ORIENTED_EDGE('',*,*,#4782,.T.);
#4782 = EDGE_CURVE('',#4774,#4783,#4785,.T.);
#4783 = VERTEX_POINT('',#4784);
#4784 = CARTESIAN_POINT('',(229.80630016876,192.20000000222,
    95.990171609208));
#4785 = LINE('',#4786,#4787);
#4786 = CARTESIAN_POINT('',(220.37428389165,192.20000000222,
    101.4357487458));
#4787 = VECTOR('',#4788,1.);
#4788 = DIRECTION('',(0.866025403784,-1.1374E-13,-0.5));
#4789 = ORIENTED_EDGE('',*,*,#4790,.T.);
#4790 = EDGE_CURVE('',#4783,#4791,#4793,.T.);
#4791 = VERTEX_POINT('',#4792);
#4792 = CARTESIAN_POINT('',(229.55630016876,192.20000000222,
    95.057158907316));
#4793 = CIRCLE('',#4794,0.5);
#4794 = AXIS2_PLACEMENT_3D('',#4795,#4796,#4797);
#4795 = CARTESIAN_POINT('',(229.55630016876,192.20000000222,
    95.557158907316));
#4796 = DIRECTION('',(1.3053E-13,1.,-1.39E-15));
#4797 = DIRECTION('',(2.E-16,-1.39E-15,-1.));
#4798 = ORIENTED_EDGE('',*,*,#4799,.T.);
#4799 = EDGE_CURVE('',#4791,#4800,#4802,.T.);
#4800 = VERTEX_POINT('',#4801);
#4801 = CARTESIAN_POINT('',(212.63015884893,192.20000000222,
    95.057158907316));
#4802 = LINE('',#4803,#4804);
#4803 = CARTESIAN_POINT('',(211.4616941789,192.20000000222,
    95.057158907316));
#4804 = VECTOR('',#4805,1.);
#4805 = DIRECTION('',(-1.,1.3053E-13,5.9E-16));
#4806 = ORIENTED_EDGE('',*,*,#4807,.T.);
#4807 = EDGE_CURVE('',#4800,#4764,#4808,.T.);
#4808 = CIRCLE('',#4809,0.5);
#4809 = AXIS2_PLACEMENT_3D('',#4810,#4811,#4812);
#4810 = CARTESIAN_POINT('',(212.63015884893,192.20000000222,
    95.557158907316));
#4811 = DIRECTION('',(1.3053E-13,1.,-1.39E-15));
#4812 = DIRECTION('',(-0.5,6.646877531126E-14,0.866025403784));
#4813 = FACE_BOUND('',#4814,.T.);
#4814 = EDGE_LOOP('',(#4815,#4816,#4817,#4818,#4819,#4820,#4821,#4822,
    #4823,#4824,#4825,#4826));
#4815 = ORIENTED_EDGE('',*,*,#3387,.T.);
#4816 = ORIENTED_EDGE('',*,*,#3436,.T.);
#4817 = ORIENTED_EDGE('',*,*,#3461,.T.);
#4818 = ORIENTED_EDGE('',*,*,#3418,.T.);
#4819 = ORIENTED_EDGE('',*,*,#3370,.T.);
#4820 = ORIENTED_EDGE('',*,*,#3320,.T.);
#4821 = ORIENTED_EDGE('',*,*,#3272,.T.);
#4822 = ORIENTED_EDGE('',*,*,#3222,.T.);
#4823 = ORIENTED_EDGE('',*,*,#3191,.T.);
#4824 = ORIENTED_EDGE('',*,*,#3240,.T.);
#4825 = ORIENTED_EDGE('',*,*,#3289,.T.);
#4826 = ORIENTED_EDGE('',*,*,#3338,.T.);
#4827 = FACE_BOUND('',#4828,.T.);
#4828 = EDGE_LOOP('',(#4829,#4839,#4848,#4856,#4865,#4873));
#4829 = ORIENTED_EDGE('',*,*,#4830,.T.);
#4830 = EDGE_CURVE('',#4831,#4833,#4835,.T.);
#4831 = VERTEX_POINT('',#4832);
#4832 = CARTESIAN_POINT('',(190.78015884067,192.20000000223,
    95.990171609208));
#4833 = VERTEX_POINT('',#4834);
#4834 = CARTESIAN_POINT('',(198.74322950886,192.20000000223,
    100.58765260306));
#4835 = LINE('',#4836,#4837);
#4836 = CARTESIAN_POINT('',(204.19371045499,192.20000000223,
    103.73448924452));
#4837 = VECTOR('',#4838,1.);
#4838 = DIRECTION('',(0.866025403784,-1.1235E-13,0.5));
#4839 = ORIENTED_EDGE('',*,*,#4840,.T.);
#4840 = EDGE_CURVE('',#4833,#4841,#4843,.T.);
#4841 = VERTEX_POINT('',#4842);
#4842 = CARTESIAN_POINT('',(200.24322950883,192.20000000223,
    100.58765260306));
#4843 = CIRCLE('',#4844,1.499999999971);
#4844 = AXIS2_PLACEMENT_3D('',#4845,#4846,#4847);
#4845 = CARTESIAN_POINT('',(199.49322950885,192.20000000223,
    99.288614497413));
#4846 = DIRECTION('',(1.3053E-13,1.,-1.39E-15));
#4847 = DIRECTION('',(0.5,-6.406122468874E-14,0.866025403784));
#4848 = ORIENTED_EDGE('',*,*,#4849,.T.);
#4849 = EDGE_CURVE('',#4841,#4850,#4852,.T.);
#4850 = VERTEX_POINT('',#4851);
#4851 = CARTESIAN_POINT('',(208.20630017702,192.20000000223,
    95.990171609208));
#4852 = LINE('',#4853,#4854);
#4853 = CARTESIAN_POINT('',(206.87428389681,192.20000000223,
    96.759211567153));
#4854 = VECTOR('',#4855,1.);
#4855 = DIRECTION('',(0.866025403784,-1.1374E-13,-0.5));
#4856 = ORIENTED_EDGE('',*,*,#4857,.T.);
#4857 = EDGE_CURVE('',#4850,#4858,#4860,.T.);
#4858 = VERTEX_POINT('',#4859);
#4859 = CARTESIAN_POINT('',(207.95630017702,192.20000000223,
    95.057158907316));
#4860 = CIRCLE('',#4861,0.5);
#4861 = AXIS2_PLACEMENT_3D('',#4862,#4863,#4864);
#4862 = CARTESIAN_POINT('',(207.95630017702,192.20000000223,
    95.557158907316));
#4863 = DIRECTION('',(1.3053E-13,1.,-1.39E-15));
#4864 = DIRECTION('',(2.E-16,-1.39E-15,-1.));
#4865 = ORIENTED_EDGE('',*,*,#4866,.T.);
#4866 = EDGE_CURVE('',#4858,#4867,#4869,.T.);
#4867 = VERTEX_POINT('',#4868);
#4868 = CARTESIAN_POINT('',(191.03015884067,192.20000000223,
    95.057158907316));
#4869 = LINE('',#4870,#4871);
#4870 = CARTESIAN_POINT('',(200.66169417477,192.20000000223,
    95.057158907316));
#4871 = VECTOR('',#4872,1.);
#4872 = DIRECTION('',(-1.,1.3053E-13,5.9E-16));
#4873 = ORIENTED_EDGE('',*,*,#4874,.T.);
#4874 = EDGE_CURVE('',#4867,#4831,#4875,.T.);
#4875 = CIRCLE('',#4876,0.5);
#4876 = AXIS2_PLACEMENT_3D('',#4877,#4878,#4879);
#4877 = CARTESIAN_POINT('',(191.03015884067,192.20000000223,
    95.557158907316));
#4878 = DIRECTION('',(1.3053E-13,1.,-1.39E-15));
#4879 = DIRECTION('',(-0.5,6.646877531126E-14,0.866025403784));
#4880 = FACE_BOUND('',#4881,.T.);
#4881 = EDGE_LOOP('',(#4882,#4892,#4901,#4909,#4918,#4926));
#4882 = ORIENTED_EDGE('',*,*,#4883,.T.);
#4883 = EDGE_CURVE('',#4884,#4886,#4888,.T.);
#4884 = VERTEX_POINT('',#4885);
#4885 = CARTESIAN_POINT('',(241.94322950888,192.20000000222,
    116.9266652068));
#4886 = VERTEX_POINT('',#4887);
#4887 = CARTESIAN_POINT('',(233.98015883244,192.20000000222,
    121.52414620542));
#4888 = LINE('',#4889,#4890);
#4889 = CARTESIAN_POINT('',(228.51121322143,192.20000000222,
    124.68164342612));
#4890 = VECTOR('',#4891,1.);
#4891 = DIRECTION('',(-0.866025403784,1.1374E-13,0.5));
#4892 = ORIENTED_EDGE('',*,*,#4893,.T.);
#4893 = EDGE_CURVE('',#4886,#4894,#4896,.T.);
#4894 = VERTEX_POINT('',#4895);
#4895 = CARTESIAN_POINT('',(234.23015883244,192.20000000222,
    122.45715890731));
#4896 = CIRCLE('',#4897,0.5);
#4897 = AXIS2_PLACEMENT_3D('',#4898,#4899,#4900);
#4898 = CARTESIAN_POINT('',(234.23015883244,192.20000000222,
    121.95715890731));
#4899 = DIRECTION('',(1.3053E-13,1.,-1.39E-15));
#4900 = DIRECTION('',(-1.796E-14,1.390000000002E-15,1.));
#4901 = ORIENTED_EDGE('',*,*,#4902,.T.);
#4902 = EDGE_CURVE('',#4894,#4903,#4905,.T.);
#4903 = VERTEX_POINT('',#4904);
#4904 = CARTESIAN_POINT('',(251.15630017843,192.20000000222,
    122.45715890731));
#4905 = LINE('',#4906,#4907);
#4906 = CARTESIAN_POINT('',(230.72476484365,192.20000000222,
    122.45715890731));
#4907 = VECTOR('',#4908,1.);
#4908 = DIRECTION('',(1.,-1.3053E-13,-2.342E-14));
#4909 = ORIENTED_EDGE('',*,*,#4910,.T.);
#4910 = EDGE_CURVE('',#4903,#4911,#4913,.T.);
#4911 = VERTEX_POINT('',#4912);
#4912 = CARTESIAN_POINT('',(251.4063001786,192.20000000222,
    121.52414620551));
#4913 = CIRCLE('',#4914,0.5);
#4914 = AXIS2_PLACEMENT_3D('',#4915,#4916,#4917);
#4915 = CARTESIAN_POINT('',(251.15630017843,192.20000000222,
    121.95715890731));
#4916 = DIRECTION('',(1.3053E-13,1.,-1.39E-15));
#4917 = DIRECTION('',(0.500000000324,-6.646877535328E-14,-0.866025403597
    ));
#4918 = ORIENTED_EDGE('',*,*,#4919,.T.);
#4919 = EDGE_CURVE('',#4911,#4920,#4922,.T.);
#4920 = VERTEX_POINT('',#4921);
#4921 = CARTESIAN_POINT('',(243.44322950888,192.20000000222,
    116.9266652068));
#4922 = LINE('',#4923,#4924);
#4923 = CARTESIAN_POINT('',(228.59371046243,192.20000000222,
    108.35329138059));
#4924 = VECTOR('',#4925,1.);
#4925 = DIRECTION('',(-0.866025403597,1.1235E-13,-0.500000000324));
#4926 = ORIENTED_EDGE('',*,*,#4927,.T.);
#4927 = EDGE_CURVE('',#4920,#4884,#4928,.T.);
#4928 = CIRCLE('',#4929,1.499999999995);
#4929 = AXIS2_PLACEMENT_3D('',#4930,#4931,#4932);
#4930 = CARTESIAN_POINT('',(242.69322950888,192.20000000222,
    118.22570331247));
#4931 = DIRECTION('',(1.3053E-13,1.,-1.39E-15));
#4932 = DIRECTION('',(-0.5,6.406122468874E-14,-0.866025403784));
#4933 = FACE_BOUND('',#4934,.T.);
#4934 = EDGE_LOOP('',(#4935,#4945,#4954,#4962,#4971,#4979,#4988,#4996));
#4935 = ORIENTED_EDGE('',*,*,#4936,.T.);
#4936 = EDGE_CURVE('',#4937,#4939,#4941,.T.);
#4937 = VERTEX_POINT('',#4938);
#4938 = CARTESIAN_POINT('',(273.34322950886,192.20000000222,
    98.797866749474));
#4939 = VERTEX_POINT('',#4940);
#4940 = CARTESIAN_POINT('',(266.34322951268,192.20000000222,
    102.83931863159));
#4941 = LINE('',#4942,#4943);
#4942 = CARTESIAN_POINT('',(244.69274856051,192.20000000222,
    115.33922963742));
#4943 = VECTOR('',#4944,1.);
#4944 = DIRECTION('',(-0.866025403784,1.1374E-13,0.5));
#4945 = ORIENTED_EDGE('',*,*,#4946,.T.);
#4946 = EDGE_CURVE('',#4939,#4947,#4949,.T.);
#4947 = VERTEX_POINT('',#4948);
#4948 = CARTESIAN_POINT('',(265.59322950885,192.20000000222,
    104.1383567439));
#4949 = CIRCLE('',#4950,1.500000007649);
#4950 = AXIS2_PLACEMENT_3D('',#4951,#4952,#4953);
#4951 = CARTESIAN_POINT('',(267.0932295165,192.20000000222,
    104.1383567439));
#4952 = DIRECTION('',(1.3053E-13,1.,-1.39E-15));
#4953 = DIRECTION('',(-1.,1.3053E-13,3.237E-14));
#4954 = ORIENTED_EDGE('',*,*,#4955,.T.);
#4955 = EDGE_CURVE('',#4947,#4956,#4958,.T.);
#4956 = VERTEX_POINT('',#4957);
#4957 = CARTESIAN_POINT('',(265.59322950885,192.20000000222,
    113.37596104653));
#4958 = LINE('',#4959,#4960);
#4959 = CARTESIAN_POINT('',(265.59322950885,192.20000000222,
    109.56655997692));
#4960 = VECTOR('',#4961,1.);
#4961 = DIRECTION('',(8.46E-15,1.39E-15,1.));
#4962 = ORIENTED_EDGE('',*,*,#4963,.T.);
#4963 = EDGE_CURVE('',#4956,#4964,#4966,.T.);
#4964 = VERTEX_POINT('',#4965);
#4965 = CARTESIAN_POINT('',(266.34322950885,192.20000000222,
    114.6749991522));
#4966 = CIRCLE('',#4967,1.5);
#4967 = AXIS2_PLACEMENT_3D('',#4968,#4969,#4970);
#4968 = CARTESIAN_POINT('',(267.09322950885,192.20000000222,
    113.37596104653));
#4969 = DIRECTION('',(1.3053E-13,1.,-1.39E-15));
#4970 = DIRECTION('',(-0.5,6.646877531126E-14,0.866025403784));
#4971 = ORIENTED_EDGE('',*,*,#4972,.T.);
#4972 = EDGE_CURVE('',#4964,#4973,#4975,.T.);
#4973 = VERTEX_POINT('',#4974);
#4974 = CARTESIAN_POINT('',(273.34322950886,192.20000000222,
    118.71645103654));
#4975 = LINE('',#4976,#4977);
#4976 = CARTESIAN_POINT('',(246.89371045912,192.20000000222,
    103.44581409323));
#4977 = VECTOR('',#4978,1.);
#4978 = DIRECTION('',(0.866025403784,-1.1235E-13,0.5));
#4979 = ORIENTED_EDGE('',*,*,#4980,.T.);
#4980 = EDGE_CURVE('',#4973,#4981,#4983,.T.);
#4981 = VERTEX_POINT('',#4982);
#4982 = CARTESIAN_POINT('',(275.59322950886,192.20000000222,
    117.41741293086));
#4983 = CIRCLE('',#4984,1.5);
#4984 = AXIS2_PLACEMENT_3D('',#4985,#4986,#4987);
#4985 = CARTESIAN_POINT('',(274.09322950886,192.20000000222,
    117.41741293086));
#4986 = DIRECTION('',(1.3053E-13,1.,-1.39E-15));
#4987 = DIRECTION('',(1.,-1.3053E-13,6.12E-15));
#4988 = ORIENTED_EDGE('',*,*,#4989,.T.);
#4989 = EDGE_CURVE('',#4981,#4990,#4992,.T.);
#4990 = VERTEX_POINT('',#4991);
#4991 = CARTESIAN_POINT('',(275.59322950886,192.20000000222,
    100.09690485515));
#4992 = LINE('',#4993,#4994);
#4993 = CARTESIAN_POINT('',(275.59322950886,192.20000000222,
    102.92703188123));
#4994 = VECTOR('',#4995,1.);
#4995 = DIRECTION('',(-3.2E-16,-1.39E-15,-1.));
#4996 = ORIENTED_EDGE('',*,*,#4997,.T.);
#4997 = EDGE_CURVE('',#4990,#4937,#4998,.T.);
#4998 = CIRCLE('',#4999,1.5);
#4999 = AXIS2_PLACEMENT_3D('',#5000,#5001,#5002);
#5000 = CARTESIAN_POINT('',(274.09322950886,192.20000000222,
    100.09690485515));
#5001 = DIRECTION('',(1.3053E-13,1.,-1.39E-15));
#5002 = DIRECTION('',(-0.5,6.406122468874E-14,-0.866025403784));
#5003 = FACE_BOUND('',#5004,.T.);
#5004 = EDGE_LOOP('',(#5005,#5015,#5024,#5032,#5041,#5049,#5058,#5066));
#5005 = ORIENTED_EDGE('',*,*,#5006,.T.);
#5006 = EDGE_CURVE('',#5007,#5009,#5011,.T.);
#5007 = VERTEX_POINT('',#5008);
#5008 = CARTESIAN_POINT('',(147.24322950886,192.20000000223,
    118.71645106515));
#5009 = VERTEX_POINT('',#5010);
#5010 = CARTESIAN_POINT('',(154.2432295095,192.20000000223,
    114.67499918046));
#5011 = LINE('',#5012,#5013);
#5012 = CARTESIAN_POINT('',(177.19274856512,192.20000000223,
    101.42508817592));
#5013 = VECTOR('',#5014,1.);
#5014 = DIRECTION('',(0.866025403784,-1.1374E-13,-0.5));
#5015 = ORIENTED_EDGE('',*,*,#5016,.T.);
#5016 = EDGE_CURVE('',#5009,#5017,#5019,.T.);
#5017 = VERTEX_POINT('',#5018);
#5018 = CARTESIAN_POINT('',(154.99322950982,192.20000000223,
    113.37596107391));
#5019 = CIRCLE('',#5020,1.500000000654);
#5020 = AXIS2_PLACEMENT_3D('',#5021,#5022,#5023);
#5021 = CARTESIAN_POINT('',(153.49322950917,192.20000000223,
    113.37596107422));
#5022 = DIRECTION('',(1.3053E-13,1.,-1.39E-15));
#5023 = DIRECTION('',(1.,-1.305300000003E-13,-2.0581443E-10));
#5024 = ORIENTED_EDGE('',*,*,#5025,.T.);
#5025 = EDGE_CURVE('',#5017,#5026,#5028,.T.);
#5026 = VERTEX_POINT('',#5027);
#5027 = CARTESIAN_POINT('',(154.99322950792,192.20000000223,
    104.13835677128));
#5028 = LINE('',#5029,#5030);
#5029 = CARTESIAN_POINT('',(154.99322950809,192.20000000223,
    104.94775784499));
#5030 = VECTOR('',#5031,1.);
#5031 = DIRECTION('',(-2.0578085E-10,-1.39E-15,-1.));
#5032 = ORIENTED_EDGE('',*,*,#5033,.T.);
#5033 = EDGE_CURVE('',#5026,#5034,#5036,.T.);
#5034 = VERTEX_POINT('',#5035);
#5035 = CARTESIAN_POINT('',(154.24322950772,192.20000000223,
    102.83931866575));
#5036 = CIRCLE('',#5037,1.500000000083);
#5037 = AXIS2_PLACEMENT_3D('',#5038,#5039,#5040);
#5038 = CARTESIAN_POINT('',(153.49322950784,192.20000000223,
    104.13835677159));
#5039 = DIRECTION('',(1.3053E-13,1.,-1.39E-15));
#5040 = DIRECTION('',(0.499999999892,-6.646877529725E-14,-0.866025403847
    ));
#5041 = ORIENTED_EDGE('',*,*,#5042,.T.);
#5042 = EDGE_CURVE('',#5034,#5043,#5045,.T.);
#5043 = VERTEX_POINT('',#5044);
#5044 = CARTESIAN_POINT('',(147.24322950935,192.20000000223,
    98.797866778872));
#5045 = LINE('',#5046,#5047);
#5046 = CARTESIAN_POINT('',(172.3937104435,192.20000000223,113.318503729
    ));
#5047 = VECTOR('',#5048,1.);
#5048 = DIRECTION('',(-0.866025403597,1.1235E-13,-0.500000000324));
#5049 = ORIENTED_EDGE('',*,*,#5050,.T.);
#5050 = EDGE_CURVE('',#5043,#5051,#5053,.T.);
#5051 = VERTEX_POINT('',#5052);
#5052 = CARTESIAN_POINT('',(144.99322950886,192.20000000223,
    100.09690488426));
#5053 = CIRCLE('',#5054,1.5);
#5054 = AXIS2_PLACEMENT_3D('',#5055,#5056,#5057);
#5055 = CARTESIAN_POINT('',(146.49322950886,192.20000000223,
    100.09690488426));
#5056 = DIRECTION('',(1.3053E-13,1.,-1.39E-15));
#5057 = DIRECTION('',(-1.,1.3053E-13,-1.68E-15));
#5058 = ORIENTED_EDGE('',*,*,#5059,.T.);
#5059 = EDGE_CURVE('',#5051,#5060,#5062,.T.);
#5060 = VERTEX_POINT('',#5061);
#5061 = CARTESIAN_POINT('',(144.99322950886,192.20000000223,
    117.41741295948));
#5062 = LINE('',#5063,#5064);
#5063 = CARTESIAN_POINT('',(144.99322950886,192.20000000223,
    111.58728593339));
#5064 = VECTOR('',#5065,1.);
#5065 = DIRECTION('',(-2.E-16,1.39E-15,1.));
#5066 = ORIENTED_EDGE('',*,*,#5067,.T.);
#5067 = EDGE_CURVE('',#5060,#5007,#5068,.T.);
#5068 = CIRCLE('',#5069,1.5);
#5069 = AXIS2_PLACEMENT_3D('',#5070,#5071,#5072);
#5070 = CARTESIAN_POINT('',(146.49322950886,192.20000000223,
    117.41741295948));
#5071 = DIRECTION('',(1.3053E-13,1.,-1.39E-15));
#5072 = DIRECTION('',(0.5,-6.406122468874E-14,0.866025403784));
#5073 = FACE_BOUND('',#5074,.T.);
#5074 = EDGE_LOOP('',(#5075,#5085,#5094,#5102,#5111,#5119));
#5075 = ORIENTED_EDGE('',*,*,#5076,.T.);
#5076 = EDGE_CURVE('',#5077,#5079,#5081,.T.);
#5077 = VERTEX_POINT('',#5078);
#5078 = CARTESIAN_POINT('',(198.74322950888,192.20000000223,
    116.92666521634));
#5079 = VERTEX_POINT('',#5080);
#5080 = CARTESIAN_POINT('',(190.78015884896,192.20000000223,
    121.52414620542));
#5081 = LINE('',#5082,#5083);
#5082 = CARTESIAN_POINT('',(201.51121323175,192.20000000223,
    115.32856906883));
#5083 = VECTOR('',#5084,1.);
#5084 = DIRECTION('',(-0.866025403784,1.1374E-13,0.5));
#5085 = ORIENTED_EDGE('',*,*,#5086,.T.);
#5086 = EDGE_CURVE('',#5079,#5087,#5089,.T.);
#5087 = VERTEX_POINT('',#5088);
#5088 = CARTESIAN_POINT('',(191.03015884896,192.20000000223,
    122.45715890731));
#5089 = CIRCLE('',#5090,0.5);
#5090 = AXIS2_PLACEMENT_3D('',#5091,#5092,#5093);
#5091 = CARTESIAN_POINT('',(191.03015884896,192.20000000223,
    121.95715890731));
#5092 = DIRECTION('',(1.3053E-13,1.,-1.39E-15));
#5093 = DIRECTION('',(-2.24E-14,1.390000000003E-15,1.));
#5094 = ORIENTED_EDGE('',*,*,#5095,.T.);
#5095 = EDGE_CURVE('',#5087,#5096,#5098,.T.);
#5096 = VERTEX_POINT('',#5097);
#5097 = CARTESIAN_POINT('',(207.95630016191,192.20000000223,
    122.45715890731));
#5098 = LINE('',#5099,#5100);
#5099 = CARTESIAN_POINT('',(209.12476483539,192.20000000223,
    122.45715890731));
#5100 = VECTOR('',#5101,1.);
#5101 = DIRECTION('',(1.,-1.3053E-13,-2.289E-14));
#5102 = ORIENTED_EDGE('',*,*,#5103,.T.);
#5103 = EDGE_CURVE('',#5096,#5104,#5106,.T.);
#5104 = VERTEX_POINT('',#5105);
#5105 = CARTESIAN_POINT('',(208.20630016207,192.20000000223,
    121.52414620551));
#5106 = CIRCLE('',#5107,0.5);
#5107 = AXIS2_PLACEMENT_3D('',#5108,#5109,#5110);
#5108 = CARTESIAN_POINT('',(207.95630016191,192.20000000223,
    121.95715890731));
#5109 = DIRECTION('',(1.3053E-13,1.,-1.39E-15));
#5110 = DIRECTION('',(0.500000000324,-6.646877535329E-14,-0.866025403597
    ));
#5111 = ORIENTED_EDGE('',*,*,#5112,.T.);
#5112 = EDGE_CURVE('',#5104,#5113,#5115,.T.);
#5113 = VERTEX_POINT('',#5114);
#5114 = CARTESIAN_POINT('',(200.24322950888,192.20000000223,
    116.92666521634));
#5115 = LINE('',#5116,#5117);
#5116 = CARTESIAN_POINT('',(201.59371045336,192.20000000223,
    117.70636575385));
#5117 = VECTOR('',#5118,1.);
#5118 = DIRECTION('',(-0.866025403597,1.1235E-13,-0.500000000324));
#5119 = ORIENTED_EDGE('',*,*,#5120,.T.);
#5120 = EDGE_CURVE('',#5113,#5077,#5121,.T.);
#5121 = CIRCLE('',#5122,1.499999999995);
#5122 = AXIS2_PLACEMENT_3D('',#5123,#5124,#5125);
#5123 = CARTESIAN_POINT('',(199.49322950888,192.20000000223,
    118.22570332201));
#5124 = DIRECTION('',(1.3053E-13,1.,-1.39E-15));
#5125 = DIRECTION('',(-0.5,6.406122468874E-14,-0.866025403784));
#5126 = FACE_BOUND('',#5127,.T.);
#5127 = EDGE_LOOP('',(#5128,#5138,#5147,#5155,#5164,#5172));
#5128 = ORIENTED_EDGE('',*,*,#5129,.T.);
#5129 = EDGE_CURVE('',#5130,#5132,#5134,.T.);
#5130 = VERTEX_POINT('',#5131);
#5131 = CARTESIAN_POINT('',(157.04322950883,192.20000000223,
    100.5876526126));
#5132 = VERTEX_POINT('',#5133);
#5133 = CARTESIAN_POINT('',(165.00630019355,192.20000000223,
    95.990171609208));
#5134 = LINE('',#5135,#5136);
#5135 = CARTESIAN_POINT('',(179.87428390714,192.20000000223,
    87.406137209858));
#5136 = VECTOR('',#5137,1.);
#5137 = DIRECTION('',(0.866025403784,-1.1374E-13,-0.5));
#5138 = ORIENTED_EDGE('',*,*,#5139,.T.);
#5139 = EDGE_CURVE('',#5132,#5140,#5142,.T.);
#5140 = VERTEX_POINT('',#5141);
#5141 = CARTESIAN_POINT('',(164.75630019355,192.20000000223,
    95.057158907316));
#5142 = CIRCLE('',#5143,0.5);
#5143 = AXIS2_PLACEMENT_3D('',#5144,#5145,#5146);
#5144 = CARTESIAN_POINT('',(164.75630019355,192.20000000223,
    95.557158907316));
#5145 = DIRECTION('',(1.3053E-13,1.,-1.39E-15));
#5146 = DIRECTION('',(2.E-16,-1.39E-15,-1.));
#5147 = ORIENTED_EDGE('',*,*,#5148,.T.);
#5148 = EDGE_CURVE('',#5140,#5149,#5151,.T.);
#5149 = VERTEX_POINT('',#5150);
#5150 = CARTESIAN_POINT('',(147.83015882415,192.20000000223,
    95.057158907316));
#5151 = LINE('',#5152,#5153);
#5152 = CARTESIAN_POINT('',(179.06169416651,192.20000000223,
    95.057158907316));
#5153 = VECTOR('',#5154,1.);
#5154 = DIRECTION('',(-1.,1.3053E-13,4.6E-16));
#5155 = ORIENTED_EDGE('',*,*,#5156,.T.);
#5156 = EDGE_CURVE('',#5149,#5157,#5159,.T.);
#5157 = VERTEX_POINT('',#5158);
#5158 = CARTESIAN_POINT('',(147.58015882415,192.20000000223,
    95.990171609208));
#5159 = CIRCLE('',#5160,0.5);
#5160 = AXIS2_PLACEMENT_3D('',#5161,#5162,#5163);
#5161 = CARTESIAN_POINT('',(147.83015882415,192.20000000223,
    95.557158907316));
#5162 = DIRECTION('',(1.3053E-13,1.,-1.39E-15));
#5163 = DIRECTION('',(-0.5,6.646877531126E-14,0.866025403784));
#5164 = ORIENTED_EDGE('',*,*,#5165,.T.);
#5165 = EDGE_CURVE('',#5157,#5166,#5168,.T.);
#5166 = VERTEX_POINT('',#5167);
#5167 = CARTESIAN_POINT('',(155.54322950886,192.20000000223,
    100.5876526126));
#5168 = LINE('',#5169,#5170);
#5169 = CARTESIAN_POINT('',(177.19371045292,192.20000000223,
    113.08756361374));
#5170 = VECTOR('',#5171,1.);
#5171 = DIRECTION('',(0.866025403784,-1.1235E-13,0.5));
#5172 = ORIENTED_EDGE('',*,*,#5173,.T.);
#5173 = EDGE_CURVE('',#5166,#5130,#5174,.T.);
#5174 = CIRCLE('',#5175,1.499999999971);
#5175 = AXIS2_PLACEMENT_3D('',#5176,#5177,#5178);
#5176 = CARTESIAN_POINT('',(156.29322950885,192.20000000223,
    99.288614506952));
#5177 = DIRECTION('',(1.3053E-13,1.,-1.39E-15));
#5178 = DIRECTION('',(0.5,-6.406122468874E-14,0.866025403784));
#5179 = FACE_BOUND('',#5180,.T.);
#5180 = EDGE_LOOP('',(#5181,#5191,#5200,#5208,#5217,#5225,#5234,#5242,
    #5251,#5259,#5268,#5276));
#5181 = ORIENTED_EDGE('',*,*,#5182,.T.);
#5182 = EDGE_CURVE('',#5183,#5185,#5187,.T.);
#5183 = VERTEX_POINT('',#5184);
#5184 = CARTESIAN_POINT('',(223.14322950885,192.20000000222,
    114.67499916174));
#5185 = VERTEX_POINT('',#5186);
#5186 = CARTESIAN_POINT('',(231.14322950888,192.20000000222,
    119.29380131527));
#5187 = LINE('',#5188,#5189);
#5188 = CARTESIAN_POINT('',(220.39371045706,192.20000000222,
    113.08756359705));
#5189 = VECTOR('',#5190,1.);
#5190 = DIRECTION('',(0.866025403784,-1.1235E-13,0.5));
#5191 = ORIENTED_EDGE('',*,*,#5192,.T.);
#5192 = EDGE_CURVE('',#5185,#5193,#5195,.T.);
#5193 = VERTEX_POINT('',#5194);
#5194 = CARTESIAN_POINT('',(232.64322950885,192.20000000222,
    119.29380131527));
#5195 = CIRCLE('',#5196,1.499999999971);
#5196 = AXIS2_PLACEMENT_3D('',#5197,#5198,#5199);
#5197 = CARTESIAN_POINT('',(231.89322950886,192.20000000222,
    117.99476320962));
#5198 = DIRECTION('',(1.3053E-13,1.,-1.39E-15));
#5199 = DIRECTION('',(0.5,-6.406122468873E-14,0.866025403784));
#5200 = ORIENTED_EDGE('',*,*,#5201,.T.);
#5201 = EDGE_CURVE('',#5193,#5202,#5204,.T.);
#5202 = VERTEX_POINT('',#5203);
#5203 = CARTESIAN_POINT('',(240.6432295095,192.20000000222,
    114.67499916138));
#5204 = LINE('',#5205,#5206);
#5205 = CARTESIAN_POINT('',(231.19274856099,192.20000000222,
    120.13123688097));
#5206 = VECTOR('',#5207,1.);
#5207 = DIRECTION('',(0.866025403784,-1.1374E-13,-0.5));
#5208 = ORIENTED_EDGE('',*,*,#5209,.T.);
#5209 = EDGE_CURVE('',#5202,#5210,#5212,.T.);
#5210 = VERTEX_POINT('',#5211);
#5211 = CARTESIAN_POINT('',(241.39322950982,192.20000000222,
    113.37596105483));
#5212 = CIRCLE('',#5213,1.500000000654);
#5213 = AXIS2_PLACEMENT_3D('',#5214,#5215,#5216);
#5214 = CARTESIAN_POINT('',(239.89322950917,192.20000000222,
    113.37596105514));
#5215 = DIRECTION('',(1.3053E-13,1.,-1.39E-15));
#5216 = DIRECTION('',(1.,-1.305300000003E-13,-2.0580851E-10));
#5217 = ORIENTED_EDGE('',*,*,#5218,.T.);
#5218 = EDGE_CURVE('',#5210,#5219,#5221,.T.);
#5219 = VERTEX_POINT('',#5220);
#5220 = CARTESIAN_POINT('',(241.39322950792,192.20000000222,
    104.1383567522));
#5221 = LINE('',#5222,#5223);
#5222 = CARTESIAN_POINT('',(241.39322950809,192.20000000222,
    104.94775782656));
#5223 = VECTOR('',#5224,1.);
#5224 = DIRECTION('',(-2.0578998E-10,-1.39E-15,-1.));
#5225 = ORIENTED_EDGE('',*,*,#5226,.T.);
#5226 = EDGE_CURVE('',#5219,#5227,#5229,.T.);
#5227 = VERTEX_POINT('',#5228);
#5228 = CARTESIAN_POINT('',(240.64322950772,192.20000000222,
    102.83931864667));
#5229 = CIRCLE('',#5230,1.500000000083);
#5230 = AXIS2_PLACEMENT_3D('',#5231,#5232,#5233);
#5231 = CARTESIAN_POINT('',(239.89322950784,192.20000000222,
    104.13835675251));
#5232 = DIRECTION('',(1.3053E-13,1.,-1.39E-15));
#5233 = DIRECTION('',(0.499999999892,-6.646877529725E-14,-0.866025403847
    ));
#5234 = ORIENTED_EDGE('',*,*,#5235,.T.);
#5235 = EDGE_CURVE('',#5227,#5236,#5238,.T.);
#5236 = VERTEX_POINT('',#5237);
#5237 = CARTESIAN_POINT('',(232.64322950886,192.20000000222,
    98.220516489822));
#5238 = LINE('',#5239,#5240);
#5239 = CARTESIAN_POINT('',(225.89371046138,192.20000000222,
    94.323679847495));
#5240 = VECTOR('',#5241,1.);
#5241 = DIRECTION('',(-0.866025403597,1.1235E-13,-0.500000000324));
#5242 = ORIENTED_EDGE('',*,*,#5243,.T.);
#5243 = EDGE_CURVE('',#5236,#5244,#5246,.T.);
#5244 = VERTEX_POINT('',#5245);
#5245 = CARTESIAN_POINT('',(231.14322950886,192.20000000222,
    98.220516489822));
#5246 = CIRCLE('',#5247,1.499999999995);
#5247 = AXIS2_PLACEMENT_3D('',#5248,#5249,#5250);
#5248 = CARTESIAN_POINT('',(231.89322950886,192.20000000222,
    99.519554595495));
#5249 = DIRECTION('',(1.3053E-13,1.,-1.39E-15));
#5250 = DIRECTION('',(-0.5,6.406122468874E-14,-0.866025403784));
#5251 = ORIENTED_EDGE('',*,*,#5252,.T.);
#5252 = EDGE_CURVE('',#5244,#5253,#5255,.T.);
#5253 = VERTEX_POINT('',#5254);
#5254 = CARTESIAN_POINT('',(223.14322951268,192.20000000222,
    102.83931864113));
#5255 = LINE('',#5256,#5257);
#5256 = CARTESIAN_POINT('',(217.69274856257,192.20000000222,
    105.98615528489));
#5257 = VECTOR('',#5258,1.);
#5258 = DIRECTION('',(-0.866025403784,1.1374E-13,0.5));
#5259 = ORIENTED_EDGE('',*,*,#5260,.T.);
#5260 = EDGE_CURVE('',#5253,#5261,#5263,.T.);
#5261 = VERTEX_POINT('',#5262);
#5262 = CARTESIAN_POINT('',(222.39322950885,192.20000000222,
    104.13835675344));
#5263 = CIRCLE('',#5264,1.500000007649);
#5264 = AXIS2_PLACEMENT_3D('',#5265,#5266,#5267);
#5265 = CARTESIAN_POINT('',(223.8932295165,192.20000000222,
    104.13835675344));
#5266 = DIRECTION('',(1.3053E-13,1.,-1.39E-15));
#5267 = DIRECTION('',(-1.,1.3053E-13,-2.E-16));
#5268 = ORIENTED_EDGE('',*,*,#5269,.T.);
#5269 = EDGE_CURVE('',#5261,#5270,#5272,.T.);
#5270 = VERTEX_POINT('',#5271);
#5271 = CARTESIAN_POINT('',(222.39322950885,192.20000000222,
    113.37596105606));
#5272 = LINE('',#5273,#5274);
#5273 = CARTESIAN_POINT('',(222.39322950885,192.20000000222,
    109.56655998169));
#5274 = VECTOR('',#5275,1.);
#5275 = DIRECTION('',(4.85E-15,1.39E-15,1.));
#5276 = ORIENTED_EDGE('',*,*,#5277,.T.);
#5277 = EDGE_CURVE('',#5270,#5183,#5278,.T.);
#5278 = CIRCLE('',#5279,1.5);
#5279 = AXIS2_PLACEMENT_3D('',#5280,#5281,#5282);
#5280 = CARTESIAN_POINT('',(223.89322950885,192.20000000222,
    113.37596105606));
#5281 = DIRECTION('',(1.3053E-13,1.,-1.39E-15));
#5282 = DIRECTION('',(-0.5,6.646877531126E-14,0.866025403784));
#5283 = PLANE('',#5284);
#5284 = AXIS2_PLACEMENT_3D('',#5285,#5286,#5287);
#5285 = CARTESIAN_POINT('',(210.29322950886,192.20000000223,
    105.75715890731));
#5286 = DIRECTION('',(1.3053E-13,1.,-1.39E-15));
#5287 = DIRECTION('',(-1.,1.3053E-13,-2.E-16));
#5288 = ADVANCED_FACE('',(#5289),#5315,.T.);
#5289 = FACE_BOUND('',#5290,.T.);
#5290 = EDGE_LOOP('',(#5291,#5301,#5307,#5308,#5309));
#5291 = ORIENTED_EDGE('',*,*,#5292,.T.);
#5292 = EDGE_CURVE('',#5293,#5295,#5297,.T.);
#5293 = VERTEX_POINT('',#5294);
#5294 = CARTESIAN_POINT('',(149.84322950886,191.80000000223,
    131.80715890731));
#5295 = VERTEX_POINT('',#5296);
#5296 = CARTESIAN_POINT('',(149.84322950886,191.80000000223,
    137.30715890731));
#5297 = LINE('',#5298,#5299);
#5298 = CARTESIAN_POINT('',(149.84322950886,191.80000000223,
    133.18215890731));
#5299 = VECTOR('',#5300,1.);
#5300 = DIRECTION('',(-2.E-16,1.39E-15,1.));
#5301 = ORIENTED_EDGE('',*,*,#5302,.F.);
#5302 = EDGE_CURVE('',#2557,#5295,#5303,.T.);
#5303 = LINE('',#5304,#5305);
#5304 = CARTESIAN_POINT('',(151.85636922968,191.80000000223,
    137.30715890731));
#5305 = VECTOR('',#5306,1.);
#5306 = DIRECTION('',(-1.,1.3053E-13,-2.E-16));
#5307 = ORIENTED_EDGE('',*,*,#2564,.F.);
#5308 = ORIENTED_EDGE('',*,*,#2496,.F.);
#5309 = ORIENTED_EDGE('',*,*,#5310,.F.);
#5310 = EDGE_CURVE('',#5293,#2497,#5311,.T.);
#5311 = LINE('',#5312,#5313);
#5312 = CARTESIAN_POINT('',(151.85636922968,191.80000000223,
    131.80715890731));
#5313 = VECTOR('',#5314,1.);
#5314 = DIRECTION('',(1.,-1.3053E-13,2.E-16));
#5315 = PLANE('',#5316);
#5316 = AXIS2_PLACEMENT_3D('',#5317,#5318,#5319);
#5317 = CARTESIAN_POINT('',(149.84322950886,191.80000000223,
    134.55715890731));
#5318 = DIRECTION('',(1.3053E-13,1.,-1.39E-15));
#5319 = DIRECTION('',(-1.,1.3053E-13,-2.E-16));
#5320 = ADVANCED_FACE('',(#5321),#5370,.F.);
#5321 = FACE_BOUND('',#5322,.T.);
#5322 = EDGE_LOOP('',(#5323,#5329,#5330,#5338,#5346,#5354,#5362,#5368,
    #5369));
#5323 = ORIENTED_EDGE('',*,*,#5324,.F.);
#5324 = EDGE_CURVE('',#2514,#2506,#5325,.T.);
#5325 = LINE('',#5326,#5327);
#5326 = CARTESIAN_POINT('',(176.31165964846,192.20000000223,
    131.80715890731));
#5327 = VECTOR('',#5328,1.);
#5328 = DIRECTION('',(1.,-1.3053E-13,2.E-16));
#5329 = ORIENTED_EDGE('',*,*,#2522,.T.);
#5330 = ORIENTED_EDGE('',*,*,#5331,.T.);
#5331 = EDGE_CURVE('',#2523,#5332,#5334,.T.);
#5332 = VERTEX_POINT('',#5333);
#5333 = CARTESIAN_POINT('',(144.34322950886,191.80000000223,
    131.80715890731));
#5334 = LINE('',#5335,#5336);
#5335 = CARTESIAN_POINT('',(151.85636922968,191.80000000223,
    131.80715890731));
#5336 = VECTOR('',#5337,1.);
#5337 = DIRECTION('',(1.,-1.3053E-13,2.E-16));
#5338 = ORIENTED_EDGE('',*,*,#5339,.T.);
#5339 = EDGE_CURVE('',#5332,#5340,#5342,.T.);
#5340 = VERTEX_POINT('',#5341);
#5341 = CARTESIAN_POINT('',(144.34322950886,191.60000000223,
    131.80715890731));
#5342 = LINE('',#5343,#5344);
#5343 = CARTESIAN_POINT('',(144.34322950886,191.80000000223,
    131.80715890731));
#5344 = VECTOR('',#5345,1.);
#5345 = DIRECTION('',(-1.3323E-13,-1.,1.25E-15));
#5346 = ORIENTED_EDGE('',*,*,#5347,.T.);
#5347 = EDGE_CURVE('',#5340,#5348,#5350,.T.);
#5348 = VERTEX_POINT('',#5349);
#5349 = CARTESIAN_POINT('',(147.09322950886,191.60000000223,
    131.80715890731));
#5350 = LINE('',#5351,#5352);
#5351 = CARTESIAN_POINT('',(147.09322950886,191.60000000223,
    131.80715890731));
#5352 = VECTOR('',#5353,1.);
#5353 = DIRECTION('',(1.,-1.3053E-13,2.E-16));
#5354 = ORIENTED_EDGE('',*,*,#5355,.T.);
#5355 = EDGE_CURVE('',#5348,#5356,#5358,.T.);
#5356 = VERTEX_POINT('',#5357);
#5357 = CARTESIAN_POINT('',(149.84322950886,191.60000000223,
    131.80715890731));
#5358 = LINE('',#5359,#5360);
#5359 = CARTESIAN_POINT('',(151.85636922968,191.60000000223,
    131.80715890731));
#5360 = VECTOR('',#5361,1.);
#5361 = DIRECTION('',(1.,-1.3053E-13,2.E-16));
#5362 = ORIENTED_EDGE('',*,*,#5363,.F.);
#5363 = EDGE_CURVE('',#5293,#5356,#5364,.T.);
#5364 = LINE('',#5365,#5366);
#5365 = CARTESIAN_POINT('',(149.84322950886,191.80000000223,
    131.80715890731));
#5366 = VECTOR('',#5367,1.);
#5367 = DIRECTION('',(-1.3323E-13,-1.,1.25E-15));
#5368 = ORIENTED_EDGE('',*,*,#5310,.T.);
#5369 = ORIENTED_EDGE('',*,*,#2505,.F.);
#5370 = PLANE('',#5371);
#5371 = AXIS2_PLACEMENT_3D('',#5372,#5373,#5374);
#5372 = CARTESIAN_POINT('',(142.33008978805,192.20000000223,
    131.80715890731));
#5373 = DIRECTION('',(2.E-16,-1.25E-15,-1.));
#5374 = DIRECTION('',(1.,-1.3053E-13,2.000000000002E-16));
#5375 = ADVANCED_FACE('',(#5376),#5380,.F.);
#5376 = FACE_BOUND('',#5377,.T.);
#5377 = EDGE_LOOP('',(#5378,#5379));
#5378 = ORIENTED_EDGE('',*,*,#5324,.T.);
#5379 = ORIENTED_EDGE('',*,*,#2513,.T.);
#5380 = PLANE('',#5381);
#5381 = AXIS2_PLACEMENT_3D('',#5382,#5383,#5384);
#5382 = CARTESIAN_POINT('',(210.29322950886,192.20000000223,
    134.55715890731));
#5383 = DIRECTION('',(-1.3053E-13,-1.,1.39E-15));
#5384 = DIRECTION('',(2.E-16,-1.39E-15,-1.));
#5385 = ADVANCED_FACE('',(#5386),#5404,.T.);
#5386 = FACE_BOUND('',#5387,.T.);
#5387 = EDGE_LOOP('',(#5388,#5396,#5397,#5398));
#5388 = ORIENTED_EDGE('',*,*,#5389,.T.);
#5389 = EDGE_CURVE('',#5390,#5332,#5392,.T.);
#5390 = VERTEX_POINT('',#5391);
#5391 = CARTESIAN_POINT('',(144.34322950886,191.80000000223,
    137.30715890731));
#5392 = LINE('',#5393,#5394);
#5393 = CARTESIAN_POINT('',(144.34322950886,191.80000000223,
    134.55715890731));
#5394 = VECTOR('',#5395,1.);
#5395 = DIRECTION('',(2.E-16,-1.39E-15,-1.));
#5396 = ORIENTED_EDGE('',*,*,#5331,.F.);
#5397 = ORIENTED_EDGE('',*,*,#2530,.F.);
#5398 = ORIENTED_EDGE('',*,*,#5399,.F.);
#5399 = EDGE_CURVE('',#5390,#2531,#5400,.T.);
#5400 = LINE('',#5401,#5402);
#5401 = CARTESIAN_POINT('',(151.85636922968,191.80000000223,
    137.30715890731));
#5402 = VECTOR('',#5403,1.);
#5403 = DIRECTION('',(-1.,1.3053E-13,-2.E-16));
#5404 = PLANE('',#5405);
#5405 = AXIS2_PLACEMENT_3D('',#5406,#5407,#5408);
#5406 = CARTESIAN_POINT('',(144.34322950886,191.80000000223,
    134.55715890731));
#5407 = DIRECTION('',(1.3053E-13,1.,-1.39E-15));
#5408 = DIRECTION('',(-1.,1.3053E-13,-2.E-16));
#5409 = ADVANCED_FACE('',(#5410),#5452,.F.);
#5410 = FACE_BOUND('',#5411,.T.);
#5411 = EDGE_LOOP('',(#5412,#5418,#5419,#5420,#5428,#5436,#5444,#5450,
    #5451));
#5412 = ORIENTED_EDGE('',*,*,#5413,.F.);
#5413 = EDGE_CURVE('',#2548,#2540,#5414,.T.);
#5414 = LINE('',#5415,#5416);
#5415 = CARTESIAN_POINT('',(178.69322950886,192.20000000223,
    137.30715890731));
#5416 = VECTOR('',#5417,1.);
#5417 = DIRECTION('',(-1.,1.3053E-13,-2.E-16));
#5418 = ORIENTED_EDGE('',*,*,#2556,.T.);
#5419 = ORIENTED_EDGE('',*,*,#5302,.T.);
#5420 = ORIENTED_EDGE('',*,*,#5421,.T.);
#5421 = EDGE_CURVE('',#5295,#5422,#5424,.T.);
#5422 = VERTEX_POINT('',#5423);
#5423 = CARTESIAN_POINT('',(149.84322950886,191.60000000223,
    137.30715890731));
#5424 = LINE('',#5425,#5426);
#5425 = CARTESIAN_POINT('',(149.84322950886,191.80000000223,
    137.30715890731));
#5426 = VECTOR('',#5427,1.);
#5427 = DIRECTION('',(-1.3323E-13,-1.,1.25E-15));
#5428 = ORIENTED_EDGE('',*,*,#5429,.T.);
#5429 = EDGE_CURVE('',#5422,#5430,#5432,.T.);
#5430 = VERTEX_POINT('',#5431);
#5431 = CARTESIAN_POINT('',(147.09322950886,191.60000000223,
    137.30715890731));
#5432 = LINE('',#5433,#5434);
#5433 = CARTESIAN_POINT('',(147.09322950886,191.60000000223,
    137.30715890731));
#5434 = VECTOR('',#5435,1.);
#5435 = DIRECTION('',(-1.,1.3053E-13,-2.06E-15));
#5436 = ORIENTED_EDGE('',*,*,#5437,.T.);
#5437 = EDGE_CURVE('',#5430,#5438,#5440,.T.);
#5438 = VERTEX_POINT('',#5439);
#5439 = CARTESIAN_POINT('',(144.34322950886,191.60000000223,
    137.30715890731));
#5440 = LINE('',#5441,#5442);
#5441 = CARTESIAN_POINT('',(142.33008978805,191.60000000223,
    137.30715890731));
#5442 = VECTOR('',#5443,1.);
#5443 = DIRECTION('',(-1.,1.3053E-13,-2.E-16));
#5444 = ORIENTED_EDGE('',*,*,#5445,.F.);
#5445 = EDGE_CURVE('',#5390,#5438,#5446,.T.);
#5446 = LINE('',#5447,#5448);
#5447 = CARTESIAN_POINT('',(144.34322950886,191.80000000223,
    137.30715890731));
#5448 = VECTOR('',#5449,1.);
#5449 = DIRECTION('',(-1.3323E-13,-1.,1.25E-15));
#5450 = ORIENTED_EDGE('',*,*,#5399,.T.);
#5451 = ORIENTED_EDGE('',*,*,#2539,.F.);
#5452 = PLANE('',#5453);
#5453 = AXIS2_PLACEMENT_3D('',#5454,#5455,#5456);
#5454 = CARTESIAN_POINT('',(151.85636922968,192.20000000223,
    137.30715890731));
#5455 = DIRECTION('',(-2.E-16,1.25E-15,1.));
#5456 = DIRECTION('',(-1.,1.3053E-13,-2.000000000002E-16));
#5457 = ADVANCED_FACE('',(#5458),#5462,.F.);
#5458 = FACE_BOUND('',#5459,.T.);
#5459 = EDGE_LOOP('',(#5460,#5461));
#5460 = ORIENTED_EDGE('',*,*,#5413,.T.);
#5461 = ORIENTED_EDGE('',*,*,#2547,.T.);
#5462 = PLANE('',#5463);
#5463 = AXIS2_PLACEMENT_3D('',#5464,#5465,#5466);
#5464 = CARTESIAN_POINT('',(210.29322950886,192.20000000223,
    134.55715890731));
#5465 = DIRECTION('',(-1.3053E-13,-1.,1.39E-15));
#5466 = DIRECTION('',(2.E-16,-1.39E-15,-1.));
#5467 = ADVANCED_FACE('',(#5468),#5471,.T.);
#5468 = FACE_BOUND('',#5469,.T.);
#5469 = EDGE_LOOP('',(#5470));
#5470 = ORIENTED_EDGE('',*,*,#2589,.F.);
#5471 = PLANE('',#5472);
#5472 = AXIS2_PLACEMENT_3D('',#5473,#5474,#5475);
#5473 = CARTESIAN_POINT('',(249.29322950885,191.20000000222,
    108.75715894962));
#5474 = DIRECTION('',(1.3053E-13,1.,-1.39E-15));
#5475 = DIRECTION('',(-1.,1.3053E-13,-2.E-16));
#5476 = ADVANCED_FACE('',(#5477),#5505,.F.);
#5477 = FACE_BOUND('',#5478,.F.);
#5478 = EDGE_LOOP('',(#5479,#5490,#5497,#5498));
#5479 = ORIENTED_EDGE('',*,*,#5480,.F.);
#5480 = EDGE_CURVE('',#5481,#5483,#5485,.T.);
#5481 = VERTEX_POINT('',#5482);
#5482 = CARTESIAN_POINT('',(256.05245349432,192.25680349318,
    107.47475185193));
#5483 = VERTEX_POINT('',#5484);
#5484 = CARTESIAN_POINT('',(256.25577038315,192.078613356,
    107.04284369703));
#5485 = B_SPLINE_CURVE_WITH_KNOTS('',3,(#5486,#5487,#5488,#5489),
  .UNSPECIFIED.,.F.,.F.,(4,4),(-1.1419E-13,8.792538227367E-02),
  .PIECEWISE_BEZIER_KNOTS.);
#5486 = CARTESIAN_POINT('',(256.05245349432,192.25680349318,
    107.47475185193));
#5487 = CARTESIAN_POINT('',(256.12228510137,192.22975553505,
    107.3210595132));
#5488 = CARTESIAN_POINT('',(256.19165590169,192.16885411613,
    107.17313309899));
#5489 = CARTESIAN_POINT('',(256.25577038315,192.078613356,
    107.04284369703));
#5490 = ORIENTED_EDGE('',*,*,#5491,.T.);
#5491 = EDGE_CURVE('',#5481,#2609,#5492,.T.);
#5492 = CIRCLE('',#5493,1.);
#5493 = AXIS2_PLACEMENT_3D('',#5494,#5495,#5496);
#5494 = CARTESIAN_POINT('',(256.41363767922,193.18929798891,
    107.47475185193));
#5495 = DIRECTION('',(-0.408453133593,0.158206630505,0.898964237177));
#5496 = DIRECTION('',(-0.361184184904,-0.932494495734,7.079559161127E-12
    ));
#5497 = ORIENTED_EDGE('',*,*,#2606,.F.);
#5498 = ORIENTED_EDGE('',*,*,#5499,.T.);
#5499 = EDGE_CURVE('',#2607,#5483,#5500,.T.);
#5500 = CIRCLE('',#5501,1.);
#5501 = AXIS2_PLACEMENT_3D('',#5502,#5503,#5504);
#5502 = CARTESIAN_POINT('',(256.76218091722,192.88382918233,
    106.73433787209));
#5503 = DIRECTION('',(0.375012945394,-0.527828541665,-0.762077634753));
#5504 = DIRECTION('',(0.542044090755,-0.542044090755,0.642165404982));
#5505 = B_SPLINE_SURFACE_WITH_KNOTS('',3,3,(
    (#5506,#5507,#5508,#5509)
    ,(#5510,#5511,#5512,#5513)
    ,(#5514,#5515,#5516,#5517)
    ,(#5518,#5519,#5520,#5521)
    ,(#5522,#5523,#5524,#5525
  )),.UNSPECIFIED.,.F.,.F.,.F.,(4,1,4),(4,4),(0.,0.5,1.),(-1.1419E-13,
    8.792538227367E-02),.UNSPECIFIED.);
#5506 = CARTESIAN_POINT('',(256.05245349432,192.25680349318,
    107.47475185193));
#5507 = CARTESIAN_POINT('',(256.12228510137,192.22975553505,
    107.3210595132));
#5508 = CARTESIAN_POINT('',(256.19165590169,192.16885411613,
    107.17313309899));
#5509 = CARTESIAN_POINT('',(256.25577038315,192.078613356,
    107.04284369703));
#5510 = CARTESIAN_POINT('',(256.21911468373,192.19225041954,
    107.56183652794));
#5511 = CARTESIAN_POINT('',(256.28722885327,192.16582703604,
    107.41807795798));
#5512 = CARTESIAN_POINT('',(256.35245318345,192.1087371908,
    107.28025034011));
#5513 = CARTESIAN_POINT('',(256.41138188644,192.02445712368,
    107.15692857414));
#5514 = CARTESIAN_POINT('',(256.59613612387,192.17744192136,
    107.73574599485));
#5515 = CARTESIAN_POINT('',(256.66827685986,192.15319016063,
    107.59808196841));
#5516 = CARTESIAN_POINT('',(256.73181684015,192.09883954004,
    107.46689166538));
#5517 = CARTESIAN_POINT('',(256.78512138183,192.01647909664,
    107.34636882638));
#5518 = CARTESIAN_POINT('',(256.93125672387,192.39495112549,
    107.84973235456));
#5519 = CARTESIAN_POINT('',(257.0171788679,192.37384264099,
    107.68794700007));
#5520 = CARTESIAN_POINT('',(257.0926500379,192.31111550212,
    107.53236173592));
#5521 = CARTESIAN_POINT('',(257.15351191561,192.2107385737,
    107.39310359594));
#5522 = CARTESIAN_POINT('',(257.05949320562,192.54344246251,
    107.88186519982));
#5523 = CARTESIAN_POINT('',(257.15284274555,192.52343632074,
    107.70203470824));
#5524 = CARTESIAN_POINT('',(257.23631589461,192.45448211122,
    107.52895074059));
#5525 = CARTESIAN_POINT('',(257.30422500797,192.34178509157,
    107.37650327707));
#5526 = ADVANCED_FACE('',(#5527),#5548,.F.);
#5527 = FACE_BOUND('',#5528,.F.);
#5528 = EDGE_LOOP('',(#5529,#5539,#5546,#5547));
#5529 = ORIENTED_EDGE('',*,*,#5530,.F.);
#5530 = EDGE_CURVE('',#5531,#5481,#5533,.T.);
#5531 = VERTEX_POINT('',#5532);
#5532 = CARTESIAN_POINT('',(256.05245349441,192.25680349314,
    110.03956594398));
#5533 = B_SPLINE_CURVE_WITH_KNOTS('',3,(#5534,#5535,#5536,#5537,#5538),
  .UNSPECIFIED.,.F.,.F.,(4,1,4),(0.,0.152028219161,0.266049383531),
  .UNSPECIFIED.);
#5534 = CARTESIAN_POINT('',(256.05245349441,192.25680349314,
    110.03956594399));
#5535 = CARTESIAN_POINT('',(255.9317104895,192.30357102262,
    109.58400617046));
#5536 = CARTESIAN_POINT('',(255.81616938474,192.32407980606,
    108.68741761821));
#5537 = CARTESIAN_POINT('',(255.96189624066,192.29187914027,
    107.81642168209));
#5538 = CARTESIAN_POINT('',(256.05245349432,192.25680349318,
    107.47475185193));
#5539 = ORIENTED_EDGE('',*,*,#5540,.F.);
#5540 = EDGE_CURVE('',#2618,#5531,#5541,.T.);
#5541 = CIRCLE('',#5542,1.);
#5542 = AXIS2_PLACEMENT_3D('',#5543,#5544,#5545);
#5543 = CARTESIAN_POINT('',(256.41363767938,193.18929798885,
    110.03956594399));
#5544 = DIRECTION('',(-0.408453133677,0.158206630571,-0.898964237127));
#5545 = DIRECTION('',(0.645855526368,-0.645855526368,-0.407113348001));
#5546 = ORIENTED_EDGE('',*,*,#2617,.F.);
#5547 = ORIENTED_EDGE('',*,*,#5491,.F.);
#5548 = B_SPLINE_SURFACE_WITH_KNOTS('',3,3,(
    (#5549,#5550,#5551,#5552,#5553)
    ,(#5554,#5555,#5556,#5557,#5558)
    ,(#5559,#5560,#5561,#5562,#5563)
    ,(#5564,#5565,#5566,#5567,#5568)
    ,(#5569,#5570,#5571,#5572,#5573
  )),.UNSPECIFIED.,.F.,.F.,.F.,(4,1,4),(4,1,4),(0.,0.5,1.),(0.,
    0.152028219161,0.266049383531),.UNSPECIFIED.);
#5549 = CARTESIAN_POINT('',(256.05245349441,192.25680349314,
    110.03956594399));
#5550 = CARTESIAN_POINT('',(255.9317104895,192.30357102262,
    109.58400617046));
#5551 = CARTESIAN_POINT('',(255.81616938474,192.32407980606,
    108.68741761821));
#5552 = CARTESIAN_POINT('',(255.96189624066,192.29187914027,
    107.81642168209));
#5553 = CARTESIAN_POINT('',(256.05245349432,192.25680349318,
    107.47475185193));
#5554 = CARTESIAN_POINT('',(256.21911468382,192.19225041949,
    109.95248126796));
#5555 = CARTESIAN_POINT('',(256.10123874869,192.25592311563,
    109.53216890997));
#5556 = CARTESIAN_POINT('',(255.979697033,192.29256064491,
    108.69104919593));
#5557 = CARTESIAN_POINT('',(256.1307077324,192.24000494163,
    107.87707079644));
#5558 = CARTESIAN_POINT('',(256.21911468373,192.19225041954,
    107.56183652793));
#5559 = CARTESIAN_POINT('',(256.59613611561,192.17744196767,
    109.77857181296));
#5560 = CARTESIAN_POINT('',(256.46477385514,192.25611584059,
    109.42836868411));
#5561 = CARTESIAN_POINT('',(256.32154955945,192.30450084,108.69840567657
    ));
#5562 = CARTESIAN_POINT('',(256.49761442017,192.2364473724,
    107.99839832954));
#5563 = CARTESIAN_POINT('',(256.59613611551,192.17744196773,
    107.73574598288));
#5564 = CARTESIAN_POINT('',(256.93125672399,192.39495112545,
    109.66458544125));
#5565 = CARTESIAN_POINT('',(256.77661389973,192.44773310999,
    109.34985014776));
#5566 = CARTESIAN_POINT('',(256.61717335193,192.46704089634,
    108.70581985673));
#5567 = CARTESIAN_POINT('',(256.8152746057,192.43453761387,
    108.0857838247));
#5568 = CARTESIAN_POINT('',(256.93125672387,192.39495112549,
    107.84973235456));
#5569 = CARTESIAN_POINT('',(257.05949320575,192.54344246248,
    109.63245259599));
#5570 = CARTESIAN_POINT('',(256.89808629512,192.57803427237,
    109.32151497278));
#5571 = CARTESIAN_POINT('',(256.73703620756,192.5761718091,
    108.70955770696));
#5572 = CARTESIAN_POINT('',(256.93843802268,192.56938631991,
    108.11506841724));
#5573 = CARTESIAN_POINT('',(257.05949320562,192.54344246251,
    107.88186519982));
#5574 = ADVANCED_FACE('',(#5575),#5595,.F.);
#5575 = FACE_BOUND('',#5576,.F.);
#5576 = EDGE_LOOP('',(#5577,#5586,#5593,#5594));
#5577 = ORIENTED_EDGE('',*,*,#5578,.F.);
#5578 = EDGE_CURVE('',#5579,#5531,#5581,.T.);
#5579 = VERTEX_POINT('',#5580);
#5580 = CARTESIAN_POINT('',(256.25577038324,192.07861335599,
    110.47147409877));
#5581 = B_SPLINE_CURVE_WITH_KNOTS('',3,(#5582,#5583,#5584,#5585),
  .UNSPECIFIED.,.F.,.F.,(4,4),(1.55352129728,1.641447138587),
  .PIECEWISE_BEZIER_KNOTS.);
#5582 = CARTESIAN_POINT('',(256.25577038324,192.07861335599,
    110.47147409877));
#5583 = CARTESIAN_POINT('',(256.19165557737,192.1688545727,
    110.3411840376));
#5584 = CARTESIAN_POINT('',(256.12228538604,192.22975542479,
    110.19325890901));
#5585 = CARTESIAN_POINT('',(256.0524534944,192.25680349315,
    110.03956594396));
#5586 = ORIENTED_EDGE('',*,*,#5587,.T.);
#5587 = EDGE_CURVE('',#5579,#2628,#5588,.T.);
#5588 = CIRCLE('',#5589,1.);
#5589 = AXIS2_PLACEMENT_3D('',#5590,#5591,#5592);
#5590 = CARTESIAN_POINT('',(256.76218091737,192.88382918231,
    110.77997992362));
#5591 = DIRECTION('',(0.375012945471,-0.527828541658,0.76207763472));
#5592 = DIRECTION('',(-0.506410534132,-0.805215826317,-0.308505824855));
#5593 = ORIENTED_EDGE('',*,*,#2627,.F.);
#5594 = ORIENTED_EDGE('',*,*,#5540,.T.);
#5595 = B_SPLINE_SURFACE_WITH_KNOTS('',3,3,(
    (#5596,#5597,#5598,#5599)
    ,(#5600,#5601,#5602,#5603)
    ,(#5604,#5605,#5606,#5607)
    ,(#5608,#5609,#5610,#5611)
    ,(#5612,#5613,#5614,#5615
  )),.UNSPECIFIED.,.F.,.F.,.F.,(4,1,4),(4,4),(0.,0.5,1.),(1.55352129728,
    1.641447138587),.UNSPECIFIED.);
#5596 = CARTESIAN_POINT('',(256.25577038324,192.07861335599,
    110.47147409877));
#5597 = CARTESIAN_POINT('',(256.19165557737,192.1688545727,
    110.3411840376));
#5598 = CARTESIAN_POINT('',(256.12228538604,192.22975542479,
    110.19325890901));
#5599 = CARTESIAN_POINT('',(256.0524534944,192.25680349315,
    110.03956594396));
#5600 = CARTESIAN_POINT('',(256.41138188652,192.02445712366,
    110.35738922163));
#5601 = CARTESIAN_POINT('',(256.35245288537,192.1087376172,
    110.2340668317));
#5602 = CARTESIAN_POINT('',(256.28722913094,192.16582692831,
    110.09624042372));
#5603 = CARTESIAN_POINT('',(256.21911468381,192.19225041949,
    109.95248126793));
#5604 = CARTESIAN_POINT('',(256.7851213805,192.01647915035,
    110.16794900725));
#5605 = CARTESIAN_POINT('',(256.73181656911,192.09884001046,
    110.04742555847));
#5606 = CARTESIAN_POINT('',(256.66827714297,192.15319012258,
    109.91623640409));
#5607 = CARTESIAN_POINT('',(256.59613611299,192.17744198215,
    109.77857181666));
#5608 = CARTESIAN_POINT('',(257.15351191573,192.2107385737,
    110.12121419973));
#5609 = CARTESIAN_POINT('',(257.09264973007,192.31111600997,
    109.98195535517));
#5610 = CARTESIAN_POINT('',(257.01717921817,192.37384255493,
    109.82637145501));
#5611 = CARTESIAN_POINT('',(256.93125672397,192.39495112545,
    109.66458544122));
#5612 = CARTESIAN_POINT('',(257.3042250081,192.34178509158,
    110.1378145186));
#5613 = CARTESIAN_POINT('',(257.23631555112,192.45448268142,
    109.98536628375));
#5614 = CARTESIAN_POINT('',(257.1528431261,192.52343623917,
    109.81228382037));
#5615 = CARTESIAN_POINT('',(257.05949320573,192.54344246249,
    109.63245259596));
#5616 = ADVANCED_FACE('',(#5617),#5638,.F.);
#5617 = FACE_BOUND('',#5618,.F.);
#5618 = EDGE_LOOP('',(#5619,#5629,#5636,#5637));
#5619 = ORIENTED_EDGE('',*,*,#5620,.F.);
#5620 = EDGE_CURVE('',#5621,#5579,#5623,.T.);
#5621 = VERTEX_POINT('',#5622);
#5622 = CARTESIAN_POINT('',(257.78945924416,190.63717554177,
    111.71705777045));
#5623 = B_SPLINE_CURVE_WITH_KNOTS('',3,(#5624,#5625,#5626,#5627,#5628),
  .UNSPECIFIED.,.F.,.F.,(4,1,4),(0.,0.108293387164,0.25268457005),
  .UNSPECIFIED.);
#5624 = CARTESIAN_POINT('',(257.78945924416,190.63717554177,
    111.71705777045));
#5625 = CARTESIAN_POINT('',(257.55150728039,190.83825867126,
    111.62521192526));
#5626 = CARTESIAN_POINT('',(256.96786234911,191.31117949244,
    111.3099486975));
#5627 = CARTESIAN_POINT('',(256.47435481821,191.81712431744,
    110.79516864109));
#5628 = CARTESIAN_POINT('',(256.25577038324,192.07861335599,
    110.47147409877));
#5629 = ORIENTED_EDGE('',*,*,#5630,.F.);
#5630 = EDGE_CURVE('',#2637,#5621,#5631,.T.);
#5631 = CIRCLE('',#5632,1.);
#5632 = AXIS2_PLACEMENT_3D('',#5633,#5634,#5635);
#5633 = CARTESIAN_POINT('',(258.38244823414,191.42170651702,
    111.89837298392));
#5634 = DIRECTION('',(-0.78725452705,0.612164290546,-7.406207544625E-02)
  );
#5635 = DIRECTION('',(5.277583960686E-02,-5.277583960686E-02,
    -0.997210820994));
#5636 = ORIENTED_EDGE('',*,*,#2636,.F.);
#5637 = ORIENTED_EDGE('',*,*,#5587,.F.);
#5638 = B_SPLINE_SURFACE_WITH_KNOTS('',3,3,(
    (#5639,#5640,#5641,#5642,#5643)
    ,(#5644,#5645,#5646,#5647,#5648)
    ,(#5649,#5650,#5651,#5652,#5653)
    ,(#5654,#5655,#5656,#5657,#5658)
    ,(#5659,#5660,#5661,#5662,#5663
  )),.UNSPECIFIED.,.F.,.F.,.F.,(4,1,4),(4,1,4),(0.,0.5,1.),(0.,
    0.108293387164,0.25268457005),.UNSPECIFIED.);
#5639 = CARTESIAN_POINT('',(257.78945924416,190.63717554177,
    111.71705777045));
#5640 = CARTESIAN_POINT('',(257.55150728039,190.83825867126,
    111.62521192526));
#5641 = CARTESIAN_POINT('',(256.96786234911,191.31117949244,
    111.3099486975));
#5642 = CARTESIAN_POINT('',(256.47435481821,191.81712431744,
    110.79516864109));
#5643 = CARTESIAN_POINT('',(256.25577038324,192.07861335599,
    110.47147409877));
#5644 = CARTESIAN_POINT('',(257.8283152706,190.65988345219,
    111.49172502422));
#5645 = CARTESIAN_POINT('',(257.61701064754,190.85738350076,
    111.41834316824));
#5646 = CARTESIAN_POINT('',(257.07728431019,191.32038215784,
    111.15309246299));
#5647 = CARTESIAN_POINT('',(256.61461688429,191.79197610589,
    110.66760825254));
#5648 = CARTESIAN_POINT('',(256.41138188652,192.02445712366,
    110.35738922163));
#5649 = CARTESIAN_POINT('',(258.00376480779,190.83476372725,
    111.07223930603));
#5650 = CARTESIAN_POINT('',(257.82476100955,191.01137066052,
    111.0420706221));
#5651 = CARTESIAN_POINT('',(257.34190588259,191.42321048158,
    110.87727415665));
#5652 = CARTESIAN_POINT('',(256.94500544455,191.82977606931,
    110.45163997014));
#5653 = CARTESIAN_POINT('',(256.78512137993,192.01647917178,
    110.16794902237));
#5654 = CARTESIAN_POINT('',(258.29405323675,191.18763927439,
    110.9032854818));
#5655 = CARTESIAN_POINT('',(258.10269119725,191.3364127217,
    110.88883800348));
#5656 = CARTESIAN_POINT('',(257.61942956594,191.66977300141,
    110.7573184533));
#5657 = CARTESIAN_POINT('',(257.2754279058,192.03101486387,
    110.38122082754));
#5658 = CARTESIAN_POINT('',(257.15351191573,192.2107385737,
    110.12121419973));
#5659 = CARTESIAN_POINT('',(258.43522407375,191.36893067741,
    110.90116216292));
#5660 = CARTESIAN_POINT('',(258.23122656595,191.50972446931,
    110.88291461692));
#5661 = CARTESIAN_POINT('',(257.74003757882,191.81110069626,
    110.74387564362));
#5662 = CARTESIAN_POINT('',(257.4157454289,192.15671392179,
    110.38816391111));
#5663 = CARTESIAN_POINT('',(257.3042250081,192.34178509158,
    110.1378145186));
#5664 = ADVANCED_FACE('',(#5665),#5686,.F.);
#5665 = FACE_BOUND('',#5666,.F.);
#5666 = EDGE_LOOP('',(#5667,#5668,#5669,#5670,#5679));
#5667 = ORIENTED_EDGE('',*,*,#2664,.F.);
#5668 = ORIENTED_EDGE('',*,*,#2646,.F.);
#5669 = ORIENTED_EDGE('',*,*,#5630,.T.);
#5670 = ORIENTED_EDGE('',*,*,#5671,.F.);
#5671 = EDGE_CURVE('',#5672,#5621,#5674,.T.);
#5672 = VERTEX_POINT('',#5673);
#5673 = CARTESIAN_POINT('',(258.02597123729,190.41067640193,
    111.71230692619));
#5674 = B_SPLINE_CURVE_WITH_KNOTS('',3,(#5675,#5676,#5677,#5678),
  .UNSPECIFIED.,.F.,.F.,(4,4),(-5.631312046611E-02,1.02E-15),
  .PIECEWISE_BEZIER_KNOTS.);
#5675 = CARTESIAN_POINT('',(258.02597123729,190.41067640193,
    111.71230692619));
#5676 = CARTESIAN_POINT('',(257.95546980649,190.49370567878,
    111.72360820025));
#5677 = CARTESIAN_POINT('',(257.87566183114,190.57014493897,
    111.72516739991));
#5678 = CARTESIAN_POINT('',(257.78945924416,190.63717554177,
    111.71705777045));
#5679 = ORIENTED_EDGE('',*,*,#5680,.F.);
#5680 = EDGE_CURVE('',#2665,#5672,#5681,.T.);
#5681 = CIRCLE('',#5682,1.);
#5682 = AXIS2_PLACEMENT_3D('',#5683,#5684,#5685);
#5683 = CARTESIAN_POINT('',(258.78789736523,191.03342227729,
    111.89022867946));
#5684 = DIRECTION('',(-0.643800861155,0.758201916282,0.103200316482));
#5685 = DIRECTION('',(-7.321358433249E-02,7.32135843325E-02,
    -0.994625327517));
#5686 = B_SPLINE_SURFACE_WITH_KNOTS('',3,3,(
    (#5687,#5688,#5689,#5690)
    ,(#5691,#5692,#5693,#5694)
    ,(#5695,#5696,#5697,#5698)
    ,(#5699,#5700,#5701,#5702)
    ,(#5703,#5704,#5705,#5706
  )),.UNSPECIFIED.,.F.,.F.,.F.,(4,1,4),(4,4),(0.,0.5,1.),(
    -5.631312046611E-02,1.02E-15),.UNSPECIFIED.);
#5687 = CARTESIAN_POINT('',(258.02597123729,190.41067640193,
    111.71230692619));
#5688 = CARTESIAN_POINT('',(257.95546980649,190.49370567878,
    111.72360820025));
#5689 = CARTESIAN_POINT('',(257.87566183114,190.57014493897,
    111.72516739991));
#5690 = CARTESIAN_POINT('',(257.78945924416,190.63717554177,
    111.71705777045));
#5691 = CARTESIAN_POINT('',(258.04224662998,190.45518863853,
    111.48681196597));
#5692 = CARTESIAN_POINT('',(257.97858914642,190.53035354972,
    111.49623184639));
#5693 = CARTESIAN_POINT('',(257.90656307387,190.59928778909,
    111.49786025488));
#5694 = CARTESIAN_POINT('',(257.8283152706,190.65988345219,
    111.49172502422));
#5695 = CARTESIAN_POINT('',(258.20129196327,190.64742864565,
    111.06662702153));
#5696 = CARTESIAN_POINT('',(258.14363242055,190.7178267152,
    111.07393642197));
#5697 = CARTESIAN_POINT('',(258.07773718834,190.78036196154,
    111.07582449556));
#5698 = CARTESIAN_POINT('',(258.00376480838,190.83476372817,
    111.07223930731));
#5699 = CARTESIAN_POINT('',(258.53917553152,190.95734642995,
    110.8975332984));
#5700 = CARTESIAN_POINT('',(258.46959926843,191.04546020434,
    110.90800859831));
#5701 = CARTESIAN_POINT('',(258.38705568829,191.12303186597,
    110.90991126372));
#5702 = CARTESIAN_POINT('',(258.29405323675,191.18763927439,
    110.9032854818));
#5703 = CARTESIAN_POINT('',(258.71468378089,191.10663586162,
    110.89560335195));
#5704 = CARTESIAN_POINT('',(258.63560124854,191.20719470148,
    110.90882661139));
#5705 = CARTESIAN_POINT('',(258.54130383108,191.29571717868,
    110.91065098106));
#5706 = CARTESIAN_POINT('',(258.43522407375,191.36893067741,
    110.90116216292));
#5707 = ADVANCED_FACE('',(#5708),#5729,.F.);
#5708 = FACE_BOUND('',#5709,.F.);
#5709 = EDGE_LOOP('',(#5710,#5720,#5727,#5728));
#5710 = ORIENTED_EDGE('',*,*,#5711,.F.);
#5711 = EDGE_CURVE('',#5712,#5672,#5714,.T.);
#5712 = VERTEX_POINT('',#5713);
#5713 = CARTESIAN_POINT('',(259.43021023368,188.99550850749,
    110.67844461712));
#5714 = B_SPLINE_CURVE_WITH_KNOTS('',3,(#5715,#5716,#5717,#5718,#5719),
  .UNSPECIFIED.,.F.,.F.,(4,1,4),(9.567E-14,9.829858497803E-02,
    0.229363364949),.UNSPECIFIED.);
#5715 = CARTESIAN_POINT('',(259.43021023368,188.99550850749,
    110.67844461712));
#5716 = CARTESIAN_POINT('',(259.2471188801,189.15667080066,
    110.87841646181));
#5717 = CARTESIAN_POINT('',(258.77634218191,189.5852480178,
    111.3109449406));
#5718 = CARTESIAN_POINT('',(258.29369937739,190.11379336077,
    111.60492053063));
#5719 = CARTESIAN_POINT('',(258.02597123729,190.41067640193,
    111.71230692619));
#5720 = ORIENTED_EDGE('',*,*,#5721,.T.);
#5721 = EDGE_CURVE('',#5712,#2674,#5722,.T.);
#5722 = CIRCLE('',#5723,1.);
#5723 = AXIS2_PLACEMENT_3D('',#5724,#5725,#5726);
#5724 = CARTESIAN_POINT('',(260.19264892124,189.60993546748,
    110.88134054747));
#5725 = DIRECTION('',(0.532626080966,-0.417896021523,-0.735983948922));
#5726 = DIRECTION('',(-0.762438687557,-0.614426959993,-0.202895930342));
#5727 = ORIENTED_EDGE('',*,*,#2673,.F.);
#5728 = ORIENTED_EDGE('',*,*,#5680,.T.);
#5729 = B_SPLINE_SURFACE_WITH_KNOTS('',3,3,(
    (#5730,#5731,#5732,#5733,#5734)
    ,(#5735,#5736,#5737,#5738,#5739)
    ,(#5740,#5741,#5742,#5743,#5744)
    ,(#5745,#5746,#5747,#5748,#5749)
    ,(#5750,#5751,#5752,#5753,#5754
  )),.UNSPECIFIED.,.F.,.F.,.F.,(4,1,4),(4,1,4),(0.,0.5,1.),(9.567E-14,
    9.829858497803E-02,0.229363364949),.UNSPECIFIED.);
#5730 = CARTESIAN_POINT('',(259.43021023368,188.99550850749,
    110.67844461712));
#5731 = CARTESIAN_POINT('',(259.2471188801,189.15667080066,
    110.87841646181));
#5732 = CARTESIAN_POINT('',(258.77634218191,189.5852480178,
    111.3109449406));
#5733 = CARTESIAN_POINT('',(258.29369937739,190.11379336077,
    111.60492053063));
#5734 = CARTESIAN_POINT('',(258.02597123729,190.41067640193,
    111.71230692619));
#5735 = CARTESIAN_POINT('',(259.34723346859,189.14664089088,
    110.5325810951));
#5736 = CARTESIAN_POINT('',(259.18786987148,189.2985646628,
    110.72350426637));
#5737 = CARTESIAN_POINT('',(258.7620657403,189.6993438481,
    111.13751050622));
#5738 = CARTESIAN_POINT('',(258.30094025112,190.18916760819,
    111.39811016276));
#5739 = CARTESIAN_POINT('',(258.04224662998,190.45518863853,
    111.48681196597));
#5740 = CARTESIAN_POINT('',(259.30317976985,189.5460342755,
    110.27392184628));
#5741 = CARTESIAN_POINT('',(259.18170114215,189.66729949959,
    110.45050045994));
#5742 = CARTESIAN_POINT('',(258.83183787482,189.99711167004,
    110.82836241007));
#5743 = CARTESIAN_POINT('',(258.42879119857,190.424346387,
    111.02153619883));
#5744 = CARTESIAN_POINT('',(258.20129196266,190.64742864524,
    111.06662702066));
#5745 = CARTESIAN_POINT('',(259.52008038775,189.96417512523,
    110.19346836417));
#5746 = CARTESIAN_POINT('',(259.40140913668,190.05792093888,
    110.36103992167));
#5747 = CARTESIAN_POINT('',(259.0750789237,190.32956078666,
    110.70571108416));
#5748 = CARTESIAN_POINT('',(258.7328552301,190.73214328125,
    110.86958066002));
#5749 = CARTESIAN_POINT('',(258.53917553152,190.95734642995,
    110.8975332984));
#5750 = CARTESIAN_POINT('',(259.67050861217,190.13207577655,
    110.20699716661));
#5751 = CARTESIAN_POINT('',(259.54542380802,190.21956790571,
    110.37159429741));
#5752 = CARTESIAN_POINT('',(259.21785508942,190.4747946568,
    110.70179228779));
#5753 = CARTESIAN_POINT('',(258.89872526724,190.87261454488,
    110.8648300794));
#5754 = CARTESIAN_POINT('',(258.71468378089,191.10663586162,
    110.89560335195));
#5755 = ADVANCED_FACE('',(#5756),#5776,.F.);
#5756 = FACE_BOUND('',#5757,.F.);
#5757 = EDGE_LOOP('',(#5758,#5767,#5774,#5775));
#5758 = ORIENTED_EDGE('',*,*,#5759,.F.);
#5759 = EDGE_CURVE('',#5760,#5712,#5762,.T.);
#5760 = VERTEX_POINT('',#5761);
#5761 = CARTESIAN_POINT('',(259.57374782301,188.83787453608,
    110.39439031464));
#5762 = B_SPLINE_CURVE_WITH_KNOTS('',3,(#5763,#5764,#5765,#5766),
  .UNSPECIFIED.,.F.,.F.,(4,4),(1.560982741288,1.622079021952),
  .PIECEWISE_BEZIER_KNOTS.);
#5763 = CARTESIAN_POINT('',(259.57374782301,188.83787453608,
    110.39439031464));
#5764 = CARTESIAN_POINT('',(259.54198809212,188.89261618839,
    110.49492743548));
#5765 = CARTESIAN_POINT('',(259.49348973741,188.94585969419,
    110.59100485272));
#5766 = CARTESIAN_POINT('',(259.43021023368,188.99550850749,
    110.67844461712));
#5767 = ORIENTED_EDGE('',*,*,#5768,.T.);
#5768 = EDGE_CURVE('',#5760,#2684,#5769,.T.);
#5769 = CIRCLE('',#5770,1.);
#5770 = AXIS2_PLACEMENT_3D('',#5771,#5772,#5773);
#5771 = CARTESIAN_POINT('',(260.43871336009,189.33970580221,
    110.39439031464));
#5772 = DIRECTION('',(0.267341574796,-0.460794821758,-0.846284003528));
#5773 = DIRECTION('',(-0.864965537081,-0.501831266127,3.603506382177E-13
    ));
#5774 = ORIENTED_EDGE('',*,*,#2683,.F.);
#5775 = ORIENTED_EDGE('',*,*,#5721,.F.);
#5776 = B_SPLINE_SURFACE_WITH_KNOTS('',3,3,(
    (#5777,#5778,#5779,#5780)
    ,(#5781,#5782,#5783,#5784)
    ,(#5785,#5786,#5787,#5788)
    ,(#5789,#5790,#5791,#5792)
    ,(#5793,#5794,#5795,#5796
  )),.UNSPECIFIED.,.F.,.F.,.F.,(4,1,4),(4,4),(0.,0.5,1.),(1.560982741288
    ,1.622079021952),.UNSPECIFIED.);
#5777 = CARTESIAN_POINT('',(259.57374782301,188.83787453608,
    110.39439031464));
#5778 = CARTESIAN_POINT('',(259.54198809212,188.89261618839,
    110.49492743548));
#5779 = CARTESIAN_POINT('',(259.49348973741,188.94585969419,
    110.59100485272));
#5780 = CARTESIAN_POINT('',(259.43021023368,188.99550850749,
    110.67844461712));
#5781 = CARTESIAN_POINT('',(259.47821827121,189.00253101658,
    110.27455835045));
#5782 = CARTESIAN_POINT('',(259.44860091214,189.05352044246,
    110.36547709696));
#5783 = CARTESIAN_POINT('',(259.404447491,189.10206275319,
    110.45248958728));
#5784 = CARTESIAN_POINT('',(259.34723346859,189.14664089087,
    110.5325810951));
#5785 = CARTESIAN_POINT('',(259.42431230238,189.41031785243,
    110.03549277898));
#5786 = CARTESIAN_POINT('',(259.39724277896,189.46124418284,
    110.11891600619));
#5787 = CARTESIAN_POINT('',(259.35673021186,189.50656089524,
    110.19855740085));
#5788 = CARTESIAN_POINT('',(259.30317974354,189.54603427361,
    110.27392182832));
#5789 = CARTESIAN_POINT('',(259.66575257378,189.79754575511,
    109.90092141812));
#5790 = CARTESIAN_POINT('',(259.63693713787,189.86053588495,
    110.00377073485));
#5791 = CARTESIAN_POINT('',(259.58782017655,189.91667965038,
    110.10246296494));
#5792 = CARTESIAN_POINT('',(259.52008038775,189.96417512523,
    110.19346836417));
#5793 = CARTESIAN_POINT('',(259.83462160593,189.94379755637,
    109.87463430929));
#5794 = CARTESIAN_POINT('',(259.80371414432,190.01410259755,
    109.99226957993));
#5795 = CARTESIAN_POINT('',(259.74825896767,190.07769231893,
    110.10468669398));
#5796 = CARTESIAN_POINT('',(259.67050861217,190.13207577655,
    110.20699716661));
#5797 = ADVANCED_FACE('',(#5798),#5819,.F.);
#5798 = FACE_BOUND('',#5799,.F.);
#5799 = EDGE_LOOP('',(#5800,#5810,#5817,#5818));
#5800 = ORIENTED_EDGE('',*,*,#5801,.F.);
#5801 = EDGE_CURVE('',#5802,#5760,#5804,.T.);
#5802 = VERTEX_POINT('',#5803);
#5803 = CARTESIAN_POINT('',(259.57374782311,188.83787453591,
    107.11992748146));
#5804 = B_SPLINE_CURVE_WITH_KNOTS('',3,(#5805,#5806,#5807,#5808,#5809),
  .UNSPECIFIED.,.F.,.F.,(4,1,4),(0.,0.148465235745,0.346418883405),
  .UNSPECIFIED.);
#5805 = CARTESIAN_POINT('',(259.57374782311,188.83787453591,
    107.11992748146));
#5806 = CARTESIAN_POINT('',(259.65092463126,188.70485117958,
    107.53873999514));
#5807 = CARTESIAN_POINT('',(259.71951417704,188.47183145623,
    108.66204479511));
#5808 = CARTESIAN_POINT('',(259.67665023393,188.66051006093,
    109.83597362979));
#5809 = CARTESIAN_POINT('',(259.57374782301,188.83787453608,
    110.39439031464));
#5810 = ORIENTED_EDGE('',*,*,#5811,.F.);
#5811 = EDGE_CURVE('',#2693,#5802,#5812,.T.);
#5812 = CIRCLE('',#5813,1.);
#5813 = AXIS2_PLACEMENT_3D('',#5814,#5815,#5816);
#5814 = CARTESIAN_POINT('',(260.43871336026,189.33970580192,
    107.11992748146));
#5815 = DIRECTION('',(0.267341574655,-0.460794821661,0.846284003625));
#5816 = DIRECTION('',(-0.604091754238,0.604091754238,0.519756005183));
#5817 = ORIENTED_EDGE('',*,*,#2692,.F.);
#5818 = ORIENTED_EDGE('',*,*,#5768,.F.);
#5819 = B_SPLINE_SURFACE_WITH_KNOTS('',3,3,(
    (#5820,#5821,#5822,#5823,#5824)
    ,(#5825,#5826,#5827,#5828,#5829)
    ,(#5830,#5831,#5832,#5833,#5834)
    ,(#5835,#5836,#5837,#5838,#5839)
    ,(#5840,#5841,#5842,#5843,#5844
  )),.UNSPECIFIED.,.F.,.F.,.F.,(4,1,4),(4,1,4),(0.,0.5,1.),(0.,
    0.148465235745,0.346418883405),.UNSPECIFIED.);
#5820 = CARTESIAN_POINT('',(259.57374782311,188.83787453591,
    107.11992748146));
#5821 = CARTESIAN_POINT('',(259.65092463126,188.70485117958,
    107.53873999514));
#5822 = CARTESIAN_POINT('',(259.71951417704,188.47183145623,
    108.66204479511));
#5823 = CARTESIAN_POINT('',(259.67665023393,188.66051006093,
    109.83597362979));
#5824 = CARTESIAN_POINT('',(259.57374782301,188.83787453608,
    110.39439031464));
#5825 = CARTESIAN_POINT('',(259.47821827132,189.00253101643,
    107.2397594456));
#5826 = CARTESIAN_POINT('',(259.57318328841,188.88133482226,
    107.62077445745));
#5827 = CARTESIAN_POINT('',(259.67863766961,188.64427187275,
    108.66653938785));
#5828 = CARTESIAN_POINT('',(259.60483829404,188.84093609101,
    109.76653833471));
#5829 = CARTESIAN_POINT('',(259.47821827121,189.00253101658,
    110.27455835045));
#5830 = CARTESIAN_POINT('',(259.4243122876,189.41031785331,
    107.47882502226));
#5831 = CARTESIAN_POINT('',(259.53812177855,189.28322246076,
    107.78499043434));
#5832 = CARTESIAN_POINT('',(259.6750223136,189.00847382519,
    108.67576656038));
#5833 = CARTESIAN_POINT('',(259.57605827544,189.24085733007,
    109.62727222433));
#5834 = CARTESIAN_POINT('',(259.42431228745,189.41031785347,
    110.03549277369));
#5835 = CARTESIAN_POINT('',(259.6657525739,189.79754575491,
    107.6133963778));
#5836 = CARTESIAN_POINT('',(259.75676849285,189.63870726363,
    107.89381964202));
#5837 = CARTESIAN_POINT('',(259.83509969138,189.32682291901,
    108.68641273438));
#5838 = CARTESIAN_POINT('',(259.78710713245,189.58576110004,
    109.52702373255));
#5839 = CARTESIAN_POINT('',(259.66575257378,189.79754575511,
    109.90092141812));
#5840 = CARTESIAN_POINT('',(259.83462160602,189.94379755616,
    107.63968348664));
#5841 = CARTESIAN_POINT('',(259.90972738204,189.7729548404,
    107.92553964678));
#5842 = CARTESIAN_POINT('',(259.9452389111,189.45556300693,
    108.69223974834));
#5843 = CARTESIAN_POINT('',(259.93476264068,189.71600726866,
    109.49349276249));
#5844 = CARTESIAN_POINT('',(259.83462160593,189.94379755637,
    109.87463430929));
#5845 = ADVANCED_FACE('',(#5846),#5866,.F.);
#5846 = FACE_BOUND('',#5847,.F.);
#5847 = EDGE_LOOP('',(#5848,#5849,#5850,#5859));
#5848 = ORIENTED_EDGE('',*,*,#2702,.F.);
#5849 = ORIENTED_EDGE('',*,*,#5811,.T.);
#5850 = ORIENTED_EDGE('',*,*,#5851,.F.);
#5851 = EDGE_CURVE('',#5852,#5802,#5854,.T.);
#5852 = VERTEX_POINT('',#5853);
#5853 = CARTESIAN_POINT('',(259.43021023374,188.99550850737,
    106.83587317881));
#5854 = B_SPLINE_CURVE_WITH_KNOTS('',3,(#5855,#5856,#5857,#5858),
  .UNSPECIFIED.,.F.,.F.,(4,4),(-6.109628069362E-02,-3.8E-16),
  .PIECEWISE_BEZIER_KNOTS.);
#5855 = CARTESIAN_POINT('',(259.43021023374,188.99550850737,
    106.83587317881));
#5856 = CARTESIAN_POINT('',(259.49348973749,188.94585969406,
    106.92331294326));
#5857 = CARTESIAN_POINT('',(259.54198809222,188.89261618824,
    107.01939036056));
#5858 = CARTESIAN_POINT('',(259.57374782311,188.83787453591,
    107.11992748146));
#5859 = ORIENTED_EDGE('',*,*,#5860,.F.);
#5860 = EDGE_CURVE('',#2703,#5852,#5861,.T.);
#5861 = CIRCLE('',#5862,1.);
#5862 = AXIS2_PLACEMENT_3D('',#5863,#5864,#5865);
#5863 = CARTESIAN_POINT('',(260.19264892133,189.60993546727,
    106.63297724834));
#5864 = DIRECTION('',(0.53262608095,-0.417896021429,0.735983948986));
#5865 = DIRECTION('',(-0.522140309114,0.522140309114,0.674343380776));
#5866 = B_SPLINE_SURFACE_WITH_KNOTS('',3,3,(
    (#5867,#5868,#5869,#5870)
    ,(#5871,#5872,#5873,#5874)
    ,(#5875,#5876,#5877,#5878)
    ,(#5879,#5880,#5881,#5882)
    ,(#5883,#5884,#5885,#5886
  )),.UNSPECIFIED.,.F.,.F.,.F.,(4,1,4),(4,4),(0.,0.5,1.),(
    -6.109628069362E-02,-3.8E-16),.UNSPECIFIED.);
#5867 = CARTESIAN_POINT('',(259.43021023374,188.99550850737,
    106.83587317881));
#5868 = CARTESIAN_POINT('',(259.49348973749,188.94585969406,
    106.92331294326));
#5869 = CARTESIAN_POINT('',(259.54198809222,188.89261618824,
    107.01939036056));
#5870 = CARTESIAN_POINT('',(259.57374782311,188.83787453591,
    107.11992748146));
#5871 = CARTESIAN_POINT('',(259.34723346866,189.14664089077,
    106.98173670079));
#5872 = CARTESIAN_POINT('',(259.4044474911,189.10206275307,
    107.06182820866));
#5873 = CARTESIAN_POINT('',(259.44860091226,189.05352044233,
    107.14884069904));
#5874 = CARTESIAN_POINT('',(259.47821827132,189.00253101643,
    107.2397594456));
#5875 = CARTESIAN_POINT('',(259.3031796467,189.54603426653,
    107.24039603368));
#5876 = CARTESIAN_POINT('',(259.35673011505,189.50656088815,
    107.31576046119));
#5877 = CARTESIAN_POINT('',(259.39724267016,189.46124419028,
    107.39540182825));
#5878 = CARTESIAN_POINT('',(259.42431219359,189.41031785985,
    107.47882505552));
#5879 = CARTESIAN_POINT('',(259.52008038782,189.96417512508,
    107.32084943157));
#5880 = CARTESIAN_POINT('',(259.58782017665,189.91667965022,
    107.41185483086));
#5881 = CARTESIAN_POINT('',(259.63693713799,189.86053588477,
    107.51054706101));
#5882 = CARTESIAN_POINT('',(259.6657525739,189.79754575491,
    107.6133963778));
#5883 = CARTESIAN_POINT('',(259.67050861222,190.13207577638,
    107.30732062912));
#5884 = CARTESIAN_POINT('',(259.74825896775,190.07769231876,
    107.40963110182));
#5885 = CARTESIAN_POINT('',(259.80371414442,190.01410259736,
    107.52204821593));
#5886 = CARTESIAN_POINT('',(259.83462160602,189.94379755616,
    107.63968348664));
#5887 = ADVANCED_FACE('',(#5888),#5909,.F.);
#5888 = FACE_BOUND('',#5889,.F.);
#5889 = EDGE_LOOP('',(#5890,#5900,#5907,#5908));
#5890 = ORIENTED_EDGE('',*,*,#5891,.F.);
#5891 = EDGE_CURVE('',#5892,#5852,#5894,.T.);
#5892 = VERTEX_POINT('',#5893);
#5893 = CARTESIAN_POINT('',(258.02597123735,190.4106764018,
    105.80201086955));
#5894 = B_SPLINE_CURVE_WITH_KNOTS('',3,(#5895,#5896,#5897,#5898,#5899),
  .UNSPECIFIED.,.F.,.F.,(4,1,4),(6.752E-14,9.829877897627E-02,
    0.229363817611),.UNSPECIFIED.);
#5895 = CARTESIAN_POINT('',(258.02597123735,190.4106764018,
    105.80201086955));
#5896 = CARTESIAN_POINT('',(258.22676773869,190.18801368149,
    105.88255082518));
#5897 = CARTESIAN_POINT('',(258.70367289394,189.65955096764,
    106.14915027482));
#5898 = CARTESIAN_POINT('',(259.18608794719,189.21039198898,
    106.56924352632));
#5899 = CARTESIAN_POINT('',(259.43021023373,188.99550850737,
    106.83587317881));
#5900 = ORIENTED_EDGE('',*,*,#5901,.T.);
#5901 = EDGE_CURVE('',#5892,#2712,#5902,.T.);
#5902 = CIRCLE('',#5903,1.);
#5903 = AXIS2_PLACEMENT_3D('',#5904,#5905,#5906);
#5904 = CARTESIAN_POINT('',(258.78789736532,191.03342227708,
    105.62408911613));
#5905 = DIRECTION('',(-0.643800861101,0.758201916319,-0.10320031655));
#5906 = DIRECTION('',(-0.761926127975,-0.622745875274,0.177921753416));
#5907 = ORIENTED_EDGE('',*,*,#2711,.F.);
#5908 = ORIENTED_EDGE('',*,*,#5860,.T.);
#5909 = B_SPLINE_SURFACE_WITH_KNOTS('',3,3,(
    (#5910,#5911,#5912,#5913,#5914)
    ,(#5915,#5916,#5917,#5918,#5919)
    ,(#5920,#5921,#5922,#5923,#5924)
    ,(#5925,#5926,#5927,#5928,#5929)
    ,(#5930,#5931,#5932,#5933,#5934
  )),.UNSPECIFIED.,.F.,.F.,.F.,(4,1,4),(4,1,4),(0.,0.5,1.),(6.752E-14,
    9.829877897627E-02,0.229363817611),.UNSPECIFIED.);
#5910 = CARTESIAN_POINT('',(258.02597123735,190.4106764018,
    105.80201086955));
#5911 = CARTESIAN_POINT('',(258.22676773869,190.18801368149,
    105.88255082518));
#5912 = CARTESIAN_POINT('',(258.70367289394,189.65955096764,
    106.14915027482));
#5913 = CARTESIAN_POINT('',(259.18608794719,189.21039198898,
    106.56924352632));
#5914 = CARTESIAN_POINT('',(259.43021023373,188.99550850737,
    106.83587317881));
#5915 = CARTESIAN_POINT('',(258.04224663005,190.45518863843,
    106.02750582973));
#5916 = CARTESIAN_POINT('',(258.23626722881,190.25567247191,
    106.09403231345));
#5917 = CARTESIAN_POINT('',(258.69340034591,189.76925160012,
    106.32626439443));
#5918 = CARTESIAN_POINT('',(259.13474825317,189.34920631975,106.72717197
    ));
#5919 = CARTESIAN_POINT('',(259.34723346866,189.14664089077,
    106.98173670079));
#5920 = CARTESIAN_POINT('',(258.20129186698,190.64742858215,
    106.44769090941));
#5921 = CARTESIAN_POINT('',(258.37191663065,190.48011655825,
    106.48150909254));
#5922 = CARTESIAN_POINT('',(258.77177480441,190.05835345377,
    106.64283449679));
#5923 = CARTESIAN_POINT('',(259.14120781186,189.70772155022,
    107.00495742537));
#5924 = CARTESIAN_POINT('',(259.30317963511,189.5460342657,
    107.24039604159));
#5925 = CARTESIAN_POINT('',(258.53917553158,190.95734642982,
    106.61678449719));
#5926 = CARTESIAN_POINT('',(258.68443559218,190.78844373493,
    106.63774901736));
#5927 = CARTESIAN_POINT('',(259.02282558442,190.3840856645,
    106.77076954005));
#5928 = CARTESIAN_POINT('',(259.36185174078,190.08916978994,
    107.09742024726));
#5929 = CARTESIAN_POINT('',(259.52008038782,189.96417512508,
    107.32084943157));
#5930 = CARTESIAN_POINT('',(258.71468378094,191.10663586146,
    106.61871444364));
#5931 = CARTESIAN_POINT('',(258.8527151681,190.9311195275,
    106.64179444362));
#5932 = CARTESIAN_POINT('',(259.16901523901,190.52643507041,
    106.77669336035));
#5933 = CARTESIAN_POINT('',(259.5037285442,190.24873217879,
    107.08785735491));
#5934 = CARTESIAN_POINT('',(259.67050861222,190.13207577638,
    107.30732062912));
#5935 = ADVANCED_FACE('',(#5936),#5956,.F.);
#5936 = FACE_BOUND('',#5937,.F.);
#5937 = EDGE_LOOP('',(#5938,#5947,#5954,#5955));
#5938 = ORIENTED_EDGE('',*,*,#5939,.F.);
#5939 = EDGE_CURVE('',#5940,#5892,#5942,.T.);
#5940 = VERTEX_POINT('',#5941);
#5941 = CARTESIAN_POINT('',(257.78945924401,190.63717554183,
    105.79726002528));
#5942 = B_SPLINE_CURVE_WITH_KNOTS('',3,(#5943,#5944,#5945,#5946),
  .UNSPECIFIED.,.F.,.F.,(4,4),(-3.54E-15,5.631312051317E-02),
  .PIECEWISE_BEZIER_KNOTS.);
#5943 = CARTESIAN_POINT('',(257.78945924401,190.63717554183,
    105.79726002528));
#5944 = CARTESIAN_POINT('',(257.87566183107,190.57014493899,
    105.78915039581));
#5945 = CARTESIAN_POINT('',(257.95546980649,190.49370567872,
    105.79070959547));
#5946 = CARTESIAN_POINT('',(258.02597123735,190.4106764018,
    105.80201086955));
#5947 = ORIENTED_EDGE('',*,*,#5948,.T.);
#5948 = EDGE_CURVE('',#5940,#2722,#5949,.T.);
#5949 = CIRCLE('',#5950,1.);
#5950 = AXIS2_PLACEMENT_3D('',#5951,#5952,#5953);
#5951 = CARTESIAN_POINT('',(258.38244823389,191.42170651713,
    105.61594481167));
#5952 = DIRECTION('',(-0.787254527098,0.612164290474,7.406207552405E-02)
  );
#5953 = DIRECTION('',(-0.59298898988,-0.784530975294,0.181315213608));
#5954 = ORIENTED_EDGE('',*,*,#2721,.F.);
#5955 = ORIENTED_EDGE('',*,*,#5901,.F.);
#5956 = B_SPLINE_SURFACE_WITH_KNOTS('',3,3,(
    (#5957,#5958,#5959,#5960)
    ,(#5961,#5962,#5963,#5964)
    ,(#5965,#5966,#5967,#5968)
    ,(#5969,#5970,#5971,#5972)
    ,(#5973,#5974,#5975,#5976
  )),.UNSPECIFIED.,.F.,.F.,.F.,(4,1,4),(4,4),(0.,0.5,1.),(-3.54E-15,
    5.631312051317E-02),.UNSPECIFIED.);
#5957 = CARTESIAN_POINT('',(257.78945924401,190.63717554183,
    105.79726002528));
#5958 = CARTESIAN_POINT('',(257.87566183107,190.57014493899,
    105.78915039581));
#5959 = CARTESIAN_POINT('',(257.95546980649,190.49370567872,
    105.79070959547));
#5960 = CARTESIAN_POINT('',(258.02597123735,190.4106764018,
    105.80201086955));
#5961 = CARTESIAN_POINT('',(257.82831527049,190.65988345227,
    106.02259277148));
#5962 = CARTESIAN_POINT('',(257.90656307383,190.59928778912,
    106.01645754081));
#5963 = CARTESIAN_POINT('',(257.97858914645,190.53035354969,
    106.0180859493));
#5964 = CARTESIAN_POINT('',(258.04224663005,190.45518863843,
    106.02750582973));
#5965 = CARTESIAN_POINT('',(258.0037647353,190.83476361514,
    106.44207864751));
#5966 = CARTESIAN_POINT('',(258.07773711534,190.78036184847,
    106.43849345926));
#5967 = CARTESIAN_POINT('',(258.14363230637,190.71782664004,
    106.44038153399));
#5968 = CARTESIAN_POINT('',(258.20129184915,190.64742857041,
    106.44769093445));
#5969 = CARTESIAN_POINT('',(258.29405323659,191.18763927445,
    106.61103231378));
#5970 = CARTESIAN_POINT('',(258.38705568822,191.12303186598,
    106.60440653185));
#5971 = CARTESIAN_POINT('',(258.46959926843,191.04546020429,
    106.60630919726));
#5972 = CARTESIAN_POINT('',(258.53917553158,190.95734642982,
    106.61678449719));
#5973 = CARTESIAN_POINT('',(258.43522407356,191.36893067746,
    106.61315563266));
#5974 = CARTESIAN_POINT('',(258.54130383099,191.29571717868,
    106.60366681451));
#5975 = CARTESIAN_POINT('',(258.63560124853,191.20719470141,
    106.60549118418));
#5976 = CARTESIAN_POINT('',(258.71468378094,191.10663586146,
    106.61871444364));
#5977 = ADVANCED_FACE('',(#5978),#5991,.F.);
#5978 = FACE_BOUND('',#5979,.F.);
#5979 = EDGE_LOOP('',(#5980,#5988,#5989,#5990));
#5980 = ORIENTED_EDGE('',*,*,#5981,.F.);
#5981 = EDGE_CURVE('',#5483,#5940,#5982,.T.);
#5982 = B_SPLINE_CURVE_WITH_KNOTS('',3,(#5983,#5984,#5985,#5986,#5987),
  .UNSPECIFIED.,.F.,.F.,(4,1,4),(0.,0.108293387162,0.252684570045),
  .UNSPECIFIED.);
#5983 = CARTESIAN_POINT('',(256.25577038315,192.078613356,
    107.04284369703));
#5984 = CARTESIAN_POINT('',(256.41970870936,191.8824965771,
    106.80007279029));
#5985 = CARTESIAN_POINT('',(256.88240662558,191.38466754827,
    106.27077150756));
#5986 = CARTESIAN_POINT('',(257.47218995898,190.90528638113,
    105.91972115223));
#5987 = CARTESIAN_POINT('',(257.78945924401,190.63717554183,
    105.79726002528));
#5988 = ORIENTED_EDGE('',*,*,#5499,.F.);
#5989 = ORIENTED_EDGE('',*,*,#2730,.F.);
#5990 = ORIENTED_EDGE('',*,*,#5948,.F.);
#5991 = B_SPLINE_SURFACE_WITH_KNOTS('',3,3,(
    (#5992,#5993,#5994,#5995,#5996)
    ,(#5997,#5998,#5999,#6000,#6001)
    ,(#6002,#6003,#6004,#6005,#6006)
    ,(#6007,#6008,#6009,#6010,#6011)
    ,(#6012,#6013,#6014,#6015,#6016
  )),.UNSPECIFIED.,.F.,.F.,.F.,(4,1,4),(4,1,4),(0.,0.5,1.),(0.,
    0.108293387162,0.252684570045),.UNSPECIFIED.);
#5992 = CARTESIAN_POINT('',(256.25577038315,192.078613356,
    107.04284369703));
#5993 = CARTESIAN_POINT('',(256.41970870936,191.8824965771,
    106.80007279029));
#5994 = CARTESIAN_POINT('',(256.88240662558,191.38466754827,
    106.27077150756));
#5995 = CARTESIAN_POINT('',(257.47218995898,190.90528638113,
    105.91972115223));
#5996 = CARTESIAN_POINT('',(257.78945924401,190.63717554183,
    105.79726002528));
#5997 = CARTESIAN_POINT('',(256.41138188643,192.02445712368,
    107.15692857415));
#5998 = CARTESIAN_POINT('',(256.56380813474,191.85009636036,
    106.92426430096));
#5999 = CARTESIAN_POINT('',(256.99565121942,191.39124207331,
    106.42127461753));
#6000 = CARTESIAN_POINT('',(257.54657577305,190.92321685035,
    106.12043524614));
#6001 = CARTESIAN_POINT('',(257.82831527049,190.65988345227,
    106.02259277148));
#6002 = CARTESIAN_POINT('',(256.78512138211,192.01647908578,
    107.34636883405));
#6003 = CARTESIAN_POINT('',(256.90503443055,191.87645175894,
    107.13360062321));
#6004 = CARTESIAN_POINT('',(257.26700524234,191.48636570412,
    106.6852198573));
#6005 = CARTESIAN_POINT('',(257.76509301418,191.07023954149,
    106.48230353783));
#6006 = CARTESIAN_POINT('',(258.00376474521,190.83476363049,
    106.44207862591));
#6007 = CARTESIAN_POINT('',(257.15351191561,192.21073857371,
    107.39310359595));
#6008 = CARTESIAN_POINT('',(257.24494890814,192.07594579133,
    107.19809862509));
#6009 = CARTESIAN_POINT('',(257.55023726276,191.72130042855,
    106.79900762853));
#6010 = CARTESIAN_POINT('',(258.03890385057,191.38600387084,
    106.63029561823));
#6011 = CARTESIAN_POINT('',(258.29405323659,191.18763927445,
    106.61103231378));
#6012 = CARTESIAN_POINT('',(257.30422500797,192.34178509157,
    107.37650327708));
#6013 = CARTESIAN_POINT('',(257.38786532355,192.20298171423,
    107.18874123269));
#6014 = CARTESIAN_POINT('',(257.67392780418,191.85669446913,
    106.81076993821));
#6015 = CARTESIAN_POINT('',(258.16322739647,191.55665573329,
    106.63748569402));
#6016 = CARTESIAN_POINT('',(258.43522407356,191.36893067746,
    106.61315563266));
#6017 = ADVANCED_FACE('',(#6018),#6044,.T.);
#6018 = FACE_BOUND('',#6019,.T.);
#6019 = EDGE_LOOP('',(#6020,#6030,#6036,#6037,#6038));
#6020 = ORIENTED_EDGE('',*,*,#6021,.T.);
#6021 = EDGE_CURVE('',#6022,#6024,#6026,.T.);
#6022 = VERTEX_POINT('',#6023);
#6023 = CARTESIAN_POINT('',(276.24322950886,191.80000000222,
    131.80715890731));
#6024 = VERTEX_POINT('',#6025);
#6025 = CARTESIAN_POINT('',(276.24322950886,191.80000000222,
    137.30715890731));
#6026 = LINE('',#6027,#6028);
#6027 = CARTESIAN_POINT('',(276.24322950886,191.80000000222,
    133.18215890731));
#6028 = VECTOR('',#6029,1.);
#6029 = DIRECTION('',(-2.E-16,1.39E-15,1.));
#6030 = ORIENTED_EDGE('',*,*,#6031,.F.);
#6031 = EDGE_CURVE('',#2840,#6024,#6032,.T.);
#6032 = LINE('',#6033,#6034);
#6033 = CARTESIAN_POINT('',(278.25636922968,191.80000000222,
    137.30715890731));
#6034 = VECTOR('',#6035,1.);
#6035 = DIRECTION('',(-1.,1.3053E-13,-2.E-16));
#6036 = ORIENTED_EDGE('',*,*,#2847,.F.);
#6037 = ORIENTED_EDGE('',*,*,#2779,.F.);
#6038 = ORIENTED_EDGE('',*,*,#6039,.F.);
#6039 = EDGE_CURVE('',#6022,#2780,#6040,.T.);
#6040 = LINE('',#6041,#6042);
#6041 = CARTESIAN_POINT('',(278.25636922968,191.80000000222,
    131.80715890731));
#6042 = VECTOR('',#6043,1.);
#6043 = DIRECTION('',(1.,-1.3053E-13,2.E-16));
#6044 = PLANE('',#6045);
#6045 = AXIS2_PLACEMENT_3D('',#6046,#6047,#6048);
#6046 = CARTESIAN_POINT('',(276.24322950886,191.80000000222,
    134.55715890731));
#6047 = DIRECTION('',(1.3053E-13,1.,-1.39E-15));
#6048 = DIRECTION('',(-1.,1.3053E-13,-2.E-16));
#6049 = ADVANCED_FACE('',(#6050),#6099,.F.);
#6050 = FACE_BOUND('',#6051,.T.);
#6051 = EDGE_LOOP('',(#6052,#6058,#6059,#6067,#6075,#6083,#6091,#6097,
    #6098));
#6052 = ORIENTED_EDGE('',*,*,#6053,.F.);
#6053 = EDGE_CURVE('',#2797,#2789,#6054,.T.);
#6054 = LINE('',#6055,#6056);
#6055 = CARTESIAN_POINT('',(239.51165964846,192.20000000222,
    131.80715890731));
#6056 = VECTOR('',#6057,1.);
#6057 = DIRECTION('',(1.,-1.3053E-13,2.E-16));
#6058 = ORIENTED_EDGE('',*,*,#2805,.T.);
#6059 = ORIENTED_EDGE('',*,*,#6060,.T.);
#6060 = EDGE_CURVE('',#2806,#6061,#6063,.T.);
#6061 = VERTEX_POINT('',#6062);
#6062 = CARTESIAN_POINT('',(270.74322950886,191.80000000222,
    131.80715890731));
#6063 = LINE('',#6064,#6065);
#6064 = CARTESIAN_POINT('',(278.25636922968,191.80000000222,
    131.80715890731));
#6065 = VECTOR('',#6066,1.);
#6066 = DIRECTION('',(1.,-1.3053E-13,2.E-16));
#6067 = ORIENTED_EDGE('',*,*,#6068,.T.);
#6068 = EDGE_CURVE('',#6061,#6069,#6071,.T.);
#6069 = VERTEX_POINT('',#6070);
#6070 = CARTESIAN_POINT('',(270.74322950886,191.60000000222,
    131.80715890731));
#6071 = LINE('',#6072,#6073);
#6072 = CARTESIAN_POINT('',(270.74322950886,191.80000000222,
    131.80715890731));
#6073 = VECTOR('',#6074,1.);
#6074 = DIRECTION('',(-1.3323E-13,-1.,1.25E-15));
#6075 = ORIENTED_EDGE('',*,*,#6076,.T.);
#6076 = EDGE_CURVE('',#6069,#6077,#6079,.T.);
#6077 = VERTEX_POINT('',#6078);
#6078 = CARTESIAN_POINT('',(273.49322950886,191.60000000222,
    131.80715890731));
#6079 = LINE('',#6080,#6081);
#6080 = CARTESIAN_POINT('',(273.49322950886,191.60000000222,
    131.80715890731));
#6081 = VECTOR('',#6082,1.);
#6082 = DIRECTION('',(1.,-1.3053E-13,2.E-16));
#6083 = ORIENTED_EDGE('',*,*,#6084,.T.);
#6084 = EDGE_CURVE('',#6077,#6085,#6087,.T.);
#6085 = VERTEX_POINT('',#6086);
#6086 = CARTESIAN_POINT('',(276.24322950886,191.60000000222,
    131.80715890731));
#6087 = LINE('',#6088,#6089);
#6088 = CARTESIAN_POINT('',(278.25636922968,191.60000000222,
    131.80715890731));
#6089 = VECTOR('',#6090,1.);
#6090 = DIRECTION('',(1.,-1.3053E-13,2.E-16));
#6091 = ORIENTED_EDGE('',*,*,#6092,.F.);
#6092 = EDGE_CURVE('',#6022,#6085,#6093,.T.);
#6093 = LINE('',#6094,#6095);
#6094 = CARTESIAN_POINT('',(276.24322950886,191.80000000222,
    131.80715890731));
#6095 = VECTOR('',#6096,1.);
#6096 = DIRECTION('',(-1.3323E-13,-1.,1.25E-15));
#6097 = ORIENTED_EDGE('',*,*,#6039,.T.);
#6098 = ORIENTED_EDGE('',*,*,#2788,.F.);
#6099 = PLANE('',#6100);
#6100 = AXIS2_PLACEMENT_3D('',#6101,#6102,#6103);
#6101 = CARTESIAN_POINT('',(268.73008978805,192.20000000222,
    131.80715890731));
#6102 = DIRECTION('',(2.E-16,-1.25E-15,-1.));
#6103 = DIRECTION('',(1.,-1.3053E-13,2.000000000002E-16));
#6104 = ADVANCED_FACE('',(#6105),#6109,.F.);
#6105 = FACE_BOUND('',#6106,.T.);
#6106 = EDGE_LOOP('',(#6107,#6108));
#6107 = ORIENTED_EDGE('',*,*,#6053,.T.);
#6108 = ORIENTED_EDGE('',*,*,#2796,.T.);
#6109 = PLANE('',#6110);
#6110 = AXIS2_PLACEMENT_3D('',#6111,#6112,#6113);
#6111 = CARTESIAN_POINT('',(210.29322950886,192.20000000223,
    134.55715890731));
#6112 = DIRECTION('',(-1.3053E-13,-1.,1.39E-15));
#6113 = DIRECTION('',(2.E-16,-1.39E-15,-1.));
#6114 = ADVANCED_FACE('',(#6115),#6133,.T.);
#6115 = FACE_BOUND('',#6116,.T.);
#6116 = EDGE_LOOP('',(#6117,#6125,#6126,#6127));
#6117 = ORIENTED_EDGE('',*,*,#6118,.T.);
#6118 = EDGE_CURVE('',#6119,#6061,#6121,.T.);
#6119 = VERTEX_POINT('',#6120);
#6120 = CARTESIAN_POINT('',(270.74322950886,191.80000000222,
    137.30715890731));
#6121 = LINE('',#6122,#6123);
#6122 = CARTESIAN_POINT('',(270.74322950886,191.80000000222,
    134.55715890731));
#6123 = VECTOR('',#6124,1.);
#6124 = DIRECTION('',(2.E-16,-1.39E-15,-1.));
#6125 = ORIENTED_EDGE('',*,*,#6060,.F.);
#6126 = ORIENTED_EDGE('',*,*,#2813,.F.);
#6127 = ORIENTED_EDGE('',*,*,#6128,.F.);
#6128 = EDGE_CURVE('',#6119,#2814,#6129,.T.);
#6129 = LINE('',#6130,#6131);
#6130 = CARTESIAN_POINT('',(278.25636922968,191.80000000222,
    137.30715890731));
#6131 = VECTOR('',#6132,1.);
#6132 = DIRECTION('',(-1.,1.3053E-13,-2.E-16));
#6133 = PLANE('',#6134);
#6134 = AXIS2_PLACEMENT_3D('',#6135,#6136,#6137);
#6135 = CARTESIAN_POINT('',(270.74322950886,191.80000000222,
    134.55715890731));
#6136 = DIRECTION('',(1.3053E-13,1.,-1.39E-15));
#6137 = DIRECTION('',(-1.,1.3053E-13,-2.E-16));
#6138 = ADVANCED_FACE('',(#6139),#6181,.F.);
#6139 = FACE_BOUND('',#6140,.T.);
#6140 = EDGE_LOOP('',(#6141,#6147,#6148,#6149,#6157,#6165,#6173,#6179,
    #6180));
#6141 = ORIENTED_EDGE('',*,*,#6142,.F.);
#6142 = EDGE_CURVE('',#2831,#2823,#6143,.T.);
#6143 = LINE('',#6144,#6145);
#6144 = CARTESIAN_POINT('',(241.89322950886,192.20000000222,
    137.30715890731));
#6145 = VECTOR('',#6146,1.);
#6146 = DIRECTION('',(-1.,1.3053E-13,-2.E-16));
#6147 = ORIENTED_EDGE('',*,*,#2839,.T.);
#6148 = ORIENTED_EDGE('',*,*,#6031,.T.);
#6149 = ORIENTED_EDGE('',*,*,#6150,.T.);
#6150 = EDGE_CURVE('',#6024,#6151,#6153,.T.);
#6151 = VERTEX_POINT('',#6152);
#6152 = CARTESIAN_POINT('',(276.24322950886,191.60000000222,
    137.30715890731));
#6153 = LINE('',#6154,#6155);
#6154 = CARTESIAN_POINT('',(276.24322950886,191.80000000222,
    137.30715890731));
#6155 = VECTOR('',#6156,1.);
#6156 = DIRECTION('',(-1.3323E-13,-1.,1.25E-15));
#6157 = ORIENTED_EDGE('',*,*,#6158,.T.);
#6158 = EDGE_CURVE('',#6151,#6159,#6161,.T.);
#6159 = VERTEX_POINT('',#6160);
#6160 = CARTESIAN_POINT('',(273.49322950886,191.60000000222,
    137.30715890731));
#6161 = LINE('',#6162,#6163);
#6162 = CARTESIAN_POINT('',(273.49322950886,191.60000000222,
    137.30715890731));
#6163 = VECTOR('',#6164,1.);
#6164 = DIRECTION('',(-1.,1.3053E-13,-2.06E-15));
#6165 = ORIENTED_EDGE('',*,*,#6166,.T.);
#6166 = EDGE_CURVE('',#6159,#6167,#6169,.T.);
#6167 = VERTEX_POINT('',#6168);
#6168 = CARTESIAN_POINT('',(270.74322950886,191.60000000222,
    137.30715890731));
#6169 = LINE('',#6170,#6171);
#6170 = CARTESIAN_POINT('',(268.73008978805,191.60000000222,
    137.30715890731));
#6171 = VECTOR('',#6172,1.);
#6172 = DIRECTION('',(-1.,1.3053E-13,1.67E-15));
#6173 = ORIENTED_EDGE('',*,*,#6174,.F.);
#6174 = EDGE_CURVE('',#6119,#6167,#6175,.T.);
#6175 = LINE('',#6176,#6177);
#6176 = CARTESIAN_POINT('',(270.74322950886,191.80000000222,
    137.30715890731));
#6177 = VECTOR('',#6178,1.);
#6178 = DIRECTION('',(-1.3323E-13,-1.,1.25E-15));
#6179 = ORIENTED_EDGE('',*,*,#6128,.T.);
#6180 = ORIENTED_EDGE('',*,*,#2822,.F.);
#6181 = PLANE('',#6182);
#6182 = AXIS2_PLACEMENT_3D('',#6183,#6184,#6185);
#6183 = CARTESIAN_POINT('',(278.25636922968,192.20000000222,
    137.30715890731));
#6184 = DIRECTION('',(-2.E-16,1.25E-15,1.));
#6185 = DIRECTION('',(-1.,1.3053E-13,-2.000000000002E-16));
#6186 = ADVANCED_FACE('',(#6187),#6191,.F.);
#6187 = FACE_BOUND('',#6188,.T.);
#6188 = EDGE_LOOP('',(#6189,#6190));
#6189 = ORIENTED_EDGE('',*,*,#6142,.T.);
#6190 = ORIENTED_EDGE('',*,*,#2830,.T.);
#6191 = PLANE('',#6192);
#6192 = AXIS2_PLACEMENT_3D('',#6193,#6194,#6195);
#6193 = CARTESIAN_POINT('',(210.29322950886,192.20000000223,
    134.55715890731));
#6194 = DIRECTION('',(-1.3053E-13,-1.,1.39E-15));
#6195 = DIRECTION('',(2.E-16,-1.39E-15,-1.));
#6196 = ADVANCED_FACE('',(#6197),#6200,.T.);
#6197 = FACE_BOUND('',#6198,.T.);
#6198 = EDGE_LOOP('',(#6199));
#6199 = ORIENTED_EDGE('',*,*,#2872,.T.);
#6200 = PLANE('',#6201);
#6201 = AXIS2_PLACEMENT_3D('',#6202,#6203,#6204);
#6202 = CARTESIAN_POINT('',(177.89322950886,191.20000000223,
    108.75715891906));
#6203 = DIRECTION('',(1.3013E-13,1.,0.));
#6204 = DIRECTION('',(1.,-1.3013E-13,0.));
#6205 = ADVANCED_FACE('',(#6206),#6217,.T.);
#6206 = FACE_BOUND('',#6207,.T.);
#6207 = EDGE_LOOP('',(#6208,#6209,#6210,#6216));
#6208 = ORIENTED_EDGE('',*,*,#3968,.F.);
#6209 = ORIENTED_EDGE('',*,*,#3983,.T.);
#6210 = ORIENTED_EDGE('',*,*,#6211,.T.);
#6211 = EDGE_CURVE('',#3984,#3596,#6212,.T.);
#6212 = LINE('',#6213,#6214);
#6213 = CARTESIAN_POINT('',(139.09322950886,188.60000000223,
    92.957158907314));
#6214 = VECTOR('',#6215,1.);
#6215 = DIRECTION('',(-1.1005E-13,-0.707106781187,0.707106781186));
#6216 = ORIENTED_EDGE('',*,*,#3595,.T.);
#6217 = CONICAL_SURFACE('',#6218,1.8,0.785398163397);
#6218 = AXIS2_PLACEMENT_3D('',#6219,#6220,#6221);
#6219 = CARTESIAN_POINT('',(139.09322950886,188.40000000223,
    94.957158907314));
#6220 = DIRECTION('',(1.3323E-13,1.,-1.25E-15));
#6221 = DIRECTION('',(-0.707106781187,9.3323952981E-14,-0.707106781187)
  );
#6222 = ADVANCED_FACE('',(#6223),#6241,.T.);
#6223 = FACE_BOUND('',#6224,.T.);
#6224 = EDGE_LOOP('',(#6225,#6226,#6227,#6235));
#6225 = ORIENTED_EDGE('',*,*,#3604,.T.);
#6226 = ORIENTED_EDGE('',*,*,#6211,.F.);
#6227 = ORIENTED_EDGE('',*,*,#6228,.T.);
#6228 = EDGE_CURVE('',#3984,#6229,#6231,.T.);
#6229 = VERTEX_POINT('',#6230);
#6230 = CARTESIAN_POINT('',(142.69322950886,188.60000000223,
    92.957158907316));
#6231 = LINE('',#6232,#6233);
#6232 = CARTESIAN_POINT('',(279.29322950886,188.60000000222,
    92.957158907316));
#6233 = VECTOR('',#6234,1.);
#6234 = DIRECTION('',(1.,-1.2879E-13,1.401E-14));
#6235 = ORIENTED_EDGE('',*,*,#6236,.F.);
#6236 = EDGE_CURVE('',#3605,#6229,#6237,.T.);
#6237 = LINE('',#6238,#6239);
#6238 = CARTESIAN_POINT('',(142.29322950886,188.20000000223,
    93.357158907316));
#6239 = VECTOR('',#6240,1.);
#6240 = DIRECTION('',(0.57735026919,0.57735026919,-0.57735026919));
#6241 = PLANE('',#6242);
#6242 = AXIS2_PLACEMENT_3D('',#6243,#6244,#6245);
#6243 = CARTESIAN_POINT('',(279.29322950886,188.40000000222,
    93.157158907317));
#6244 = DIRECTION('',(-8.116E-14,-0.707106781188,-0.707106781185));
#6245 = DIRECTION('',(-1.,3.786361214751E-18,1.147737863612E-13));
#6246 = ADVANCED_FACE('',(#6247),#6265,.T.);
#6247 = FACE_BOUND('',#6248,.T.);
#6248 = EDGE_LOOP('',(#6249,#6257,#6263,#6264));
#6249 = ORIENTED_EDGE('',*,*,#6250,.T.);
#6250 = EDGE_CURVE('',#6229,#6251,#6253,.T.);
#6251 = VERTEX_POINT('',#6252);
#6252 = CARTESIAN_POINT('',(142.69322950886,188.60000000223,
    106.31789672378));
#6253 = LINE('',#6254,#6255);
#6254 = CARTESIAN_POINT('',(142.69322950886,188.60000000223,
    100.85715890731));
#6255 = VECTOR('',#6256,1.);
#6256 = DIRECTION('',(-1.6E-15,1.25E-15,1.));
#6257 = ORIENTED_EDGE('',*,*,#6258,.T.);
#6258 = EDGE_CURVE('',#6251,#3613,#6259,.T.);
#6259 = LINE('',#6260,#6261);
#6260 = CARTESIAN_POINT('',(142.69322950886,188.60000000223,
    106.31789672378));
#6261 = VECTOR('',#6262,1.);
#6262 = DIRECTION('',(-0.707106781186,-0.707106781187,7.4E-16));
#6263 = ORIENTED_EDGE('',*,*,#3612,.T.);
#6264 = ORIENTED_EDGE('',*,*,#6236,.T.);
#6265 = PLANE('',#6266);
#6266 = AXIS2_PLACEMENT_3D('',#6267,#6268,#6269);
#6267 = CARTESIAN_POINT('',(142.49322950886,188.40000000223,
    100.85715890731));
#6268 = DIRECTION('',(0.707106781187,-0.707106781186,2.02E-15));
#6269 = DIRECTION('',(1.603355697997E-15,-1.253355697997E-15,-1.));
#6270 = ADVANCED_FACE('',(#6271),#6290,.T.);
#6271 = FACE_BOUND('',#6272,.T.);
#6272 = EDGE_LOOP('',(#6273,#6274,#6283,#6289));
#6273 = ORIENTED_EDGE('',*,*,#6258,.F.);
#6274 = ORIENTED_EDGE('',*,*,#6275,.T.);
#6275 = EDGE_CURVE('',#6251,#6276,#6278,.T.);
#6276 = VERTEX_POINT('',#6277);
#6277 = CARTESIAN_POINT('',(141.88553720117,188.60000000223,
    106.88080338152));
#6278 = CIRCLE('',#6279,0.6);
#6279 = AXIS2_PLACEMENT_3D('',#6280,#6281,#6282);
#6280 = CARTESIAN_POINT('',(142.09322950886,188.60000000223,
    106.31789672378));
#6281 = DIRECTION('',(-1.2879E-13,-1.,1.25E-15));
#6282 = DIRECTION('',(0.571771874897,-7.261298395029E-14,0.820412654142)
  );
#6283 = ORIENTED_EDGE('',*,*,#6284,.T.);
#6284 = EDGE_CURVE('',#6276,#3621,#6285,.T.);
#6285 = LINE('',#6286,#6287);
#6286 = CARTESIAN_POINT('',(141.88553720117,188.60000000223,
    106.88080338152));
#6287 = VECTOR('',#6288,1.);
#6288 = DIRECTION('',(0.244767731949,-0.707106781187,-0.663391858102));
#6289 = ORIENTED_EDGE('',*,*,#3620,.T.);
#6290 = CONICAL_SURFACE('',#6291,0.4,0.785398163397);
#6291 = AXIS2_PLACEMENT_3D('',#6292,#6293,#6294);
#6292 = CARTESIAN_POINT('',(142.09322950886,188.40000000223,
    106.31789672378));
#6293 = DIRECTION('',(1.3323E-13,1.,-1.25E-15));
#6294 = DIRECTION('',(0.571771874897,-7.515165107483E-14,0.820412654142)
  );
#6295 = ADVANCED_FACE('',(#6296),#6315,.F.);
#6296 = FACE_BOUND('',#6297,.F.);
#6297 = EDGE_LOOP('',(#6298,#6307,#6308,#6309));
#6298 = ORIENTED_EDGE('',*,*,#6299,.F.);
#6299 = EDGE_CURVE('',#6276,#6300,#6302,.T.);
#6300 = VERTEX_POINT('',#6301);
#6301 = CARTESIAN_POINT('',(141.88553720117,188.60000000223,
    110.6335144331));
#6302 = CIRCLE('',#6303,2.);
#6303 = AXIS2_PLACEMENT_3D('',#6304,#6305,#6306);
#6304 = CARTESIAN_POINT('',(141.19322950886,188.60000000223,
    108.75715890731));
#6305 = DIRECTION('',(1.2879E-13,1.,-1.25E-15));
#6306 = DIRECTION('',(-1.,1.2879E-13,-2.E-16));
#6307 = ORIENTED_EDGE('',*,*,#6284,.T.);
#6308 = ORIENTED_EDGE('',*,*,#3629,.F.);
#6309 = ORIENTED_EDGE('',*,*,#6310,.F.);
#6310 = EDGE_CURVE('',#6300,#3630,#6311,.T.);
#6311 = LINE('',#6312,#6313);
#6312 = CARTESIAN_POINT('',(141.88553720117,188.60000000223,
    110.6335144331));
#6313 = VECTOR('',#6314,1.);
#6314 = DIRECTION('',(0.244767731949,-0.707106781187,0.663391858102));
#6315 = CONICAL_SURFACE('',#6316,2.2,0.785398163397);
#6316 = AXIS2_PLACEMENT_3D('',#6317,#6318,#6319);
#6317 = CARTESIAN_POINT('',(141.19322950886,188.40000000223,
    108.75715890731));
#6318 = DIRECTION('',(-1.3323E-13,-1.,1.25E-15));
#6319 = DIRECTION('',(-1.,1.3323E-13,-2.E-16));
#6320 = ADVANCED_FACE('',(#6321),#6340,.T.);
#6321 = FACE_BOUND('',#6322,.T.);
#6322 = EDGE_LOOP('',(#6323,#6324,#6333,#6339));
#6323 = ORIENTED_EDGE('',*,*,#6310,.F.);
#6324 = ORIENTED_EDGE('',*,*,#6325,.T.);
#6325 = EDGE_CURVE('',#6300,#6326,#6328,.T.);
#6326 = VERTEX_POINT('',#6327);
#6327 = CARTESIAN_POINT('',(142.69322950886,188.60000000223,
    111.19642109084));
#6328 = CIRCLE('',#6329,0.6);
#6329 = AXIS2_PLACEMENT_3D('',#6330,#6331,#6332);
#6330 = CARTESIAN_POINT('',(142.09322950886,188.60000000223,
    111.19642109084));
#6331 = DIRECTION('',(-1.2879E-13,-1.,1.25E-15));
#6332 = DIRECTION('',(0.571771874897,-7.466401558564E-14,-0.820412654142
    ));
#6333 = ORIENTED_EDGE('',*,*,#6334,.T.);
#6334 = EDGE_CURVE('',#6326,#3639,#6335,.T.);
#6335 = LINE('',#6336,#6337);
#6336 = CARTESIAN_POINT('',(142.69322950886,188.60000000223,
    111.19642109084));
#6337 = VECTOR('',#6338,1.);
#6338 = DIRECTION('',(-0.707106781186,-0.707106781187,7.4E-16));
#6339 = ORIENTED_EDGE('',*,*,#3638,.T.);
#6340 = CONICAL_SURFACE('',#6341,0.4,0.785398163397);
#6341 = AXIS2_PLACEMENT_3D('',#6342,#6343,#6344);
#6342 = CARTESIAN_POINT('',(142.09322950886,188.40000000223,
    111.19642109084));
#6343 = DIRECTION('',(1.3323E-13,1.,-1.25E-15));
#6344 = DIRECTION('',(0.571771874897,-7.720268271019E-14,-0.820412654142
    ));
#6345 = ADVANCED_FACE('',(#6346),#6364,.T.);
#6346 = FACE_BOUND('',#6347,.T.);
#6347 = EDGE_LOOP('',(#6348,#6356,#6357,#6358));
#6348 = ORIENTED_EDGE('',*,*,#6349,.T.);
#6349 = EDGE_CURVE('',#6350,#3648,#6352,.T.);
#6350 = VERTEX_POINT('',#6351);
#6351 = CARTESIAN_POINT('',(142.69322950886,188.60000000223,
    122.55715890731));
#6352 = LINE('',#6353,#6354);
#6353 = CARTESIAN_POINT('',(142.69322950886,188.60000000223,
    122.55715890731));
#6354 = VECTOR('',#6355,1.);
#6355 = DIRECTION('',(-0.707106781186,-0.707106781187,7.4E-16));
#6356 = ORIENTED_EDGE('',*,*,#3647,.T.);
#6357 = ORIENTED_EDGE('',*,*,#6334,.F.);
#6358 = ORIENTED_EDGE('',*,*,#6359,.T.);
#6359 = EDGE_CURVE('',#6326,#6350,#6360,.T.);
#6360 = LINE('',#6361,#6362);
#6361 = CARTESIAN_POINT('',(142.69322950886,188.60000000223,
    100.85715890731));
#6362 = VECTOR('',#6363,1.);
#6363 = DIRECTION('',(-1.6E-15,1.25E-15,1.));
#6364 = PLANE('',#6365);
#6365 = AXIS2_PLACEMENT_3D('',#6366,#6367,#6368);
#6366 = CARTESIAN_POINT('',(142.49322950886,188.40000000223,
    100.85715890731));
#6367 = DIRECTION('',(0.707106781187,-0.707106781186,2.02E-15));
#6368 = DIRECTION('',(1.603355697997E-15,-1.253355697997E-15,-1.));
#6369 = ADVANCED_FACE('',(#6370),#6389,.F.);
#6370 = FACE_BOUND('',#6371,.F.);
#6371 = EDGE_LOOP('',(#6372,#6373,#6381,#6388));
#6372 = ORIENTED_EDGE('',*,*,#3655,.F.);
#6373 = ORIENTED_EDGE('',*,*,#6374,.F.);
#6374 = EDGE_CURVE('',#6375,#3656,#6377,.T.);
#6375 = VERTEX_POINT('',#6376);
#6376 = CARTESIAN_POINT('',(144.69322950886,188.60000000223,
    124.55715890731));
#6377 = LINE('',#6378,#6379);
#6378 = CARTESIAN_POINT('',(144.69322950886,188.60000000223,
    124.55715890731));
#6379 = VECTOR('',#6380,1.);
#6380 = DIRECTION('',(-9.435E-14,-0.707106781187,0.707106781186));
#6381 = ORIENTED_EDGE('',*,*,#6382,.F.);
#6382 = EDGE_CURVE('',#6350,#6375,#6383,.T.);
#6383 = CIRCLE('',#6384,2.);
#6384 = AXIS2_PLACEMENT_3D('',#6385,#6386,#6387);
#6385 = CARTESIAN_POINT('',(144.69322950886,188.60000000223,
    122.55715890731));
#6386 = DIRECTION('',(1.2879E-13,1.,-1.25E-15));
#6387 = DIRECTION('',(-0.707106781187,9.19521658255E-14,0.707106781187)
  );
#6388 = ORIENTED_EDGE('',*,*,#6349,.T.);
#6389 = CONICAL_SURFACE('',#6390,2.2,0.785398163397);
#6390 = AXIS2_PLACEMENT_3D('',#6391,#6392,#6393);
#6391 = CARTESIAN_POINT('',(144.69322950886,188.40000000223,
    122.55715890731));
#6392 = DIRECTION('',(-1.3323E-13,-1.,1.25E-15));
#6393 = DIRECTION('',(-0.707106781187,9.509171993397E-14,0.707106781187)
  );
#6394 = ADVANCED_FACE('',(#6395),#6413,.T.);
#6395 = FACE_BOUND('',#6396,.T.);
#6396 = EDGE_LOOP('',(#6397,#6398,#6406,#6412));
#6397 = ORIENTED_EDGE('',*,*,#6374,.F.);
#6398 = ORIENTED_EDGE('',*,*,#6399,.T.);
#6399 = EDGE_CURVE('',#6375,#6400,#6402,.T.);
#6400 = VERTEX_POINT('',#6401);
#6401 = CARTESIAN_POINT('',(275.89322950886,188.60000000222,
    124.55715890731));
#6402 = LINE('',#6403,#6404);
#6403 = CARTESIAN_POINT('',(272.09322950886,188.60000000222,
    124.55715890731));
#6404 = VECTOR('',#6405,1.);
#6405 = DIRECTION('',(1.,-1.2879E-13,5.6E-16));
#6406 = ORIENTED_EDGE('',*,*,#6407,.T.);
#6407 = EDGE_CURVE('',#6400,#3665,#6408,.T.);
#6408 = LINE('',#6409,#6410);
#6409 = CARTESIAN_POINT('',(275.89322950886,188.60000000222,
    124.55715890731));
#6410 = VECTOR('',#6411,1.);
#6411 = DIRECTION('',(-9.435E-14,-0.707106781187,0.707106781186));
#6412 = ORIENTED_EDGE('',*,*,#3664,.T.);
#6413 = PLANE('',#6414);
#6414 = AXIS2_PLACEMENT_3D('',#6415,#6416,#6417);
#6415 = CARTESIAN_POINT('',(272.09322950886,188.40000000222,
    124.75715890731));
#6416 = DIRECTION('',(-9.067E-14,-0.707106781186,-0.707106781187));
#6417 = DIRECTION('',(-1.,-1.628149823313E-18,1.282283718502E-13));
#6418 = ADVANCED_FACE('',(#6419),#6438,.F.);
#6419 = FACE_BOUND('',#6420,.F.);
#6420 = EDGE_LOOP('',(#6421,#6422,#6430,#6437));
#6421 = ORIENTED_EDGE('',*,*,#3672,.F.);
#6422 = ORIENTED_EDGE('',*,*,#6423,.F.);
#6423 = EDGE_CURVE('',#6424,#3673,#6426,.T.);
#6424 = VERTEX_POINT('',#6425);
#6425 = CARTESIAN_POINT('',(277.89322950886,188.60000000222,
    122.55715890731));
#6426 = LINE('',#6427,#6428);
#6427 = CARTESIAN_POINT('',(277.89322950886,188.60000000222,
    122.55715890731));
#6428 = VECTOR('',#6429,1.);
#6429 = DIRECTION('',(0.707106781186,-0.707106781187,1.02E-15));
#6430 = ORIENTED_EDGE('',*,*,#6431,.F.);
#6431 = EDGE_CURVE('',#6400,#6424,#6432,.T.);
#6432 = CIRCLE('',#6433,2.);
#6433 = AXIS2_PLACEMENT_3D('',#6434,#6435,#6436);
#6434 = CARTESIAN_POINT('',(275.89322950886,188.60000000222,
    122.55715890731));
#6435 = DIRECTION('',(1.2879E-13,1.,-1.25E-15));
#6436 = DIRECTION('',(0.707106781187,-9.018439887253E-14,0.707106781187)
  );
#6437 = ORIENTED_EDGE('',*,*,#6407,.T.);
#6438 = CONICAL_SURFACE('',#6439,2.2,0.785398163397);
#6439 = AXIS2_PLACEMENT_3D('',#6440,#6441,#6442);
#6440 = CARTESIAN_POINT('',(275.89322950886,188.40000000222,
    122.55715890731));
#6441 = DIRECTION('',(-1.3323E-13,-1.,1.25E-15));
#6442 = DIRECTION('',(0.707106781187,-9.3323952981E-14,0.707106781187));
#6443 = ADVANCED_FACE('',(#6444),#6462,.T.);
#6444 = FACE_BOUND('',#6445,.T.);
#6445 = EDGE_LOOP('',(#6446,#6454,#6455,#6456));
#6446 = ORIENTED_EDGE('',*,*,#6447,.T.);
#6447 = EDGE_CURVE('',#6448,#3682,#6450,.T.);
#6448 = VERTEX_POINT('',#6449);
#6449 = CARTESIAN_POINT('',(277.89322950886,188.60000000222,
    111.19642109084));
#6450 = LINE('',#6451,#6452);
#6451 = CARTESIAN_POINT('',(277.89322950886,188.60000000222,
    111.19642109084));
#6452 = VECTOR('',#6453,1.);
#6453 = DIRECTION('',(0.707106781186,-0.707106781187,-6.83E-15));
#6454 = ORIENTED_EDGE('',*,*,#3681,.T.);
#6455 = ORIENTED_EDGE('',*,*,#6423,.F.);
#6456 = ORIENTED_EDGE('',*,*,#6457,.T.);
#6457 = EDGE_CURVE('',#6424,#6448,#6458,.T.);
#6458 = LINE('',#6459,#6460);
#6459 = CARTESIAN_POINT('',(277.89322950886,188.60000000222,
    116.65715890731));
#6460 = VECTOR('',#6461,1.);
#6461 = DIRECTION('',(-6.83E-15,-1.25E-15,-1.));
#6462 = PLANE('',#6463);
#6463 = AXIS2_PLACEMENT_3D('',#6464,#6465,#6466);
#6464 = CARTESIAN_POINT('',(278.09322950886,188.40000000222,
    116.65715890731));
#6465 = DIRECTION('',(-0.707106781187,-0.707106781186,5.71E-15));
#6466 = DIRECTION('',(6.827579720575E-15,1.247579720575E-15,1.));
#6467 = ADVANCED_FACE('',(#6468),#6487,.T.);
#6468 = FACE_BOUND('',#6469,.T.);
#6469 = EDGE_LOOP('',(#6470,#6471,#6480,#6486));
#6470 = ORIENTED_EDGE('',*,*,#6447,.F.);
#6471 = ORIENTED_EDGE('',*,*,#6472,.T.);
#6472 = EDGE_CURVE('',#6448,#6473,#6475,.T.);
#6473 = VERTEX_POINT('',#6474);
#6474 = CARTESIAN_POINT('',(278.70092181656,188.60000000222,
    110.6335144331));
#6475 = CIRCLE('',#6476,0.6);
#6476 = AXIS2_PLACEMENT_3D('',#6477,#6478,#6479);
#6477 = CARTESIAN_POINT('',(278.49322950886,188.60000000222,
    111.19642109084));
#6478 = DIRECTION('',(-1.2879E-13,-1.,1.25E-15));
#6479 = DIRECTION('',(-0.571771874897,7.261298395029E-14,-0.820412654142
    ));
#6480 = ORIENTED_EDGE('',*,*,#6481,.T.);
#6481 = EDGE_CURVE('',#6473,#3690,#6482,.T.);
#6482 = LINE('',#6483,#6484);
#6483 = CARTESIAN_POINT('',(278.70092181656,188.60000000222,
    110.6335144331));
#6484 = VECTOR('',#6485,1.);
#6485 = DIRECTION('',(-0.244767731949,-0.707106781187,0.663391858102));
#6486 = ORIENTED_EDGE('',*,*,#3689,.T.);
#6487 = CONICAL_SURFACE('',#6488,0.4,0.785398163397);
#6488 = AXIS2_PLACEMENT_3D('',#6489,#6490,#6491);
#6489 = CARTESIAN_POINT('',(278.49322950886,188.40000000222,
    111.19642109084));
#6490 = DIRECTION('',(1.3323E-13,1.,-1.25E-15));
#6491 = DIRECTION('',(-0.571771874897,7.515165107483E-14,-0.820412654142
    ));
#6492 = ADVANCED_FACE('',(#6493),#6512,.F.);
#6493 = FACE_BOUND('',#6494,.F.);
#6494 = EDGE_LOOP('',(#6495,#6504,#6505,#6506));
#6495 = ORIENTED_EDGE('',*,*,#6496,.F.);
#6496 = EDGE_CURVE('',#6473,#6497,#6499,.T.);
#6497 = VERTEX_POINT('',#6498);
#6498 = CARTESIAN_POINT('',(278.70092181656,188.60000000222,
    106.88080338152));
#6499 = CIRCLE('',#6500,2.);
#6500 = AXIS2_PLACEMENT_3D('',#6501,#6502,#6503);
#6501 = CARTESIAN_POINT('',(279.39322950886,188.60000000222,
    108.75715890731));
#6502 = DIRECTION('',(1.2879E-13,1.,-1.25E-15));
#6503 = DIRECTION('',(1.,-1.2879E-13,2.E-16));
#6504 = ORIENTED_EDGE('',*,*,#6481,.T.);
#6505 = ORIENTED_EDGE('',*,*,#3698,.F.);
#6506 = ORIENTED_EDGE('',*,*,#6507,.F.);
#6507 = EDGE_CURVE('',#6497,#3699,#6508,.T.);
#6508 = LINE('',#6509,#6510);
#6509 = CARTESIAN_POINT('',(278.70092181656,188.60000000222,
    106.88080338152));
#6510 = VECTOR('',#6511,1.);
#6511 = DIRECTION('',(-0.244767731949,-0.707106781187,-0.663391858102));
#6512 = CONICAL_SURFACE('',#6513,2.2,0.785398163397);
#6513 = AXIS2_PLACEMENT_3D('',#6514,#6515,#6516);
#6514 = CARTESIAN_POINT('',(279.39322950886,188.40000000222,
    108.75715890731));
#6515 = DIRECTION('',(-1.3323E-13,-1.,1.25E-15));
#6516 = DIRECTION('',(1.,-1.3323E-13,2.E-16));
#6517 = ADVANCED_FACE('',(#6518),#6537,.T.);
#6518 = FACE_BOUND('',#6519,.T.);
#6519 = EDGE_LOOP('',(#6520,#6521,#6530,#6536));
#6520 = ORIENTED_EDGE('',*,*,#6507,.F.);
#6521 = ORIENTED_EDGE('',*,*,#6522,.T.);
#6522 = EDGE_CURVE('',#6497,#6523,#6525,.T.);
#6523 = VERTEX_POINT('',#6524);
#6524 = CARTESIAN_POINT('',(277.89322950886,188.60000000222,
    106.31789672378));
#6525 = CIRCLE('',#6526,0.6);
#6526 = AXIS2_PLACEMENT_3D('',#6527,#6528,#6529);
#6527 = CARTESIAN_POINT('',(278.49322950886,188.60000000222,
    106.31789672378));
#6528 = DIRECTION('',(-1.2879E-13,-1.,1.25E-15));
#6529 = DIRECTION('',(-0.571771874897,7.466401558564E-14,0.820412654142)
  );
#6530 = ORIENTED_EDGE('',*,*,#6531,.T.);
#6531 = EDGE_CURVE('',#6523,#3708,#6532,.T.);
#6532 = LINE('',#6533,#6534);
#6533 = CARTESIAN_POINT('',(277.89322950886,188.60000000222,
    106.31789672378));
#6534 = VECTOR('',#6535,1.);
#6535 = DIRECTION('',(0.707106781186,-0.707106781187,1.02E-15));
#6536 = ORIENTED_EDGE('',*,*,#3707,.T.);
#6537 = CONICAL_SURFACE('',#6538,0.4,0.785398163397);
#6538 = AXIS2_PLACEMENT_3D('',#6539,#6540,#6541);
#6539 = CARTESIAN_POINT('',(278.49322950886,188.40000000222,
    106.31789672378));
#6540 = DIRECTION('',(1.3323E-13,1.,-1.25E-15));
#6541 = DIRECTION('',(-0.571771874897,7.720268271018E-14,0.820412654142)
  );
#6542 = ADVANCED_FACE('',(#6543),#6561,.T.);
#6543 = FACE_BOUND('',#6544,.T.);
#6544 = EDGE_LOOP('',(#6545,#6546,#6547,#6555));
#6545 = ORIENTED_EDGE('',*,*,#3716,.T.);
#6546 = ORIENTED_EDGE('',*,*,#6531,.F.);
#6547 = ORIENTED_EDGE('',*,*,#6548,.T.);
#6548 = EDGE_CURVE('',#6523,#6549,#6551,.T.);
#6549 = VERTEX_POINT('',#6550);
#6550 = CARTESIAN_POINT('',(277.89322950886,188.60000000222,
    92.957158907316));
#6551 = LINE('',#6552,#6553);
#6552 = CARTESIAN_POINT('',(277.89322950886,188.60000000222,
    116.65715890731));
#6553 = VECTOR('',#6554,1.);
#6554 = DIRECTION('',(-6.83E-15,-1.25E-15,-1.));
#6555 = ORIENTED_EDGE('',*,*,#6556,.F.);
#6556 = EDGE_CURVE('',#3717,#6549,#6557,.T.);
#6557 = LINE('',#6558,#6559);
#6558 = CARTESIAN_POINT('',(278.29322950886,188.20000000222,
    93.357158907316));
#6559 = VECTOR('',#6560,1.);
#6560 = DIRECTION('',(-0.57735026919,0.57735026919,-0.57735026919));
#6561 = PLANE('',#6562);
#6562 = AXIS2_PLACEMENT_3D('',#6563,#6564,#6565);
#6563 = CARTESIAN_POINT('',(278.09322950886,188.40000000222,
    116.65715890731));
#6564 = DIRECTION('',(-0.707106781187,-0.707106781186,5.71E-15));
#6565 = DIRECTION('',(6.827579720575E-15,1.247579720575E-15,1.));
#6566 = ADVANCED_FACE('',(#6567),#6583,.T.);
#6567 = FACE_BOUND('',#6568,.T.);
#6568 = EDGE_LOOP('',(#6569,#6575,#6581,#6582));
#6569 = ORIENTED_EDGE('',*,*,#6570,.T.);
#6570 = EDGE_CURVE('',#6549,#3865,#6571,.T.);
#6571 = LINE('',#6572,#6573);
#6572 = CARTESIAN_POINT('',(279.29322950886,188.60000000222,
    92.957158907316));
#6573 = VECTOR('',#6574,1.);
#6574 = DIRECTION('',(1.,-1.2879E-13,1.401E-14));
#6575 = ORIENTED_EDGE('',*,*,#6576,.T.);
#6576 = EDGE_CURVE('',#3865,#3725,#6577,.T.);
#6577 = LINE('',#6578,#6579);
#6578 = CARTESIAN_POINT('',(281.49322950886,188.60000000222,
    92.957158907316));
#6579 = VECTOR('',#6580,1.);
#6580 = DIRECTION('',(-1.1005E-13,-0.707106781187,0.707106781187));
#6581 = ORIENTED_EDGE('',*,*,#3724,.T.);
#6582 = ORIENTED_EDGE('',*,*,#6556,.T.);
#6583 = PLANE('',#6584);
#6584 = AXIS2_PLACEMENT_3D('',#6585,#6586,#6587);
#6585 = CARTESIAN_POINT('',(279.29322950886,188.40000000222,
    93.157158907316));
#6586 = DIRECTION('',(-8.116E-14,-0.707106781187,-0.707106781187));
#6587 = DIRECTION('',(-1.,3.786361099805E-18,1.147737863611E-13));
#6588 = ADVANCED_FACE('',(#6589),#6595,.T.);
#6589 = FACE_BOUND('',#6590,.T.);
#6590 = EDGE_LOOP('',(#6591,#6592,#6593,#6594));
#6591 = ORIENTED_EDGE('',*,*,#6576,.F.);
#6592 = ORIENTED_EDGE('',*,*,#3864,.T.);
#6593 = ORIENTED_EDGE('',*,*,#3849,.T.);
#6594 = ORIENTED_EDGE('',*,*,#3732,.T.);
#6595 = CONICAL_SURFACE('',#6596,1.8,0.785398163397);
#6596 = AXIS2_PLACEMENT_3D('',#6597,#6598,#6599);
#6597 = CARTESIAN_POINT('',(281.49322950886,188.40000000222,
    94.957158907316));
#6598 = DIRECTION('',(1.3323E-13,1.,-1.25E-15));
#6599 = DIRECTION('',(0.707106781187,-9.509171993397E-14,-0.707106781187
    ));
#6600 = ADVANCED_FACE('',(#6601),#6620,.F.);
#6601 = FACE_BOUND('',#6602,.F.);
#6602 = EDGE_LOOP('',(#6603,#6611,#6612,#6613));
#6603 = ORIENTED_EDGE('',*,*,#6604,.T.);
#6604 = EDGE_CURVE('',#6605,#3769,#6607,.T.);
#6605 = VERTEX_POINT('',#6606);
#6606 = CARTESIAN_POINT('',(149.84322950886,188.60000000223,
    134.55715890731));
#6607 = LINE('',#6608,#6609);
#6608 = CARTESIAN_POINT('',(150.04322950886,188.40000000223,
    134.55715890731));
#6609 = VECTOR('',#6610,1.);
#6610 = DIRECTION('',(0.707106781186,-0.707106781187,9.4E-16));
#6611 = ORIENTED_EDGE('',*,*,#3768,.F.);
#6612 = ORIENTED_EDGE('',*,*,#6604,.F.);
#6613 = ORIENTED_EDGE('',*,*,#6614,.F.);
#6614 = EDGE_CURVE('',#6605,#6605,#6615,.T.);
#6615 = CIRCLE('',#6616,2.75);
#6616 = AXIS2_PLACEMENT_3D('',#6617,#6618,#6619);
#6617 = CARTESIAN_POINT('',(147.09322950886,188.60000000223,
    134.55715890731));
#6618 = DIRECTION('',(1.2879E-13,1.,-1.25E-15));
#6619 = DIRECTION('',(-1.,1.2879E-13,-2.E-16));
#6620 = CONICAL_SURFACE('',#6621,2.95,0.785398163397);
#6621 = AXIS2_PLACEMENT_3D('',#6622,#6623,#6624);
#6622 = CARTESIAN_POINT('',(147.09322950886,188.40000000223,
    134.55715890731));
#6623 = DIRECTION('',(-1.3323E-13,-1.,1.25E-15));
#6624 = DIRECTION('',(-1.,1.3323E-13,-2.E-16));
#6625 = ADVANCED_FACE('',(#6626),#6645,.F.);
#6626 = FACE_BOUND('',#6627,.F.);
#6627 = EDGE_LOOP('',(#6628,#6636,#6637,#6638));
#6628 = ORIENTED_EDGE('',*,*,#6629,.T.);
#6629 = EDGE_CURVE('',#6630,#3780,#6632,.T.);
#6630 = VERTEX_POINT('',#6631);
#6631 = CARTESIAN_POINT('',(276.24322950886,188.60000000222,
    134.55715890731));
#6632 = LINE('',#6633,#6634);
#6633 = CARTESIAN_POINT('',(276.44322950886,188.40000000222,
    134.55715890731));
#6634 = VECTOR('',#6635,1.);
#6635 = DIRECTION('',(0.707106781186,-0.707106781187,9.4E-16));
#6636 = ORIENTED_EDGE('',*,*,#3779,.F.);
#6637 = ORIENTED_EDGE('',*,*,#6629,.F.);
#6638 = ORIENTED_EDGE('',*,*,#6639,.F.);
#6639 = EDGE_CURVE('',#6630,#6630,#6640,.T.);
#6640 = CIRCLE('',#6641,2.75);
#6641 = AXIS2_PLACEMENT_3D('',#6642,#6643,#6644);
#6642 = CARTESIAN_POINT('',(273.49322950886,188.60000000222,
    134.55715890731));
#6643 = DIRECTION('',(1.2879E-13,1.,-1.25E-15));
#6644 = DIRECTION('',(-1.,1.2879E-13,-2.E-16));
#6645 = CONICAL_SURFACE('',#6646,2.95,0.785398163397);
#6646 = AXIS2_PLACEMENT_3D('',#6647,#6648,#6649);
#6647 = CARTESIAN_POINT('',(273.49322950886,188.40000000222,
    134.55715890731));
#6648 = DIRECTION('',(-1.3323E-13,-1.,1.25E-15));
#6649 = DIRECTION('',(-1.,1.3323E-13,-2.E-16));
#6650 = ADVANCED_FACE('',(#6651),#6671,.T.);
#6651 = FACE_BOUND('',#6652,.T.);
#6652 = EDGE_LOOP('',(#6653,#6654,#6660,#6661,#6667,#6668,#6669,#6670));
#6653 = ORIENTED_EDGE('',*,*,#6570,.F.);
#6654 = ORIENTED_EDGE('',*,*,#6655,.F.);
#6655 = EDGE_CURVE('',#4117,#6549,#6656,.T.);
#6656 = LINE('',#6657,#6658);
#6657 = CARTESIAN_POINT('',(277.89322950886,192.20000000222,
    92.957158907316));
#6658 = VECTOR('',#6659,1.);
#6659 = DIRECTION('',(-1.2879E-13,-1.,1.25E-15));
#6660 = ORIENTED_EDGE('',*,*,#4116,.F.);
#6661 = ORIENTED_EDGE('',*,*,#6662,.T.);
#6662 = EDGE_CURVE('',#4109,#6229,#6663,.T.);
#6663 = LINE('',#6664,#6665);
#6664 = CARTESIAN_POINT('',(142.69322950886,192.20000000223,
    92.957158907316));
#6665 = VECTOR('',#6666,1.);
#6666 = DIRECTION('',(-1.3101E-13,-1.,1.25E-15));
#6667 = ORIENTED_EDGE('',*,*,#6228,.F.);
#6668 = ORIENTED_EDGE('',*,*,#3994,.F.);
#6669 = ORIENTED_EDGE('',*,*,#3903,.T.);
#6670 = ORIENTED_EDGE('',*,*,#3873,.F.);
#6671 = PLANE('',#6672);
#6672 = AXIS2_PLACEMENT_3D('',#6673,#6674,#6675);
#6673 = CARTESIAN_POINT('',(277.89322950886,192.20000000222,
    92.957158907316));
#6674 = DIRECTION('',(1.401E-14,-1.25E-15,-1.));
#6675 = DIRECTION('',(1.,-1.3053E-13,1.401E-14));
#6676 = ADVANCED_FACE('',(#6677),#6694,.T.);
#6677 = FACE_BOUND('',#6678,.T.);
#6678 = EDGE_LOOP('',(#6679,#6680,#6686,#6687,#6688));
#6679 = ORIENTED_EDGE('',*,*,#6275,.F.);
#6680 = ORIENTED_EDGE('',*,*,#6681,.T.);
#6681 = EDGE_CURVE('',#6251,#4100,#6682,.T.);
#6682 = LINE('',#6683,#6684);
#6683 = CARTESIAN_POINT('',(142.69322950886,188.20000000223,
    106.31789672378));
#6684 = VECTOR('',#6685,1.);
#6685 = DIRECTION('',(1.3101E-13,1.,-1.25E-15));
#6686 = ORIENTED_EDGE('',*,*,#4099,.F.);
#6687 = ORIENTED_EDGE('',*,*,#4010,.T.);
#6688 = ORIENTED_EDGE('',*,*,#6689,.T.);
#6689 = EDGE_CURVE('',#4011,#6276,#6690,.T.);
#6690 = LINE('',#6691,#6692);
#6691 = CARTESIAN_POINT('',(141.88553720117,188.20000000223,
    106.88080338152));
#6692 = VECTOR('',#6693,1.);
#6693 = DIRECTION('',(-1.3121E-13,-1.,1.25E-15));
#6694 = CYLINDRICAL_SURFACE('',#6695,0.6);
#6695 = AXIS2_PLACEMENT_3D('',#6696,#6697,#6698);
#6696 = CARTESIAN_POINT('',(142.09322950886,188.20000000223,
    106.31789672378));
#6697 = DIRECTION('',(-1.3121E-13,-1.,1.25E-15));
#6698 = DIRECTION('',(0.571771874897,-7.399667188754E-14,0.820412654142)
  );
#6699 = ADVANCED_FACE('',(#6700),#6711,.F.);
#6700 = FACE_BOUND('',#6701,.F.);
#6701 = EDGE_LOOP('',(#6702,#6708,#6709,#6710));
#6702 = ORIENTED_EDGE('',*,*,#6703,.T.);
#6703 = EDGE_CURVE('',#6300,#4026,#6704,.T.);
#6704 = LINE('',#6705,#6706);
#6705 = CARTESIAN_POINT('',(141.88553720117,188.20000000223,
    110.6335144331));
#6706 = VECTOR('',#6707,1.);
#6707 = DIRECTION('',(1.3121E-13,1.,-1.25E-15));
#6708 = ORIENTED_EDGE('',*,*,#4025,.T.);
#6709 = ORIENTED_EDGE('',*,*,#6689,.T.);
#6710 = ORIENTED_EDGE('',*,*,#6299,.T.);
#6711 = CYLINDRICAL_SURFACE('',#6712,2.);
#6712 = AXIS2_PLACEMENT_3D('',#6713,#6714,#6715);
#6713 = CARTESIAN_POINT('',(141.19322950886,188.20000000223,
    108.75715890731));
#6714 = DIRECTION('',(1.3121E-13,1.,-1.25E-15));
#6715 = DIRECTION('',(-1.,1.3121E-13,-3.2E-16));
#6716 = ADVANCED_FACE('',(#6717),#6729,.T.);
#6717 = FACE_BOUND('',#6718,.T.);
#6718 = EDGE_LOOP('',(#6719,#6720,#6721,#6722,#6723));
#6719 = ORIENTED_EDGE('',*,*,#6325,.F.);
#6720 = ORIENTED_EDGE('',*,*,#6703,.T.);
#6721 = ORIENTED_EDGE('',*,*,#4034,.T.);
#6722 = ORIENTED_EDGE('',*,*,#4091,.F.);
#6723 = ORIENTED_EDGE('',*,*,#6724,.T.);
#6724 = EDGE_CURVE('',#4084,#6326,#6725,.T.);
#6725 = LINE('',#6726,#6727);
#6726 = CARTESIAN_POINT('',(142.69322950886,188.20000000223,
    111.19642109084));
#6727 = VECTOR('',#6728,1.);
#6728 = DIRECTION('',(-1.3101E-13,-1.,1.25E-15));
#6729 = CYLINDRICAL_SURFACE('',#6730,0.6);
#6730 = AXIS2_PLACEMENT_3D('',#6731,#6732,#6733);
#6731 = CARTESIAN_POINT('',(142.09322950886,188.20000000223,
    111.19642109084));
#6732 = DIRECTION('',(1.3121E-13,1.,-1.25E-15));
#6733 = DIRECTION('',(0.571771874897,-7.604770352289E-14,-0.820412654142
    ));
#6734 = ADVANCED_FACE('',(#6735),#6751,.F.);
#6735 = FACE_BOUND('',#6736,.F.);
#6736 = EDGE_LOOP('',(#6737,#6743,#6744,#6750));
#6737 = ORIENTED_EDGE('',*,*,#6738,.F.);
#6738 = EDGE_CURVE('',#4056,#6424,#6739,.T.);
#6739 = LINE('',#6740,#6741);
#6740 = CARTESIAN_POINT('',(277.89322950886,194.20000000222,
    122.55715890731));
#6741 = VECTOR('',#6742,1.);
#6742 = DIRECTION('',(-1.2879E-13,-1.,1.25E-15));
#6743 = ORIENTED_EDGE('',*,*,#4055,.T.);
#6744 = ORIENTED_EDGE('',*,*,#6745,.F.);
#6745 = EDGE_CURVE('',#6400,#4058,#6746,.T.);
#6746 = LINE('',#6747,#6748);
#6747 = CARTESIAN_POINT('',(275.89322950886,194.20000000222,
    124.55715890731));
#6748 = VECTOR('',#6749,1.);
#6749 = DIRECTION('',(1.2879E-13,1.,-1.25E-15));
#6750 = ORIENTED_EDGE('',*,*,#6431,.T.);
#6751 = CYLINDRICAL_SURFACE('',#6752,2.);
#6752 = AXIS2_PLACEMENT_3D('',#6753,#6754,#6755);
#6753 = CARTESIAN_POINT('',(275.89322950886,194.20000000222,
    122.55715890731));
#6754 = DIRECTION('',(-1.2879E-13,-1.,1.25E-15));
#6755 = DIRECTION('',(0.707106781187,-9.018439887253E-14,0.707106781187)
  );
#6756 = ADVANCED_FACE('',(#6757),#6768,.T.);
#6757 = FACE_BOUND('',#6758,.T.);
#6758 = EDGE_LOOP('',(#6759,#6760,#6766,#6767));
#6759 = ORIENTED_EDGE('',*,*,#6399,.F.);
#6760 = ORIENTED_EDGE('',*,*,#6761,.F.);
#6761 = EDGE_CURVE('',#4067,#6375,#6762,.T.);
#6762 = LINE('',#6763,#6764);
#6763 = CARTESIAN_POINT('',(144.69322950886,194.20000000223,
    124.55715890731));
#6764 = VECTOR('',#6765,1.);
#6765 = DIRECTION('',(-1.3101E-13,-1.,1.25E-15));
#6766 = ORIENTED_EDGE('',*,*,#4066,.T.);
#6767 = ORIENTED_EDGE('',*,*,#6745,.F.);
#6768 = PLANE('',#6769);
#6769 = AXIS2_PLACEMENT_3D('',#6770,#6771,#6772);
#6770 = CARTESIAN_POINT('',(263.49322950886,196.20000000222,
    124.55715890731));
#6771 = DIRECTION('',(5.6E-16,-1.25E-15,-1.));
#6772 = DIRECTION('',(1.,-1.3055E-13,5.600000000002E-16));
#6773 = ADVANCED_FACE('',(#6774),#6785,.F.);
#6774 = FACE_BOUND('',#6775,.F.);
#6775 = EDGE_LOOP('',(#6776,#6777,#6778,#6784));
#6776 = ORIENTED_EDGE('',*,*,#6761,.F.);
#6777 = ORIENTED_EDGE('',*,*,#4074,.T.);
#6778 = ORIENTED_EDGE('',*,*,#6779,.F.);
#6779 = EDGE_CURVE('',#6350,#4075,#6780,.T.);
#6780 = LINE('',#6781,#6782);
#6781 = CARTESIAN_POINT('',(142.69322950886,194.20000000223,
    122.55715890731));
#6782 = VECTOR('',#6783,1.);
#6783 = DIRECTION('',(1.3101E-13,1.,-1.25E-15));
#6784 = ORIENTED_EDGE('',*,*,#6382,.T.);
#6785 = CYLINDRICAL_SURFACE('',#6786,2.);
#6786 = AXIS2_PLACEMENT_3D('',#6787,#6788,#6789);
#6787 = CARTESIAN_POINT('',(144.69322950886,194.20000000223,
    122.55715890731));
#6788 = DIRECTION('',(-1.3101E-13,-1.,1.25E-15));
#6789 = DIRECTION('',(-0.707106781187,9.352194287973E-14,0.707106781187)
  );
#6790 = ADVANCED_FACE('',(#6791),#6797,.T.);
#6791 = FACE_BOUND('',#6792,.T.);
#6792 = EDGE_LOOP('',(#6793,#6794,#6795,#6796));
#6793 = ORIENTED_EDGE('',*,*,#6359,.F.);
#6794 = ORIENTED_EDGE('',*,*,#6724,.F.);
#6795 = ORIENTED_EDGE('',*,*,#4083,.F.);
#6796 = ORIENTED_EDGE('',*,*,#6779,.F.);
#6797 = PLANE('',#6798);
#6798 = AXIS2_PLACEMENT_3D('',#6799,#6800,#6801);
#6799 = CARTESIAN_POINT('',(142.69322950886,192.20000000223,
    92.957158907316));
#6800 = DIRECTION('',(1.,-1.3101E-13,1.6E-15));
#6801 = DIRECTION('',(-1.6E-15,1.39E-15,1.));
#6802 = ADVANCED_FACE('',(#6803),#6809,.T.);
#6803 = FACE_BOUND('',#6804,.T.);
#6804 = EDGE_LOOP('',(#6805,#6806,#6807,#6808));
#6805 = ORIENTED_EDGE('',*,*,#6250,.F.);
#6806 = ORIENTED_EDGE('',*,*,#6662,.F.);
#6807 = ORIENTED_EDGE('',*,*,#4108,.F.);
#6808 = ORIENTED_EDGE('',*,*,#6681,.F.);
#6809 = PLANE('',#6810);
#6810 = AXIS2_PLACEMENT_3D('',#6811,#6812,#6813);
#6811 = CARTESIAN_POINT('',(142.69322950886,192.20000000223,
    92.957158907316));
#6812 = DIRECTION('',(1.,-1.3101E-13,1.6E-15));
#6813 = DIRECTION('',(-1.6E-15,1.39E-15,1.));
#6814 = ADVANCED_FACE('',(#6815),#6826,.T.);
#6815 = FACE_BOUND('',#6816,.T.);
#6816 = EDGE_LOOP('',(#6817,#6818,#6824,#6825));
#6817 = ORIENTED_EDGE('',*,*,#6548,.F.);
#6818 = ORIENTED_EDGE('',*,*,#6819,.F.);
#6819 = EDGE_CURVE('',#4125,#6523,#6820,.T.);
#6820 = LINE('',#6821,#6822);
#6821 = CARTESIAN_POINT('',(277.89322950886,188.20000000222,
    106.31789672378));
#6822 = VECTOR('',#6823,1.);
#6823 = DIRECTION('',(-1.2879E-13,-1.,1.25E-15));
#6824 = ORIENTED_EDGE('',*,*,#4124,.F.);
#6825 = ORIENTED_EDGE('',*,*,#6655,.T.);
#6826 = PLANE('',#6827);
#6827 = AXIS2_PLACEMENT_3D('',#6828,#6829,#6830);
#6828 = CARTESIAN_POINT('',(277.89322950886,192.20000000222,
    124.55715890731));
#6829 = DIRECTION('',(-1.,1.2879E-13,6.83E-15));
#6830 = DIRECTION('',(-6.83E-15,-1.39E-15,-1.));
#6831 = ADVANCED_FACE('',(#6832),#6843,.T.);
#6832 = FACE_BOUND('',#6833,.T.);
#6833 = EDGE_LOOP('',(#6834,#6835,#6841,#6842));
#6834 = ORIENTED_EDGE('',*,*,#6522,.F.);
#6835 = ORIENTED_EDGE('',*,*,#6836,.T.);
#6836 = EDGE_CURVE('',#6497,#4133,#6837,.T.);
#6837 = LINE('',#6838,#6839);
#6838 = CARTESIAN_POINT('',(278.70092181656,188.20000000222,
    106.88080338152));
#6839 = VECTOR('',#6840,1.);
#6840 = DIRECTION('',(1.3121E-13,1.,-1.25E-15));
#6841 = ORIENTED_EDGE('',*,*,#4132,.F.);
#6842 = ORIENTED_EDGE('',*,*,#6819,.T.);
#6843 = CYLINDRICAL_SURFACE('',#6844,0.6);
#6844 = AXIS2_PLACEMENT_3D('',#6845,#6846,#6847);
#6845 = CARTESIAN_POINT('',(278.49322950886,188.20000000222,
    106.31789672378));
#6846 = DIRECTION('',(1.3121E-13,1.,-1.25E-15));
#6847 = DIRECTION('',(-0.571771874897,7.604770352289E-14,0.820412654142)
  );
#6848 = ADVANCED_FACE('',(#6849),#6860,.F.);
#6849 = FACE_BOUND('',#6850,.F.);
#6850 = EDGE_LOOP('',(#6851,#6852,#6853,#6859));
#6851 = ORIENTED_EDGE('',*,*,#6836,.T.);
#6852 = ORIENTED_EDGE('',*,*,#4141,.F.);
#6853 = ORIENTED_EDGE('',*,*,#6854,.T.);
#6854 = EDGE_CURVE('',#4142,#6473,#6855,.T.);
#6855 = LINE('',#6856,#6857);
#6856 = CARTESIAN_POINT('',(278.70092181656,188.20000000222,
    110.6335144331));
#6857 = VECTOR('',#6858,1.);
#6858 = DIRECTION('',(-1.3121E-13,-1.,1.25E-15));
#6859 = ORIENTED_EDGE('',*,*,#6496,.T.);
#6860 = CYLINDRICAL_SURFACE('',#6861,2.);
#6861 = AXIS2_PLACEMENT_3D('',#6862,#6863,#6864);
#6862 = CARTESIAN_POINT('',(279.39322950886,188.20000000222,
    108.75715890731));
#6863 = DIRECTION('',(1.3121E-13,1.,-1.25E-15));
#6864 = DIRECTION('',(1.,-1.3121E-13,2.E-16));
#6865 = ADVANCED_FACE('',(#6866),#6877,.T.);
#6866 = FACE_BOUND('',#6867,.T.);
#6867 = EDGE_LOOP('',(#6868,#6869,#6875,#6876));
#6868 = ORIENTED_EDGE('',*,*,#6472,.F.);
#6869 = ORIENTED_EDGE('',*,*,#6870,.T.);
#6870 = EDGE_CURVE('',#6448,#4151,#6871,.T.);
#6871 = LINE('',#6872,#6873);
#6872 = CARTESIAN_POINT('',(277.89322950886,188.20000000222,
    111.19642109084));
#6873 = VECTOR('',#6874,1.);
#6874 = DIRECTION('',(1.2879E-13,1.,-1.25E-15));
#6875 = ORIENTED_EDGE('',*,*,#4150,.F.);
#6876 = ORIENTED_EDGE('',*,*,#6854,.T.);
#6877 = CYLINDRICAL_SURFACE('',#6878,0.6);
#6878 = AXIS2_PLACEMENT_3D('',#6879,#6880,#6881);
#6879 = CARTESIAN_POINT('',(278.49322950886,188.20000000222,
    111.19642109084));
#6880 = DIRECTION('',(-1.3121E-13,-1.,1.25E-15));
#6881 = DIRECTION('',(-0.571771874897,7.399667188754E-14,-0.820412654142
    ));
#6882 = ADVANCED_FACE('',(#6883),#6889,.T.);
#6883 = FACE_BOUND('',#6884,.T.);
#6884 = EDGE_LOOP('',(#6885,#6886,#6887,#6888));
#6885 = ORIENTED_EDGE('',*,*,#6457,.F.);
#6886 = ORIENTED_EDGE('',*,*,#6738,.F.);
#6887 = ORIENTED_EDGE('',*,*,#4159,.F.);
#6888 = ORIENTED_EDGE('',*,*,#6870,.F.);
#6889 = PLANE('',#6890);
#6890 = AXIS2_PLACEMENT_3D('',#6891,#6892,#6893);
#6891 = CARTESIAN_POINT('',(277.89322950886,192.20000000222,
    124.55715890731));
#6892 = DIRECTION('',(-1.,1.2879E-13,6.83E-15));
#6893 = DIRECTION('',(-6.83E-15,-1.39E-15,-1.));
#6894 = ADVANCED_FACE('',(#6895),#6920,.T.);
#6895 = FACE_BOUND('',#6896,.T.);
#6896 = EDGE_LOOP('',(#6897,#6898,#6906,#6914));
#6897 = ORIENTED_EDGE('',*,*,#4167,.F.);
#6898 = ORIENTED_EDGE('',*,*,#6899,.T.);
#6899 = EDGE_CURVE('',#4168,#6900,#6902,.T.);
#6900 = VERTEX_POINT('',#6901);
#6901 = CARTESIAN_POINT('',(263.54322950888,190.20000000222,
    116.92666520203));
#6902 = LINE('',#6903,#6904);
#6903 = CARTESIAN_POINT('',(263.54322950888,192.20000000222,
    116.92666520203));
#6904 = VECTOR('',#6905,1.);
#6905 = DIRECTION('',(-1.2879E-13,-1.,1.25E-15));
#6906 = ORIENTED_EDGE('',*,*,#6907,.F.);
#6907 = EDGE_CURVE('',#6908,#6900,#6910,.T.);
#6908 = VERTEX_POINT('',#6909);
#6909 = CARTESIAN_POINT('',(255.58015882418,190.20000000222,
    121.52414620542));
#6910 = LINE('',#6911,#6912);
#6911 = CARTESIAN_POINT('',(255.58015882418,190.20000000222,
    121.52414620542));
#6912 = VECTOR('',#6913,1.);
#6913 = DIRECTION('',(0.866025403784,-1.1409E-13,-0.5));
#6914 = ORIENTED_EDGE('',*,*,#6915,.F.);
#6915 = EDGE_CURVE('',#4170,#6908,#6916,.T.);
#6916 = LINE('',#6917,#6918);
#6917 = CARTESIAN_POINT('',(255.58015882418,192.20000000222,
    121.52414620542));
#6918 = VECTOR('',#6919,1.);
#6919 = DIRECTION('',(-1.2879E-13,-1.,1.25E-15));
#6920 = PLANE('',#6921);
#6921 = AXIS2_PLACEMENT_3D('',#6922,#6923,#6924);
#6922 = CARTESIAN_POINT('',(255.58015882418,192.20000000222,
    121.52414620542));
#6923 = DIRECTION('',(-0.5,6.331E-14,-0.866025403784));
#6924 = DIRECTION('',(0.866025403784,-1.1409E-13,-0.5));
#6925 = ADVANCED_FACE('',(#6926),#6945,.T.);
#6926 = FACE_BOUND('',#6927,.T.);
#6927 = EDGE_LOOP('',(#6928,#6929,#6930,#6939));
#6928 = ORIENTED_EDGE('',*,*,#4177,.F.);
#6929 = ORIENTED_EDGE('',*,*,#6915,.T.);
#6930 = ORIENTED_EDGE('',*,*,#6931,.F.);
#6931 = EDGE_CURVE('',#6932,#6908,#6934,.T.);
#6932 = VERTEX_POINT('',#6933);
#6933 = CARTESIAN_POINT('',(255.83015882418,190.20000000222,
    122.45715890731));
#6934 = CIRCLE('',#6935,0.5);
#6935 = AXIS2_PLACEMENT_3D('',#6936,#6937,#6938);
#6936 = CARTESIAN_POINT('',(255.83015882418,190.20000000222,
    121.95715890731));
#6937 = DIRECTION('',(-1.3053E-13,-1.,-3.05E-15));
#6938 = DIRECTION('',(-1.796E-14,-3.049999999998E-15,1.));
#6939 = ORIENTED_EDGE('',*,*,#6940,.F.);
#6940 = EDGE_CURVE('',#4178,#6932,#6941,.T.);
#6941 = LINE('',#6942,#6943);
#6942 = CARTESIAN_POINT('',(255.83015882418,192.20000000222,
    122.45715890731));
#6943 = VECTOR('',#6944,1.);
#6944 = DIRECTION('',(-1.2879E-13,-1.,1.25E-15));
#6945 = CYLINDRICAL_SURFACE('',#6946,0.5);
#6946 = AXIS2_PLACEMENT_3D('',#6947,#6948,#6949);
#6947 = CARTESIAN_POINT('',(255.83015882418,192.20000000222,
    121.95715890731));
#6948 = DIRECTION('',(-1.2879E-13,-1.,1.25E-15));
#6949 = DIRECTION('',(-1.796E-14,1.250000000002E-15,1.));
#6950 = ADVANCED_FACE('',(#6951),#6969,.T.);
#6951 = FACE_BOUND('',#6952,.T.);
#6952 = EDGE_LOOP('',(#6953,#6954,#6955,#6963));
#6953 = ORIENTED_EDGE('',*,*,#4186,.F.);
#6954 = ORIENTED_EDGE('',*,*,#6940,.T.);
#6955 = ORIENTED_EDGE('',*,*,#6956,.F.);
#6956 = EDGE_CURVE('',#6957,#6932,#6959,.T.);
#6957 = VERTEX_POINT('',#6958);
#6958 = CARTESIAN_POINT('',(272.7563001867,190.20000000222,
    122.45715890731));
#6959 = LINE('',#6960,#6961);
#6960 = CARTESIAN_POINT('',(272.7563001867,190.20000000222,
    122.45715890731));
#6961 = VECTOR('',#6962,1.);
#6962 = DIRECTION('',(-1.,1.304E-13,2.342E-14));
#6963 = ORIENTED_EDGE('',*,*,#6964,.F.);
#6964 = EDGE_CURVE('',#4187,#6957,#6965,.T.);
#6965 = LINE('',#6966,#6967);
#6966 = CARTESIAN_POINT('',(272.7563001867,192.20000000222,
    122.45715890731));
#6967 = VECTOR('',#6968,1.);
#6968 = DIRECTION('',(-1.2879E-13,-1.,1.25E-15));
#6969 = PLANE('',#6970);
#6970 = AXIS2_PLACEMENT_3D('',#6971,#6972,#6973);
#6971 = CARTESIAN_POINT('',(272.7563001867,192.20000000222,
    122.45715890731));
#6972 = DIRECTION('',(2.342E-14,1.25E-15,1.));
#6973 = DIRECTION('',(-1.,1.304E-13,2.342E-14));
#6974 = ADVANCED_FACE('',(#6975),#6994,.T.);
#6975 = FACE_BOUND('',#6976,.T.);
#6976 = EDGE_LOOP('',(#6977,#6978,#6979,#6988));
#6977 = ORIENTED_EDGE('',*,*,#4194,.F.);
#6978 = ORIENTED_EDGE('',*,*,#6964,.T.);
#6979 = ORIENTED_EDGE('',*,*,#6980,.F.);
#6980 = EDGE_CURVE('',#6981,#6957,#6983,.T.);
#6981 = VERTEX_POINT('',#6982);
#6982 = CARTESIAN_POINT('',(273.00630018686,190.20000000222,
    121.52414620551));
#6983 = CIRCLE('',#6984,0.5);
#6984 = AXIS2_PLACEMENT_3D('',#6985,#6986,#6987);
#6985 = CARTESIAN_POINT('',(272.7563001867,190.20000000222,
    121.95715890731));
#6986 = DIRECTION('',(-1.3053E-13,-1.,1.39E-15));
#6987 = DIRECTION('',(0.500000000324,-6.646877535329E-14,-0.866025403597
    ));
#6988 = ORIENTED_EDGE('',*,*,#6989,.F.);
#6989 = EDGE_CURVE('',#4195,#6981,#6990,.T.);
#6990 = LINE('',#6991,#6992);
#6991 = CARTESIAN_POINT('',(273.00630018686,192.20000000222,
    121.52414620551));
#6992 = VECTOR('',#6993,1.);
#6993 = DIRECTION('',(-1.2879E-13,-1.,1.25E-15));
#6994 = CYLINDRICAL_SURFACE('',#6995,0.5);
#6995 = AXIS2_PLACEMENT_3D('',#6996,#6997,#6998);
#6996 = CARTESIAN_POINT('',(272.7563001867,192.20000000222,
    121.95715890731));
#6997 = DIRECTION('',(-1.2879E-13,-1.,1.25E-15));
#6998 = DIRECTION('',(0.500000000324,-6.547753179622E-14,-0.866025403597
    ));
#6999 = ADVANCED_FACE('',(#7000),#7018,.T.);
#7000 = FACE_BOUND('',#7001,.T.);
#7001 = EDGE_LOOP('',(#7002,#7003,#7004,#7012));
#7002 = ORIENTED_EDGE('',*,*,#4203,.F.);
#7003 = ORIENTED_EDGE('',*,*,#6989,.T.);
#7004 = ORIENTED_EDGE('',*,*,#7005,.F.);
#7005 = EDGE_CURVE('',#7006,#6981,#7008,.T.);
#7006 = VERTEX_POINT('',#7007);
#7007 = CARTESIAN_POINT('',(265.04322950888,190.20000000222,
    116.92666520203));
#7008 = LINE('',#7009,#7010);
#7009 = CARTESIAN_POINT('',(265.04322950888,190.20000000222,
    116.92666520203));
#7010 = VECTOR('',#7011,1.);
#7011 = DIRECTION('',(0.866025403597,-1.1211E-13,0.500000000324));
#7012 = ORIENTED_EDGE('',*,*,#7013,.F.);
#7013 = EDGE_CURVE('',#4204,#7006,#7014,.T.);
#7014 = LINE('',#7015,#7016);
#7015 = CARTESIAN_POINT('',(265.04322950888,192.20000000222,
    116.92666520203));
#7016 = VECTOR('',#7017,1.);
#7017 = DIRECTION('',(-1.2879E-13,-1.,1.25E-15));
#7018 = PLANE('',#7019);
#7019 = AXIS2_PLACEMENT_3D('',#7020,#7021,#7022);
#7020 = CARTESIAN_POINT('',(265.04322950888,192.20000000222,
    116.92666520203));
#7021 = DIRECTION('',(0.500000000324,-6.547E-14,-0.866025403597));
#7022 = DIRECTION('',(0.866025403597,-1.1211E-13,0.500000000324));
#7023 = ADVANCED_FACE('',(#7024),#7036,.T.);
#7024 = FACE_BOUND('',#7025,.T.);
#7025 = EDGE_LOOP('',(#7026,#7027,#7028,#7035));
#7026 = ORIENTED_EDGE('',*,*,#4211,.F.);
#7027 = ORIENTED_EDGE('',*,*,#7013,.T.);
#7028 = ORIENTED_EDGE('',*,*,#7029,.F.);
#7029 = EDGE_CURVE('',#6900,#7006,#7030,.T.);
#7030 = CIRCLE('',#7031,1.499999999996);
#7031 = AXIS2_PLACEMENT_3D('',#7032,#7033,#7034);
#7032 = CARTESIAN_POINT('',(264.29322950888,190.20000000222,
    118.2257033077));
#7033 = DIRECTION('',(-1.3053E-13,-1.,1.39E-15));
#7034 = DIRECTION('',(-0.5,6.406122468876E-14,-0.866025403784));
#7035 = ORIENTED_EDGE('',*,*,#6899,.F.);
#7036 = CYLINDRICAL_SURFACE('',#7037,1.499999999996);
#7037 = AXIS2_PLACEMENT_3D('',#7038,#7039,#7040);
#7038 = CARTESIAN_POINT('',(264.29322950888,192.20000000222,
    118.2257033077));
#7039 = DIRECTION('',(-1.2879E-13,-1.,1.25E-15));
#7040 = DIRECTION('',(-0.5,6.331246824529E-14,-0.866025403784));
#7041 = ADVANCED_FACE('',(#7042),#7067,.T.);
#7042 = FACE_BOUND('',#7043,.T.);
#7043 = EDGE_LOOP('',(#7044,#7045,#7053,#7061));
#7044 = ORIENTED_EDGE('',*,*,#4234,.F.);
#7045 = ORIENTED_EDGE('',*,*,#7046,.T.);
#7046 = EDGE_CURVE('',#4235,#7047,#7049,.T.);
#7047 = VERTEX_POINT('',#7048);
#7048 = CARTESIAN_POINT('',(220.34322950888,190.20000000222,
    116.92666521157));
#7049 = LINE('',#7050,#7051);
#7050 = CARTESIAN_POINT('',(220.34322950888,192.20000000222,
    116.92666521157));
#7051 = VECTOR('',#7052,1.);
#7052 = DIRECTION('',(-1.3101E-13,-1.,1.25E-15));
#7053 = ORIENTED_EDGE('',*,*,#7054,.F.);
#7054 = EDGE_CURVE('',#7055,#7047,#7057,.T.);
#7055 = VERTEX_POINT('',#7056);
#7056 = CARTESIAN_POINT('',(212.3801588407,190.20000000222,
    121.52414620542));
#7057 = LINE('',#7058,#7059);
#7058 = CARTESIAN_POINT('',(212.3801588407,190.20000000222,
    121.52414620542));
#7059 = VECTOR('',#7060,1.);
#7060 = DIRECTION('',(0.866025403784,-1.136E-13,-0.5));
#7061 = ORIENTED_EDGE('',*,*,#7062,.F.);
#7062 = EDGE_CURVE('',#4237,#7055,#7063,.T.);
#7063 = LINE('',#7064,#7065);
#7064 = CARTESIAN_POINT('',(212.3801588407,192.20000000222,
    121.52414620542));
#7065 = VECTOR('',#7066,1.);
#7066 = DIRECTION('',(-1.3101E-13,-1.,1.25E-15));
#7067 = PLANE('',#7068);
#7068 = AXIS2_PLACEMENT_3D('',#7069,#7070,#7071);
#7069 = CARTESIAN_POINT('',(212.3801588407,192.20000000222,
    121.52414620542));
#7070 = DIRECTION('',(-0.5,6.442E-14,-0.866025403784));
#7071 = DIRECTION('',(0.866025403784,-1.136E-13,-0.5));
#7072 = ADVANCED_FACE('',(#7073),#7092,.T.);
#7073 = FACE_BOUND('',#7074,.T.);
#7074 = EDGE_LOOP('',(#7075,#7076,#7077,#7086));
#7075 = ORIENTED_EDGE('',*,*,#4244,.F.);
#7076 = ORIENTED_EDGE('',*,*,#7062,.T.);
#7077 = ORIENTED_EDGE('',*,*,#7078,.F.);
#7078 = EDGE_CURVE('',#7079,#7055,#7081,.T.);
#7079 = VERTEX_POINT('',#7080);
#7080 = CARTESIAN_POINT('',(212.6301588407,190.20000000222,
    122.45715890731));
#7081 = CIRCLE('',#7082,0.5);
#7082 = AXIS2_PLACEMENT_3D('',#7083,#7084,#7085);
#7083 = CARTESIAN_POINT('',(212.6301588407,190.20000000222,
    121.95715890731));
#7084 = DIRECTION('',(-1.3053E-13,-1.,-3.05E-15));
#7085 = DIRECTION('',(-3.128E-14,-3.049999999996E-15,1.));
#7086 = ORIENTED_EDGE('',*,*,#7087,.F.);
#7087 = EDGE_CURVE('',#4245,#7079,#7088,.T.);
#7088 = LINE('',#7089,#7090);
#7089 = CARTESIAN_POINT('',(212.6301588407,192.20000000222,
    122.45715890731));
#7090 = VECTOR('',#7091,1.);
#7091 = DIRECTION('',(-1.3101E-13,-1.,1.25E-15));
#7092 = CYLINDRICAL_SURFACE('',#7093,0.5);
#7093 = AXIS2_PLACEMENT_3D('',#7094,#7095,#7096);
#7094 = CARTESIAN_POINT('',(212.6301588407,192.20000000222,
    121.95715890731));
#7095 = DIRECTION('',(-1.3101E-13,-1.,1.25E-15));
#7096 = DIRECTION('',(-3.128E-14,1.250000000004E-15,1.));
#7097 = ADVANCED_FACE('',(#7098),#7116,.T.);
#7098 = FACE_BOUND('',#7099,.T.);
#7099 = EDGE_LOOP('',(#7100,#7101,#7102,#7110));
#7100 = ORIENTED_EDGE('',*,*,#4253,.F.);
#7101 = ORIENTED_EDGE('',*,*,#7087,.T.);
#7102 = ORIENTED_EDGE('',*,*,#7103,.F.);
#7103 = EDGE_CURVE('',#7104,#7079,#7106,.T.);
#7104 = VERTEX_POINT('',#7105);
#7105 = CARTESIAN_POINT('',(229.55630017017,190.20000000222,
    122.45715890731));
#7106 = LINE('',#7107,#7108);
#7107 = CARTESIAN_POINT('',(229.55630017017,190.20000000222,
    122.45715890731));
#7108 = VECTOR('',#7109,1.);
#7109 = DIRECTION('',(-1.,1.304E-13,2.289E-14));
#7110 = ORIENTED_EDGE('',*,*,#7111,.F.);
#7111 = EDGE_CURVE('',#4254,#7104,#7112,.T.);
#7112 = LINE('',#7113,#7114);
#7113 = CARTESIAN_POINT('',(229.55630017017,192.20000000222,
    122.45715890731));
#7114 = VECTOR('',#7115,1.);
#7115 = DIRECTION('',(-1.3101E-13,-1.,1.25E-15));
#7116 = PLANE('',#7117);
#7117 = AXIS2_PLACEMENT_3D('',#7118,#7119,#7120);
#7118 = CARTESIAN_POINT('',(229.55630017017,192.20000000222,
    122.45715890731));
#7119 = DIRECTION('',(2.289E-14,1.25E-15,1.));
#7120 = DIRECTION('',(-1.,1.304E-13,2.289E-14));
#7121 = ADVANCED_FACE('',(#7122),#7141,.T.);
#7122 = FACE_BOUND('',#7123,.T.);
#7123 = EDGE_LOOP('',(#7124,#7125,#7126,#7135));
#7124 = ORIENTED_EDGE('',*,*,#4261,.F.);
#7125 = ORIENTED_EDGE('',*,*,#7111,.T.);
#7126 = ORIENTED_EDGE('',*,*,#7127,.F.);
#7127 = EDGE_CURVE('',#7128,#7104,#7130,.T.);
#7128 = VERTEX_POINT('',#7129);
#7129 = CARTESIAN_POINT('',(229.80630017033,190.20000000222,
    121.52414620551));
#7130 = CIRCLE('',#7131,0.5);
#7131 = AXIS2_PLACEMENT_3D('',#7132,#7133,#7134);
#7132 = CARTESIAN_POINT('',(229.55630017017,190.20000000222,
    121.95715890731));
#7133 = DIRECTION('',(-1.3053E-13,-1.,1.39E-15));
#7134 = DIRECTION('',(0.500000000324,-6.646877535328E-14,-0.866025403597
    ));
#7135 = ORIENTED_EDGE('',*,*,#7136,.F.);
#7136 = EDGE_CURVE('',#4262,#7128,#7137,.T.);
#7137 = LINE('',#7138,#7139);
#7138 = CARTESIAN_POINT('',(229.80630017033,192.20000000222,
    121.52414620551));
#7139 = VECTOR('',#7140,1.);
#7140 = DIRECTION('',(-1.3101E-13,-1.,1.25E-15));
#7141 = CYLINDRICAL_SURFACE('',#7142,0.5);
#7142 = AXIS2_PLACEMENT_3D('',#7143,#7144,#7145);
#7143 = CARTESIAN_POINT('',(229.55630017017,192.20000000222,
    121.95715890731));
#7144 = DIRECTION('',(-1.3101E-13,-1.,1.25E-15));
#7145 = DIRECTION('',(0.500000000324,-6.658753179693E-14,-0.866025403597
    ));
#7146 = ADVANCED_FACE('',(#7147),#7165,.T.);
#7147 = FACE_BOUND('',#7148,.T.);
#7148 = EDGE_LOOP('',(#7149,#7150,#7151,#7159));
#7149 = ORIENTED_EDGE('',*,*,#4270,.F.);
#7150 = ORIENTED_EDGE('',*,*,#7136,.T.);
#7151 = ORIENTED_EDGE('',*,*,#7152,.F.);
#7152 = EDGE_CURVE('',#7153,#7128,#7155,.T.);
#7153 = VERTEX_POINT('',#7154);
#7154 = CARTESIAN_POINT('',(221.84322950888,190.20000000222,
    116.92666521157));
#7155 = LINE('',#7156,#7157);
#7156 = CARTESIAN_POINT('',(221.84322950888,190.20000000222,
    116.92666521157));
#7157 = VECTOR('',#7158,1.);
#7158 = DIRECTION('',(0.866025403597,-1.1244E-13,0.500000000324));
#7159 = ORIENTED_EDGE('',*,*,#7160,.F.);
#7160 = EDGE_CURVE('',#4271,#7153,#7161,.T.);
#7161 = LINE('',#7162,#7163);
#7162 = CARTESIAN_POINT('',(221.84322950888,192.20000000222,
    116.92666521157));
#7163 = VECTOR('',#7164,1.);
#7164 = DIRECTION('',(-1.3101E-13,-1.,1.25E-15));
#7165 = PLANE('',#7166);
#7166 = AXIS2_PLACEMENT_3D('',#7167,#7168,#7169);
#7167 = CARTESIAN_POINT('',(221.84322950888,192.20000000222,
    116.92666521157));
#7168 = DIRECTION('',(0.500000000324,-6.658E-14,-0.866025403597));
#7169 = DIRECTION('',(0.866025403597,-1.1244E-13,0.500000000324));
#7170 = ADVANCED_FACE('',(#7171),#7183,.T.);
#7171 = FACE_BOUND('',#7172,.T.);
#7172 = EDGE_LOOP('',(#7173,#7174,#7175,#7182));
#7173 = ORIENTED_EDGE('',*,*,#4278,.F.);
#7174 = ORIENTED_EDGE('',*,*,#7160,.T.);
#7175 = ORIENTED_EDGE('',*,*,#7176,.F.);
#7176 = EDGE_CURVE('',#7047,#7153,#7177,.T.);
#7177 = CIRCLE('',#7178,1.499999999995);
#7178 = AXIS2_PLACEMENT_3D('',#7179,#7180,#7181);
#7179 = CARTESIAN_POINT('',(221.09322950888,190.20000000222,
    118.22570331724));
#7180 = DIRECTION('',(-1.3127E-13,-1.,1.E-16));
#7181 = DIRECTION('',(-0.5,6.554839745962E-14,-0.866025403784));
#7182 = ORIENTED_EDGE('',*,*,#7046,.F.);
#7183 = CYLINDRICAL_SURFACE('',#7184,1.499999999995);
#7184 = AXIS2_PLACEMENT_3D('',#7185,#7186,#7187);
#7185 = CARTESIAN_POINT('',(221.09322950888,192.20000000222,
    118.22570331724));
#7186 = DIRECTION('',(-1.3101E-13,-1.,1.25E-15));
#7187 = DIRECTION('',(-0.5,6.442246824527E-14,-0.866025403784));
#7188 = ADVANCED_FACE('',(#7189),#7214,.T.);
#7189 = FACE_BOUND('',#7190,.T.);
#7190 = EDGE_LOOP('',(#7191,#7192,#7200,#7208));
#7191 = ORIENTED_EDGE('',*,*,#4287,.F.);
#7192 = ORIENTED_EDGE('',*,*,#7193,.T.);
#7193 = EDGE_CURVE('',#4288,#7194,#7196,.T.);
#7194 = VERTEX_POINT('',#7195);
#7195 = CARTESIAN_POINT('',(178.64322950883,190.20000000223,
    100.58765260783));
#7196 = LINE('',#7197,#7198);
#7197 = CARTESIAN_POINT('',(178.64322950883,192.20000000223,
    100.58765260783));
#7198 = VECTOR('',#7199,1.);
#7199 = DIRECTION('',(-1.3101E-13,-1.,1.25E-15));
#7200 = ORIENTED_EDGE('',*,*,#7201,.F.);
#7201 = EDGE_CURVE('',#7202,#7194,#7204,.T.);
#7202 = VERTEX_POINT('',#7203);
#7203 = CARTESIAN_POINT('',(186.60630018528,190.20000000223,
    95.990171609208));
#7204 = LINE('',#7205,#7206);
#7205 = CARTESIAN_POINT('',(186.60630018528,190.20000000223,
    95.990171609208));
#7206 = VECTOR('',#7207,1.);
#7207 = DIRECTION('',(-0.866025403784,1.1374E-13,0.5));
#7208 = ORIENTED_EDGE('',*,*,#7209,.F.);
#7209 = EDGE_CURVE('',#4290,#7202,#7210,.T.);
#7210 = LINE('',#7211,#7212);
#7211 = CARTESIAN_POINT('',(186.60630018528,192.20000000223,
    95.990171609208));
#7212 = VECTOR('',#7213,1.);
#7213 = DIRECTION('',(-1.3101E-13,-1.,1.25E-15));
#7214 = PLANE('',#7215);
#7215 = AXIS2_PLACEMENT_3D('',#7216,#7217,#7218);
#7216 = CARTESIAN_POINT('',(186.60630018528,192.20000000223,
    95.990171609208));
#7217 = DIRECTION('',(0.5,-6.442E-14,0.866025403784));
#7218 = DIRECTION('',(-0.866025403784,1.1374E-13,0.5));
#7219 = ADVANCED_FACE('',(#7220),#7239,.T.);
#7220 = FACE_BOUND('',#7221,.T.);
#7221 = EDGE_LOOP('',(#7222,#7223,#7224,#7233));
#7222 = ORIENTED_EDGE('',*,*,#4297,.F.);
#7223 = ORIENTED_EDGE('',*,*,#7209,.T.);
#7224 = ORIENTED_EDGE('',*,*,#7225,.F.);
#7225 = EDGE_CURVE('',#7226,#7202,#7228,.T.);
#7226 = VERTEX_POINT('',#7227);
#7227 = CARTESIAN_POINT('',(186.35630018528,190.20000000223,
    95.057158907316));
#7228 = CIRCLE('',#7229,0.5);
#7229 = AXIS2_PLACEMENT_3D('',#7230,#7231,#7232);
#7230 = CARTESIAN_POINT('',(186.35630018528,190.20000000223,
    95.557158907316));
#7231 = DIRECTION('',(-1.3053E-13,-1.,1.39E-15));
#7232 = DIRECTION('',(-4.24E-15,-1.389999999999E-15,-1.));
#7233 = ORIENTED_EDGE('',*,*,#7234,.F.);
#7234 = EDGE_CURVE('',#4298,#7226,#7235,.T.);
#7235 = LINE('',#7236,#7237);
#7236 = CARTESIAN_POINT('',(186.35630018528,192.20000000223,
    95.057158907316));
#7237 = VECTOR('',#7238,1.);
#7238 = DIRECTION('',(-1.3101E-13,-1.,1.25E-15));
#7239 = CYLINDRICAL_SURFACE('',#7240,0.5);
#7240 = AXIS2_PLACEMENT_3D('',#7241,#7242,#7243);
#7241 = CARTESIAN_POINT('',(186.35630018528,192.20000000223,
    95.557158907316));
#7242 = DIRECTION('',(-1.3101E-13,-1.,1.25E-15));
#7243 = DIRECTION('',(-4.24E-15,-1.249999999999E-15,-1.));
#7244 = ADVANCED_FACE('',(#7245),#7263,.T.);
#7245 = FACE_BOUND('',#7246,.T.);
#7246 = EDGE_LOOP('',(#7247,#7248,#7249,#7257));
#7247 = ORIENTED_EDGE('',*,*,#4306,.F.);
#7248 = ORIENTED_EDGE('',*,*,#7234,.T.);
#7249 = ORIENTED_EDGE('',*,*,#7250,.F.);
#7250 = EDGE_CURVE('',#7251,#7226,#7253,.T.);
#7251 = VERTEX_POINT('',#7252);
#7252 = CARTESIAN_POINT('',(169.43015883241,190.20000000223,
    95.057158907316));
#7253 = LINE('',#7254,#7255);
#7254 = CARTESIAN_POINT('',(169.43015883241,190.20000000223,
    95.057158907316));
#7255 = VECTOR('',#7256,1.);
#7256 = DIRECTION('',(1.,-1.3053E-13,-4.6E-16));
#7257 = ORIENTED_EDGE('',*,*,#7258,.F.);
#7258 = EDGE_CURVE('',#4307,#7251,#7259,.T.);
#7259 = LINE('',#7260,#7261);
#7260 = CARTESIAN_POINT('',(169.43015883241,192.20000000223,
    95.057158907316));
#7261 = VECTOR('',#7262,1.);
#7262 = DIRECTION('',(-1.3101E-13,-1.,1.25E-15));
#7263 = PLANE('',#7264);
#7264 = AXIS2_PLACEMENT_3D('',#7265,#7266,#7267);
#7265 = CARTESIAN_POINT('',(169.43015883241,192.20000000223,
    95.057158907316));
#7266 = DIRECTION('',(-4.6E-16,-1.25E-15,-1.));
#7267 = DIRECTION('',(1.,-1.3053E-13,-4.599999999998E-16));
#7268 = ADVANCED_FACE('',(#7269),#7288,.T.);
#7269 = FACE_BOUND('',#7270,.T.);
#7270 = EDGE_LOOP('',(#7271,#7272,#7273,#7282));
#7271 = ORIENTED_EDGE('',*,*,#4314,.F.);
#7272 = ORIENTED_EDGE('',*,*,#7258,.T.);
#7273 = ORIENTED_EDGE('',*,*,#7274,.F.);
#7274 = EDGE_CURVE('',#7275,#7251,#7277,.T.);
#7275 = VERTEX_POINT('',#7276);
#7276 = CARTESIAN_POINT('',(169.18015883241,190.20000000223,
    95.990171609208));
#7277 = CIRCLE('',#7278,0.5);
#7278 = AXIS2_PLACEMENT_3D('',#7279,#7280,#7281);
#7279 = CARTESIAN_POINT('',(169.43015883241,190.20000000223,
    95.557158907316));
#7280 = DIRECTION('',(-1.3053E-13,-1.,1.39E-15));
#7281 = DIRECTION('',(-0.5,6.646877531126E-14,0.866025403784));
#7282 = ORIENTED_EDGE('',*,*,#7283,.F.);
#7283 = EDGE_CURVE('',#4315,#7275,#7284,.T.);
#7284 = LINE('',#7285,#7286);
#7285 = CARTESIAN_POINT('',(169.18015883241,192.20000000223,
    95.990171609208));
#7286 = VECTOR('',#7287,1.);
#7287 = DIRECTION('',(-1.3101E-13,-1.,1.25E-15));
#7288 = CYLINDRICAL_SURFACE('',#7289,0.5);
#7289 = AXIS2_PLACEMENT_3D('',#7290,#7291,#7292);
#7290 = CARTESIAN_POINT('',(169.43015883241,192.20000000223,
    95.557158907316));
#7291 = DIRECTION('',(-1.3101E-13,-1.,1.25E-15));
#7292 = DIRECTION('',(-0.5,6.658753175473E-14,0.866025403784));
#7293 = ADVANCED_FACE('',(#7294),#7312,.T.);
#7294 = FACE_BOUND('',#7295,.T.);
#7295 = EDGE_LOOP('',(#7296,#7297,#7298,#7306));
#7296 = ORIENTED_EDGE('',*,*,#4323,.F.);
#7297 = ORIENTED_EDGE('',*,*,#7283,.T.);
#7298 = ORIENTED_EDGE('',*,*,#7299,.F.);
#7299 = EDGE_CURVE('',#7300,#7275,#7302,.T.);
#7300 = VERTEX_POINT('',#7301);
#7301 = CARTESIAN_POINT('',(177.14322950886,190.20000000223,
    100.58765260783));
#7302 = LINE('',#7303,#7304);
#7303 = CARTESIAN_POINT('',(177.14322950886,190.20000000223,
    100.58765260783));
#7304 = VECTOR('',#7305,1.);
#7305 = DIRECTION('',(-0.866025403784,1.1235E-13,-0.5));
#7306 = ORIENTED_EDGE('',*,*,#7307,.F.);
#7307 = EDGE_CURVE('',#4324,#7300,#7308,.T.);
#7308 = LINE('',#7309,#7310);
#7309 = CARTESIAN_POINT('',(177.14322950886,192.20000000223,
    100.58765260783));
#7310 = VECTOR('',#7311,1.);
#7311 = DIRECTION('',(-1.3101E-13,-1.,1.25E-15));
#7312 = PLANE('',#7313);
#7313 = AXIS2_PLACEMENT_3D('',#7314,#7315,#7316);
#7314 = CARTESIAN_POINT('',(177.14322950886,192.20000000223,
    100.58765260783));
#7315 = DIRECTION('',(-0.5,6.658E-14,0.866025403784));
#7316 = DIRECTION('',(-0.866025403784,1.1235E-13,-0.5));
#7317 = ADVANCED_FACE('',(#7318),#7330,.T.);
#7318 = FACE_BOUND('',#7319,.T.);
#7319 = EDGE_LOOP('',(#7320,#7321,#7322,#7329));
#7320 = ORIENTED_EDGE('',*,*,#4331,.F.);
#7321 = ORIENTED_EDGE('',*,*,#7307,.T.);
#7322 = ORIENTED_EDGE('',*,*,#7323,.F.);
#7323 = EDGE_CURVE('',#7194,#7300,#7324,.T.);
#7324 = CIRCLE('',#7325,1.499999999971);
#7325 = AXIS2_PLACEMENT_3D('',#7326,#7327,#7328);
#7326 = CARTESIAN_POINT('',(177.89322950885,190.20000000223,
    99.288614502182));
#7327 = DIRECTION('',(-1.3053E-13,-1.,1.39E-15));
#7328 = DIRECTION('',(0.5,-6.406122468874E-14,0.866025403784));
#7329 = ORIENTED_EDGE('',*,*,#7193,.F.);
#7330 = CYLINDRICAL_SURFACE('',#7331,1.499999999971);
#7331 = AXIS2_PLACEMENT_3D('',#7332,#7333,#7334);
#7332 = CARTESIAN_POINT('',(177.89322950885,192.20000000223,
    99.288614502182));
#7333 = DIRECTION('',(-1.3101E-13,-1.,1.25E-15));
#7334 = DIRECTION('',(0.5,-6.442246824527E-14,0.866025403784));
#7335 = ADVANCED_FACE('',(#7336),#7361,.T.);
#7336 = FACE_BOUND('',#7337,.T.);
#7337 = EDGE_LOOP('',(#7338,#7339,#7347,#7355));
#7338 = ORIENTED_EDGE('',*,*,#4340,.F.);
#7339 = ORIENTED_EDGE('',*,*,#7340,.T.);
#7340 = EDGE_CURVE('',#4341,#7341,#7343,.T.);
#7341 = VERTEX_POINT('',#7342);
#7342 = CARTESIAN_POINT('',(211.29322950885,190.20000000223,
    119.72681402193));
#7343 = LINE('',#7344,#7345);
#7344 = CARTESIAN_POINT('',(211.29322950885,192.20000000222,
    119.72681402193));
#7345 = VECTOR('',#7346,1.);
#7346 = DIRECTION('',(-1.3045E-13,-1.,1.25E-15));
#7347 = ORIENTED_EDGE('',*,*,#7348,.F.);
#7348 = EDGE_CURVE('',#7349,#7341,#7351,.T.);
#7349 = VERTEX_POINT('',#7350);
#7350 = CARTESIAN_POINT('',(219.2932295095,190.20000000222,
    115.10801186804));
#7351 = LINE('',#7352,#7353);
#7352 = CARTESIAN_POINT('',(219.2932295095,190.20000000222,
    115.10801186804));
#7353 = VECTOR('',#7354,1.);
#7354 = DIRECTION('',(-0.866025403784,1.1374E-13,0.5));
#7355 = ORIENTED_EDGE('',*,*,#7356,.F.);
#7356 = EDGE_CURVE('',#4343,#7349,#7357,.T.);
#7357 = LINE('',#7358,#7359);
#7358 = CARTESIAN_POINT('',(219.2932295095,192.20000000222,
    115.10801186804));
#7359 = VECTOR('',#7360,1.);
#7360 = DIRECTION('',(-1.3045E-13,-1.,1.25E-15));
#7361 = PLANE('',#7362);
#7362 = AXIS2_PLACEMENT_3D('',#7363,#7364,#7365);
#7363 = CARTESIAN_POINT('',(219.2932295095,192.20000000222,
    115.10801186804));
#7364 = DIRECTION('',(0.5,-6.415E-14,0.866025403784));
#7365 = DIRECTION('',(-0.866025403784,1.1374E-13,0.5));
#7366 = ADVANCED_FACE('',(#7367),#7386,.T.);
#7367 = FACE_BOUND('',#7368,.T.);
#7368 = EDGE_LOOP('',(#7369,#7370,#7371,#7380));
#7369 = ORIENTED_EDGE('',*,*,#4350,.F.);
#7370 = ORIENTED_EDGE('',*,*,#7356,.T.);
#7371 = ORIENTED_EDGE('',*,*,#7372,.F.);
#7372 = EDGE_CURVE('',#7373,#7349,#7375,.T.);
#7373 = VERTEX_POINT('',#7374);
#7374 = CARTESIAN_POINT('',(220.29322950982,190.20000000222,
    113.3759610595));
#7375 = CIRCLE('',#7376,2.000000000654);
#7376 = AXIS2_PLACEMENT_3D('',#7377,#7378,#7379);
#7377 = CARTESIAN_POINT('',(218.29322950917,190.20000000222,
    113.37596105991));
#7378 = DIRECTION('',(-1.2942E-13,-1.,1.39E-15));
#7379 = DIRECTION('',(1.,-1.294200000003E-13,-2.0580184E-10));
#7380 = ORIENTED_EDGE('',*,*,#7381,.F.);
#7381 = EDGE_CURVE('',#4351,#7373,#7382,.T.);
#7382 = LINE('',#7383,#7384);
#7383 = CARTESIAN_POINT('',(220.29322950982,192.20000000222,
    113.3759610595));
#7384 = VECTOR('',#7385,1.);
#7385 = DIRECTION('',(-1.3045E-13,-1.,1.25E-15));
#7386 = CYLINDRICAL_SURFACE('',#7387,2.000000000654);
#7387 = AXIS2_PLACEMENT_3D('',#7388,#7389,#7390);
#7388 = CARTESIAN_POINT('',(218.29322950917,192.20000000222,
    113.37596105991));
#7389 = DIRECTION('',(-1.3045E-13,-1.,1.25E-15));
#7390 = DIRECTION('',(1.,-1.304500000003E-13,-2.0580184E-10));
#7391 = ADVANCED_FACE('',(#7392),#7410,.T.);
#7392 = FACE_BOUND('',#7393,.T.);
#7393 = EDGE_LOOP('',(#7394,#7395,#7396,#7404));
#7394 = ORIENTED_EDGE('',*,*,#4359,.F.);
#7395 = ORIENTED_EDGE('',*,*,#7381,.T.);
#7396 = ORIENTED_EDGE('',*,*,#7397,.F.);
#7397 = EDGE_CURVE('',#7398,#7373,#7400,.T.);
#7398 = VERTEX_POINT('',#7399);
#7399 = CARTESIAN_POINT('',(220.29322950792,190.20000000222,
    104.13835675687));
#7400 = LINE('',#7401,#7402);
#7401 = CARTESIAN_POINT('',(220.29322950792,190.20000000222,
    104.13835675687));
#7402 = VECTOR('',#7403,1.);
#7403 = DIRECTION('',(2.0577989E-10,1.63E-15,1.));
#7404 = ORIENTED_EDGE('',*,*,#7405,.F.);
#7405 = EDGE_CURVE('',#4360,#7398,#7406,.T.);
#7406 = LINE('',#7407,#7408);
#7407 = CARTESIAN_POINT('',(220.29322950792,192.20000000222,
    104.13835675687));
#7408 = VECTOR('',#7409,1.);
#7409 = DIRECTION('',(-1.3045E-13,-1.,1.25E-15));
#7410 = PLANE('',#7411);
#7411 = AXIS2_PLACEMENT_3D('',#7412,#7413,#7414);
#7412 = CARTESIAN_POINT('',(220.29322950792,192.20000000222,
    104.13835675687));
#7413 = DIRECTION('',(1.,-1.3045E-13,-2.0577989E-10));
#7414 = DIRECTION('',(2.0577989E-10,1.63E-15,1.));
#7415 = ADVANCED_FACE('',(#7416),#7435,.T.);
#7416 = FACE_BOUND('',#7417,.T.);
#7417 = EDGE_LOOP('',(#7418,#7419,#7420,#7429));
#7418 = ORIENTED_EDGE('',*,*,#4367,.F.);
#7419 = ORIENTED_EDGE('',*,*,#7405,.T.);
#7420 = ORIENTED_EDGE('',*,*,#7421,.F.);
#7421 = EDGE_CURVE('',#7422,#7398,#7424,.T.);
#7422 = VERTEX_POINT('',#7423);
#7423 = CARTESIAN_POINT('',(219.29322950788,190.20000000222,
    102.40630594964));
#7424 = CIRCLE('',#7425,2.000000000083);
#7425 = AXIS2_PLACEMENT_3D('',#7426,#7427,#7428);
#7426 = CARTESIAN_POINT('',(218.29322950784,190.20000000222,
    104.13835675728));
#7427 = DIRECTION('',(-1.3053E-13,-1.,1.39E-15));
#7428 = DIRECTION('',(0.5,-6.646877531126E-14,-0.866025403784));
#7429 = ORIENTED_EDGE('',*,*,#7430,.F.);
#7430 = EDGE_CURVE('',#4368,#7422,#7431,.T.);
#7431 = LINE('',#7432,#7433);
#7432 = CARTESIAN_POINT('',(219.29322950788,192.20000000222,
    102.40630594964));
#7433 = VECTOR('',#7434,1.);
#7434 = DIRECTION('',(-1.3045E-13,-1.,1.25E-15));
#7435 = CYLINDRICAL_SURFACE('',#7436,2.000000000083);
#7436 = AXIS2_PLACEMENT_3D('',#7437,#7438,#7439);
#7437 = CARTESIAN_POINT('',(218.29322950784,192.20000000222,
    104.13835675728));
#7438 = DIRECTION('',(-1.3045E-13,-1.,1.25E-15));
#7439 = DIRECTION('',(0.5,-6.630753175473E-14,-0.866025403784));
#7440 = ADVANCED_FACE('',(#7441),#7459,.T.);
#7441 = FACE_BOUND('',#7442,.T.);
#7442 = EDGE_LOOP('',(#7443,#7444,#7445,#7453));
#7443 = ORIENTED_EDGE('',*,*,#4376,.F.);
#7444 = ORIENTED_EDGE('',*,*,#7430,.T.);
#7445 = ORIENTED_EDGE('',*,*,#7446,.F.);
#7446 = EDGE_CURVE('',#7447,#7422,#7449,.T.);
#7447 = VERTEX_POINT('',#7448);
#7448 = CARTESIAN_POINT('',(211.29322950886,190.20000000222,
    97.7875037927));
#7449 = LINE('',#7450,#7451);
#7450 = CARTESIAN_POINT('',(211.29322950886,190.20000000222,
    97.7875037927));
#7451 = VECTOR('',#7452,1.);
#7452 = DIRECTION('',(0.866025403597,-1.1235E-13,0.500000000324));
#7453 = ORIENTED_EDGE('',*,*,#7454,.F.);
#7454 = EDGE_CURVE('',#4377,#7447,#7455,.T.);
#7455 = LINE('',#7456,#7457);
#7456 = CARTESIAN_POINT('',(211.29322950886,192.20000000222,
    97.7875037927));
#7457 = VECTOR('',#7458,1.);
#7458 = DIRECTION('',(-1.3045E-13,-1.,1.25E-15));
#7459 = PLANE('',#7460);
#7460 = AXIS2_PLACEMENT_3D('',#7461,#7462,#7463);
#7461 = CARTESIAN_POINT('',(211.29322950886,192.20000000222,
    97.7875037927));
#7462 = DIRECTION('',(0.500000000324,-6.631E-14,-0.866025403597));
#7463 = DIRECTION('',(0.866025403597,-1.1235E-13,0.500000000324));
#7464 = ADVANCED_FACE('',(#7465),#7484,.T.);
#7465 = FACE_BOUND('',#7466,.T.);
#7466 = EDGE_LOOP('',(#7467,#7468,#7469,#7478));
#7467 = ORIENTED_EDGE('',*,*,#4384,.F.);
#7468 = ORIENTED_EDGE('',*,*,#7454,.T.);
#7469 = ORIENTED_EDGE('',*,*,#7470,.F.);
#7470 = EDGE_CURVE('',#7471,#7447,#7473,.T.);
#7471 = VERTEX_POINT('',#7472);
#7472 = CARTESIAN_POINT('',(209.29322950886,190.20000000223,
    97.7875037927));
#7473 = CIRCLE('',#7474,1.999999999995);
#7474 = AXIS2_PLACEMENT_3D('',#7475,#7476,#7477);
#7475 = CARTESIAN_POINT('',(210.29322950886,190.20000000223,
    99.519554600265));
#7476 = DIRECTION('',(-1.3053E-13,-1.,1.39E-15));
#7477 = DIRECTION('',(-0.5,6.406122468874E-14,-0.866025403784));
#7478 = ORIENTED_EDGE('',*,*,#7479,.F.);
#7479 = EDGE_CURVE('',#4385,#7471,#7480,.T.);
#7480 = LINE('',#7481,#7482);
#7481 = CARTESIAN_POINT('',(209.29322950886,192.20000000223,
    97.7875037927));
#7482 = VECTOR('',#7483,1.);
#7483 = DIRECTION('',(-1.3045E-13,-1.,1.25E-15));
#7484 = CYLINDRICAL_SURFACE('',#7485,1.999999999995);
#7485 = AXIS2_PLACEMENT_3D('',#7486,#7487,#7488);
#7486 = CARTESIAN_POINT('',(210.29322950886,192.20000000223,
    99.519554600265));
#7487 = DIRECTION('',(-1.3045E-13,-1.,1.25E-15));
#7488 = DIRECTION('',(-0.5,6.414246824527E-14,-0.866025403784));
#7489 = ADVANCED_FACE('',(#7490),#7508,.T.);
#7490 = FACE_BOUND('',#7491,.T.);
#7491 = EDGE_LOOP('',(#7492,#7493,#7494,#7502));
#7492 = ORIENTED_EDGE('',*,*,#4393,.F.);
#7493 = ORIENTED_EDGE('',*,*,#7479,.T.);
#7494 = ORIENTED_EDGE('',*,*,#7495,.F.);
#7495 = EDGE_CURVE('',#7496,#7471,#7498,.T.);
#7496 = VERTEX_POINT('',#7497);
#7497 = CARTESIAN_POINT('',(201.29322951268,190.20000000223,
    102.40630594401));
#7498 = LINE('',#7499,#7500);
#7499 = CARTESIAN_POINT('',(201.29322951268,190.20000000223,
    102.40630594401));
#7500 = VECTOR('',#7501,1.);
#7501 = DIRECTION('',(0.866025403784,-1.1398E-13,-0.5));
#7502 = ORIENTED_EDGE('',*,*,#7503,.F.);
#7503 = EDGE_CURVE('',#4394,#7496,#7504,.T.);
#7504 = LINE('',#7505,#7506);
#7505 = CARTESIAN_POINT('',(201.29322951268,192.20000000223,
    102.40630594401));
#7506 = VECTOR('',#7507,1.);
#7507 = DIRECTION('',(-1.3045E-13,-1.,1.25E-15));
#7508 = PLANE('',#7509);
#7509 = AXIS2_PLACEMENT_3D('',#7510,#7511,#7512);
#7510 = CARTESIAN_POINT('',(201.29322951268,192.20000000223,
    102.40630594401));
#7511 = DIRECTION('',(-0.5,6.415E-14,-0.866025403784));
#7512 = DIRECTION('',(0.866025403784,-1.1398E-13,-0.5));
#7513 = ADVANCED_FACE('',(#7514),#7533,.T.);
#7514 = FACE_BOUND('',#7515,.T.);
#7515 = EDGE_LOOP('',(#7516,#7517,#7518,#7527));
#7516 = ORIENTED_EDGE('',*,*,#4401,.F.);
#7517 = ORIENTED_EDGE('',*,*,#7503,.T.);
#7518 = ORIENTED_EDGE('',*,*,#7519,.F.);
#7519 = EDGE_CURVE('',#7520,#7496,#7522,.T.);
#7520 = VERTEX_POINT('',#7521);
#7521 = CARTESIAN_POINT('',(200.29322950885,190.20000000223,
    104.13835675821));
#7522 = CIRCLE('',#7523,2.000000007649);
#7523 = AXIS2_PLACEMENT_3D('',#7524,#7525,#7526);
#7524 = CARTESIAN_POINT('',(202.2932295165,190.20000000223,
    104.13835675821));
#7525 = DIRECTION('',(-1.2942E-13,-1.,1.39E-15));
#7526 = DIRECTION('',(-1.,1.2942E-13,6.46E-15));
#7527 = ORIENTED_EDGE('',*,*,#7528,.F.);
#7528 = EDGE_CURVE('',#4402,#7520,#7529,.T.);
#7529 = LINE('',#7530,#7531);
#7530 = CARTESIAN_POINT('',(200.29322950885,192.20000000223,
    104.13835675821));
#7531 = VECTOR('',#7532,1.);
#7532 = DIRECTION('',(-1.3045E-13,-1.,1.25E-15));
#7533 = CYLINDRICAL_SURFACE('',#7534,2.000000007649);
#7534 = AXIS2_PLACEMENT_3D('',#7535,#7536,#7537);
#7535 = CARTESIAN_POINT('',(202.2932295165,192.20000000223,
    104.13835675821));
#7536 = DIRECTION('',(-1.3045E-13,-1.,1.25E-15));
#7537 = DIRECTION('',(-1.,1.3045E-13,6.46E-15));
#7538 = ADVANCED_FACE('',(#7539),#7557,.T.);
#7539 = FACE_BOUND('',#7540,.T.);
#7540 = EDGE_LOOP('',(#7541,#7542,#7543,#7551));
#7541 = ORIENTED_EDGE('',*,*,#4410,.F.);
#7542 = ORIENTED_EDGE('',*,*,#7528,.T.);
#7543 = ORIENTED_EDGE('',*,*,#7544,.F.);
#7544 = EDGE_CURVE('',#7545,#7520,#7547,.T.);
#7545 = VERTEX_POINT('',#7546);
#7546 = CARTESIAN_POINT('',(200.29322950885,190.20000000223,
    113.37596106083));
#7547 = LINE('',#7548,#7549);
#7548 = CARTESIAN_POINT('',(200.29322950885,190.20000000223,
    113.37596106083));
#7549 = VECTOR('',#7550,1.);
#7550 = DIRECTION('',(7.59E-15,-1.39E-15,-1.));
#7551 = ORIENTED_EDGE('',*,*,#7552,.F.);
#7552 = EDGE_CURVE('',#4411,#7545,#7553,.T.);
#7553 = LINE('',#7554,#7555);
#7554 = CARTESIAN_POINT('',(200.29322950885,192.20000000223,
    113.37596106083));
#7555 = VECTOR('',#7556,1.);
#7556 = DIRECTION('',(-1.3045E-13,-1.,1.25E-15));
#7557 = PLANE('',#7558);
#7558 = AXIS2_PLACEMENT_3D('',#7559,#7560,#7561);
#7559 = CARTESIAN_POINT('',(200.29322950885,192.20000000223,
    113.37596106083));
#7560 = DIRECTION('',(-1.,1.3045E-13,-7.59E-15));
#7561 = DIRECTION('',(7.59E-15,-1.39E-15,-1.));
#7562 = ADVANCED_FACE('',(#7563),#7582,.T.);
#7563 = FACE_BOUND('',#7564,.T.);
#7564 = EDGE_LOOP('',(#7565,#7566,#7567,#7576));
#7565 = ORIENTED_EDGE('',*,*,#4418,.F.);
#7566 = ORIENTED_EDGE('',*,*,#7552,.T.);
#7567 = ORIENTED_EDGE('',*,*,#7568,.F.);
#7568 = EDGE_CURVE('',#7569,#7545,#7571,.T.);
#7569 = VERTEX_POINT('',#7570);
#7570 = CARTESIAN_POINT('',(201.29322950885,190.20000000223,
    115.1080118684));
#7571 = CIRCLE('',#7572,2.);
#7572 = AXIS2_PLACEMENT_3D('',#7573,#7574,#7575);
#7573 = CARTESIAN_POINT('',(202.29322950885,190.20000000223,
    113.37596106083));
#7574 = DIRECTION('',(-1.3053E-13,-1.,1.39E-15));
#7575 = DIRECTION('',(-0.5,6.646877531126E-14,0.866025403784));
#7576 = ORIENTED_EDGE('',*,*,#7577,.F.);
#7577 = EDGE_CURVE('',#4419,#7569,#7578,.T.);
#7578 = LINE('',#7579,#7580);
#7579 = CARTESIAN_POINT('',(201.29322950885,192.20000000223,
    115.1080118684));
#7580 = VECTOR('',#7581,1.);
#7581 = DIRECTION('',(-1.3045E-13,-1.,1.25E-15));
#7582 = CYLINDRICAL_SURFACE('',#7583,2.);
#7583 = AXIS2_PLACEMENT_3D('',#7584,#7585,#7586);
#7584 = CARTESIAN_POINT('',(202.29322950885,192.20000000223,
    113.37596106083));
#7585 = DIRECTION('',(-1.3045E-13,-1.,1.25E-15));
#7586 = DIRECTION('',(-0.5,6.630753175473E-14,0.866025403784));
#7587 = ADVANCED_FACE('',(#7588),#7606,.T.);
#7588 = FACE_BOUND('',#7589,.T.);
#7589 = EDGE_LOOP('',(#7590,#7591,#7592,#7600));
#7590 = ORIENTED_EDGE('',*,*,#4427,.F.);
#7591 = ORIENTED_EDGE('',*,*,#7577,.T.);
#7592 = ORIENTED_EDGE('',*,*,#7593,.F.);
#7593 = EDGE_CURVE('',#7594,#7569,#7596,.T.);
#7594 = VERTEX_POINT('',#7595);
#7595 = CARTESIAN_POINT('',(209.29322950888,190.20000000223,
    119.72681402193));
#7596 = LINE('',#7597,#7598);
#7597 = CARTESIAN_POINT('',(209.29322950888,190.20000000223,
    119.72681402193));
#7598 = VECTOR('',#7599,1.);
#7599 = DIRECTION('',(-0.866025403784,1.1235E-13,-0.5));
#7600 = ORIENTED_EDGE('',*,*,#7601,.F.);
#7601 = EDGE_CURVE('',#4428,#7594,#7602,.T.);
#7602 = LINE('',#7603,#7604);
#7603 = CARTESIAN_POINT('',(209.29322950888,192.20000000223,
    119.72681402193));
#7604 = VECTOR('',#7605,1.);
#7605 = DIRECTION('',(-1.3045E-13,-1.,1.25E-15));
#7606 = PLANE('',#7607);
#7607 = AXIS2_PLACEMENT_3D('',#7608,#7609,#7610);
#7608 = CARTESIAN_POINT('',(209.29322950888,192.20000000223,
    119.72681402193));
#7609 = DIRECTION('',(-0.5,6.631E-14,0.866025403784));
#7610 = DIRECTION('',(-0.866025403784,1.1235E-13,-0.5));
#7611 = ADVANCED_FACE('',(#7612),#7624,.T.);
#7612 = FACE_BOUND('',#7613,.T.);
#7613 = EDGE_LOOP('',(#7614,#7615,#7616,#7623));
#7614 = ORIENTED_EDGE('',*,*,#4435,.F.);
#7615 = ORIENTED_EDGE('',*,*,#7601,.T.);
#7616 = ORIENTED_EDGE('',*,*,#7617,.F.);
#7617 = EDGE_CURVE('',#7341,#7594,#7618,.T.);
#7618 = CIRCLE('',#7619,1.999999999971);
#7619 = AXIS2_PLACEMENT_3D('',#7620,#7621,#7622);
#7620 = CARTESIAN_POINT('',(210.29322950886,190.20000000223,
    117.99476321439));
#7621 = DIRECTION('',(-1.3053E-13,-1.,1.39E-15));
#7622 = DIRECTION('',(0.5,-6.406122468874E-14,0.866025403784));
#7623 = ORIENTED_EDGE('',*,*,#7340,.F.);
#7624 = CYLINDRICAL_SURFACE('',#7625,1.999999999971);
#7625 = AXIS2_PLACEMENT_3D('',#7626,#7627,#7628);
#7626 = CARTESIAN_POINT('',(210.29322950886,192.20000000223,
    117.99476321439));
#7627 = DIRECTION('',(-1.3045E-13,-1.,1.25E-15));
#7628 = DIRECTION('',(0.5,-6.414246824527E-14,0.866025403784));
#7629 = ADVANCED_FACE('',(#7630),#7655,.T.);
#7630 = FACE_BOUND('',#7631,.T.);
#7631 = EDGE_LOOP('',(#7632,#7633,#7641,#7649));
#7632 = ORIENTED_EDGE('',*,*,#4444,.F.);
#7633 = ORIENTED_EDGE('',*,*,#7634,.T.);
#7634 = EDGE_CURVE('',#4445,#7635,#7637,.T.);
#7635 = VERTEX_POINT('',#7636);
#7636 = CARTESIAN_POINT('',(186.60630015381,190.20000000223,
    121.52414620551));
#7637 = LINE('',#7638,#7639);
#7638 = CARTESIAN_POINT('',(186.60630015381,192.20000000223,
    121.52414620551));
#7639 = VECTOR('',#7640,1.);
#7640 = DIRECTION('',(-1.3101E-13,-1.,1.25E-15));
#7641 = ORIENTED_EDGE('',*,*,#7642,.F.);
#7642 = EDGE_CURVE('',#7643,#7635,#7645,.T.);
#7643 = VERTEX_POINT('',#7644);
#7644 = CARTESIAN_POINT('',(178.64322950888,190.20000000223,
    116.92666522111));
#7645 = LINE('',#7646,#7647);
#7646 = CARTESIAN_POINT('',(178.64322950888,190.20000000223,
    116.92666522111));
#7647 = VECTOR('',#7648,1.);
#7648 = DIRECTION('',(0.866025403597,-1.1211E-13,0.500000000324));
#7649 = ORIENTED_EDGE('',*,*,#7650,.F.);
#7650 = EDGE_CURVE('',#4447,#7643,#7651,.T.);
#7651 = LINE('',#7652,#7653);
#7652 = CARTESIAN_POINT('',(178.64322950888,192.20000000223,
    116.92666522111));
#7653 = VECTOR('',#7654,1.);
#7654 = DIRECTION('',(-1.3101E-13,-1.,1.25E-15));
#7655 = PLANE('',#7656);
#7656 = AXIS2_PLACEMENT_3D('',#7657,#7658,#7659);
#7657 = CARTESIAN_POINT('',(178.64322950888,192.20000000223,
    116.92666522111));
#7658 = DIRECTION('',(0.500000000324,-6.658E-14,-0.866025403597));
#7659 = DIRECTION('',(0.866025403597,-1.1211E-13,0.500000000324));
#7660 = ADVANCED_FACE('',(#7661),#7680,.T.);
#7661 = FACE_BOUND('',#7662,.T.);
#7662 = EDGE_LOOP('',(#7663,#7664,#7665,#7674));
#7663 = ORIENTED_EDGE('',*,*,#4454,.F.);
#7664 = ORIENTED_EDGE('',*,*,#7650,.T.);
#7665 = ORIENTED_EDGE('',*,*,#7666,.F.);
#7666 = EDGE_CURVE('',#7667,#7643,#7669,.T.);
#7667 = VERTEX_POINT('',#7668);
#7668 = CARTESIAN_POINT('',(177.14322950888,190.20000000223,
    116.92666522111));
#7669 = CIRCLE('',#7670,1.499999999995);
#7670 = AXIS2_PLACEMENT_3D('',#7671,#7672,#7673);
#7671 = CARTESIAN_POINT('',(177.89322950888,190.20000000223,
    118.22570332678));
#7672 = DIRECTION('',(-1.3053E-13,-1.,1.39E-15));
#7673 = DIRECTION('',(-0.5,6.406122468874E-14,-0.866025403784));
#7674 = ORIENTED_EDGE('',*,*,#7675,.F.);
#7675 = EDGE_CURVE('',#4455,#7667,#7676,.T.);
#7676 = LINE('',#7677,#7678);
#7677 = CARTESIAN_POINT('',(177.14322950888,192.20000000223,
    116.92666522111));
#7678 = VECTOR('',#7679,1.);
#7679 = DIRECTION('',(-1.3101E-13,-1.,1.25E-15));
#7680 = CYLINDRICAL_SURFACE('',#7681,1.499999999995);
#7681 = AXIS2_PLACEMENT_3D('',#7682,#7683,#7684);
#7682 = CARTESIAN_POINT('',(177.89322950888,192.20000000223,
    118.22570332678));
#7683 = DIRECTION('',(-1.3101E-13,-1.,1.25E-15));
#7684 = DIRECTION('',(-0.5,6.442246824527E-14,-0.866025403784));
#7685 = ADVANCED_FACE('',(#7686),#7704,.T.);
#7686 = FACE_BOUND('',#7687,.T.);
#7687 = EDGE_LOOP('',(#7688,#7689,#7690,#7698));
#7688 = ORIENTED_EDGE('',*,*,#4463,.F.);
#7689 = ORIENTED_EDGE('',*,*,#7675,.T.);
#7690 = ORIENTED_EDGE('',*,*,#7691,.F.);
#7691 = EDGE_CURVE('',#7692,#7667,#7694,.T.);
#7692 = VERTEX_POINT('',#7693);
#7693 = CARTESIAN_POINT('',(169.18015885722,190.20000000223,
    121.52414620542));
#7694 = LINE('',#7695,#7696);
#7695 = CARTESIAN_POINT('',(169.18015885722,190.20000000223,
    121.52414620542));
#7696 = VECTOR('',#7697,1.);
#7697 = DIRECTION('',(0.866025403784,-1.1409E-13,-0.5));
#7698 = ORIENTED_EDGE('',*,*,#7699,.F.);
#7699 = EDGE_CURVE('',#4464,#7692,#7700,.T.);
#7700 = LINE('',#7701,#7702);
#7701 = CARTESIAN_POINT('',(169.18015885722,192.20000000223,
    121.52414620542));
#7702 = VECTOR('',#7703,1.);
#7703 = DIRECTION('',(-1.3101E-13,-1.,1.25E-15));
#7704 = PLANE('',#7705);
#7705 = AXIS2_PLACEMENT_3D('',#7706,#7707,#7708);
#7706 = CARTESIAN_POINT('',(169.18015885722,192.20000000223,
    121.52414620542));
#7707 = DIRECTION('',(-0.5,6.442E-14,-0.866025403784));
#7708 = DIRECTION('',(0.866025403784,-1.1409E-13,-0.5));
#7709 = ADVANCED_FACE('',(#7710),#7729,.T.);
#7710 = FACE_BOUND('',#7711,.T.);
#7711 = EDGE_LOOP('',(#7712,#7713,#7714,#7723));
#7712 = ORIENTED_EDGE('',*,*,#4471,.F.);
#7713 = ORIENTED_EDGE('',*,*,#7699,.T.);
#7714 = ORIENTED_EDGE('',*,*,#7715,.F.);
#7715 = EDGE_CURVE('',#7716,#7692,#7718,.T.);
#7716 = VERTEX_POINT('',#7717);
#7717 = CARTESIAN_POINT('',(169.43015885722,190.20000000223,
    122.45715890731));
#7718 = CIRCLE('',#7719,0.5);
#7719 = AXIS2_PLACEMENT_3D('',#7720,#7721,#7722);
#7720 = CARTESIAN_POINT('',(169.43015885722,190.20000000223,
    121.95715890731));
#7721 = DIRECTION('',(-1.3053E-13,-1.,-3.05E-15));
#7722 = DIRECTION('',(-1.796E-14,-3.049999999998E-15,1.));
#7723 = ORIENTED_EDGE('',*,*,#7724,.F.);
#7724 = EDGE_CURVE('',#4472,#7716,#7725,.T.);
#7725 = LINE('',#7726,#7727);
#7726 = CARTESIAN_POINT('',(169.43015885723,192.20000000223,
    122.45715890731));
#7727 = VECTOR('',#7728,1.);
#7728 = DIRECTION('',(-1.3101E-13,-1.,1.25E-15));
#7729 = CYLINDRICAL_SURFACE('',#7730,0.5);
#7730 = AXIS2_PLACEMENT_3D('',#7731,#7732,#7733);
#7731 = CARTESIAN_POINT('',(169.43015885723,192.20000000223,
    121.95715890731));
#7732 = DIRECTION('',(-1.3101E-13,-1.,1.25E-15));
#7733 = DIRECTION('',(-1.796E-14,1.250000000002E-15,1.));
#7734 = ADVANCED_FACE('',(#7735),#7753,.T.);
#7735 = FACE_BOUND('',#7736,.T.);
#7736 = EDGE_LOOP('',(#7737,#7738,#7739,#7747));
#7737 = ORIENTED_EDGE('',*,*,#4480,.F.);
#7738 = ORIENTED_EDGE('',*,*,#7724,.T.);
#7739 = ORIENTED_EDGE('',*,*,#7740,.F.);
#7740 = EDGE_CURVE('',#7741,#7716,#7743,.T.);
#7741 = VERTEX_POINT('',#7742);
#7742 = CARTESIAN_POINT('',(186.35630015365,190.20000000223,
    122.45715890731));
#7743 = LINE('',#7744,#7745);
#7744 = CARTESIAN_POINT('',(186.35630015365,190.20000000223,
    122.45715890731));
#7745 = VECTOR('',#7746,1.);
#7746 = DIRECTION('',(-1.,1.304E-13,2.342E-14));
#7747 = ORIENTED_EDGE('',*,*,#7748,.F.);
#7748 = EDGE_CURVE('',#4481,#7741,#7749,.T.);
#7749 = LINE('',#7750,#7751);
#7750 = CARTESIAN_POINT('',(186.35630015365,192.20000000223,
    122.45715890731));
#7751 = VECTOR('',#7752,1.);
#7752 = DIRECTION('',(-1.3101E-13,-1.,1.25E-15));
#7753 = PLANE('',#7754);
#7754 = AXIS2_PLACEMENT_3D('',#7755,#7756,#7757);
#7755 = CARTESIAN_POINT('',(186.35630015365,192.20000000223,
    122.45715890731));
#7756 = DIRECTION('',(2.342E-14,1.25E-15,1.));
#7757 = DIRECTION('',(-1.,1.304E-13,2.342E-14));
#7758 = ADVANCED_FACE('',(#7759),#7771,.T.);
#7759 = FACE_BOUND('',#7760,.T.);
#7760 = EDGE_LOOP('',(#7761,#7762,#7763,#7770));
#7761 = ORIENTED_EDGE('',*,*,#4488,.F.);
#7762 = ORIENTED_EDGE('',*,*,#7748,.T.);
#7763 = ORIENTED_EDGE('',*,*,#7764,.F.);
#7764 = EDGE_CURVE('',#7635,#7741,#7765,.T.);
#7765 = CIRCLE('',#7766,0.5);
#7766 = AXIS2_PLACEMENT_3D('',#7767,#7768,#7769);
#7767 = CARTESIAN_POINT('',(186.35630015365,190.20000000223,
    121.95715890731));
#7768 = DIRECTION('',(-1.3053E-13,-1.,1.39E-15));
#7769 = DIRECTION('',(0.500000000324,-6.64687753533E-14,-0.866025403597)
  );
#7770 = ORIENTED_EDGE('',*,*,#7634,.F.);
#7771 = CYLINDRICAL_SURFACE('',#7772,0.5);
#7772 = AXIS2_PLACEMENT_3D('',#7773,#7774,#7775);
#7773 = CARTESIAN_POINT('',(186.35630015365,192.20000000223,
    121.95715890731));
#7774 = DIRECTION('',(-1.3101E-13,-1.,1.25E-15));
#7775 = DIRECTION('',(0.500000000324,-6.658753179695E-14,-0.866025403597
    ));
#7776 = ADVANCED_FACE('',(#7777),#7802,.T.);
#7777 = FACE_BOUND('',#7778,.T.);
#7778 = EDGE_LOOP('',(#7779,#7780,#7788,#7796));
#7779 = ORIENTED_EDGE('',*,*,#4497,.F.);
#7780 = ORIENTED_EDGE('',*,*,#7781,.T.);
#7781 = EDGE_CURVE('',#4498,#7782,#7784,.T.);
#7782 = VERTEX_POINT('',#7783);
#7783 = CARTESIAN_POINT('',(244.69322950885,186.20000000222,
    114.76160169735));
#7784 = LINE('',#7785,#7786);
#7785 = CARTESIAN_POINT('',(244.69322950885,192.20000000222,
    114.76160169735));
#7786 = VECTOR('',#7787,1.);
#7787 = DIRECTION('',(-1.3027E-13,-1.,1.99E-15));
#7788 = ORIENTED_EDGE('',*,*,#7789,.F.);
#7789 = EDGE_CURVE('',#7790,#7782,#7792,.T.);
#7790 = VERTEX_POINT('',#7791);
#7791 = CARTESIAN_POINT('',(252.69322950888,186.20000000222,
    119.38040385088));
#7792 = LINE('',#7793,#7794);
#7793 = CARTESIAN_POINT('',(244.69322950885,186.20000000222,
    114.76160169735));
#7794 = VECTOR('',#7795,1.);
#7795 = DIRECTION('',(-0.866025403784,1.1226E-13,-0.5));
#7796 = ORIENTED_EDGE('',*,*,#7797,.F.);
#7797 = EDGE_CURVE('',#4500,#7790,#7798,.T.);
#7798 = LINE('',#7799,#7800);
#7799 = CARTESIAN_POINT('',(252.69322950888,192.20000000222,
    119.38040385088));
#7800 = VECTOR('',#7801,1.);
#7801 = DIRECTION('',(-1.3027E-13,-1.,1.99E-15));
#7802 = PLANE('',#7803);
#7803 = AXIS2_PLACEMENT_3D('',#7804,#7805,#7806);
#7804 = CARTESIAN_POINT('',(252.69322950888,192.20000000222,
    119.38040385088));
#7805 = DIRECTION('',(-0.5,6.685E-14,0.866025403784));
#7806 = DIRECTION('',(-0.866025403784,1.1226E-13,-0.5));
#7807 = ADVANCED_FACE('',(#7808),#7827,.T.);
#7808 = FACE_BOUND('',#7809,.T.);
#7809 = EDGE_LOOP('',(#7810,#7811,#7812,#7821));
#7810 = ORIENTED_EDGE('',*,*,#4507,.F.);
#7811 = ORIENTED_EDGE('',*,*,#7797,.T.);
#7812 = ORIENTED_EDGE('',*,*,#7813,.F.);
#7813 = EDGE_CURVE('',#7814,#7790,#7816,.T.);
#7814 = VERTEX_POINT('',#7815);
#7815 = CARTESIAN_POINT('',(254.29322950885,186.20000000222,
    119.38040385088));
#7816 = CIRCLE('',#7817,1.599999999971);
#7817 = AXIS2_PLACEMENT_3D('',#7818,#7819,#7820);
#7818 = CARTESIAN_POINT('',(253.49322950886,186.20000000222,
    117.99476320485));
#7819 = DIRECTION('',(-1.2998E-13,-1.,2.35E-15));
#7820 = DIRECTION('',(0.5,-6.29548403011E-14,0.866025403784));
#7821 = ORIENTED_EDGE('',*,*,#7822,.F.);
#7822 = EDGE_CURVE('',#4508,#7814,#7823,.T.);
#7823 = LINE('',#7824,#7825);
#7824 = CARTESIAN_POINT('',(254.29322950885,192.20000000222,
    119.38040385088));
#7825 = VECTOR('',#7826,1.);
#7826 = DIRECTION('',(-1.3027E-13,-1.,1.99E-15));
#7827 = CYLINDRICAL_SURFACE('',#7828,1.599999999971);
#7828 = AXIS2_PLACEMENT_3D('',#7829,#7830,#7831);
#7829 = CARTESIAN_POINT('',(253.49322950886,192.20000000222,
    117.99476320485));
#7830 = DIRECTION('',(-1.3027E-13,-1.,1.99E-15));
#7831 = DIRECTION('',(0.5,-6.341160944646E-14,0.866025403784));
#7832 = ADVANCED_FACE('',(#7833),#7851,.T.);
#7833 = FACE_BOUND('',#7834,.T.);
#7834 = EDGE_LOOP('',(#7835,#7836,#7837,#7845));
#7835 = ORIENTED_EDGE('',*,*,#4516,.F.);
#7836 = ORIENTED_EDGE('',*,*,#7822,.T.);
#7837 = ORIENTED_EDGE('',*,*,#7838,.F.);
#7838 = EDGE_CURVE('',#7839,#7814,#7841,.T.);
#7839 = VERTEX_POINT('',#7840);
#7840 = CARTESIAN_POINT('',(262.2932295095,186.20000000222,
    114.76160169699));
#7841 = LINE('',#7842,#7843);
#7842 = CARTESIAN_POINT('',(254.29322950885,186.20000000222,
    119.38040385088));
#7843 = VECTOR('',#7844,1.);
#7844 = DIRECTION('',(-0.866025403784,1.1393E-13,0.5));
#7845 = ORIENTED_EDGE('',*,*,#7846,.F.);
#7846 = EDGE_CURVE('',#4517,#7839,#7847,.T.);
#7847 = LINE('',#7848,#7849);
#7848 = CARTESIAN_POINT('',(262.2932295095,192.20000000222,
    114.76160169699));
#7849 = VECTOR('',#7850,1.);
#7850 = DIRECTION('',(-1.3027E-13,-1.,1.99E-15));
#7851 = PLANE('',#7852);
#7852 = AXIS2_PLACEMENT_3D('',#7853,#7854,#7855);
#7853 = CARTESIAN_POINT('',(262.2932295095,192.20000000222,
    114.76160169699));
#7854 = DIRECTION('',(0.5,-6.341E-14,0.866025403784));
#7855 = DIRECTION('',(-0.866025403784,1.1393E-13,0.5));
#7856 = ADVANCED_FACE('',(#7857),#7876,.T.);
#7857 = FACE_BOUND('',#7858,.T.);
#7858 = EDGE_LOOP('',(#7859,#7860,#7861,#7870));
#7859 = ORIENTED_EDGE('',*,*,#4524,.F.);
#7860 = ORIENTED_EDGE('',*,*,#7846,.T.);
#7861 = ORIENTED_EDGE('',*,*,#7862,.F.);
#7862 = EDGE_CURVE('',#7863,#7839,#7865,.T.);
#7863 = VERTEX_POINT('',#7864);
#7864 = CARTESIAN_POINT('',(263.09322950982,186.20000000222,
    113.37596105004));
#7865 = CIRCLE('',#7866,1.600000000654);
#7866 = AXIS2_PLACEMENT_3D('',#7867,#7868,#7869);
#7867 = CARTESIAN_POINT('',(261.49322950917,186.20000000222,
    113.37596105037));
#7868 = DIRECTION('',(-1.3053E-13,-1.,1.39E-15));
#7869 = DIRECTION('',(1.,-1.305300000003E-13,-2.0576576E-10));
#7870 = ORIENTED_EDGE('',*,*,#7871,.F.);
#7871 = EDGE_CURVE('',#4525,#7863,#7872,.T.);
#7872 = LINE('',#7873,#7874);
#7873 = CARTESIAN_POINT('',(263.09322950982,192.20000000222,
    113.37596105004));
#7874 = VECTOR('',#7875,1.);
#7875 = DIRECTION('',(-1.3027E-13,-1.,1.99E-15));
#7876 = CYLINDRICAL_SURFACE('',#7877,1.600000000654);
#7877 = AXIS2_PLACEMENT_3D('',#7878,#7879,#7880);
#7878 = CARTESIAN_POINT('',(261.49322950917,192.20000000222,
    113.37596105037));
#7879 = DIRECTION('',(-1.3027E-13,-1.,1.99E-15));
#7880 = DIRECTION('',(1.,-1.302700000004E-13,-2.0576576E-10));
#7881 = ADVANCED_FACE('',(#7882),#7900,.T.);
#7882 = FACE_BOUND('',#7883,.T.);
#7883 = EDGE_LOOP('',(#7884,#7885,#7886,#7894));
#7884 = ORIENTED_EDGE('',*,*,#4533,.F.);
#7885 = ORIENTED_EDGE('',*,*,#7871,.T.);
#7886 = ORIENTED_EDGE('',*,*,#7887,.F.);
#7887 = EDGE_CURVE('',#7888,#7863,#7890,.T.);
#7888 = VERTEX_POINT('',#7889);
#7889 = CARTESIAN_POINT('',(263.09322950792,186.20000000222,
    104.13835674741));
#7890 = LINE('',#7891,#7892);
#7891 = CARTESIAN_POINT('',(263.09322950982,186.20000000222,
    113.37596105004));
#7892 = VECTOR('',#7893,1.);
#7893 = DIRECTION('',(2.0577892E-10,1.39E-15,1.));
#7894 = ORIENTED_EDGE('',*,*,#7895,.F.);
#7895 = EDGE_CURVE('',#4534,#7888,#7896,.T.);
#7896 = LINE('',#7897,#7898);
#7897 = CARTESIAN_POINT('',(263.09322950792,192.20000000222,
    104.13835674741));
#7898 = VECTOR('',#7899,1.);
#7899 = DIRECTION('',(-1.3027E-13,-1.,1.99E-15));
#7900 = PLANE('',#7901);
#7901 = AXIS2_PLACEMENT_3D('',#7902,#7903,#7904);
#7902 = CARTESIAN_POINT('',(263.09322950792,192.20000000222,
    104.13835674741));
#7903 = DIRECTION('',(1.,-1.3027E-13,-2.0577892E-10));
#7904 = DIRECTION('',(2.0577892E-10,1.39E-15,1.));
#7905 = ADVANCED_FACE('',(#7906),#7925,.T.);
#7906 = FACE_BOUND('',#7907,.T.);
#7907 = EDGE_LOOP('',(#7908,#7909,#7910,#7919));
#7908 = ORIENTED_EDGE('',*,*,#4541,.F.);
#7909 = ORIENTED_EDGE('',*,*,#7895,.T.);
#7910 = ORIENTED_EDGE('',*,*,#7911,.F.);
#7911 = EDGE_CURVE('',#7912,#7888,#7914,.T.);
#7912 = VERTEX_POINT('',#7913);
#7913 = CARTESIAN_POINT('',(262.29322950775,186.20000000222,
    102.75271610154));
#7914 = CIRCLE('',#7915,1.600000000083);
#7915 = AXIS2_PLACEMENT_3D('',#7916,#7917,#7918);
#7916 = CARTESIAN_POINT('',(261.49322950784,186.20000000222,
    104.13835674774));
#7917 = DIRECTION('',(-1.3053E-13,-1.,1.39E-15));
#7918 = DIRECTION('',(0.499999999919,-6.646877530075E-14,-0.866025403831
    ));
#7919 = ORIENTED_EDGE('',*,*,#7920,.F.);
#7920 = EDGE_CURVE('',#4542,#7912,#7921,.T.);
#7921 = LINE('',#7922,#7923);
#7922 = CARTESIAN_POINT('',(262.29322950775,192.20000000222,
    102.75271610154));
#7923 = VECTOR('',#7924,1.);
#7924 = DIRECTION('',(-1.3027E-13,-1.,1.99E-15));
#7925 = CYLINDRICAL_SURFACE('',#7926,1.600000000083);
#7926 = AXIS2_PLACEMENT_3D('',#7927,#7928,#7929);
#7927 = CARTESIAN_POINT('',(261.49322950784,192.20000000222,
    104.13835674774));
#7928 = DIRECTION('',(-1.3027E-13,-1.,1.99E-15));
#7929 = DIRECTION('',(0.499999999919,-6.685839054307E-14,-0.866025403831
    ));
#7930 = ADVANCED_FACE('',(#7931),#7949,.T.);
#7931 = FACE_BOUND('',#7932,.T.);
#7932 = EDGE_LOOP('',(#7933,#7934,#7935,#7943));
#7933 = ORIENTED_EDGE('',*,*,#4550,.F.);
#7934 = ORIENTED_EDGE('',*,*,#7920,.T.);
#7935 = ORIENTED_EDGE('',*,*,#7936,.F.);
#7936 = EDGE_CURVE('',#7937,#7912,#7939,.T.);
#7937 = VERTEX_POINT('',#7938);
#7938 = CARTESIAN_POINT('',(254.29322950886,186.20000000222,
    98.133913944674));
#7939 = LINE('',#7940,#7941);
#7940 = CARTESIAN_POINT('',(262.29322950775,186.20000000222,
    102.75271610154));
#7941 = VECTOR('',#7942,1.);
#7942 = DIRECTION('',(0.866025403597,-1.1211E-13,0.500000000324));
#7943 = ORIENTED_EDGE('',*,*,#7944,.F.);
#7944 = EDGE_CURVE('',#4551,#7937,#7945,.T.);
#7945 = LINE('',#7946,#7947);
#7946 = CARTESIAN_POINT('',(254.29322950886,192.20000000222,
    98.133913944674));
#7947 = VECTOR('',#7948,1.);
#7948 = DIRECTION('',(-1.3027E-13,-1.,1.99E-15));
#7949 = PLANE('',#7950);
#7950 = AXIS2_PLACEMENT_3D('',#7951,#7952,#7953);
#7951 = CARTESIAN_POINT('',(254.29322950886,192.20000000222,
    98.133913944674));
#7952 = DIRECTION('',(0.500000000324,-6.685E-14,-0.866025403597));
#7953 = DIRECTION('',(0.866025403597,-1.1211E-13,0.500000000324));
#7954 = ADVANCED_FACE('',(#7955),#7974,.T.);
#7955 = FACE_BOUND('',#7956,.T.);
#7956 = EDGE_LOOP('',(#7957,#7958,#7959,#7968));
#7957 = ORIENTED_EDGE('',*,*,#4558,.F.);
#7958 = ORIENTED_EDGE('',*,*,#7944,.T.);
#7959 = ORIENTED_EDGE('',*,*,#7960,.F.);
#7960 = EDGE_CURVE('',#7961,#7937,#7963,.T.);
#7961 = VERTEX_POINT('',#7962);
#7962 = CARTESIAN_POINT('',(252.69322950886,186.20000000222,
    98.133913944674));
#7963 = CIRCLE('',#7964,1.599999999995);
#7964 = AXIS2_PLACEMENT_3D('',#7965,#7966,#7967);
#7965 = CARTESIAN_POINT('',(253.49322950886,186.20000000222,
    99.519554590725));
#7966 = DIRECTION('',(-1.3053E-13,-1.,1.39E-15));
#7967 = DIRECTION('',(-0.5,6.406122468874E-14,-0.866025403784));
#7968 = ORIENTED_EDGE('',*,*,#7969,.F.);
#7969 = EDGE_CURVE('',#4559,#7961,#7970,.T.);
#7970 = LINE('',#7971,#7972);
#7971 = CARTESIAN_POINT('',(252.69322950887,192.20000000222,
    98.133913944674));
#7972 = VECTOR('',#7973,1.);
#7973 = DIRECTION('',(-1.3027E-13,-1.,1.99E-15));
#7974 = CYLINDRICAL_SURFACE('',#7975,1.599999999995);
#7975 = AXIS2_PLACEMENT_3D('',#7976,#7977,#7978);
#7976 = CARTESIAN_POINT('',(253.49322950886,192.20000000222,
    99.519554590725));
#7977 = DIRECTION('',(-1.3027E-13,-1.,1.99E-15));
#7978 = DIRECTION('',(-0.5,6.341160944647E-14,-0.866025403784));
#7979 = ADVANCED_FACE('',(#7980),#7998,.T.);
#7980 = FACE_BOUND('',#7981,.T.);
#7981 = EDGE_LOOP('',(#7982,#7983,#7984,#7992));
#7982 = ORIENTED_EDGE('',*,*,#4567,.F.);
#7983 = ORIENTED_EDGE('',*,*,#7969,.T.);
#7984 = ORIENTED_EDGE('',*,*,#7985,.F.);
#7985 = EDGE_CURVE('',#7986,#7961,#7988,.T.);
#7986 = VERTEX_POINT('',#7987);
#7987 = CARTESIAN_POINT('',(244.69322951268,186.20000000222,
    102.75271609599));
#7988 = LINE('',#7989,#7990);
#7989 = CARTESIAN_POINT('',(252.69322950886,186.20000000222,
    98.133913944674));
#7990 = VECTOR('',#7991,1.);
#7991 = DIRECTION('',(0.866025403784,-1.1422E-13,-0.5));
#7992 = ORIENTED_EDGE('',*,*,#7993,.F.);
#7993 = EDGE_CURVE('',#4568,#7986,#7994,.T.);
#7994 = LINE('',#7995,#7996);
#7995 = CARTESIAN_POINT('',(244.69322951268,192.20000000222,
    102.75271609599));
#7996 = VECTOR('',#7997,1.);
#7997 = DIRECTION('',(-1.3027E-13,-1.,1.99E-15));
#7998 = PLANE('',#7999);
#7999 = AXIS2_PLACEMENT_3D('',#8000,#8001,#8002);
#8000 = CARTESIAN_POINT('',(244.69322951268,192.20000000222,
    102.75271609599));
#8001 = DIRECTION('',(-0.5,6.341E-14,-0.866025403784));
#8002 = DIRECTION('',(0.866025403784,-1.1422E-13,-0.5));
#8003 = ADVANCED_FACE('',(#8004),#8023,.T.);
#8004 = FACE_BOUND('',#8005,.T.);
#8005 = EDGE_LOOP('',(#8006,#8007,#8008,#8017));
#8006 = ORIENTED_EDGE('',*,*,#4575,.F.);
#8007 = ORIENTED_EDGE('',*,*,#7993,.T.);
#8008 = ORIENTED_EDGE('',*,*,#8009,.F.);
#8009 = EDGE_CURVE('',#8010,#7986,#8012,.T.);
#8010 = VERTEX_POINT('',#8011);
#8011 = CARTESIAN_POINT('',(243.89322950885,186.20000000222,
    104.13835674867));
#8012 = CIRCLE('',#8013,1.60000000765);
#8013 = AXIS2_PLACEMENT_3D('',#8014,#8015,#8016);
#8014 = CARTESIAN_POINT('',(245.4932295165,186.20000000222,
    104.13835674867));
#8015 = DIRECTION('',(-1.3053E-13,-1.,1.39E-15));
#8016 = DIRECTION('',(-1.,1.3053E-13,-1.408E-14));
#8017 = ORIENTED_EDGE('',*,*,#8018,.F.);
#8018 = EDGE_CURVE('',#4576,#8010,#8019,.T.);
#8019 = LINE('',#8020,#8021);
#8020 = CARTESIAN_POINT('',(243.89322950885,192.20000000222,
    104.13835674867));
#8021 = VECTOR('',#8022,1.);
#8022 = DIRECTION('',(-1.3027E-13,-1.,1.99E-15));
#8023 = CYLINDRICAL_SURFACE('',#8024,1.60000000765);
#8024 = AXIS2_PLACEMENT_3D('',#8025,#8026,#8027);
#8025 = CARTESIAN_POINT('',(245.4932295165,192.20000000222,
    104.13835674867));
#8026 = DIRECTION('',(-1.3027E-13,-1.,1.99E-15));
#8027 = DIRECTION('',(-1.,1.3027E-13,-1.408E-14));
#8028 = ADVANCED_FACE('',(#8029),#8047,.T.);
#8029 = FACE_BOUND('',#8030,.T.);
#8030 = EDGE_LOOP('',(#8031,#8032,#8033,#8041));
#8031 = ORIENTED_EDGE('',*,*,#4584,.F.);
#8032 = ORIENTED_EDGE('',*,*,#8018,.T.);
#8033 = ORIENTED_EDGE('',*,*,#8034,.F.);
#8034 = EDGE_CURVE('',#8035,#8010,#8037,.T.);
#8035 = VERTEX_POINT('',#8036);
#8036 = CARTESIAN_POINT('',(243.89322950885,186.20000000222,
    113.3759610513));
#8037 = LINE('',#8038,#8039);
#8038 = CARTESIAN_POINT('',(243.89322950885,186.20000000222,
    104.13835674867));
#8039 = VECTOR('',#8040,1.);
#8040 = DIRECTION('',(2.12E-15,-1.15E-15,-1.));
#8041 = ORIENTED_EDGE('',*,*,#8042,.F.);
#8042 = EDGE_CURVE('',#4585,#8035,#8043,.T.);
#8043 = LINE('',#8044,#8045);
#8044 = CARTESIAN_POINT('',(243.89322950885,192.20000000222,
    113.3759610513));
#8045 = VECTOR('',#8046,1.);
#8046 = DIRECTION('',(-1.3027E-13,-1.,1.99E-15));
#8047 = PLANE('',#8048);
#8048 = AXIS2_PLACEMENT_3D('',#8049,#8050,#8051);
#8049 = CARTESIAN_POINT('',(243.89322950885,192.20000000222,
    113.3759610513));
#8050 = DIRECTION('',(-1.,1.3027E-13,-2.12E-15));
#8051 = DIRECTION('',(2.12E-15,-1.15E-15,-1.));
#8052 = ADVANCED_FACE('',(#8053),#8065,.T.);
#8053 = FACE_BOUND('',#8054,.T.);
#8054 = EDGE_LOOP('',(#8055,#8056,#8057,#8064));
#8055 = ORIENTED_EDGE('',*,*,#4592,.F.);
#8056 = ORIENTED_EDGE('',*,*,#8042,.T.);
#8057 = ORIENTED_EDGE('',*,*,#8058,.F.);
#8058 = EDGE_CURVE('',#7782,#8035,#8059,.T.);
#8059 = CIRCLE('',#8060,1.6);
#8060 = AXIS2_PLACEMENT_3D('',#8061,#8062,#8063);
#8061 = CARTESIAN_POINT('',(245.49322950885,186.20000000222,
    113.3759610513));
#8062 = DIRECTION('',(-1.3053E-13,-1.,1.39E-15));
#8063 = DIRECTION('',(-0.5,6.646877531126E-14,0.866025403784));
#8064 = ORIENTED_EDGE('',*,*,#7781,.F.);
#8065 = CYLINDRICAL_SURFACE('',#8066,1.6);
#8066 = AXIS2_PLACEMENT_3D('',#8067,#8068,#8069);
#8067 = CARTESIAN_POINT('',(245.49322950885,192.20000000222,
    113.3759610513));
#8068 = DIRECTION('',(-1.3027E-13,-1.,1.99E-15));
#8069 = DIRECTION('',(-0.5,6.685839055353E-14,0.866025403784));
#8070 = ADVANCED_FACE('',(#8071),#8096,.T.);
#8071 = FACE_BOUND('',#8072,.T.);
#8072 = EDGE_LOOP('',(#8073,#8074,#8082,#8090));
#8073 = ORIENTED_EDGE('',*,*,#4604,.F.);
#8074 = ORIENTED_EDGE('',*,*,#8075,.T.);
#8075 = EDGE_CURVE('',#4605,#8076,#8078,.T.);
#8076 = VERTEX_POINT('',#8077);
#8077 = CARTESIAN_POINT('',(255.58015886545,190.20000000222,
    95.990171609208));
#8078 = LINE('',#8079,#8080);
#8079 = CARTESIAN_POINT('',(255.58015886546,192.20000000222,
    95.990171609208));
#8080 = VECTOR('',#8081,1.);
#8081 = DIRECTION('',(-1.2879E-13,-1.,1.25E-15));
#8082 = ORIENTED_EDGE('',*,*,#8083,.F.);
#8083 = EDGE_CURVE('',#8084,#8076,#8086,.T.);
#8084 = VERTEX_POINT('',#8085);
#8085 = CARTESIAN_POINT('',(263.54322950886,190.20000000222,
    100.58765258875));
#8086 = LINE('',#8087,#8088);
#8087 = CARTESIAN_POINT('',(263.54322950886,190.20000000222,
    100.58765258875));
#8088 = VECTOR('',#8089,1.);
#8089 = DIRECTION('',(-0.866025403784,1.1235E-13,-0.5));
#8090 = ORIENTED_EDGE('',*,*,#8091,.F.);
#8091 = EDGE_CURVE('',#4607,#8084,#8092,.T.);
#8092 = LINE('',#8093,#8094);
#8093 = CARTESIAN_POINT('',(263.54322950886,192.20000000222,
    100.58765258875));
#8094 = VECTOR('',#8095,1.);
#8095 = DIRECTION('',(-1.2879E-13,-1.,1.25E-15));
#8096 = PLANE('',#8097);
#8097 = AXIS2_PLACEMENT_3D('',#8098,#8099,#8100);
#8098 = CARTESIAN_POINT('',(263.54322950886,192.20000000222,
    100.58765258875));
#8099 = DIRECTION('',(-0.5,6.547E-14,0.866025403784));
#8100 = DIRECTION('',(-0.866025403784,1.1235E-13,-0.5));
#8101 = ADVANCED_FACE('',(#8102),#8121,.T.);
#8102 = FACE_BOUND('',#8103,.T.);
#8103 = EDGE_LOOP('',(#8104,#8105,#8106,#8115));
#8104 = ORIENTED_EDGE('',*,*,#4614,.F.);
#8105 = ORIENTED_EDGE('',*,*,#8091,.T.);
#8106 = ORIENTED_EDGE('',*,*,#8107,.F.);
#8107 = EDGE_CURVE('',#8108,#8084,#8110,.T.);
#8108 = VERTEX_POINT('',#8109);
#8109 = CARTESIAN_POINT('',(265.04322950883,190.20000000222,
    100.58765258875));
#8110 = CIRCLE('',#8111,1.499999999971);
#8111 = AXIS2_PLACEMENT_3D('',#8112,#8113,#8114);
#8112 = CARTESIAN_POINT('',(264.29322950885,190.20000000222,
    99.288614483103));
#8113 = DIRECTION('',(-1.3053E-13,-1.,1.39E-15));
#8114 = DIRECTION('',(0.5,-6.406122468877E-14,0.866025403784));
#8115 = ORIENTED_EDGE('',*,*,#8116,.F.);
#8116 = EDGE_CURVE('',#4615,#8108,#8117,.T.);
#8117 = LINE('',#8118,#8119);
#8118 = CARTESIAN_POINT('',(265.04322950883,192.20000000222,
    100.58765258875));
#8119 = VECTOR('',#8120,1.);
#8120 = DIRECTION('',(-1.2879E-13,-1.,1.25E-15));
#8121 = CYLINDRICAL_SURFACE('',#8122,1.499999999971);
#8122 = AXIS2_PLACEMENT_3D('',#8123,#8124,#8125);
#8123 = CARTESIAN_POINT('',(264.29322950885,192.20000000222,
    99.288614483103));
#8124 = DIRECTION('',(-1.2879E-13,-1.,1.25E-15));
#8125 = DIRECTION('',(0.5,-6.33124682453E-14,0.866025403784));
#8126 = ADVANCED_FACE('',(#8127),#8145,.T.);
#8127 = FACE_BOUND('',#8128,.T.);
#8128 = EDGE_LOOP('',(#8129,#8130,#8131,#8139));
#8129 = ORIENTED_EDGE('',*,*,#4623,.F.);
#8130 = ORIENTED_EDGE('',*,*,#8116,.T.);
#8131 = ORIENTED_EDGE('',*,*,#8132,.F.);
#8132 = EDGE_CURVE('',#8133,#8108,#8135,.T.);
#8133 = VERTEX_POINT('',#8134);
#8134 = CARTESIAN_POINT('',(273.00630015224,190.20000000222,
    95.990171609208));
#8135 = LINE('',#8136,#8137);
#8136 = CARTESIAN_POINT('',(273.00630015224,190.20000000222,
    95.990171609208));
#8137 = VECTOR('',#8138,1.);
#8138 = DIRECTION('',(-0.866025403784,1.1374E-13,0.5));
#8139 = ORIENTED_EDGE('',*,*,#8140,.F.);
#8140 = EDGE_CURVE('',#4624,#8133,#8141,.T.);
#8141 = LINE('',#8142,#8143);
#8142 = CARTESIAN_POINT('',(273.00630015224,192.20000000222,
    95.990171609208));
#8143 = VECTOR('',#8144,1.);
#8144 = DIRECTION('',(-1.2879E-13,-1.,1.25E-15));
#8145 = PLANE('',#8146);
#8146 = AXIS2_PLACEMENT_3D('',#8147,#8148,#8149);
#8147 = CARTESIAN_POINT('',(273.00630015224,192.20000000222,
    95.990171609208));
#8148 = DIRECTION('',(0.5,-6.331E-14,0.866025403784));
#8149 = DIRECTION('',(-0.866025403784,1.1374E-13,0.5));
#8150 = ADVANCED_FACE('',(#8151),#8170,.T.);
#8151 = FACE_BOUND('',#8152,.T.);
#8152 = EDGE_LOOP('',(#8153,#8154,#8155,#8164));
#8153 = ORIENTED_EDGE('',*,*,#4631,.F.);
#8154 = ORIENTED_EDGE('',*,*,#8140,.T.);
#8155 = ORIENTED_EDGE('',*,*,#8156,.F.);
#8156 = EDGE_CURVE('',#8157,#8133,#8159,.T.);
#8157 = VERTEX_POINT('',#8158);
#8158 = CARTESIAN_POINT('',(272.75630015224,190.20000000222,
    95.057158907316));
#8159 = CIRCLE('',#8160,0.5);
#8160 = AXIS2_PLACEMENT_3D('',#8161,#8162,#8163);
#8161 = CARTESIAN_POINT('',(272.75630015224,190.20000000222,
    95.557158907316));
#8162 = DIRECTION('',(-1.3053E-13,-1.,1.39E-15));
#8163 = DIRECTION('',(2.E-16,-1.39E-15,-1.));
#8164 = ORIENTED_EDGE('',*,*,#8165,.F.);
#8165 = EDGE_CURVE('',#4632,#8157,#8166,.T.);
#8166 = LINE('',#8167,#8168);
#8167 = CARTESIAN_POINT('',(272.75630015224,192.20000000222,
    95.057158907316));
#8168 = VECTOR('',#8169,1.);
#8169 = DIRECTION('',(-1.2879E-13,-1.,1.25E-15));
#8170 = CYLINDRICAL_SURFACE('',#8171,0.5);
#8171 = AXIS2_PLACEMENT_3D('',#8172,#8173,#8174);
#8172 = CARTESIAN_POINT('',(272.75630015224,192.20000000222,
    95.557158907316));
#8173 = DIRECTION('',(-1.2879E-13,-1.,1.25E-15));
#8174 = DIRECTION('',(2.E-16,-1.25E-15,-1.));
#8175 = ADVANCED_FACE('',(#8176),#8194,.T.);
#8176 = FACE_BOUND('',#8177,.T.);
#8177 = EDGE_LOOP('',(#8178,#8179,#8180,#8188));
#8178 = ORIENTED_EDGE('',*,*,#4640,.F.);
#8179 = ORIENTED_EDGE('',*,*,#8165,.T.);
#8180 = ORIENTED_EDGE('',*,*,#8181,.F.);
#8181 = EDGE_CURVE('',#8182,#8157,#8184,.T.);
#8182 = VERTEX_POINT('',#8183);
#8183 = CARTESIAN_POINT('',(255.83015886545,190.20000000222,
    95.057158907316));
#8184 = LINE('',#8185,#8186);
#8185 = CARTESIAN_POINT('',(255.83015886545,190.20000000222,
    95.057158907316));
#8186 = VECTOR('',#8187,1.);
#8187 = DIRECTION('',(1.,-1.3053E-13,-4.6E-16));
#8188 = ORIENTED_EDGE('',*,*,#8189,.F.);
#8189 = EDGE_CURVE('',#4641,#8182,#8190,.T.);
#8190 = LINE('',#8191,#8192);
#8191 = CARTESIAN_POINT('',(255.83015886545,192.20000000222,
    95.057158907316));
#8192 = VECTOR('',#8193,1.);
#8193 = DIRECTION('',(-1.2879E-13,-1.,1.25E-15));
#8194 = PLANE('',#8195);
#8195 = AXIS2_PLACEMENT_3D('',#8196,#8197,#8198);
#8196 = CARTESIAN_POINT('',(255.83015886545,192.20000000222,
    95.057158907316));
#8197 = DIRECTION('',(-4.6E-16,-1.25E-15,-1.));
#8198 = DIRECTION('',(1.,-1.3053E-13,-4.599999999998E-16));
#8199 = ADVANCED_FACE('',(#8200),#8212,.T.);
#8200 = FACE_BOUND('',#8201,.T.);
#8201 = EDGE_LOOP('',(#8202,#8203,#8204,#8211));
#8202 = ORIENTED_EDGE('',*,*,#4648,.F.);
#8203 = ORIENTED_EDGE('',*,*,#8189,.T.);
#8204 = ORIENTED_EDGE('',*,*,#8205,.F.);
#8205 = EDGE_CURVE('',#8076,#8182,#8206,.T.);
#8206 = CIRCLE('',#8207,0.5);
#8207 = AXIS2_PLACEMENT_3D('',#8208,#8209,#8210);
#8208 = CARTESIAN_POINT('',(255.83015886545,190.20000000222,
    95.557158907316));
#8209 = DIRECTION('',(-1.3053E-13,-1.,1.39E-15));
#8210 = DIRECTION('',(-0.5,6.646877531125E-14,0.866025403784));
#8211 = ORIENTED_EDGE('',*,*,#8075,.F.);
#8212 = CYLINDRICAL_SURFACE('',#8213,0.5);
#8213 = AXIS2_PLACEMENT_3D('',#8214,#8215,#8216);
#8214 = CARTESIAN_POINT('',(255.83015886545,192.20000000222,
    95.557158907316));
#8215 = DIRECTION('',(-1.2879E-13,-1.,1.25E-15));
#8216 = DIRECTION('',(-0.5,6.547753175472E-14,0.866025403784));
#8217 = ADVANCED_FACE('',(#8218),#8243,.T.);
#8218 = FACE_BOUND('',#8219,.T.);
#8219 = EDGE_LOOP('',(#8220,#8221,#8229,#8237));
#8220 = ORIENTED_EDGE('',*,*,#4657,.F.);
#8221 = ORIENTED_EDGE('',*,*,#8222,.T.);
#8222 = EDGE_CURVE('',#4658,#8223,#8225,.T.);
#8223 = VERTEX_POINT('',#8224);
#8224 = CARTESIAN_POINT('',(243.44322950883,190.20000000222,
    100.58765259352));
#8225 = LINE('',#8226,#8227);
#8226 = CARTESIAN_POINT('',(243.44322950883,192.20000000222,
    100.58765259352));
#8227 = VECTOR('',#8228,1.);
#8228 = DIRECTION('',(-1.2879E-13,-1.,1.25E-15));
#8229 = ORIENTED_EDGE('',*,*,#8230,.F.);
#8230 = EDGE_CURVE('',#8231,#8223,#8233,.T.);
#8231 = VERTEX_POINT('',#8232);
#8232 = CARTESIAN_POINT('',(251.4063001605,190.20000000222,
    95.990171609208));
#8233 = LINE('',#8234,#8235);
#8234 = CARTESIAN_POINT('',(251.4063001605,190.20000000222,
    95.990171609208));
#8235 = VECTOR('',#8236,1.);
#8236 = DIRECTION('',(-0.866025403784,1.135E-13,0.5));
#8237 = ORIENTED_EDGE('',*,*,#8238,.F.);
#8238 = EDGE_CURVE('',#4660,#8231,#8239,.T.);
#8239 = LINE('',#8240,#8241);
#8240 = CARTESIAN_POINT('',(251.4063001605,192.20000000222,
    95.990171609208));
#8241 = VECTOR('',#8242,1.);
#8242 = DIRECTION('',(-1.2879E-13,-1.,1.25E-15));
#8243 = PLANE('',#8244);
#8244 = AXIS2_PLACEMENT_3D('',#8245,#8246,#8247);
#8245 = CARTESIAN_POINT('',(251.4063001605,192.20000000222,
    95.990171609208));
#8246 = DIRECTION('',(0.5,-6.331E-14,0.866025403784));
#8247 = DIRECTION('',(-0.866025403784,1.135E-13,0.5));
#8248 = ADVANCED_FACE('',(#8249),#8268,.T.);
#8249 = FACE_BOUND('',#8250,.T.);
#8250 = EDGE_LOOP('',(#8251,#8252,#8253,#8262));
#8251 = ORIENTED_EDGE('',*,*,#4667,.F.);
#8252 = ORIENTED_EDGE('',*,*,#8238,.T.);
#8253 = ORIENTED_EDGE('',*,*,#8254,.F.);
#8254 = EDGE_CURVE('',#8255,#8231,#8257,.T.);
#8255 = VERTEX_POINT('',#8256);
#8256 = CARTESIAN_POINT('',(251.1563001605,190.20000000222,
    95.057158907316));
#8257 = CIRCLE('',#8258,0.5);
#8258 = AXIS2_PLACEMENT_3D('',#8259,#8260,#8261);
#8259 = CARTESIAN_POINT('',(251.1563001605,190.20000000222,
    95.557158907316));
#8260 = DIRECTION('',(-1.3053E-13,-1.,1.39E-15));
#8261 = DIRECTION('',(2.E-16,-1.39E-15,-1.));
#8262 = ORIENTED_EDGE('',*,*,#8263,.F.);
#8263 = EDGE_CURVE('',#4668,#8255,#8264,.T.);
#8264 = LINE('',#8265,#8266);
#8265 = CARTESIAN_POINT('',(251.1563001605,192.20000000222,
    95.057158907316));
#8266 = VECTOR('',#8267,1.);
#8267 = DIRECTION('',(-1.2879E-13,-1.,1.25E-15));
#8268 = CYLINDRICAL_SURFACE('',#8269,0.5);
#8269 = AXIS2_PLACEMENT_3D('',#8270,#8271,#8272);
#8270 = CARTESIAN_POINT('',(251.1563001605,192.20000000222,
    95.557158907316));
#8271 = DIRECTION('',(-1.2879E-13,-1.,1.25E-15));
#8272 = DIRECTION('',(2.E-16,-1.25E-15,-1.));
#8273 = ADVANCED_FACE('',(#8274),#8292,.T.);
#8274 = FACE_BOUND('',#8275,.T.);
#8275 = EDGE_LOOP('',(#8276,#8277,#8278,#8286));
#8276 = ORIENTED_EDGE('',*,*,#4676,.F.);
#8277 = ORIENTED_EDGE('',*,*,#8263,.T.);
#8278 = ORIENTED_EDGE('',*,*,#8279,.F.);
#8279 = EDGE_CURVE('',#8280,#8255,#8282,.T.);
#8280 = VERTEX_POINT('',#8281);
#8281 = CARTESIAN_POINT('',(234.23015885719,190.20000000222,
    95.057158907316));
#8282 = LINE('',#8283,#8284);
#8283 = CARTESIAN_POINT('',(234.23015885719,190.20000000222,
    95.057158907316));
#8284 = VECTOR('',#8285,1.);
#8285 = DIRECTION('',(1.,-1.3053E-13,-4.6E-16));
#8286 = ORIENTED_EDGE('',*,*,#8287,.F.);
#8287 = EDGE_CURVE('',#4677,#8280,#8288,.T.);
#8288 = LINE('',#8289,#8290);
#8289 = CARTESIAN_POINT('',(234.23015885719,192.20000000222,
    95.057158907316));
#8290 = VECTOR('',#8291,1.);
#8291 = DIRECTION('',(-1.2879E-13,-1.,1.25E-15));
#8292 = PLANE('',#8293);
#8293 = AXIS2_PLACEMENT_3D('',#8294,#8295,#8296);
#8294 = CARTESIAN_POINT('',(234.23015885719,192.20000000222,
    95.057158907316));
#8295 = DIRECTION('',(-4.6E-16,-1.25E-15,-1.));
#8296 = DIRECTION('',(1.,-1.3053E-13,-4.599999999998E-16));
#8297 = ADVANCED_FACE('',(#8298),#8317,.T.);
#8298 = FACE_BOUND('',#8299,.T.);
#8299 = EDGE_LOOP('',(#8300,#8301,#8302,#8311));
#8300 = ORIENTED_EDGE('',*,*,#4684,.F.);
#8301 = ORIENTED_EDGE('',*,*,#8287,.T.);
#8302 = ORIENTED_EDGE('',*,*,#8303,.F.);
#8303 = EDGE_CURVE('',#8304,#8280,#8306,.T.);
#8304 = VERTEX_POINT('',#8305);
#8305 = CARTESIAN_POINT('',(233.98015885719,190.20000000222,
    95.990171609208));
#8306 = CIRCLE('',#8307,0.5);
#8307 = AXIS2_PLACEMENT_3D('',#8308,#8309,#8310);
#8308 = CARTESIAN_POINT('',(234.23015885719,190.20000000222,
    95.557158907316));
#8309 = DIRECTION('',(-1.3053E-13,-1.,1.39E-15));
#8310 = DIRECTION('',(-0.5,6.646877531128E-14,0.866025403784));
#8311 = ORIENTED_EDGE('',*,*,#8312,.F.);
#8312 = EDGE_CURVE('',#4685,#8304,#8313,.T.);
#8313 = LINE('',#8314,#8315);
#8314 = CARTESIAN_POINT('',(233.98015885719,192.20000000222,
    95.990171609208));
#8315 = VECTOR('',#8316,1.);
#8316 = DIRECTION('',(-1.2879E-13,-1.,1.25E-15));
#8317 = CYLINDRICAL_SURFACE('',#8318,0.5);
#8318 = AXIS2_PLACEMENT_3D('',#8319,#8320,#8321);
#8319 = CARTESIAN_POINT('',(234.23015885719,192.20000000222,
    95.557158907316));
#8320 = DIRECTION('',(-1.2879E-13,-1.,1.25E-15));
#8321 = DIRECTION('',(-0.5,6.547753175475E-14,0.866025403784));
#8322 = ADVANCED_FACE('',(#8323),#8341,.T.);
#8323 = FACE_BOUND('',#8324,.T.);
#8324 = EDGE_LOOP('',(#8325,#8326,#8327,#8335));
#8325 = ORIENTED_EDGE('',*,*,#4693,.F.);
#8326 = ORIENTED_EDGE('',*,*,#8312,.T.);
#8327 = ORIENTED_EDGE('',*,*,#8328,.F.);
#8328 = EDGE_CURVE('',#8329,#8304,#8331,.T.);
#8329 = VERTEX_POINT('',#8330);
#8330 = CARTESIAN_POINT('',(241.94322950886,190.20000000222,
    100.58765259352));
#8331 = LINE('',#8332,#8333);
#8332 = CARTESIAN_POINT('',(241.94322950886,190.20000000222,
    100.58765259352));
#8333 = VECTOR('',#8334,1.);
#8334 = DIRECTION('',(-0.866025403784,1.1229E-13,-0.5));
#8335 = ORIENTED_EDGE('',*,*,#8336,.F.);
#8336 = EDGE_CURVE('',#4694,#8329,#8337,.T.);
#8337 = LINE('',#8338,#8339);
#8338 = CARTESIAN_POINT('',(241.94322950886,192.20000000222,
    100.58765259352));
#8339 = VECTOR('',#8340,1.);
#8340 = DIRECTION('',(-1.2879E-13,-1.,1.25E-15));
#8341 = PLANE('',#8342);
#8342 = AXIS2_PLACEMENT_3D('',#8343,#8344,#8345);
#8343 = CARTESIAN_POINT('',(241.94322950886,192.20000000222,
    100.58765259352));
#8344 = DIRECTION('',(-0.5,6.547E-14,0.866025403784));
#8345 = DIRECTION('',(-0.866025403784,1.1229E-13,-0.5));
#8346 = ADVANCED_FACE('',(#8347),#8359,.T.);
#8347 = FACE_BOUND('',#8348,.T.);
#8348 = EDGE_LOOP('',(#8349,#8350,#8351,#8358));
#8349 = ORIENTED_EDGE('',*,*,#4701,.F.);
#8350 = ORIENTED_EDGE('',*,*,#8336,.T.);
#8351 = ORIENTED_EDGE('',*,*,#8352,.F.);
#8352 = EDGE_CURVE('',#8223,#8329,#8353,.T.);
#8353 = CIRCLE('',#8354,1.499999999971);
#8354 = AXIS2_PLACEMENT_3D('',#8355,#8356,#8357);
#8355 = CARTESIAN_POINT('',(242.69322950885,190.20000000222,
    99.288614487873));
#8356 = DIRECTION('',(-1.3201E-13,-1.,-1.18E-15));
#8357 = DIRECTION('',(0.5,-6.702690997647E-14,0.866025403784));
#8358 = ORIENTED_EDGE('',*,*,#8222,.F.);
#8359 = CYLINDRICAL_SURFACE('',#8360,1.499999999971);
#8360 = AXIS2_PLACEMENT_3D('',#8361,#8362,#8363);
#8361 = CARTESIAN_POINT('',(242.69322950885,192.20000000222,
    99.288614487873));
#8362 = DIRECTION('',(-1.2879E-13,-1.,1.25E-15));
#8363 = DIRECTION('',(0.5,-6.331246824527E-14,0.866025403784));
#8364 = ADVANCED_FACE('',(#8365),#8390,.T.);
#8365 = FACE_BOUND('',#8366,.T.);
#8366 = EDGE_LOOP('',(#8367,#8368,#8376,#8384));
#8367 = ORIENTED_EDGE('',*,*,#4710,.F.);
#8368 = ORIENTED_EDGE('',*,*,#8369,.T.);
#8369 = EDGE_CURVE('',#4711,#8370,#8372,.T.);
#8370 = VERTEX_POINT('',#8371);
#8371 = CARTESIAN_POINT('',(165.00630014555,190.20000000223,
    121.52414620551));
#8372 = LINE('',#8373,#8374);
#8373 = CARTESIAN_POINT('',(165.00630014555,192.20000000223,
    121.52414620551));
#8374 = VECTOR('',#8375,1.);
#8375 = DIRECTION('',(-1.3101E-13,-1.,1.25E-15));
#8376 = ORIENTED_EDGE('',*,*,#8377,.F.);
#8377 = EDGE_CURVE('',#8378,#8370,#8380,.T.);
#8378 = VERTEX_POINT('',#8379);
#8379 = CARTESIAN_POINT('',(157.04322950888,190.20000000223,
    116.92666522588));
#8380 = LINE('',#8381,#8382);
#8381 = CARTESIAN_POINT('',(157.04322950888,190.20000000223,
    116.92666522588));
#8382 = VECTOR('',#8383,1.);
#8383 = DIRECTION('',(0.866025403597,-1.1211E-13,0.500000000324));
#8384 = ORIENTED_EDGE('',*,*,#8385,.F.);
#8385 = EDGE_CURVE('',#4713,#8378,#8386,.T.);
#8386 = LINE('',#8387,#8388);
#8387 = CARTESIAN_POINT('',(157.04322950888,192.20000000223,
    116.92666522588));
#8388 = VECTOR('',#8389,1.);
#8389 = DIRECTION('',(-1.3101E-13,-1.,1.25E-15));
#8390 = PLANE('',#8391);
#8391 = AXIS2_PLACEMENT_3D('',#8392,#8393,#8394);
#8392 = CARTESIAN_POINT('',(157.04322950888,192.20000000223,
    116.92666522588));
#8393 = DIRECTION('',(0.500000000324,-6.658E-14,-0.866025403597));
#8394 = DIRECTION('',(0.866025403597,-1.1211E-13,0.500000000324));
#8395 = ADVANCED_FACE('',(#8396),#8415,.T.);
#8396 = FACE_BOUND('',#8397,.T.);
#8397 = EDGE_LOOP('',(#8398,#8399,#8400,#8409));
#8398 = ORIENTED_EDGE('',*,*,#4720,.F.);
#8399 = ORIENTED_EDGE('',*,*,#8385,.T.);
#8400 = ORIENTED_EDGE('',*,*,#8401,.F.);
#8401 = EDGE_CURVE('',#8402,#8378,#8404,.T.);
#8402 = VERTEX_POINT('',#8403);
#8403 = CARTESIAN_POINT('',(155.54322950888,190.20000000223,
    116.92666522588));
#8404 = CIRCLE('',#8405,1.499999999995);
#8405 = AXIS2_PLACEMENT_3D('',#8406,#8407,#8408);
#8406 = CARTESIAN_POINT('',(156.29322950888,190.20000000223,
    118.22570333155));
#8407 = DIRECTION('',(-1.3053E-13,-1.,1.39E-15));
#8408 = DIRECTION('',(-0.5,6.406122468874E-14,-0.866025403784));
#8409 = ORIENTED_EDGE('',*,*,#8410,.F.);
#8410 = EDGE_CURVE('',#4721,#8402,#8411,.T.);
#8411 = LINE('',#8412,#8413);
#8412 = CARTESIAN_POINT('',(155.54322950888,192.20000000223,
    116.92666522588));
#8413 = VECTOR('',#8414,1.);
#8414 = DIRECTION('',(-1.3101E-13,-1.,1.25E-15));
#8415 = CYLINDRICAL_SURFACE('',#8416,1.499999999995);
#8416 = AXIS2_PLACEMENT_3D('',#8417,#8418,#8419);
#8417 = CARTESIAN_POINT('',(156.29322950888,192.20000000223,
    118.22570333155));
#8418 = DIRECTION('',(-1.3101E-13,-1.,1.25E-15));
#8419 = DIRECTION('',(-0.5,6.442246824527E-14,-0.866025403784));
#8420 = ADVANCED_FACE('',(#8421),#8439,.T.);
#8421 = FACE_BOUND('',#8422,.T.);
#8422 = EDGE_LOOP('',(#8423,#8424,#8425,#8433));
#8423 = ORIENTED_EDGE('',*,*,#4729,.F.);
#8424 = ORIENTED_EDGE('',*,*,#8410,.T.);
#8425 = ORIENTED_EDGE('',*,*,#8426,.F.);
#8426 = EDGE_CURVE('',#8427,#8402,#8429,.T.);
#8427 = VERTEX_POINT('',#8428);
#8428 = CARTESIAN_POINT('',(147.58015886549,190.20000000223,
    121.52414620542));
#8429 = LINE('',#8430,#8431);
#8430 = CARTESIAN_POINT('',(147.58015886549,190.20000000223,
    121.52414620542));
#8431 = VECTOR('',#8432,1.);
#8432 = DIRECTION('',(0.866025403784,-1.1409E-13,-0.5));
#8433 = ORIENTED_EDGE('',*,*,#8434,.F.);
#8434 = EDGE_CURVE('',#4730,#8427,#8435,.T.);
#8435 = LINE('',#8436,#8437);
#8436 = CARTESIAN_POINT('',(147.58015886549,192.20000000223,
    121.52414620542));
#8437 = VECTOR('',#8438,1.);
#8438 = DIRECTION('',(-1.3101E-13,-1.,1.25E-15));
#8439 = PLANE('',#8440);
#8440 = AXIS2_PLACEMENT_3D('',#8441,#8442,#8443);
#8441 = CARTESIAN_POINT('',(147.58015886549,192.20000000223,
    121.52414620542));
#8442 = DIRECTION('',(-0.5,6.442E-14,-0.866025403784));
#8443 = DIRECTION('',(0.866025403784,-1.1409E-13,-0.5));
#8444 = ADVANCED_FACE('',(#8445),#8464,.T.);
#8445 = FACE_BOUND('',#8446,.T.);
#8446 = EDGE_LOOP('',(#8447,#8448,#8449,#8458));
#8447 = ORIENTED_EDGE('',*,*,#4737,.F.);
#8448 = ORIENTED_EDGE('',*,*,#8434,.T.);
#8449 = ORIENTED_EDGE('',*,*,#8450,.F.);
#8450 = EDGE_CURVE('',#8451,#8427,#8453,.T.);
#8451 = VERTEX_POINT('',#8452);
#8452 = CARTESIAN_POINT('',(147.83015886549,190.20000000223,
    122.45715890731));
#8453 = CIRCLE('',#8454,0.5);
#8454 = AXIS2_PLACEMENT_3D('',#8455,#8456,#8457);
#8455 = CARTESIAN_POINT('',(147.83015886549,190.20000000223,
    121.95715890731));
#8456 = DIRECTION('',(-1.3053E-13,-1.,-3.05E-15));
#8457 = DIRECTION('',(-3.572E-14,-3.049999999995E-15,1.));
#8458 = ORIENTED_EDGE('',*,*,#8459,.F.);
#8459 = EDGE_CURVE('',#4738,#8451,#8460,.T.);
#8460 = LINE('',#8461,#8462);
#8461 = CARTESIAN_POINT('',(147.83015886549,192.20000000223,
    122.45715890731));
#8462 = VECTOR('',#8463,1.);
#8463 = DIRECTION('',(-1.3101E-13,-1.,1.25E-15));
#8464 = CYLINDRICAL_SURFACE('',#8465,0.5);
#8465 = AXIS2_PLACEMENT_3D('',#8466,#8467,#8468);
#8466 = CARTESIAN_POINT('',(147.83015886549,192.20000000223,
    121.95715890731));
#8467 = DIRECTION('',(-1.3101E-13,-1.,1.25E-15));
#8468 = DIRECTION('',(-3.572E-14,1.250000000005E-15,1.));
#8469 = ADVANCED_FACE('',(#8470),#8488,.T.);
#8470 = FACE_BOUND('',#8471,.T.);
#8471 = EDGE_LOOP('',(#8472,#8473,#8474,#8482));
#8472 = ORIENTED_EDGE('',*,*,#4746,.F.);
#8473 = ORIENTED_EDGE('',*,*,#8459,.T.);
#8474 = ORIENTED_EDGE('',*,*,#8475,.F.);
#8475 = EDGE_CURVE('',#8476,#8451,#8478,.T.);
#8476 = VERTEX_POINT('',#8477);
#8477 = CARTESIAN_POINT('',(164.75630014539,190.20000000223,
    122.45715890731));
#8478 = LINE('',#8479,#8480);
#8479 = CARTESIAN_POINT('',(164.75630014539,190.20000000223,
    122.45715890731));
#8480 = VECTOR('',#8481,1.);
#8481 = DIRECTION('',(-1.,1.304E-13,2.342E-14));
#8482 = ORIENTED_EDGE('',*,*,#8483,.F.);
#8483 = EDGE_CURVE('',#4747,#8476,#8484,.T.);
#8484 = LINE('',#8485,#8486);
#8485 = CARTESIAN_POINT('',(164.75630014539,192.20000000223,
    122.45715890731));
#8486 = VECTOR('',#8487,1.);
#8487 = DIRECTION('',(-1.3101E-13,-1.,1.25E-15));
#8488 = PLANE('',#8489);
#8489 = AXIS2_PLACEMENT_3D('',#8490,#8491,#8492);
#8490 = CARTESIAN_POINT('',(164.75630014539,192.20000000223,
    122.45715890731));
#8491 = DIRECTION('',(2.342E-14,1.25E-15,1.));
#8492 = DIRECTION('',(-1.,1.304E-13,2.342E-14));
#8493 = ADVANCED_FACE('',(#8494),#8506,.T.);
#8494 = FACE_BOUND('',#8495,.T.);
#8495 = EDGE_LOOP('',(#8496,#8497,#8498,#8505));
#8496 = ORIENTED_EDGE('',*,*,#4754,.F.);
#8497 = ORIENTED_EDGE('',*,*,#8483,.T.);
#8498 = ORIENTED_EDGE('',*,*,#8499,.F.);
#8499 = EDGE_CURVE('',#8370,#8476,#8500,.T.);
#8500 = CIRCLE('',#8501,0.5);
#8501 = AXIS2_PLACEMENT_3D('',#8502,#8503,#8504);
#8502 = CARTESIAN_POINT('',(164.75630014539,190.20000000223,
    121.95715890731));
#8503 = DIRECTION('',(-1.3053E-13,-1.,1.39E-15));
#8504 = DIRECTION('',(0.500000000324,-6.64687753533E-14,-0.866025403597)
  );
#8505 = ORIENTED_EDGE('',*,*,#8369,.F.);
#8506 = CYLINDRICAL_SURFACE('',#8507,0.5);
#8507 = AXIS2_PLACEMENT_3D('',#8508,#8509,#8510);
#8508 = CARTESIAN_POINT('',(164.75630014539,192.20000000223,
    121.95715890731));
#8509 = DIRECTION('',(-1.3101E-13,-1.,1.25E-15));
#8510 = DIRECTION('',(0.500000000324,-6.658753179695E-14,-0.866025403597
    ));
#8511 = ADVANCED_FACE('',(#8512),#8537,.T.);
#8512 = FACE_BOUND('',#8513,.T.);
#8513 = EDGE_LOOP('',(#8514,#8515,#8523,#8531));
#8514 = ORIENTED_EDGE('',*,*,#4763,.F.);
#8515 = ORIENTED_EDGE('',*,*,#8516,.T.);
#8516 = EDGE_CURVE('',#4764,#8517,#8519,.T.);
#8517 = VERTEX_POINT('',#8518);
#8518 = CARTESIAN_POINT('',(212.38015884893,190.20000000222,
    95.990171609208));
#8519 = LINE('',#8520,#8521);
#8520 = CARTESIAN_POINT('',(212.38015884893,192.20000000222,
    95.990171609208));
#8521 = VECTOR('',#8522,1.);
#8522 = DIRECTION('',(-1.3045E-13,-1.,1.25E-15));
#8523 = ORIENTED_EDGE('',*,*,#8524,.F.);
#8524 = EDGE_CURVE('',#8525,#8517,#8527,.T.);
#8525 = VERTEX_POINT('',#8526);
#8526 = CARTESIAN_POINT('',(220.34322950886,190.20000000222,
    100.58765259829));
#8527 = LINE('',#8528,#8529);
#8528 = CARTESIAN_POINT('',(220.34322950886,190.20000000222,
    100.58765259829));
#8529 = VECTOR('',#8530,1.);
#8530 = DIRECTION('',(-0.866025403784,1.1235E-13,-0.5));
#8531 = ORIENTED_EDGE('',*,*,#8532,.F.);
#8532 = EDGE_CURVE('',#4766,#8525,#8533,.T.);
#8533 = LINE('',#8534,#8535);
#8534 = CARTESIAN_POINT('',(220.34322950886,192.20000000222,
    100.58765259829));
#8535 = VECTOR('',#8536,1.);
#8536 = DIRECTION('',(-1.3045E-13,-1.,1.25E-15));
#8537 = PLANE('',#8538);
#8538 = AXIS2_PLACEMENT_3D('',#8539,#8540,#8541);
#8539 = CARTESIAN_POINT('',(220.34322950886,192.20000000222,
    100.58765259829));
#8540 = DIRECTION('',(-0.5,6.631E-14,0.866025403784));
#8541 = DIRECTION('',(-0.866025403784,1.1235E-13,-0.5));
#8542 = ADVANCED_FACE('',(#8543),#8562,.T.);
#8543 = FACE_BOUND('',#8544,.T.);
#8544 = EDGE_LOOP('',(#8545,#8546,#8547,#8556));
#8545 = ORIENTED_EDGE('',*,*,#4773,.F.);
#8546 = ORIENTED_EDGE('',*,*,#8532,.T.);
#8547 = ORIENTED_EDGE('',*,*,#8548,.F.);
#8548 = EDGE_CURVE('',#8549,#8525,#8551,.T.);
#8549 = VERTEX_POINT('',#8550);
#8550 = CARTESIAN_POINT('',(221.84322950883,190.20000000222,
    100.58765259829));
#8551 = CIRCLE('',#8552,1.499999999971);
#8552 = AXIS2_PLACEMENT_3D('',#8553,#8554,#8555);
#8553 = CARTESIAN_POINT('',(221.09322950885,190.20000000222,
    99.288614492643));
#8554 = DIRECTION('',(-1.3053E-13,-1.,1.39E-15));
#8555 = DIRECTION('',(0.5,-6.406122468874E-14,0.866025403784));
#8556 = ORIENTED_EDGE('',*,*,#8557,.F.);
#8557 = EDGE_CURVE('',#4774,#8549,#8558,.T.);
#8558 = LINE('',#8559,#8560);
#8559 = CARTESIAN_POINT('',(221.84322950883,192.20000000222,
    100.58765259829));
#8560 = VECTOR('',#8561,1.);
#8561 = DIRECTION('',(-1.3045E-13,-1.,1.25E-15));
#8562 = CYLINDRICAL_SURFACE('',#8563,1.499999999971);
#8563 = AXIS2_PLACEMENT_3D('',#8564,#8565,#8566);
#8564 = CARTESIAN_POINT('',(221.09322950885,192.20000000222,
    99.288614492643));
#8565 = DIRECTION('',(-1.3045E-13,-1.,1.25E-15));
#8566 = DIRECTION('',(0.5,-6.414246824527E-14,0.866025403784));
#8567 = ADVANCED_FACE('',(#8568),#8586,.T.);
#8568 = FACE_BOUND('',#8569,.T.);
#8569 = EDGE_LOOP('',(#8570,#8571,#8572,#8580));
#8570 = ORIENTED_EDGE('',*,*,#4782,.F.);
#8571 = ORIENTED_EDGE('',*,*,#8557,.T.);
#8572 = ORIENTED_EDGE('',*,*,#8573,.F.);
#8573 = EDGE_CURVE('',#8574,#8549,#8576,.T.);
#8574 = VERTEX_POINT('',#8575);
#8575 = CARTESIAN_POINT('',(229.80630016876,190.20000000222,
    95.990171609208));
#8576 = LINE('',#8577,#8578);
#8577 = CARTESIAN_POINT('',(229.80630016876,190.20000000222,
    95.990171609208));
#8578 = VECTOR('',#8579,1.);
#8579 = DIRECTION('',(-0.866025403784,1.1374E-13,0.5));
#8580 = ORIENTED_EDGE('',*,*,#8581,.F.);
#8581 = EDGE_CURVE('',#4783,#8574,#8582,.T.);
#8582 = LINE('',#8583,#8584);
#8583 = CARTESIAN_POINT('',(229.80630016876,192.20000000222,
    95.990171609208));
#8584 = VECTOR('',#8585,1.);
#8585 = DIRECTION('',(-1.3045E-13,-1.,1.25E-15));
#8586 = PLANE('',#8587);
#8587 = AXIS2_PLACEMENT_3D('',#8588,#8589,#8590);
#8588 = CARTESIAN_POINT('',(229.80630016876,192.20000000222,
    95.990171609208));
#8589 = DIRECTION('',(0.5,-6.415E-14,0.866025403784));
#8590 = DIRECTION('',(-0.866025403784,1.1374E-13,0.5));
#8591 = ADVANCED_FACE('',(#8592),#8611,.T.);
#8592 = FACE_BOUND('',#8593,.T.);
#8593 = EDGE_LOOP('',(#8594,#8595,#8596,#8605));
#8594 = ORIENTED_EDGE('',*,*,#4790,.F.);
#8595 = ORIENTED_EDGE('',*,*,#8581,.T.);
#8596 = ORIENTED_EDGE('',*,*,#8597,.F.);
#8597 = EDGE_CURVE('',#8598,#8574,#8600,.T.);
#8598 = VERTEX_POINT('',#8599);
#8599 = CARTESIAN_POINT('',(229.55630016876,190.20000000222,
    95.057158907316));
#8600 = CIRCLE('',#8601,0.5);
#8601 = AXIS2_PLACEMENT_3D('',#8602,#8603,#8604);
#8602 = CARTESIAN_POINT('',(229.55630016876,190.20000000222,
    95.557158907316));
#8603 = DIRECTION('',(-1.3053E-13,-1.,1.39E-15));
#8604 = DIRECTION('',(2.E-16,-1.39E-15,-1.));
#8605 = ORIENTED_EDGE('',*,*,#8606,.F.);
#8606 = EDGE_CURVE('',#4791,#8598,#8607,.T.);
#8607 = LINE('',#8608,#8609);
#8608 = CARTESIAN_POINT('',(229.55630016876,192.20000000222,
    95.057158907316));
#8609 = VECTOR('',#8610,1.);
#8610 = DIRECTION('',(-1.3045E-13,-1.,1.25E-15));
#8611 = CYLINDRICAL_SURFACE('',#8612,0.5);
#8612 = AXIS2_PLACEMENT_3D('',#8613,#8614,#8615);
#8613 = CARTESIAN_POINT('',(229.55630016876,192.20000000222,
    95.557158907316));
#8614 = DIRECTION('',(-1.3045E-13,-1.,1.25E-15));
#8615 = DIRECTION('',(2.E-16,-1.25E-15,-1.));
#8616 = ADVANCED_FACE('',(#8617),#8635,.T.);
#8617 = FACE_BOUND('',#8618,.T.);
#8618 = EDGE_LOOP('',(#8619,#8620,#8621,#8629));
#8619 = ORIENTED_EDGE('',*,*,#4799,.F.);
#8620 = ORIENTED_EDGE('',*,*,#8606,.T.);
#8621 = ORIENTED_EDGE('',*,*,#8622,.F.);
#8622 = EDGE_CURVE('',#8623,#8598,#8625,.T.);
#8623 = VERTEX_POINT('',#8624);
#8624 = CARTESIAN_POINT('',(212.63015884893,190.20000000222,
    95.057158907316));
#8625 = LINE('',#8626,#8627);
#8626 = CARTESIAN_POINT('',(212.63015884893,190.20000000222,
    95.057158907316));
#8627 = VECTOR('',#8628,1.);
#8628 = DIRECTION('',(1.,-1.3053E-13,-5.9E-16));
#8629 = ORIENTED_EDGE('',*,*,#8630,.F.);
#8630 = EDGE_CURVE('',#4800,#8623,#8631,.T.);
#8631 = LINE('',#8632,#8633);
#8632 = CARTESIAN_POINT('',(212.63015884893,192.20000000222,
    95.057158907316));
#8633 = VECTOR('',#8634,1.);
#8634 = DIRECTION('',(-1.3045E-13,-1.,1.25E-15));
#8635 = PLANE('',#8636);
#8636 = AXIS2_PLACEMENT_3D('',#8637,#8638,#8639);
#8637 = CARTESIAN_POINT('',(212.63015884893,192.20000000222,
    95.057158907316));
#8638 = DIRECTION('',(-5.9E-16,-1.25E-15,-1.));
#8639 = DIRECTION('',(1.,-1.3053E-13,-5.899999999998E-16));
#8640 = ADVANCED_FACE('',(#8641),#8653,.T.);
#8641 = FACE_BOUND('',#8642,.T.);
#8642 = EDGE_LOOP('',(#8643,#8644,#8645,#8652));
#8643 = ORIENTED_EDGE('',*,*,#4807,.F.);
#8644 = ORIENTED_EDGE('',*,*,#8630,.T.);
#8645 = ORIENTED_EDGE('',*,*,#8646,.F.);
#8646 = EDGE_CURVE('',#8517,#8623,#8647,.T.);
#8647 = CIRCLE('',#8648,0.5);
#8648 = AXIS2_PLACEMENT_3D('',#8649,#8650,#8651);
#8649 = CARTESIAN_POINT('',(212.63015884893,190.20000000222,
    95.557158907316));
#8650 = DIRECTION('',(-1.3053E-13,-1.,1.39E-15));
#8651 = DIRECTION('',(-0.5,6.646877531126E-14,0.866025403784));
#8652 = ORIENTED_EDGE('',*,*,#8516,.F.);
#8653 = CYLINDRICAL_SURFACE('',#8654,0.5);
#8654 = AXIS2_PLACEMENT_3D('',#8655,#8656,#8657);
#8655 = CARTESIAN_POINT('',(212.63015884893,192.20000000222,
    95.557158907316));
#8656 = DIRECTION('',(-1.3045E-13,-1.,1.25E-15));
#8657 = DIRECTION('',(-0.5,6.630753175473E-14,0.866025403784));
#8658 = ADVANCED_FACE('',(#8659),#8684,.T.);
#8659 = FACE_BOUND('',#8660,.T.);
#8660 = EDGE_LOOP('',(#8661,#8662,#8670,#8678));
#8661 = ORIENTED_EDGE('',*,*,#4830,.F.);
#8662 = ORIENTED_EDGE('',*,*,#8663,.T.);
#8663 = EDGE_CURVE('',#4831,#8664,#8666,.T.);
#8664 = VERTEX_POINT('',#8665);
#8665 = CARTESIAN_POINT('',(190.78015884067,190.20000000223,
    95.990171609208));
#8666 = LINE('',#8667,#8668);
#8667 = CARTESIAN_POINT('',(190.78015884067,192.20000000223,
    95.990171609208));
#8668 = VECTOR('',#8669,1.);
#8669 = DIRECTION('',(-1.3101E-13,-1.,1.25E-15));
#8670 = ORIENTED_EDGE('',*,*,#8671,.F.);
#8671 = EDGE_CURVE('',#8672,#8664,#8674,.T.);
#8672 = VERTEX_POINT('',#8673);
#8673 = CARTESIAN_POINT('',(198.74322950886,190.20000000223,
    100.58765260306));
#8674 = LINE('',#8675,#8676);
#8675 = CARTESIAN_POINT('',(198.74322950886,190.20000000223,
    100.58765260306));
#8676 = VECTOR('',#8677,1.);
#8677 = DIRECTION('',(-0.866025403784,1.1211E-13,-0.5));
#8678 = ORIENTED_EDGE('',*,*,#8679,.F.);
#8679 = EDGE_CURVE('',#4833,#8672,#8680,.T.);
#8680 = LINE('',#8681,#8682);
#8681 = CARTESIAN_POINT('',(198.74322950886,192.20000000223,
    100.58765260306));
#8682 = VECTOR('',#8683,1.);
#8683 = DIRECTION('',(-1.3101E-13,-1.,1.25E-15));
#8684 = PLANE('',#8685);
#8685 = AXIS2_PLACEMENT_3D('',#8686,#8687,#8688);
#8686 = CARTESIAN_POINT('',(198.74322950886,192.20000000223,
    100.58765260306));
#8687 = DIRECTION('',(-0.5,6.658E-14,0.866025403784));
#8688 = DIRECTION('',(-0.866025403784,1.1211E-13,-0.5));
#8689 = ADVANCED_FACE('',(#8690),#8709,.T.);
#8690 = FACE_BOUND('',#8691,.T.);
#8691 = EDGE_LOOP('',(#8692,#8693,#8694,#8703));
#8692 = ORIENTED_EDGE('',*,*,#4840,.F.);
#8693 = ORIENTED_EDGE('',*,*,#8679,.T.);
#8694 = ORIENTED_EDGE('',*,*,#8695,.F.);
#8695 = EDGE_CURVE('',#8696,#8672,#8698,.T.);
#8696 = VERTEX_POINT('',#8697);
#8697 = CARTESIAN_POINT('',(200.24322950883,190.20000000223,
    100.58765260306));
#8698 = CIRCLE('',#8699,1.499999999971);
#8699 = AXIS2_PLACEMENT_3D('',#8700,#8701,#8702);
#8700 = CARTESIAN_POINT('',(199.49322950885,190.20000000223,
    99.288614497413));
#8701 = DIRECTION('',(-1.3053E-13,-1.,1.39E-15));
#8702 = DIRECTION('',(0.5,-6.406122468874E-14,0.866025403784));
#8703 = ORIENTED_EDGE('',*,*,#8704,.F.);
#8704 = EDGE_CURVE('',#4841,#8696,#8705,.T.);
#8705 = LINE('',#8706,#8707);
#8706 = CARTESIAN_POINT('',(200.24322950883,192.20000000223,
    100.58765260306));
#8707 = VECTOR('',#8708,1.);
#8708 = DIRECTION('',(-1.3101E-13,-1.,1.25E-15));
#8709 = CYLINDRICAL_SURFACE('',#8710,1.499999999971);
#8710 = AXIS2_PLACEMENT_3D('',#8711,#8712,#8713);
#8711 = CARTESIAN_POINT('',(199.49322950885,192.20000000223,
    99.288614497413));
#8712 = DIRECTION('',(-1.3101E-13,-1.,1.25E-15));
#8713 = DIRECTION('',(0.5,-6.442246824527E-14,0.866025403784));
#8714 = ADVANCED_FACE('',(#8715),#8733,.T.);
#8715 = FACE_BOUND('',#8716,.T.);
#8716 = EDGE_LOOP('',(#8717,#8718,#8719,#8727));
#8717 = ORIENTED_EDGE('',*,*,#4849,.F.);
#8718 = ORIENTED_EDGE('',*,*,#8704,.T.);
#8719 = ORIENTED_EDGE('',*,*,#8720,.F.);
#8720 = EDGE_CURVE('',#8721,#8696,#8723,.T.);
#8721 = VERTEX_POINT('',#8722);
#8722 = CARTESIAN_POINT('',(208.20630017702,190.20000000223,
    95.990171609208));
#8723 = LINE('',#8724,#8725);
#8724 = CARTESIAN_POINT('',(208.20630017702,190.20000000223,
    95.990171609208));
#8725 = VECTOR('',#8726,1.);
#8726 = DIRECTION('',(-0.866025403784,1.1398E-13,0.5));
#8727 = ORIENTED_EDGE('',*,*,#8728,.F.);
#8728 = EDGE_CURVE('',#4850,#8721,#8729,.T.);
#8729 = LINE('',#8730,#8731);
#8730 = CARTESIAN_POINT('',(208.20630017702,192.20000000223,
    95.990171609208));
#8731 = VECTOR('',#8732,1.);
#8732 = DIRECTION('',(-1.3101E-13,-1.,1.25E-15));
#8733 = PLANE('',#8734);
#8734 = AXIS2_PLACEMENT_3D('',#8735,#8736,#8737);
#8735 = CARTESIAN_POINT('',(208.20630017702,192.20000000223,
    95.990171609208));
#8736 = DIRECTION('',(0.5,-6.442E-14,0.866025403784));
#8737 = DIRECTION('',(-0.866025403784,1.1398E-13,0.5));
#8738 = ADVANCED_FACE('',(#8739),#8758,.T.);
#8739 = FACE_BOUND('',#8740,.T.);
#8740 = EDGE_LOOP('',(#8741,#8742,#8743,#8752));
#8741 = ORIENTED_EDGE('',*,*,#4857,.F.);
#8742 = ORIENTED_EDGE('',*,*,#8728,.T.);
#8743 = ORIENTED_EDGE('',*,*,#8744,.F.);
#8744 = EDGE_CURVE('',#8745,#8721,#8747,.T.);
#8745 = VERTEX_POINT('',#8746);
#8746 = CARTESIAN_POINT('',(207.95630017702,190.20000000223,
    95.057158907316));
#8747 = CIRCLE('',#8748,0.5);
#8748 = AXIS2_PLACEMENT_3D('',#8749,#8750,#8751);
#8749 = CARTESIAN_POINT('',(207.95630017702,190.20000000223,
    95.557158907316));
#8750 = DIRECTION('',(-1.3053E-13,-1.,1.39E-15));
#8751 = DIRECTION('',(2.E-16,-1.39E-15,-1.));
#8752 = ORIENTED_EDGE('',*,*,#8753,.F.);
#8753 = EDGE_CURVE('',#4858,#8745,#8754,.T.);
#8754 = LINE('',#8755,#8756);
#8755 = CARTESIAN_POINT('',(207.95630017702,192.20000000223,
    95.057158907316));
#8756 = VECTOR('',#8757,1.);
#8757 = DIRECTION('',(-1.3101E-13,-1.,1.25E-15));
#8758 = CYLINDRICAL_SURFACE('',#8759,0.5);
#8759 = AXIS2_PLACEMENT_3D('',#8760,#8761,#8762);
#8760 = CARTESIAN_POINT('',(207.95630017702,192.20000000223,
    95.557158907316));
#8761 = DIRECTION('',(-1.3101E-13,-1.,1.25E-15));
#8762 = DIRECTION('',(2.E-16,-1.25E-15,-1.));
#8763 = ADVANCED_FACE('',(#8764),#8782,.T.);
#8764 = FACE_BOUND('',#8765,.T.);
#8765 = EDGE_LOOP('',(#8766,#8767,#8768,#8776));
#8766 = ORIENTED_EDGE('',*,*,#4866,.F.);
#8767 = ORIENTED_EDGE('',*,*,#8753,.T.);
#8768 = ORIENTED_EDGE('',*,*,#8769,.F.);
#8769 = EDGE_CURVE('',#8770,#8745,#8772,.T.);
#8770 = VERTEX_POINT('',#8771);
#8771 = CARTESIAN_POINT('',(191.03015884067,190.20000000223,
    95.057158907316));
#8772 = LINE('',#8773,#8774);
#8773 = CARTESIAN_POINT('',(191.03015884067,190.20000000223,
    95.057158907316));
#8774 = VECTOR('',#8775,1.);
#8775 = DIRECTION('',(1.,-1.3053E-13,-5.9E-16));
#8776 = ORIENTED_EDGE('',*,*,#8777,.F.);
#8777 = EDGE_CURVE('',#4867,#8770,#8778,.T.);
#8778 = LINE('',#8779,#8780);
#8779 = CARTESIAN_POINT('',(191.03015884067,192.20000000223,
    95.057158907316));
#8780 = VECTOR('',#8781,1.);
#8781 = DIRECTION('',(-1.3101E-13,-1.,1.25E-15));
#8782 = PLANE('',#8783);
#8783 = AXIS2_PLACEMENT_3D('',#8784,#8785,#8786);
#8784 = CARTESIAN_POINT('',(191.03015884067,192.20000000223,
    95.057158907316));
#8785 = DIRECTION('',(-5.9E-16,-1.25E-15,-1.));
#8786 = DIRECTION('',(1.,-1.3053E-13,-5.899999999998E-16));
#8787 = ADVANCED_FACE('',(#8788),#8800,.T.);
#8788 = FACE_BOUND('',#8789,.T.);
#8789 = EDGE_LOOP('',(#8790,#8791,#8792,#8799));
#8790 = ORIENTED_EDGE('',*,*,#4874,.F.);
#8791 = ORIENTED_EDGE('',*,*,#8777,.T.);
#8792 = ORIENTED_EDGE('',*,*,#8793,.F.);
#8793 = EDGE_CURVE('',#8664,#8770,#8794,.T.);
#8794 = CIRCLE('',#8795,0.5);
#8795 = AXIS2_PLACEMENT_3D('',#8796,#8797,#8798);
#8796 = CARTESIAN_POINT('',(191.03015884067,190.20000000223,
    95.557158907316));
#8797 = DIRECTION('',(-1.3053E-13,-1.,1.39E-15));
#8798 = DIRECTION('',(-0.5,6.646877531126E-14,0.866025403784));
#8799 = ORIENTED_EDGE('',*,*,#8663,.F.);
#8800 = CYLINDRICAL_SURFACE('',#8801,0.5);
#8801 = AXIS2_PLACEMENT_3D('',#8802,#8803,#8804);
#8802 = CARTESIAN_POINT('',(191.03015884067,192.20000000223,
    95.557158907316));
#8803 = DIRECTION('',(-1.3101E-13,-1.,1.25E-15));
#8804 = DIRECTION('',(-0.5,6.658753175473E-14,0.866025403784));
#8805 = ADVANCED_FACE('',(#8806),#8831,.T.);
#8806 = FACE_BOUND('',#8807,.T.);
#8807 = EDGE_LOOP('',(#8808,#8809,#8817,#8825));
#8808 = ORIENTED_EDGE('',*,*,#4883,.F.);
#8809 = ORIENTED_EDGE('',*,*,#8810,.T.);
#8810 = EDGE_CURVE('',#4884,#8811,#8813,.T.);
#8811 = VERTEX_POINT('',#8812);
#8812 = CARTESIAN_POINT('',(241.94322950888,190.20000000222,
    116.9266652068));
#8813 = LINE('',#8814,#8815);
#8814 = CARTESIAN_POINT('',(241.94322950888,192.20000000222,
    116.9266652068));
#8815 = VECTOR('',#8816,1.);
#8816 = DIRECTION('',(-1.3101E-13,-1.,1.25E-15));
#8817 = ORIENTED_EDGE('',*,*,#8818,.F.);
#8818 = EDGE_CURVE('',#8819,#8811,#8821,.T.);
#8819 = VERTEX_POINT('',#8820);
#8820 = CARTESIAN_POINT('',(233.98015883244,190.20000000222,
    121.52414620542));
#8821 = LINE('',#8822,#8823);
#8822 = CARTESIAN_POINT('',(233.98015883244,190.20000000222,
    121.52414620542));
#8823 = VECTOR('',#8824,1.);
#8824 = DIRECTION('',(0.866025403784,-1.136E-13,-0.5));
#8825 = ORIENTED_EDGE('',*,*,#8826,.F.);
#8826 = EDGE_CURVE('',#4886,#8819,#8827,.T.);
#8827 = LINE('',#8828,#8829);
#8828 = CARTESIAN_POINT('',(233.98015883244,192.20000000222,
    121.52414620542));
#8829 = VECTOR('',#8830,1.);
#8830 = DIRECTION('',(-1.3101E-13,-1.,1.25E-15));
#8831 = PLANE('',#8832);
#8832 = AXIS2_PLACEMENT_3D('',#8833,#8834,#8835);
#8833 = CARTESIAN_POINT('',(233.98015883244,192.20000000222,
    121.52414620542));
#8834 = DIRECTION('',(-0.5,6.442E-14,-0.866025403784));
#8835 = DIRECTION('',(0.866025403784,-1.136E-13,-0.5));
#8836 = ADVANCED_FACE('',(#8837),#8856,.T.);
#8837 = FACE_BOUND('',#8838,.T.);
#8838 = EDGE_LOOP('',(#8839,#8840,#8841,#8850));
#8839 = ORIENTED_EDGE('',*,*,#4893,.F.);
#8840 = ORIENTED_EDGE('',*,*,#8826,.T.);
#8841 = ORIENTED_EDGE('',*,*,#8842,.F.);
#8842 = EDGE_CURVE('',#8843,#8819,#8845,.T.);
#8843 = VERTEX_POINT('',#8844);
#8844 = CARTESIAN_POINT('',(234.23015883244,190.20000000222,
    122.45715890731));
#8845 = CIRCLE('',#8846,0.5);
#8846 = AXIS2_PLACEMENT_3D('',#8847,#8848,#8849);
#8847 = CARTESIAN_POINT('',(234.23015883244,190.20000000222,
    121.95715890731));
#8848 = DIRECTION('',(-1.3053E-13,-1.,-3.05E-15));
#8849 = DIRECTION('',(-1.796E-14,-3.049999999998E-15,1.));
#8850 = ORIENTED_EDGE('',*,*,#8851,.F.);
#8851 = EDGE_CURVE('',#4894,#8843,#8852,.T.);
#8852 = LINE('',#8853,#8854);
#8853 = CARTESIAN_POINT('',(234.23015883244,192.20000000222,
    122.45715890731));
#8854 = VECTOR('',#8855,1.);
#8855 = DIRECTION('',(-1.3101E-13,-1.,1.25E-15));
#8856 = CYLINDRICAL_SURFACE('',#8857,0.5);
#8857 = AXIS2_PLACEMENT_3D('',#8858,#8859,#8860);
#8858 = CARTESIAN_POINT('',(234.23015883244,192.20000000222,
    121.95715890731));
#8859 = DIRECTION('',(-1.3101E-13,-1.,1.25E-15));
#8860 = DIRECTION('',(-1.796E-14,1.250000000002E-15,1.));
#8861 = ADVANCED_FACE('',(#8862),#8880,.T.);
#8862 = FACE_BOUND('',#8863,.T.);
#8863 = EDGE_LOOP('',(#8864,#8865,#8866,#8874));
#8864 = ORIENTED_EDGE('',*,*,#4902,.F.);
#8865 = ORIENTED_EDGE('',*,*,#8851,.T.);
#8866 = ORIENTED_EDGE('',*,*,#8867,.F.);
#8867 = EDGE_CURVE('',#8868,#8843,#8870,.T.);
#8868 = VERTEX_POINT('',#8869);
#8869 = CARTESIAN_POINT('',(251.15630017843,190.20000000222,
    122.45715890731));
#8870 = LINE('',#8871,#8872);
#8871 = CARTESIAN_POINT('',(251.15630017843,190.20000000222,
    122.45715890731));
#8872 = VECTOR('',#8873,1.);
#8873 = DIRECTION('',(-1.,1.304E-13,2.342E-14));
#8874 = ORIENTED_EDGE('',*,*,#8875,.F.);
#8875 = EDGE_CURVE('',#4903,#8868,#8876,.T.);
#8876 = LINE('',#8877,#8878);
#8877 = CARTESIAN_POINT('',(251.15630017843,192.20000000222,
    122.45715890731));
#8878 = VECTOR('',#8879,1.);
#8879 = DIRECTION('',(-1.3101E-13,-1.,1.25E-15));
#8880 = PLANE('',#8881);
#8881 = AXIS2_PLACEMENT_3D('',#8882,#8883,#8884);
#8882 = CARTESIAN_POINT('',(251.15630017843,192.20000000222,
    122.45715890731));
#8883 = DIRECTION('',(2.342E-14,1.25E-15,1.));
#8884 = DIRECTION('',(-1.,1.304E-13,2.342E-14));
#8885 = ADVANCED_FACE('',(#8886),#8905,.T.);
#8886 = FACE_BOUND('',#8887,.T.);
#8887 = EDGE_LOOP('',(#8888,#8889,#8890,#8899));
#8888 = ORIENTED_EDGE('',*,*,#4910,.F.);
#8889 = ORIENTED_EDGE('',*,*,#8875,.T.);
#8890 = ORIENTED_EDGE('',*,*,#8891,.F.);
#8891 = EDGE_CURVE('',#8892,#8868,#8894,.T.);
#8892 = VERTEX_POINT('',#8893);
#8893 = CARTESIAN_POINT('',(251.4063001786,190.20000000222,
    121.52414620551));
#8894 = CIRCLE('',#8895,0.5);
#8895 = AXIS2_PLACEMENT_3D('',#8896,#8897,#8898);
#8896 = CARTESIAN_POINT('',(251.15630017843,190.20000000222,
    121.95715890731));
#8897 = DIRECTION('',(-1.3053E-13,-1.,1.39E-15));
#8898 = DIRECTION('',(0.500000000324,-6.646877535328E-14,-0.866025403597
    ));
#8899 = ORIENTED_EDGE('',*,*,#8900,.F.);
#8900 = EDGE_CURVE('',#4911,#8892,#8901,.T.);
#8901 = LINE('',#8902,#8903);
#8902 = CARTESIAN_POINT('',(251.4063001786,192.20000000222,
    121.52414620551));
#8903 = VECTOR('',#8904,1.);
#8904 = DIRECTION('',(-1.3101E-13,-1.,1.25E-15));
#8905 = CYLINDRICAL_SURFACE('',#8906,0.5);
#8906 = AXIS2_PLACEMENT_3D('',#8907,#8908,#8909);
#8907 = CARTESIAN_POINT('',(251.15630017843,192.20000000222,
    121.95715890731));
#8908 = DIRECTION('',(-1.3101E-13,-1.,1.25E-15));
#8909 = DIRECTION('',(0.500000000324,-6.658753179694E-14,-0.866025403597
    ));
#8910 = ADVANCED_FACE('',(#8911),#8929,.T.);
#8911 = FACE_BOUND('',#8912,.T.);
#8912 = EDGE_LOOP('',(#8913,#8914,#8915,#8923));
#8913 = ORIENTED_EDGE('',*,*,#4919,.F.);
#8914 = ORIENTED_EDGE('',*,*,#8900,.T.);
#8915 = ORIENTED_EDGE('',*,*,#8916,.F.);
#8916 = EDGE_CURVE('',#8917,#8892,#8919,.T.);
#8917 = VERTEX_POINT('',#8918);
#8918 = CARTESIAN_POINT('',(243.44322950888,190.20000000222,
    116.9266652068));
#8919 = LINE('',#8920,#8921);
#8920 = CARTESIAN_POINT('',(243.44322950888,190.20000000222,
    116.9266652068));
#8921 = VECTOR('',#8922,1.);
#8922 = DIRECTION('',(0.866025403597,-1.1259E-13,0.500000000324));
#8923 = ORIENTED_EDGE('',*,*,#8924,.F.);
#8924 = EDGE_CURVE('',#4920,#8917,#8925,.T.);
#8925 = LINE('',#8926,#8927);
#8926 = CARTESIAN_POINT('',(243.44322950888,192.20000000222,
    116.9266652068));
#8927 = VECTOR('',#8928,1.);
#8928 = DIRECTION('',(-1.3101E-13,-1.,1.25E-15));
#8929 = PLANE('',#8930);
#8930 = AXIS2_PLACEMENT_3D('',#8931,#8932,#8933);
#8931 = CARTESIAN_POINT('',(243.44322950888,192.20000000222,
    116.9266652068));
#8932 = DIRECTION('',(0.500000000324,-6.658E-14,-0.866025403597));
#8933 = DIRECTION('',(0.866025403597,-1.1259E-13,0.500000000324));
#8934 = ADVANCED_FACE('',(#8935),#8947,.T.);
#8935 = FACE_BOUND('',#8936,.T.);
#8936 = EDGE_LOOP('',(#8937,#8938,#8939,#8946));
#8937 = ORIENTED_EDGE('',*,*,#4927,.F.);
#8938 = ORIENTED_EDGE('',*,*,#8924,.T.);
#8939 = ORIENTED_EDGE('',*,*,#8940,.F.);
#8940 = EDGE_CURVE('',#8811,#8917,#8941,.T.);
#8941 = CIRCLE('',#8942,1.499999999995);
#8942 = AXIS2_PLACEMENT_3D('',#8943,#8944,#8945);
#8943 = CARTESIAN_POINT('',(242.69322950888,190.20000000222,
    118.22570331247));
#8944 = DIRECTION('',(-1.3053E-13,-1.,1.39E-15));
#8945 = DIRECTION('',(-0.5,6.406122468874E-14,-0.866025403784));
#8946 = ORIENTED_EDGE('',*,*,#8810,.F.);
#8947 = CYLINDRICAL_SURFACE('',#8948,1.499999999995);
#8948 = AXIS2_PLACEMENT_3D('',#8949,#8950,#8951);
#8949 = CARTESIAN_POINT('',(242.69322950888,192.20000000222,
    118.22570331247));
#8950 = DIRECTION('',(-1.3101E-13,-1.,1.25E-15));
#8951 = DIRECTION('',(-0.5,6.442246824527E-14,-0.866025403784));
#8952 = ADVANCED_FACE('',(#8953),#8978,.T.);
#8953 = FACE_BOUND('',#8954,.T.);
#8954 = EDGE_LOOP('',(#8955,#8956,#8964,#8972));
#8955 = ORIENTED_EDGE('',*,*,#4936,.F.);
#8956 = ORIENTED_EDGE('',*,*,#8957,.T.);
#8957 = EDGE_CURVE('',#4937,#8958,#8960,.T.);
#8958 = VERTEX_POINT('',#8959);
#8959 = CARTESIAN_POINT('',(273.34322950886,190.20000000222,
    98.797866749474));
#8960 = LINE('',#8961,#8962);
#8961 = CARTESIAN_POINT('',(273.34322950886,192.20000000222,
    98.797866749474));
#8962 = VECTOR('',#8963,1.);
#8963 = DIRECTION('',(-1.2879E-13,-1.,1.25E-15));
#8964 = ORIENTED_EDGE('',*,*,#8965,.F.);
#8965 = EDGE_CURVE('',#8966,#8958,#8968,.T.);
#8966 = VERTEX_POINT('',#8967);
#8967 = CARTESIAN_POINT('',(266.34322951268,190.20000000222,
    102.83931863159));
#8968 = LINE('',#8969,#8970);
#8969 = CARTESIAN_POINT('',(266.34322951268,190.20000000222,
    102.83931863159));
#8970 = VECTOR('',#8971,1.);
#8971 = DIRECTION('',(0.866025403784,-1.1374E-13,-0.5));
#8972 = ORIENTED_EDGE('',*,*,#8973,.F.);
#8973 = EDGE_CURVE('',#4939,#8966,#8974,.T.);
#8974 = LINE('',#8975,#8976);
#8975 = CARTESIAN_POINT('',(266.34322951268,192.20000000222,
    102.83931863159));
#8976 = VECTOR('',#8977,1.);
#8977 = DIRECTION('',(-1.2879E-13,-1.,1.25E-15));
#8978 = PLANE('',#8979);
#8979 = AXIS2_PLACEMENT_3D('',#8980,#8981,#8982);
#8980 = CARTESIAN_POINT('',(266.34322951268,192.20000000222,
    102.83931863159));
#8981 = DIRECTION('',(-0.5,6.331E-14,-0.866025403784));
#8982 = DIRECTION('',(0.866025403784,-1.1374E-13,-0.5));
#8983 = ADVANCED_FACE('',(#8984),#9003,.T.);
#8984 = FACE_BOUND('',#8985,.T.);
#8985 = EDGE_LOOP('',(#8986,#8987,#8988,#8997));
#8986 = ORIENTED_EDGE('',*,*,#4946,.F.);
#8987 = ORIENTED_EDGE('',*,*,#8973,.T.);
#8988 = ORIENTED_EDGE('',*,*,#8989,.F.);
#8989 = EDGE_CURVE('',#8990,#8966,#8992,.T.);
#8990 = VERTEX_POINT('',#8991);
#8991 = CARTESIAN_POINT('',(265.59322950885,190.20000000222,
    104.1383567439));
#8992 = CIRCLE('',#8993,1.500000007649);
#8993 = AXIS2_PLACEMENT_3D('',#8994,#8995,#8996);
#8994 = CARTESIAN_POINT('',(267.0932295165,190.20000000222,
    104.1383567439));
#8995 = DIRECTION('',(-1.3053E-13,-1.,1.39E-15));
#8996 = DIRECTION('',(-1.,1.3053E-13,3.237E-14));
#8997 = ORIENTED_EDGE('',*,*,#8998,.F.);
#8998 = EDGE_CURVE('',#4947,#8990,#8999,.T.);
#8999 = LINE('',#9000,#9001);
#9000 = CARTESIAN_POINT('',(265.59322950885,192.20000000222,
    104.1383567439));
#9001 = VECTOR('',#9002,1.);
#9002 = DIRECTION('',(-1.2879E-13,-1.,1.25E-15));
#9003 = CYLINDRICAL_SURFACE('',#9004,1.500000007649);
#9004 = AXIS2_PLACEMENT_3D('',#9005,#9006,#9007);
#9005 = CARTESIAN_POINT('',(267.0932295165,192.20000000222,
    104.1383567439));
#9006 = DIRECTION('',(-1.2879E-13,-1.,1.25E-15));
#9007 = DIRECTION('',(-1.,1.2879E-13,3.237E-14));
#9008 = ADVANCED_FACE('',(#9009),#9027,.T.);
#9009 = FACE_BOUND('',#9010,.T.);
#9010 = EDGE_LOOP('',(#9011,#9012,#9013,#9021));
#9011 = ORIENTED_EDGE('',*,*,#4955,.F.);
#9012 = ORIENTED_EDGE('',*,*,#8998,.T.);
#9013 = ORIENTED_EDGE('',*,*,#9014,.F.);
#9014 = EDGE_CURVE('',#9015,#8990,#9017,.T.);
#9015 = VERTEX_POINT('',#9016);
#9016 = CARTESIAN_POINT('',(265.59322950885,190.20000000222,
    113.37596104653));
#9017 = LINE('',#9018,#9019);
#9018 = CARTESIAN_POINT('',(265.59322950885,190.20000000222,
    113.37596104653));
#9019 = VECTOR('',#9020,1.);
#9020 = DIRECTION('',(-8.46E-15,-1.48E-15,-1.));
#9021 = ORIENTED_EDGE('',*,*,#9022,.F.);
#9022 = EDGE_CURVE('',#4956,#9015,#9023,.T.);
#9023 = LINE('',#9024,#9025);
#9024 = CARTESIAN_POINT('',(265.59322950885,192.20000000222,
    113.37596104653));
#9025 = VECTOR('',#9026,1.);
#9026 = DIRECTION('',(-1.2879E-13,-1.,1.25E-15));
#9027 = PLANE('',#9028);
#9028 = AXIS2_PLACEMENT_3D('',#9029,#9030,#9031);
#9029 = CARTESIAN_POINT('',(265.59322950885,192.20000000222,
    113.37596104653));
#9030 = DIRECTION('',(-1.,1.2879E-13,8.46E-15));
#9031 = DIRECTION('',(-8.46E-15,-1.48E-15,-1.));
#9032 = ADVANCED_FACE('',(#9033),#9052,.T.);
#9033 = FACE_BOUND('',#9034,.T.);
#9034 = EDGE_LOOP('',(#9035,#9036,#9037,#9046));
#9035 = ORIENTED_EDGE('',*,*,#4963,.F.);
#9036 = ORIENTED_EDGE('',*,*,#9022,.T.);
#9037 = ORIENTED_EDGE('',*,*,#9038,.F.);
#9038 = EDGE_CURVE('',#9039,#9015,#9041,.T.);
#9039 = VERTEX_POINT('',#9040);
#9040 = CARTESIAN_POINT('',(266.34322950885,190.20000000222,
    114.6749991522));
#9041 = CIRCLE('',#9042,1.5);
#9042 = AXIS2_PLACEMENT_3D('',#9043,#9044,#9045);
#9043 = CARTESIAN_POINT('',(267.09322950885,190.20000000222,
    113.37596104653));
#9044 = DIRECTION('',(-1.3127E-13,-1.,2.67E-15));
#9045 = DIRECTION('',(-0.5,6.794728782811E-14,0.866025403784));
#9046 = ORIENTED_EDGE('',*,*,#9047,.F.);
#9047 = EDGE_CURVE('',#4964,#9039,#9048,.T.);
#9048 = LINE('',#9049,#9050);
#9049 = CARTESIAN_POINT('',(266.34322950885,192.20000000222,
    114.6749991522));
#9050 = VECTOR('',#9051,1.);
#9051 = DIRECTION('',(-1.2879E-13,-1.,1.25E-15));
#9052 = CYLINDRICAL_SURFACE('',#9053,1.5);
#9053 = AXIS2_PLACEMENT_3D('',#9054,#9055,#9056);
#9054 = CARTESIAN_POINT('',(267.09322950885,192.20000000222,
    113.37596104653));
#9055 = DIRECTION('',(-1.2879E-13,-1.,1.25E-15));
#9056 = DIRECTION('',(-0.5,6.547753175473E-14,0.866025403784));
#9057 = ADVANCED_FACE('',(#9058),#9076,.T.);
#9058 = FACE_BOUND('',#9059,.T.);
#9059 = EDGE_LOOP('',(#9060,#9061,#9062,#9070));
#9060 = ORIENTED_EDGE('',*,*,#4972,.F.);
#9061 = ORIENTED_EDGE('',*,*,#9047,.T.);
#9062 = ORIENTED_EDGE('',*,*,#9063,.F.);
#9063 = EDGE_CURVE('',#9064,#9039,#9066,.T.);
#9064 = VERTEX_POINT('',#9065);
#9065 = CARTESIAN_POINT('',(273.34322950886,190.20000000222,
    118.71645103654));
#9066 = LINE('',#9067,#9068);
#9067 = CARTESIAN_POINT('',(273.34322950886,190.20000000222,
    118.71645103654));
#9068 = VECTOR('',#9069,1.);
#9069 = DIRECTION('',(-0.866025403784,1.1263E-13,-0.5));
#9070 = ORIENTED_EDGE('',*,*,#9071,.F.);
#9071 = EDGE_CURVE('',#4973,#9064,#9072,.T.);
#9072 = LINE('',#9073,#9074);
#9073 = CARTESIAN_POINT('',(273.34322950886,192.20000000222,
    118.71645103654));
#9074 = VECTOR('',#9075,1.);
#9075 = DIRECTION('',(-1.2879E-13,-1.,1.25E-15));
#9076 = PLANE('',#9077);
#9077 = AXIS2_PLACEMENT_3D('',#9078,#9079,#9080);
#9078 = CARTESIAN_POINT('',(273.34322950886,192.20000000222,
    118.71645103654));
#9079 = DIRECTION('',(-0.5,6.547E-14,0.866025403784));
#9080 = DIRECTION('',(-0.866025403784,1.1263E-13,-0.5));
#9081 = ADVANCED_FACE('',(#9082),#9101,.T.);
#9082 = FACE_BOUND('',#9083,.T.);
#9083 = EDGE_LOOP('',(#9084,#9085,#9086,#9095));
#9084 = ORIENTED_EDGE('',*,*,#4980,.F.);
#9085 = ORIENTED_EDGE('',*,*,#9071,.T.);
#9086 = ORIENTED_EDGE('',*,*,#9087,.F.);
#9087 = EDGE_CURVE('',#9088,#9064,#9090,.T.);
#9088 = VERTEX_POINT('',#9089);
#9089 = CARTESIAN_POINT('',(275.59322950886,190.20000000222,
    117.41741293086));
#9090 = CIRCLE('',#9091,1.5);
#9091 = AXIS2_PLACEMENT_3D('',#9092,#9093,#9094);
#9092 = CARTESIAN_POINT('',(274.09322950886,190.20000000222,
    117.41741293086));
#9093 = DIRECTION('',(-1.3053E-13,-1.,1.39E-15));
#9094 = DIRECTION('',(1.,-1.3053E-13,6.12E-15));
#9095 = ORIENTED_EDGE('',*,*,#9096,.F.);
#9096 = EDGE_CURVE('',#4981,#9088,#9097,.T.);
#9097 = LINE('',#9098,#9099);
#9098 = CARTESIAN_POINT('',(275.59322950886,192.20000000222,
    117.41741293086));
#9099 = VECTOR('',#9100,1.);
#9100 = DIRECTION('',(-1.2879E-13,-1.,1.25E-15));
#9101 = CYLINDRICAL_SURFACE('',#9102,1.5);
#9102 = AXIS2_PLACEMENT_3D('',#9103,#9104,#9105);
#9103 = CARTESIAN_POINT('',(274.09322950886,192.20000000222,
    117.41741293086));
#9104 = DIRECTION('',(-1.2879E-13,-1.,1.25E-15));
#9105 = DIRECTION('',(1.,-1.2879E-13,6.12E-15));
#9106 = ADVANCED_FACE('',(#9107),#9125,.T.);
#9107 = FACE_BOUND('',#9108,.T.);
#9108 = EDGE_LOOP('',(#9109,#9110,#9111,#9119));
#9109 = ORIENTED_EDGE('',*,*,#4989,.F.);
#9110 = ORIENTED_EDGE('',*,*,#9096,.T.);
#9111 = ORIENTED_EDGE('',*,*,#9112,.F.);
#9112 = EDGE_CURVE('',#9113,#9088,#9115,.T.);
#9113 = VERTEX_POINT('',#9114);
#9114 = CARTESIAN_POINT('',(275.59322950886,190.20000000222,
    100.09690485515));
#9115 = LINE('',#9116,#9117);
#9116 = CARTESIAN_POINT('',(275.59322950886,190.20000000222,
    100.09690485515));
#9117 = VECTOR('',#9118,1.);
#9118 = DIRECTION('',(3.2E-16,1.39E-15,1.));
#9119 = ORIENTED_EDGE('',*,*,#9120,.F.);
#9120 = EDGE_CURVE('',#4990,#9113,#9121,.T.);
#9121 = LINE('',#9122,#9123);
#9122 = CARTESIAN_POINT('',(275.59322950886,192.20000000222,
    100.09690485515));
#9123 = VECTOR('',#9124,1.);
#9124 = DIRECTION('',(-1.2879E-13,-1.,1.25E-15));
#9125 = PLANE('',#9126);
#9126 = AXIS2_PLACEMENT_3D('',#9127,#9128,#9129);
#9127 = CARTESIAN_POINT('',(275.59322950886,192.20000000222,
    100.09690485515));
#9128 = DIRECTION('',(1.,-1.2879E-13,-3.2E-16));
#9129 = DIRECTION('',(3.200000000002E-16,1.39E-15,1.));
#9130 = ADVANCED_FACE('',(#9131),#9143,.T.);
#9131 = FACE_BOUND('',#9132,.T.);
#9132 = EDGE_LOOP('',(#9133,#9134,#9135,#9142));
#9133 = ORIENTED_EDGE('',*,*,#4997,.F.);
#9134 = ORIENTED_EDGE('',*,*,#9120,.T.);
#9135 = ORIENTED_EDGE('',*,*,#9136,.F.);
#9136 = EDGE_CURVE('',#8958,#9113,#9137,.T.);
#9137 = CIRCLE('',#9138,1.5);
#9138 = AXIS2_PLACEMENT_3D('',#9139,#9140,#9141);
#9139 = CARTESIAN_POINT('',(274.09322950886,190.20000000222,
    100.09690485515));
#9140 = DIRECTION('',(-1.3053E-13,-1.,1.39E-15));
#9141 = DIRECTION('',(-0.5,6.406122468874E-14,-0.866025403784));
#9142 = ORIENTED_EDGE('',*,*,#8957,.F.);
#9143 = CYLINDRICAL_SURFACE('',#9144,1.5);
#9144 = AXIS2_PLACEMENT_3D('',#9145,#9146,#9147);
#9145 = CARTESIAN_POINT('',(274.09322950886,192.20000000222,
    100.09690485515));
#9146 = DIRECTION('',(-1.2879E-13,-1.,1.25E-15));
#9147 = DIRECTION('',(-0.5,6.331246824527E-14,-0.866025403784));
#9148 = ADVANCED_FACE('',(#9149),#9174,.T.);
#9149 = FACE_BOUND('',#9150,.T.);
#9150 = EDGE_LOOP('',(#9151,#9152,#9160,#9168));
#9151 = ORIENTED_EDGE('',*,*,#5006,.F.);
#9152 = ORIENTED_EDGE('',*,*,#9153,.T.);
#9153 = EDGE_CURVE('',#5007,#9154,#9156,.T.);
#9154 = VERTEX_POINT('',#9155);
#9155 = CARTESIAN_POINT('',(147.24322950886,190.20000000223,
    118.71645106515));
#9156 = LINE('',#9157,#9158);
#9157 = CARTESIAN_POINT('',(147.24322950886,192.20000000223,
    118.71645106515));
#9158 = VECTOR('',#9159,1.);
#9159 = DIRECTION('',(-1.2879E-13,-1.,1.25E-15));
#9160 = ORIENTED_EDGE('',*,*,#9161,.F.);
#9161 = EDGE_CURVE('',#9162,#9154,#9164,.T.);
#9162 = VERTEX_POINT('',#9163);
#9163 = CARTESIAN_POINT('',(154.2432295095,190.20000000223,
    114.67499918046));
#9164 = LINE('',#9165,#9166);
#9165 = CARTESIAN_POINT('',(154.2432295095,190.20000000223,
    114.67499918046));
#9166 = VECTOR('',#9167,1.);
#9167 = DIRECTION('',(-0.866025403784,1.1374E-13,0.5));
#9168 = ORIENTED_EDGE('',*,*,#9169,.F.);
#9169 = EDGE_CURVE('',#5009,#9162,#9170,.T.);
#9170 = LINE('',#9171,#9172);
#9171 = CARTESIAN_POINT('',(154.2432295095,192.20000000223,
    114.67499918046));
#9172 = VECTOR('',#9173,1.);
#9173 = DIRECTION('',(-1.2879E-13,-1.,1.25E-15));
#9174 = PLANE('',#9175);
#9175 = AXIS2_PLACEMENT_3D('',#9176,#9177,#9178);
#9176 = CARTESIAN_POINT('',(154.2432295095,192.20000000223,
    114.67499918046));
#9177 = DIRECTION('',(0.5,-6.331E-14,0.866025403784));
#9178 = DIRECTION('',(-0.866025403784,1.1374E-13,0.5));
#9179 = ADVANCED_FACE('',(#9180),#9199,.T.);
#9180 = FACE_BOUND('',#9181,.T.);
#9181 = EDGE_LOOP('',(#9182,#9183,#9184,#9193));
#9182 = ORIENTED_EDGE('',*,*,#5016,.F.);
#9183 = ORIENTED_EDGE('',*,*,#9169,.T.);
#9184 = ORIENTED_EDGE('',*,*,#9185,.F.);
#9185 = EDGE_CURVE('',#9186,#9162,#9188,.T.);
#9186 = VERTEX_POINT('',#9187);
#9187 = CARTESIAN_POINT('',(154.99322950982,190.20000000223,
    113.37596107391));
#9188 = CIRCLE('',#9189,1.500000000654);
#9189 = AXIS2_PLACEMENT_3D('',#9190,#9191,#9192);
#9190 = CARTESIAN_POINT('',(153.49322950917,190.20000000223,
    113.37596107422));
#9191 = DIRECTION('',(-1.3053E-13,-1.,1.39E-15));
#9192 = DIRECTION('',(1.,-1.305300000003E-13,-2.0581443E-10));
#9193 = ORIENTED_EDGE('',*,*,#9194,.F.);
#9194 = EDGE_CURVE('',#5017,#9186,#9195,.T.);
#9195 = LINE('',#9196,#9197);
#9196 = CARTESIAN_POINT('',(154.99322950982,192.20000000223,
    113.37596107391));
#9197 = VECTOR('',#9198,1.);
#9198 = DIRECTION('',(-1.2879E-13,-1.,1.25E-15));
#9199 = CYLINDRICAL_SURFACE('',#9200,1.500000000654);
#9200 = AXIS2_PLACEMENT_3D('',#9201,#9202,#9203);
#9201 = CARTESIAN_POINT('',(153.49322950917,192.20000000223,
    113.37596107422));
#9202 = DIRECTION('',(-1.2879E-13,-1.,1.25E-15));
#9203 = DIRECTION('',(1.,-1.287900000003E-13,-2.0581443E-10));
#9204 = ADVANCED_FACE('',(#9205),#9223,.T.);
#9205 = FACE_BOUND('',#9206,.T.);
#9206 = EDGE_LOOP('',(#9207,#9208,#9209,#9217));
#9207 = ORIENTED_EDGE('',*,*,#5025,.F.);
#9208 = ORIENTED_EDGE('',*,*,#9194,.T.);
#9209 = ORIENTED_EDGE('',*,*,#9210,.F.);
#9210 = EDGE_CURVE('',#9211,#9186,#9213,.T.);
#9211 = VERTEX_POINT('',#9212);
#9212 = CARTESIAN_POINT('',(154.99322950792,190.20000000223,
    104.13835677128));
#9213 = LINE('',#9214,#9215);
#9214 = CARTESIAN_POINT('',(154.99322950792,190.20000000223,
    104.13835677128));
#9215 = VECTOR('',#9216,1.);
#9216 = DIRECTION('',(2.0578085E-10,1.24E-15,1.));
#9217 = ORIENTED_EDGE('',*,*,#9218,.F.);
#9218 = EDGE_CURVE('',#5026,#9211,#9219,.T.);
#9219 = LINE('',#9220,#9221);
#9220 = CARTESIAN_POINT('',(154.99322950792,192.20000000223,
    104.13835677128));
#9221 = VECTOR('',#9222,1.);
#9222 = DIRECTION('',(-1.2879E-13,-1.,1.25E-15));
#9223 = PLANE('',#9224);
#9224 = AXIS2_PLACEMENT_3D('',#9225,#9226,#9227);
#9225 = CARTESIAN_POINT('',(154.99322950792,192.20000000223,
    104.13835677128));
#9226 = DIRECTION('',(1.,-1.2879E-13,-2.0578085E-10));
#9227 = DIRECTION('',(2.0578085E-10,1.24E-15,1.));
#9228 = ADVANCED_FACE('',(#9229),#9248,.T.);
#9229 = FACE_BOUND('',#9230,.T.);
#9230 = EDGE_LOOP('',(#9231,#9232,#9233,#9242));
#9231 = ORIENTED_EDGE('',*,*,#5033,.F.);
#9232 = ORIENTED_EDGE('',*,*,#9218,.T.);
#9233 = ORIENTED_EDGE('',*,*,#9234,.F.);
#9234 = EDGE_CURVE('',#9235,#9211,#9237,.T.);
#9235 = VERTEX_POINT('',#9236);
#9236 = CARTESIAN_POINT('',(154.24322950772,190.20000000223,
    102.83931866575));
#9237 = CIRCLE('',#9238,1.500000000083);
#9238 = AXIS2_PLACEMENT_3D('',#9239,#9240,#9241);
#9239 = CARTESIAN_POINT('',(153.49322950784,190.20000000223,
    104.13835677159));
#9240 = DIRECTION('',(-1.3127E-13,-1.,2.67E-15));
#9241 = DIRECTION('',(0.499999999892,-6.794728781409E-14,-0.866025403847
    ));
#9242 = ORIENTED_EDGE('',*,*,#9243,.F.);
#9243 = EDGE_CURVE('',#5034,#9235,#9244,.T.);
#9244 = LINE('',#9245,#9246);
#9245 = CARTESIAN_POINT('',(154.24322950772,192.20000000223,
    102.83931866575));
#9246 = VECTOR('',#9247,1.);
#9247 = DIRECTION('',(-1.2879E-13,-1.,1.25E-15));
#9248 = CYLINDRICAL_SURFACE('',#9249,1.500000000083);
#9249 = AXIS2_PLACEMENT_3D('',#9250,#9251,#9252);
#9250 = CARTESIAN_POINT('',(153.49322950784,192.20000000223,
    104.13835677159));
#9251 = DIRECTION('',(-1.2879E-13,-1.,1.25E-15));
#9252 = DIRECTION('',(0.499999999892,-6.54775317409E-14,-0.866025403847)
  );
#9253 = ADVANCED_FACE('',(#9254),#9272,.T.);
#9254 = FACE_BOUND('',#9255,.T.);
#9255 = EDGE_LOOP('',(#9256,#9257,#9258,#9266));
#9256 = ORIENTED_EDGE('',*,*,#5042,.F.);
#9257 = ORIENTED_EDGE('',*,*,#9243,.T.);
#9258 = ORIENTED_EDGE('',*,*,#9259,.F.);
#9259 = EDGE_CURVE('',#9260,#9235,#9262,.T.);
#9260 = VERTEX_POINT('',#9261);
#9261 = CARTESIAN_POINT('',(147.24322950935,190.20000000223,
    98.797866778872));
#9262 = LINE('',#9263,#9264);
#9263 = CARTESIAN_POINT('',(147.24322950935,190.20000000223,
    98.797866778872));
#9264 = VECTOR('',#9265,1.);
#9265 = DIRECTION('',(0.866025403597,-1.1225E-13,0.500000000324));
#9266 = ORIENTED_EDGE('',*,*,#9267,.F.);
#9267 = EDGE_CURVE('',#5043,#9260,#9268,.T.);
#9268 = LINE('',#9269,#9270);
#9269 = CARTESIAN_POINT('',(147.24322950935,192.20000000223,
    98.797866778872));
#9270 = VECTOR('',#9271,1.);
#9271 = DIRECTION('',(-1.2879E-13,-1.,1.25E-15));
#9272 = PLANE('',#9273);
#9273 = AXIS2_PLACEMENT_3D('',#9274,#9275,#9276);
#9274 = CARTESIAN_POINT('',(147.24322950935,192.20000000223,
    98.797866778872));
#9275 = DIRECTION('',(0.500000000324,-6.547E-14,-0.866025403597));
#9276 = DIRECTION('',(0.866025403597,-1.1225E-13,0.500000000324));
#9277 = ADVANCED_FACE('',(#9278),#9297,.T.);
#9278 = FACE_BOUND('',#9279,.T.);
#9279 = EDGE_LOOP('',(#9280,#9281,#9282,#9291));
#9280 = ORIENTED_EDGE('',*,*,#5050,.F.);
#9281 = ORIENTED_EDGE('',*,*,#9267,.T.);
#9282 = ORIENTED_EDGE('',*,*,#9283,.F.);
#9283 = EDGE_CURVE('',#9284,#9260,#9286,.T.);
#9284 = VERTEX_POINT('',#9285);
#9285 = CARTESIAN_POINT('',(144.99322950886,190.20000000223,
    100.09690488426));
#9286 = CIRCLE('',#9287,1.5);
#9287 = AXIS2_PLACEMENT_3D('',#9288,#9289,#9290);
#9288 = CARTESIAN_POINT('',(146.49322950886,190.20000000223,
    100.09690488426));
#9289 = DIRECTION('',(-1.3201E-13,-1.,1.39E-15));
#9290 = DIRECTION('',(-1.,1.3201E-13,-1.68E-15));
#9291 = ORIENTED_EDGE('',*,*,#9292,.F.);
#9292 = EDGE_CURVE('',#5051,#9284,#9293,.T.);
#9293 = LINE('',#9294,#9295);
#9294 = CARTESIAN_POINT('',(144.99322950886,192.20000000223,
    100.09690488426));
#9295 = VECTOR('',#9296,1.);
#9296 = DIRECTION('',(-1.2879E-13,-1.,1.25E-15));
#9297 = CYLINDRICAL_SURFACE('',#9298,1.5);
#9298 = AXIS2_PLACEMENT_3D('',#9299,#9300,#9301);
#9299 = CARTESIAN_POINT('',(146.49322950886,192.20000000223,
    100.09690488426));
#9300 = DIRECTION('',(-1.2879E-13,-1.,1.25E-15));
#9301 = DIRECTION('',(-1.,1.2879E-13,-1.68E-15));
#9302 = ADVANCED_FACE('',(#9303),#9321,.T.);
#9303 = FACE_BOUND('',#9304,.T.);
#9304 = EDGE_LOOP('',(#9305,#9306,#9307,#9315));
#9305 = ORIENTED_EDGE('',*,*,#5059,.F.);
#9306 = ORIENTED_EDGE('',*,*,#9292,.T.);
#9307 = ORIENTED_EDGE('',*,*,#9308,.F.);
#9308 = EDGE_CURVE('',#9309,#9284,#9311,.T.);
#9309 = VERTEX_POINT('',#9310);
#9310 = CARTESIAN_POINT('',(144.99322950886,190.20000000223,
    117.41741295948));
#9311 = LINE('',#9312,#9313);
#9312 = CARTESIAN_POINT('',(144.99322950886,190.20000000223,
    117.41741295948));
#9313 = VECTOR('',#9314,1.);
#9314 = DIRECTION('',(2.E-16,-1.26E-15,-1.));
#9315 = ORIENTED_EDGE('',*,*,#9316,.F.);
#9316 = EDGE_CURVE('',#5060,#9309,#9317,.T.);
#9317 = LINE('',#9318,#9319);
#9318 = CARTESIAN_POINT('',(144.99322950886,192.20000000223,
    117.41741295948));
#9319 = VECTOR('',#9320,1.);
#9320 = DIRECTION('',(-1.2879E-13,-1.,1.25E-15));
#9321 = PLANE('',#9322);
#9322 = AXIS2_PLACEMENT_3D('',#9323,#9324,#9325);
#9323 = CARTESIAN_POINT('',(144.99322950886,192.20000000223,
    117.41741295948));
#9324 = DIRECTION('',(-1.,1.2879E-13,-2.E-16));
#9325 = DIRECTION('',(1.999999999998E-16,-1.26E-15,-1.));
#9326 = ADVANCED_FACE('',(#9327),#9339,.T.);
#9327 = FACE_BOUND('',#9328,.T.);
#9328 = EDGE_LOOP('',(#9329,#9330,#9331,#9338));
#9329 = ORIENTED_EDGE('',*,*,#5067,.F.);
#9330 = ORIENTED_EDGE('',*,*,#9316,.T.);
#9331 = ORIENTED_EDGE('',*,*,#9332,.F.);
#9332 = EDGE_CURVE('',#9154,#9309,#9333,.T.);
#9333 = CIRCLE('',#9334,1.5);
#9334 = AXIS2_PLACEMENT_3D('',#9335,#9336,#9337);
#9335 = CARTESIAN_POINT('',(146.49322950886,190.20000000223,
    117.41741295948));
#9336 = DIRECTION('',(-1.3053E-13,-1.,1.39E-15));
#9337 = DIRECTION('',(0.5,-6.406122468874E-14,0.866025403784));
#9338 = ORIENTED_EDGE('',*,*,#9153,.F.);
#9339 = CYLINDRICAL_SURFACE('',#9340,1.5);
#9340 = AXIS2_PLACEMENT_3D('',#9341,#9342,#9343);
#9341 = CARTESIAN_POINT('',(146.49322950886,192.20000000223,
    117.41741295948));
#9342 = DIRECTION('',(-1.2879E-13,-1.,1.25E-15));
#9343 = DIRECTION('',(0.5,-6.331246824527E-14,0.866025403784));
#9344 = ADVANCED_FACE('',(#9345),#9370,.T.);
#9345 = FACE_BOUND('',#9346,.T.);
#9346 = EDGE_LOOP('',(#9347,#9348,#9356,#9364));
#9347 = ORIENTED_EDGE('',*,*,#5076,.F.);
#9348 = ORIENTED_EDGE('',*,*,#9349,.T.);
#9349 = EDGE_CURVE('',#5077,#9350,#9352,.T.);
#9350 = VERTEX_POINT('',#9351);
#9351 = CARTESIAN_POINT('',(198.74322950888,190.20000000223,
    116.92666521634));
#9352 = LINE('',#9353,#9354);
#9353 = CARTESIAN_POINT('',(198.74322950888,192.20000000223,
    116.92666521634));
#9354 = VECTOR('',#9355,1.);
#9355 = DIRECTION('',(-1.3045E-13,-1.,1.25E-15));
#9356 = ORIENTED_EDGE('',*,*,#9357,.F.);
#9357 = EDGE_CURVE('',#9358,#9350,#9360,.T.);
#9358 = VERTEX_POINT('',#9359);
#9359 = CARTESIAN_POINT('',(190.78015884896,190.20000000223,
    121.52414620542));
#9360 = LINE('',#9361,#9362);
#9361 = CARTESIAN_POINT('',(190.78015884896,190.20000000223,
    121.52414620542));
#9362 = VECTOR('',#9363,1.);
#9363 = DIRECTION('',(0.866025403784,-1.1384E-13,-0.5));
#9364 = ORIENTED_EDGE('',*,*,#9365,.F.);
#9365 = EDGE_CURVE('',#5079,#9358,#9366,.T.);
#9366 = LINE('',#9367,#9368);
#9367 = CARTESIAN_POINT('',(190.78015884896,192.20000000223,
    121.52414620542));
#9368 = VECTOR('',#9369,1.);
#9369 = DIRECTION('',(-1.3045E-13,-1.,1.25E-15));
#9370 = PLANE('',#9371);
#9371 = AXIS2_PLACEMENT_3D('',#9372,#9373,#9374);
#9372 = CARTESIAN_POINT('',(190.78015884896,192.20000000223,
    121.52414620542));
#9373 = DIRECTION('',(-0.5,6.415E-14,-0.866025403784));
#9374 = DIRECTION('',(0.866025403784,-1.1384E-13,-0.5));
#9375 = ADVANCED_FACE('',(#9376),#9395,.T.);
#9376 = FACE_BOUND('',#9377,.T.);
#9377 = EDGE_LOOP('',(#9378,#9379,#9380,#9389));
#9378 = ORIENTED_EDGE('',*,*,#5086,.F.);
#9379 = ORIENTED_EDGE('',*,*,#9365,.T.);
#9380 = ORIENTED_EDGE('',*,*,#9381,.F.);
#9381 = EDGE_CURVE('',#9382,#9358,#9384,.T.);
#9382 = VERTEX_POINT('',#9383);
#9383 = CARTESIAN_POINT('',(191.03015884896,190.20000000223,
    122.45715890731));
#9384 = CIRCLE('',#9385,0.5);
#9385 = AXIS2_PLACEMENT_3D('',#9386,#9387,#9388);
#9386 = CARTESIAN_POINT('',(191.03015884896,190.20000000223,
    121.95715890731));
#9387 = DIRECTION('',(-1.3053E-13,-1.,-3.05E-15));
#9388 = DIRECTION('',(-2.24E-14,-3.049999999997E-15,1.));
#9389 = ORIENTED_EDGE('',*,*,#9390,.F.);
#9390 = EDGE_CURVE('',#5087,#9382,#9391,.T.);
#9391 = LINE('',#9392,#9393);
#9392 = CARTESIAN_POINT('',(191.03015884896,192.20000000223,
    122.45715890731));
#9393 = VECTOR('',#9394,1.);
#9394 = DIRECTION('',(-1.3045E-13,-1.,1.25E-15));
#9395 = CYLINDRICAL_SURFACE('',#9396,0.5);
#9396 = AXIS2_PLACEMENT_3D('',#9397,#9398,#9399);
#9397 = CARTESIAN_POINT('',(191.03015884896,192.20000000223,
    121.95715890731));
#9398 = DIRECTION('',(-1.3045E-13,-1.,1.25E-15));
#9399 = DIRECTION('',(-2.24E-14,1.250000000003E-15,1.));
#9400 = ADVANCED_FACE('',(#9401),#9419,.T.);
#9401 = FACE_BOUND('',#9402,.T.);
#9402 = EDGE_LOOP('',(#9403,#9404,#9405,#9413));
#9403 = ORIENTED_EDGE('',*,*,#5095,.F.);
#9404 = ORIENTED_EDGE('',*,*,#9390,.T.);
#9405 = ORIENTED_EDGE('',*,*,#9406,.F.);
#9406 = EDGE_CURVE('',#9407,#9382,#9409,.T.);
#9407 = VERTEX_POINT('',#9408);
#9408 = CARTESIAN_POINT('',(207.95630016191,190.20000000223,
    122.45715890731));
#9409 = LINE('',#9410,#9411);
#9410 = CARTESIAN_POINT('',(207.95630016191,190.20000000223,
    122.45715890731));
#9411 = VECTOR('',#9412,1.);
#9412 = DIRECTION('',(-1.,1.304E-13,2.289E-14));
#9413 = ORIENTED_EDGE('',*,*,#9414,.F.);
#9414 = EDGE_CURVE('',#5096,#9407,#9415,.T.);
#9415 = LINE('',#9416,#9417);
#9416 = CARTESIAN_POINT('',(207.95630016191,192.20000000223,
    122.45715890731));
#9417 = VECTOR('',#9418,1.);
#9418 = DIRECTION('',(-1.3045E-13,-1.,1.25E-15));
#9419 = PLANE('',#9420);
#9420 = AXIS2_PLACEMENT_3D('',#9421,#9422,#9423);
#9421 = CARTESIAN_POINT('',(207.95630016191,192.20000000223,
    122.45715890731));
#9422 = DIRECTION('',(2.289E-14,1.25E-15,1.));
#9423 = DIRECTION('',(-1.,1.304E-13,2.289E-14));
#9424 = ADVANCED_FACE('',(#9425),#9444,.T.);
#9425 = FACE_BOUND('',#9426,.T.);
#9426 = EDGE_LOOP('',(#9427,#9428,#9429,#9438));
#9427 = ORIENTED_EDGE('',*,*,#5103,.F.);
#9428 = ORIENTED_EDGE('',*,*,#9414,.T.);
#9429 = ORIENTED_EDGE('',*,*,#9430,.F.);
#9430 = EDGE_CURVE('',#9431,#9407,#9433,.T.);
#9431 = VERTEX_POINT('',#9432);
#9432 = CARTESIAN_POINT('',(208.20630016207,190.20000000223,
    121.52414620551));
#9433 = CIRCLE('',#9434,0.5);
#9434 = AXIS2_PLACEMENT_3D('',#9435,#9436,#9437);
#9435 = CARTESIAN_POINT('',(207.95630016191,190.20000000223,
    121.95715890731));
#9436 = DIRECTION('',(-1.3053E-13,-1.,1.39E-15));
#9437 = DIRECTION('',(0.500000000324,-6.646877535329E-14,-0.866025403597
    ));
#9438 = ORIENTED_EDGE('',*,*,#9439,.F.);
#9439 = EDGE_CURVE('',#5104,#9431,#9440,.T.);
#9440 = LINE('',#9441,#9442);
#9441 = CARTESIAN_POINT('',(208.20630016207,192.20000000223,
    121.52414620551));
#9442 = VECTOR('',#9443,1.);
#9443 = DIRECTION('',(-1.3045E-13,-1.,1.25E-15));
#9444 = CYLINDRICAL_SURFACE('',#9445,0.5);
#9445 = AXIS2_PLACEMENT_3D('',#9446,#9447,#9448);
#9446 = CARTESIAN_POINT('',(207.95630016191,192.20000000223,
    121.95715890731));
#9447 = DIRECTION('',(-1.3045E-13,-1.,1.25E-15));
#9448 = DIRECTION('',(0.500000000324,-6.630753179676E-14,-0.866025403597
    ));
#9449 = ADVANCED_FACE('',(#9450),#9468,.T.);
#9450 = FACE_BOUND('',#9451,.T.);
#9451 = EDGE_LOOP('',(#9452,#9453,#9454,#9462));
#9452 = ORIENTED_EDGE('',*,*,#5112,.F.);
#9453 = ORIENTED_EDGE('',*,*,#9439,.T.);
#9454 = ORIENTED_EDGE('',*,*,#9455,.F.);
#9455 = EDGE_CURVE('',#9456,#9431,#9458,.T.);
#9456 = VERTEX_POINT('',#9457);
#9457 = CARTESIAN_POINT('',(200.24322950888,190.20000000223,
    116.92666521634));
#9458 = LINE('',#9459,#9460);
#9459 = CARTESIAN_POINT('',(200.24322950888,190.20000000223,
    116.92666521634));
#9460 = VECTOR('',#9461,1.);
#9461 = DIRECTION('',(0.866025403597,-1.1235E-13,0.500000000324));
#9462 = ORIENTED_EDGE('',*,*,#9463,.F.);
#9463 = EDGE_CURVE('',#5113,#9456,#9464,.T.);
#9464 = LINE('',#9465,#9466);
#9465 = CARTESIAN_POINT('',(200.24322950888,192.20000000223,
    116.92666521634));
#9466 = VECTOR('',#9467,1.);
#9467 = DIRECTION('',(-1.3045E-13,-1.,1.25E-15));
#9468 = PLANE('',#9469);
#9469 = AXIS2_PLACEMENT_3D('',#9470,#9471,#9472);
#9470 = CARTESIAN_POINT('',(200.24322950888,192.20000000223,
    116.92666521634));
#9471 = DIRECTION('',(0.500000000324,-6.631E-14,-0.866025403597));
#9472 = DIRECTION('',(0.866025403597,-1.1235E-13,0.500000000324));
#9473 = ADVANCED_FACE('',(#9474),#9486,.T.);
#9474 = FACE_BOUND('',#9475,.T.);
#9475 = EDGE_LOOP('',(#9476,#9477,#9478,#9485));
#9476 = ORIENTED_EDGE('',*,*,#5120,.F.);
#9477 = ORIENTED_EDGE('',*,*,#9463,.T.);
#9478 = ORIENTED_EDGE('',*,*,#9479,.F.);
#9479 = EDGE_CURVE('',#9350,#9456,#9480,.T.);
#9480 = CIRCLE('',#9481,1.499999999995);
#9481 = AXIS2_PLACEMENT_3D('',#9482,#9483,#9484);
#9482 = CARTESIAN_POINT('',(199.49322950888,190.20000000223,
    118.22570332201));
#9483 = DIRECTION('',(-1.3053E-13,-1.,1.39E-15));
#9484 = DIRECTION('',(-0.5,6.406122468874E-14,-0.866025403784));
#9485 = ORIENTED_EDGE('',*,*,#9349,.F.);
#9486 = CYLINDRICAL_SURFACE('',#9487,1.499999999995);
#9487 = AXIS2_PLACEMENT_3D('',#9488,#9489,#9490);
#9488 = CARTESIAN_POINT('',(199.49322950888,192.20000000223,
    118.22570332201));
#9489 = DIRECTION('',(-1.3045E-13,-1.,1.25E-15));
#9490 = DIRECTION('',(-0.5,6.414246824527E-14,-0.866025403784));
#9491 = ADVANCED_FACE('',(#9492),#9517,.T.);
#9492 = FACE_BOUND('',#9493,.T.);
#9493 = EDGE_LOOP('',(#9494,#9495,#9503,#9511));
#9494 = ORIENTED_EDGE('',*,*,#5129,.F.);
#9495 = ORIENTED_EDGE('',*,*,#9496,.T.);
#9496 = EDGE_CURVE('',#5130,#9497,#9499,.T.);
#9497 = VERTEX_POINT('',#9498);
#9498 = CARTESIAN_POINT('',(157.04322950883,190.20000000223,
    100.5876526126));
#9499 = LINE('',#9500,#9501);
#9500 = CARTESIAN_POINT('',(157.04322950883,192.20000000223,
    100.5876526126));
#9501 = VECTOR('',#9502,1.);
#9502 = DIRECTION('',(-1.2879E-13,-1.,1.25E-15));
#9503 = ORIENTED_EDGE('',*,*,#9504,.F.);
#9504 = EDGE_CURVE('',#9505,#9497,#9507,.T.);
#9505 = VERTEX_POINT('',#9506);
#9506 = CARTESIAN_POINT('',(165.00630019354,190.20000000223,
    95.990171609208));
#9507 = LINE('',#9508,#9509);
#9508 = CARTESIAN_POINT('',(165.00630019354,190.20000000223,
    95.990171609208));
#9509 = VECTOR('',#9510,1.);
#9510 = DIRECTION('',(-0.866025403784,1.1374E-13,0.5));
#9511 = ORIENTED_EDGE('',*,*,#9512,.F.);
#9512 = EDGE_CURVE('',#5132,#9505,#9513,.T.);
#9513 = LINE('',#9514,#9515);
#9514 = CARTESIAN_POINT('',(165.00630019355,192.20000000223,
    95.990171609208));
#9515 = VECTOR('',#9516,1.);
#9516 = DIRECTION('',(-1.2879E-13,-1.,1.25E-15));
#9517 = PLANE('',#9518);
#9518 = AXIS2_PLACEMENT_3D('',#9519,#9520,#9521);
#9519 = CARTESIAN_POINT('',(165.00630019355,192.20000000223,
    95.990171609208));
#9520 = DIRECTION('',(0.5,-6.331E-14,0.866025403784));
#9521 = DIRECTION('',(-0.866025403784,1.1374E-13,0.5));
#9522 = ADVANCED_FACE('',(#9523),#9542,.T.);
#9523 = FACE_BOUND('',#9524,.T.);
#9524 = EDGE_LOOP('',(#9525,#9526,#9527,#9536));
#9525 = ORIENTED_EDGE('',*,*,#5139,.F.);
#9526 = ORIENTED_EDGE('',*,*,#9512,.T.);
#9527 = ORIENTED_EDGE('',*,*,#9528,.F.);
#9528 = EDGE_CURVE('',#9529,#9505,#9531,.T.);
#9529 = VERTEX_POINT('',#9530);
#9530 = CARTESIAN_POINT('',(164.75630019354,190.20000000223,
    95.057158907316));
#9531 = CIRCLE('',#9532,0.5);
#9532 = AXIS2_PLACEMENT_3D('',#9533,#9534,#9535);
#9533 = CARTESIAN_POINT('',(164.75630019354,190.20000000223,
    95.557158907316));
#9534 = DIRECTION('',(-1.3053E-13,-1.,1.39E-15));
#9535 = DIRECTION('',(2.E-16,-1.39E-15,-1.));
#9536 = ORIENTED_EDGE('',*,*,#9537,.F.);
#9537 = EDGE_CURVE('',#5140,#9529,#9538,.T.);
#9538 = LINE('',#9539,#9540);
#9539 = CARTESIAN_POINT('',(164.75630019355,192.20000000223,
    95.057158907316));
#9540 = VECTOR('',#9541,1.);
#9541 = DIRECTION('',(-1.2879E-13,-1.,1.25E-15));
#9542 = CYLINDRICAL_SURFACE('',#9543,0.5);
#9543 = AXIS2_PLACEMENT_3D('',#9544,#9545,#9546);
#9544 = CARTESIAN_POINT('',(164.75630019355,192.20000000223,
    95.557158907316));
#9545 = DIRECTION('',(-1.2879E-13,-1.,1.25E-15));
#9546 = DIRECTION('',(2.E-16,-1.25E-15,-1.));
#9547 = ADVANCED_FACE('',(#9548),#9566,.T.);
#9548 = FACE_BOUND('',#9549,.T.);
#9549 = EDGE_LOOP('',(#9550,#9551,#9552,#9560));
#9550 = ORIENTED_EDGE('',*,*,#5148,.F.);
#9551 = ORIENTED_EDGE('',*,*,#9537,.T.);
#9552 = ORIENTED_EDGE('',*,*,#9553,.F.);
#9553 = EDGE_CURVE('',#9554,#9529,#9556,.T.);
#9554 = VERTEX_POINT('',#9555);
#9555 = CARTESIAN_POINT('',(147.83015882415,190.20000000223,
    95.057158907316));
#9556 = LINE('',#9557,#9558);
#9557 = CARTESIAN_POINT('',(147.83015882415,190.20000000223,
    95.057158907316));
#9558 = VECTOR('',#9559,1.);
#9559 = DIRECTION('',(1.,-1.3053E-13,-4.6E-16));
#9560 = ORIENTED_EDGE('',*,*,#9561,.F.);
#9561 = EDGE_CURVE('',#5149,#9554,#9562,.T.);
#9562 = LINE('',#9563,#9564);
#9563 = CARTESIAN_POINT('',(147.83015882415,192.20000000223,
    95.057158907316));
#9564 = VECTOR('',#9565,1.);
#9565 = DIRECTION('',(-1.2879E-13,-1.,1.25E-15));
#9566 = PLANE('',#9567);
#9567 = AXIS2_PLACEMENT_3D('',#9568,#9569,#9570);
#9568 = CARTESIAN_POINT('',(147.83015882415,192.20000000223,
    95.057158907316));
#9569 = DIRECTION('',(-4.6E-16,-1.25E-15,-1.));
#9570 = DIRECTION('',(1.,-1.3053E-13,-4.599999999998E-16));
#9571 = ADVANCED_FACE('',(#9572),#9591,.T.);
#9572 = FACE_BOUND('',#9573,.T.);
#9573 = EDGE_LOOP('',(#9574,#9575,#9576,#9585));
#9574 = ORIENTED_EDGE('',*,*,#5156,.F.);
#9575 = ORIENTED_EDGE('',*,*,#9561,.T.);
#9576 = ORIENTED_EDGE('',*,*,#9577,.F.);
#9577 = EDGE_CURVE('',#9578,#9554,#9580,.T.);
#9578 = VERTEX_POINT('',#9579);
#9579 = CARTESIAN_POINT('',(147.58015882415,190.20000000223,
    95.990171609208));
#9580 = CIRCLE('',#9581,0.5);
#9581 = AXIS2_PLACEMENT_3D('',#9582,#9583,#9584);
#9582 = CARTESIAN_POINT('',(147.83015882415,190.20000000223,
    95.557158907316));
#9583 = DIRECTION('',(-1.3053E-13,-1.,1.39E-15));
#9584 = DIRECTION('',(-0.5,6.646877531126E-14,0.866025403784));
#9585 = ORIENTED_EDGE('',*,*,#9586,.F.);
#9586 = EDGE_CURVE('',#5157,#9578,#9587,.T.);
#9587 = LINE('',#9588,#9589);
#9588 = CARTESIAN_POINT('',(147.58015882415,192.20000000223,
    95.990171609208));
#9589 = VECTOR('',#9590,1.);
#9590 = DIRECTION('',(-1.2879E-13,-1.,1.25E-15));
#9591 = CYLINDRICAL_SURFACE('',#9592,0.5);
#9592 = AXIS2_PLACEMENT_3D('',#9593,#9594,#9595);
#9593 = CARTESIAN_POINT('',(147.83015882415,192.20000000223,
    95.557158907316));
#9594 = DIRECTION('',(-1.2879E-13,-1.,1.25E-15));
#9595 = DIRECTION('',(-0.5,6.547753175473E-14,0.866025403784));
#9596 = ADVANCED_FACE('',(#9597),#9615,.T.);
#9597 = FACE_BOUND('',#9598,.T.);
#9598 = EDGE_LOOP('',(#9599,#9600,#9601,#9609));
#9599 = ORIENTED_EDGE('',*,*,#5165,.F.);
#9600 = ORIENTED_EDGE('',*,*,#9586,.T.);
#9601 = ORIENTED_EDGE('',*,*,#9602,.F.);
#9602 = EDGE_CURVE('',#9603,#9578,#9605,.T.);
#9603 = VERTEX_POINT('',#9604);
#9604 = CARTESIAN_POINT('',(155.54322950886,190.20000000223,
    100.5876526126));
#9605 = LINE('',#9606,#9607);
#9606 = CARTESIAN_POINT('',(155.54322950886,190.20000000223,
    100.5876526126));
#9607 = VECTOR('',#9608,1.);
#9608 = DIRECTION('',(-0.866025403784,1.1235E-13,-0.5));
#9609 = ORIENTED_EDGE('',*,*,#9610,.F.);
#9610 = EDGE_CURVE('',#5166,#9603,#9611,.T.);
#9611 = LINE('',#9612,#9613);
#9612 = CARTESIAN_POINT('',(155.54322950886,192.20000000223,
    100.5876526126));
#9613 = VECTOR('',#9614,1.);
#9614 = DIRECTION('',(-1.2879E-13,-1.,1.25E-15));
#9615 = PLANE('',#9616);
#9616 = AXIS2_PLACEMENT_3D('',#9617,#9618,#9619);
#9617 = CARTESIAN_POINT('',(155.54322950886,192.20000000223,
    100.5876526126));
#9618 = DIRECTION('',(-0.5,6.547E-14,0.866025403784));
#9619 = DIRECTION('',(-0.866025403784,1.1235E-13,-0.5));
#9620 = ADVANCED_FACE('',(#9621),#9633,.T.);
#9621 = FACE_BOUND('',#9622,.T.);
#9622 = EDGE_LOOP('',(#9623,#9624,#9625,#9632));
#9623 = ORIENTED_EDGE('',*,*,#5173,.F.);
#9624 = ORIENTED_EDGE('',*,*,#9610,.T.);
#9625 = ORIENTED_EDGE('',*,*,#9626,.F.);
#9626 = EDGE_CURVE('',#9497,#9603,#9627,.T.);
#9627 = CIRCLE('',#9628,1.499999999971);
#9628 = AXIS2_PLACEMENT_3D('',#9629,#9630,#9631);
#9629 = CARTESIAN_POINT('',(156.29322950885,190.20000000223,
    99.288614506952));
#9630 = DIRECTION('',(-1.3053E-13,-1.,1.39E-15));
#9631 = DIRECTION('',(0.5,-6.406122468874E-14,0.866025403784));
#9632 = ORIENTED_EDGE('',*,*,#9496,.F.);
#9633 = CYLINDRICAL_SURFACE('',#9634,1.499999999971);
#9634 = AXIS2_PLACEMENT_3D('',#9635,#9636,#9637);
#9635 = CARTESIAN_POINT('',(156.29322950885,192.20000000223,
    99.288614506952));
#9636 = DIRECTION('',(-1.2879E-13,-1.,1.25E-15));
#9637 = DIRECTION('',(0.5,-6.331246824527E-14,0.866025403784));
#9638 = ADVANCED_FACE('',(#9639),#9664,.T.);
#9639 = FACE_BOUND('',#9640,.T.);
#9640 = EDGE_LOOP('',(#9641,#9642,#9650,#9658));
#9641 = ORIENTED_EDGE('',*,*,#5182,.F.);
#9642 = ORIENTED_EDGE('',*,*,#9643,.T.);
#9643 = EDGE_CURVE('',#5183,#9644,#9646,.T.);
#9644 = VERTEX_POINT('',#9645);
#9645 = CARTESIAN_POINT('',(223.14322950885,190.20000000222,
    114.67499916174));
#9646 = LINE('',#9647,#9648);
#9647 = CARTESIAN_POINT('',(223.14322950885,192.20000000222,
    114.67499916174));
#9648 = VECTOR('',#9649,1.);
#9649 = DIRECTION('',(-1.3101E-13,-1.,1.25E-15));
#9650 = ORIENTED_EDGE('',*,*,#9651,.F.);
#9651 = EDGE_CURVE('',#9652,#9644,#9654,.T.);
#9652 = VERTEX_POINT('',#9653);
#9653 = CARTESIAN_POINT('',(231.14322950888,190.20000000222,
    119.29380131527));
#9654 = LINE('',#9655,#9656);
#9655 = CARTESIAN_POINT('',(231.14322950888,190.20000000222,
    119.29380131527));
#9656 = VECTOR('',#9657,1.);
#9657 = DIRECTION('',(-0.866025403784,1.122E-13,-0.5));
#9658 = ORIENTED_EDGE('',*,*,#9659,.F.);
#9659 = EDGE_CURVE('',#5185,#9652,#9660,.T.);
#9660 = LINE('',#9661,#9662);
#9661 = CARTESIAN_POINT('',(231.14322950888,192.20000000222,
    119.29380131527));
#9662 = VECTOR('',#9663,1.);
#9663 = DIRECTION('',(-1.3101E-13,-1.,1.25E-15));
#9664 = PLANE('',#9665);
#9665 = AXIS2_PLACEMENT_3D('',#9666,#9667,#9668);
#9666 = CARTESIAN_POINT('',(231.14322950888,192.20000000222,
    119.29380131527));
#9667 = DIRECTION('',(-0.5,6.658E-14,0.866025403784));
#9668 = DIRECTION('',(-0.866025403784,1.122E-13,-0.5));
#9669 = ADVANCED_FACE('',(#9670),#9689,.T.);
#9670 = FACE_BOUND('',#9671,.T.);
#9671 = EDGE_LOOP('',(#9672,#9673,#9674,#9683));
#9672 = ORIENTED_EDGE('',*,*,#5192,.F.);
#9673 = ORIENTED_EDGE('',*,*,#9659,.T.);
#9674 = ORIENTED_EDGE('',*,*,#9675,.F.);
#9675 = EDGE_CURVE('',#9676,#9652,#9678,.T.);
#9676 = VERTEX_POINT('',#9677);
#9677 = CARTESIAN_POINT('',(232.64322950885,190.20000000222,
    119.29380131527));
#9678 = CIRCLE('',#9679,1.499999999971);
#9679 = AXIS2_PLACEMENT_3D('',#9680,#9681,#9682);
#9680 = CARTESIAN_POINT('',(231.89322950886,190.20000000222,
    117.99476320962));
#9681 = DIRECTION('',(-1.3127E-13,-1.,9.999999999999E-17));
#9682 = DIRECTION('',(0.5,-6.554839745962E-14,0.866025403784));
#9683 = ORIENTED_EDGE('',*,*,#9684,.F.);
#9684 = EDGE_CURVE('',#5193,#9676,#9685,.T.);
#9685 = LINE('',#9686,#9687);
#9686 = CARTESIAN_POINT('',(232.64322950885,192.20000000222,
    119.29380131527));
#9687 = VECTOR('',#9688,1.);
#9688 = DIRECTION('',(-1.3101E-13,-1.,1.25E-15));
#9689 = CYLINDRICAL_SURFACE('',#9690,1.499999999971);
#9690 = AXIS2_PLACEMENT_3D('',#9691,#9692,#9693);
#9691 = CARTESIAN_POINT('',(231.89322950886,192.20000000222,
    117.99476320962));
#9692 = DIRECTION('',(-1.3101E-13,-1.,1.25E-15));
#9693 = DIRECTION('',(0.5,-6.442246824526E-14,0.866025403784));
#9694 = ADVANCED_FACE('',(#9695),#9713,.T.);
#9695 = FACE_BOUND('',#9696,.T.);
#9696 = EDGE_LOOP('',(#9697,#9698,#9699,#9707));
#9697 = ORIENTED_EDGE('',*,*,#5201,.F.);
#9698 = ORIENTED_EDGE('',*,*,#9684,.T.);
#9699 = ORIENTED_EDGE('',*,*,#9700,.F.);
#9700 = EDGE_CURVE('',#9701,#9676,#9703,.T.);
#9701 = VERTEX_POINT('',#9702);
#9702 = CARTESIAN_POINT('',(240.6432295095,190.20000000222,
    114.67499916138));
#9703 = LINE('',#9704,#9705);
#9704 = CARTESIAN_POINT('',(240.6432295095,190.20000000222,
    114.67499916138));
#9705 = VECTOR('',#9706,1.);
#9706 = DIRECTION('',(-0.866025403784,1.1365E-13,0.5));
#9707 = ORIENTED_EDGE('',*,*,#9708,.F.);
#9708 = EDGE_CURVE('',#5202,#9701,#9709,.T.);
#9709 = LINE('',#9710,#9711);
#9710 = CARTESIAN_POINT('',(240.6432295095,192.20000000222,
    114.67499916138));
#9711 = VECTOR('',#9712,1.);
#9712 = DIRECTION('',(-1.3101E-13,-1.,1.25E-15));
#9713 = PLANE('',#9714);
#9714 = AXIS2_PLACEMENT_3D('',#9715,#9716,#9717);
#9715 = CARTESIAN_POINT('',(240.6432295095,192.20000000222,
    114.67499916138));
#9716 = DIRECTION('',(0.5,-6.442E-14,0.866025403784));
#9717 = DIRECTION('',(-0.866025403784,1.1365E-13,0.5));
#9718 = ADVANCED_FACE('',(#9719),#9738,.T.);
#9719 = FACE_BOUND('',#9720,.T.);
#9720 = EDGE_LOOP('',(#9721,#9722,#9723,#9732));
#9721 = ORIENTED_EDGE('',*,*,#5209,.F.);
#9722 = ORIENTED_EDGE('',*,*,#9708,.T.);
#9723 = ORIENTED_EDGE('',*,*,#9724,.F.);
#9724 = EDGE_CURVE('',#9725,#9701,#9727,.T.);
#9725 = VERTEX_POINT('',#9726);
#9726 = CARTESIAN_POINT('',(241.39322950982,190.20000000222,
    113.37596105483));
#9727 = CIRCLE('',#9728,1.500000000654);
#9728 = AXIS2_PLACEMENT_3D('',#9729,#9730,#9731);
#9729 = CARTESIAN_POINT('',(239.89322950917,190.20000000222,
    113.37596105514));
#9730 = DIRECTION('',(-1.2905E-13,-1.,1.39E-15));
#9731 = DIRECTION('',(1.,-1.290500000003E-13,-2.0580851E-10));
#9732 = ORIENTED_EDGE('',*,*,#9733,.F.);
#9733 = EDGE_CURVE('',#5210,#9725,#9734,.T.);
#9734 = LINE('',#9735,#9736);
#9735 = CARTESIAN_POINT('',(241.39322950982,192.20000000222,
    113.37596105483));
#9736 = VECTOR('',#9737,1.);
#9737 = DIRECTION('',(-1.3101E-13,-1.,1.25E-15));
#9738 = CYLINDRICAL_SURFACE('',#9739,1.500000000654);
#9739 = AXIS2_PLACEMENT_3D('',#9740,#9741,#9742);
#9740 = CARTESIAN_POINT('',(239.89322950917,192.20000000222,
    113.37596105514));
#9741 = DIRECTION('',(-1.3101E-13,-1.,1.25E-15));
#9742 = DIRECTION('',(1.,-1.310100000003E-13,-2.0580851E-10));
#9743 = ADVANCED_FACE('',(#9744),#9762,.T.);
#9744 = FACE_BOUND('',#9745,.T.);
#9745 = EDGE_LOOP('',(#9746,#9747,#9748,#9756));
#9746 = ORIENTED_EDGE('',*,*,#5218,.F.);
#9747 = ORIENTED_EDGE('',*,*,#9733,.T.);
#9748 = ORIENTED_EDGE('',*,*,#9749,.F.);
#9749 = EDGE_CURVE('',#9750,#9725,#9752,.T.);
#9750 = VERTEX_POINT('',#9751);
#9751 = CARTESIAN_POINT('',(241.39322950792,190.20000000222,
    104.1383567522));
#9752 = LINE('',#9753,#9754);
#9753 = CARTESIAN_POINT('',(241.39322950792,190.20000000222,
    104.1383567522));
#9754 = VECTOR('',#9755,1.);
#9755 = DIRECTION('',(2.0578998E-10,1.63E-15,1.));
#9756 = ORIENTED_EDGE('',*,*,#9757,.F.);
#9757 = EDGE_CURVE('',#5219,#9750,#9758,.T.);
#9758 = LINE('',#9759,#9760);
#9759 = CARTESIAN_POINT('',(241.39322950792,192.20000000222,
    104.1383567522));
#9760 = VECTOR('',#9761,1.);
#9761 = DIRECTION('',(-1.3101E-13,-1.,1.25E-15));
#9762 = PLANE('',#9763);
#9763 = AXIS2_PLACEMENT_3D('',#9764,#9765,#9766);
#9764 = CARTESIAN_POINT('',(241.39322950792,192.20000000222,
    104.1383567522));
#9765 = DIRECTION('',(1.,-1.3101E-13,-2.0578998E-10));
#9766 = DIRECTION('',(2.0578998E-10,1.63E-15,1.));
#9767 = ADVANCED_FACE('',(#9768),#9787,.T.);
#9768 = FACE_BOUND('',#9769,.T.);
#9769 = EDGE_LOOP('',(#9770,#9771,#9772,#9781));
#9770 = ORIENTED_EDGE('',*,*,#5226,.F.);
#9771 = ORIENTED_EDGE('',*,*,#9757,.T.);
#9772 = ORIENTED_EDGE('',*,*,#9773,.F.);
#9773 = EDGE_CURVE('',#9774,#9750,#9776,.T.);
#9774 = VERTEX_POINT('',#9775);
#9775 = CARTESIAN_POINT('',(240.64322950772,190.20000000222,
    102.83931864667));
#9776 = CIRCLE('',#9777,1.500000000083);
#9777 = AXIS2_PLACEMENT_3D('',#9778,#9779,#9780);
#9778 = CARTESIAN_POINT('',(239.89322950784,190.20000000222,
    104.13835675251));
#9779 = DIRECTION('',(-1.3053E-13,-1.,1.39E-15));
#9780 = DIRECTION('',(0.499999999892,-6.646877529725E-14,-0.866025403847
    ));
#9781 = ORIENTED_EDGE('',*,*,#9782,.F.);
#9782 = EDGE_CURVE('',#5227,#9774,#9783,.T.);
#9783 = LINE('',#9784,#9785);
#9784 = CARTESIAN_POINT('',(240.64322950772,192.20000000222,
    102.83931864667));
#9785 = VECTOR('',#9786,1.);
#9786 = DIRECTION('',(-1.3101E-13,-1.,1.25E-15));
#9787 = CYLINDRICAL_SURFACE('',#9788,1.500000000083);
#9788 = AXIS2_PLACEMENT_3D('',#9789,#9790,#9791);
#9789 = CARTESIAN_POINT('',(239.89322950784,192.20000000222,
    104.13835675251));
#9790 = DIRECTION('',(-1.3101E-13,-1.,1.25E-15));
#9791 = DIRECTION('',(0.499999999892,-6.658753174066E-14,-0.866025403847
    ));
#9792 = ADVANCED_FACE('',(#9793),#9811,.T.);
#9793 = FACE_BOUND('',#9794,.T.);
#9794 = EDGE_LOOP('',(#9795,#9796,#9797,#9805));
#9795 = ORIENTED_EDGE('',*,*,#5235,.F.);
#9796 = ORIENTED_EDGE('',*,*,#9782,.T.);
#9797 = ORIENTED_EDGE('',*,*,#9798,.F.);
#9798 = EDGE_CURVE('',#9799,#9774,#9801,.T.);
#9799 = VERTEX_POINT('',#9800);
#9800 = CARTESIAN_POINT('',(232.64322950886,190.20000000222,
    98.220516489822));
#9801 = LINE('',#9802,#9803);
#9802 = CARTESIAN_POINT('',(232.64322950886,190.20000000222,
    98.220516489822));
#9803 = VECTOR('',#9804,1.);
#9804 = DIRECTION('',(0.866025403597,-1.1244E-13,0.500000000324));
#9805 = ORIENTED_EDGE('',*,*,#9806,.F.);
#9806 = EDGE_CURVE('',#5236,#9799,#9807,.T.);
#9807 = LINE('',#9808,#9809);
#9808 = CARTESIAN_POINT('',(232.64322950886,192.20000000222,
    98.220516489822));
#9809 = VECTOR('',#9810,1.);
#9810 = DIRECTION('',(-1.3101E-13,-1.,1.25E-15));
#9811 = PLANE('',#9812);
#9812 = AXIS2_PLACEMENT_3D('',#9813,#9814,#9815);
#9813 = CARTESIAN_POINT('',(232.64322950886,192.20000000222,
    98.220516489822));
#9814 = DIRECTION('',(0.500000000324,-6.658E-14,-0.866025403597));
#9815 = DIRECTION('',(0.866025403597,-1.1244E-13,0.500000000324));
#9816 = ADVANCED_FACE('',(#9817),#9836,.T.);
#9817 = FACE_BOUND('',#9818,.T.);
#9818 = EDGE_LOOP('',(#9819,#9820,#9821,#9830));
#9819 = ORIENTED_EDGE('',*,*,#5243,.F.);
#9820 = ORIENTED_EDGE('',*,*,#9806,.T.);
#9821 = ORIENTED_EDGE('',*,*,#9822,.F.);
#9822 = EDGE_CURVE('',#9823,#9799,#9825,.T.);
#9823 = VERTEX_POINT('',#9824);
#9824 = CARTESIAN_POINT('',(231.14322950886,190.20000000222,
    98.220516489822));
#9825 = CIRCLE('',#9826,1.499999999995);
#9826 = AXIS2_PLACEMENT_3D('',#9827,#9828,#9829);
#9827 = CARTESIAN_POINT('',(231.89322950886,190.20000000222,
    99.519554595495));
#9828 = DIRECTION('',(-1.3127E-13,-1.,9.999999999999E-17));
#9829 = DIRECTION('',(-0.5,6.554839745962E-14,-0.866025403784));
#9830 = ORIENTED_EDGE('',*,*,#9831,.F.);
#9831 = EDGE_CURVE('',#5244,#9823,#9832,.T.);
#9832 = LINE('',#9833,#9834);
#9833 = CARTESIAN_POINT('',(231.14322950886,192.20000000222,
    98.220516489822));
#9834 = VECTOR('',#9835,1.);
#9835 = DIRECTION('',(-1.3101E-13,-1.,1.25E-15));
#9836 = CYLINDRICAL_SURFACE('',#9837,1.499999999995);
#9837 = AXIS2_PLACEMENT_3D('',#9838,#9839,#9840);
#9838 = CARTESIAN_POINT('',(231.89322950886,192.20000000222,
    99.519554595495));
#9839 = DIRECTION('',(-1.3101E-13,-1.,1.25E-15));
#9840 = DIRECTION('',(-0.5,6.442246824527E-14,-0.866025403784));
#9841 = ADVANCED_FACE('',(#9842),#9860,.T.);
#9842 = FACE_BOUND('',#9843,.T.);
#9843 = EDGE_LOOP('',(#9844,#9845,#9846,#9854));
#9844 = ORIENTED_EDGE('',*,*,#5252,.F.);
#9845 = ORIENTED_EDGE('',*,*,#9831,.T.);
#9846 = ORIENTED_EDGE('',*,*,#9847,.F.);
#9847 = EDGE_CURVE('',#9848,#9823,#9850,.T.);
#9848 = VERTEX_POINT('',#9849);
#9849 = CARTESIAN_POINT('',(223.14322951268,190.20000000222,
    102.83931864113));
#9850 = LINE('',#9851,#9852);
#9851 = CARTESIAN_POINT('',(223.14322951268,190.20000000222,
    102.83931864113));
#9852 = VECTOR('',#9853,1.);
#9853 = DIRECTION('',(0.866025403784,-1.135E-13,-0.5));
#9854 = ORIENTED_EDGE('',*,*,#9855,.F.);
#9855 = EDGE_CURVE('',#5253,#9848,#9856,.T.);
#9856 = LINE('',#9857,#9858);
#9857 = CARTESIAN_POINT('',(223.14322951268,192.20000000222,
    102.83931864113));
#9858 = VECTOR('',#9859,1.);
#9859 = DIRECTION('',(-1.3101E-13,-1.,1.25E-15));
#9860 = PLANE('',#9861);
#9861 = AXIS2_PLACEMENT_3D('',#9862,#9863,#9864);
#9862 = CARTESIAN_POINT('',(223.14322951268,192.20000000222,
    102.83931864113));
#9863 = DIRECTION('',(-0.5,6.442E-14,-0.866025403784));
#9864 = DIRECTION('',(0.866025403784,-1.135E-13,-0.5));
#9865 = ADVANCED_FACE('',(#9866),#9885,.T.);
#9866 = FACE_BOUND('',#9867,.T.);
#9867 = EDGE_LOOP('',(#9868,#9869,#9870,#9879));
#9868 = ORIENTED_EDGE('',*,*,#5260,.F.);
#9869 = ORIENTED_EDGE('',*,*,#9855,.T.);
#9870 = ORIENTED_EDGE('',*,*,#9871,.F.);
#9871 = EDGE_CURVE('',#9872,#9848,#9874,.T.);
#9872 = VERTEX_POINT('',#9873);
#9873 = CARTESIAN_POINT('',(222.39322950885,190.20000000222,
    104.13835675344));
#9874 = CIRCLE('',#9875,1.500000007649);
#9875 = AXIS2_PLACEMENT_3D('',#9876,#9877,#9878);
#9876 = CARTESIAN_POINT('',(223.8932295165,190.20000000222,
    104.13835675344));
#9877 = DIRECTION('',(-1.3053E-13,-1.,1.39E-15));
#9878 = DIRECTION('',(-1.,1.3053E-13,-2.E-16));
#9879 = ORIENTED_EDGE('',*,*,#9880,.F.);
#9880 = EDGE_CURVE('',#5261,#9872,#9881,.T.);
#9881 = LINE('',#9882,#9883);
#9882 = CARTESIAN_POINT('',(222.39322950885,192.20000000222,
    104.13835675344));
#9883 = VECTOR('',#9884,1.);
#9884 = DIRECTION('',(-1.3101E-13,-1.,1.25E-15));
#9885 = CYLINDRICAL_SURFACE('',#9886,1.500000007649);
#9886 = AXIS2_PLACEMENT_3D('',#9887,#9888,#9889);
#9887 = CARTESIAN_POINT('',(223.8932295165,192.20000000222,
    104.13835675344));
#9888 = DIRECTION('',(-1.3101E-13,-1.,1.25E-15));
#9889 = DIRECTION('',(-1.,1.3101E-13,-2.E-16));
#9890 = ADVANCED_FACE('',(#9891),#9909,.T.);
#9891 = FACE_BOUND('',#9892,.T.);
#9892 = EDGE_LOOP('',(#9893,#9894,#9895,#9903));
#9893 = ORIENTED_EDGE('',*,*,#5269,.F.);
#9894 = ORIENTED_EDGE('',*,*,#9880,.T.);
#9895 = ORIENTED_EDGE('',*,*,#9896,.F.);
#9896 = EDGE_CURVE('',#9897,#9872,#9899,.T.);
#9897 = VERTEX_POINT('',#9898);
#9898 = CARTESIAN_POINT('',(222.39322950885,190.20000000222,
    113.37596105606));
#9899 = LINE('',#9900,#9901);
#9900 = CARTESIAN_POINT('',(222.39322950885,190.20000000222,
    113.37596105606));
#9901 = VECTOR('',#9902,1.);
#9902 = DIRECTION('',(-4.85E-15,-1.39E-15,-1.));
#9903 = ORIENTED_EDGE('',*,*,#9904,.F.);
#9904 = EDGE_CURVE('',#5270,#9897,#9905,.T.);
#9905 = LINE('',#9906,#9907);
#9906 = CARTESIAN_POINT('',(222.39322950885,192.20000000222,
    113.37596105606));
#9907 = VECTOR('',#9908,1.);
#9908 = DIRECTION('',(-1.3101E-13,-1.,1.25E-15));
#9909 = PLANE('',#9910);
#9910 = AXIS2_PLACEMENT_3D('',#9911,#9912,#9913);
#9911 = CARTESIAN_POINT('',(222.39322950885,192.20000000222,
    113.37596105606));
#9912 = DIRECTION('',(-1.,1.3101E-13,4.85E-15));
#9913 = DIRECTION('',(-4.85E-15,-1.39E-15,-1.));
#9914 = ADVANCED_FACE('',(#9915),#9927,.T.);
#9915 = FACE_BOUND('',#9916,.T.);
#9916 = EDGE_LOOP('',(#9917,#9918,#9919,#9926));
#9917 = ORIENTED_EDGE('',*,*,#5277,.F.);
#9918 = ORIENTED_EDGE('',*,*,#9904,.T.);
#9919 = ORIENTED_EDGE('',*,*,#9920,.F.);
#9920 = EDGE_CURVE('',#9644,#9897,#9921,.T.);
#9921 = CIRCLE('',#9922,1.5);
#9922 = AXIS2_PLACEMENT_3D('',#9923,#9924,#9925);
#9923 = CARTESIAN_POINT('',(223.89322950885,190.20000000222,
    113.37596105606));
#9924 = DIRECTION('',(-1.3053E-13,-1.,1.39E-15));
#9925 = DIRECTION('',(-0.5,6.646877531126E-14,0.866025403784));
#9926 = ORIENTED_EDGE('',*,*,#9643,.F.);
#9927 = CYLINDRICAL_SURFACE('',#9928,1.5);
#9928 = AXIS2_PLACEMENT_3D('',#9929,#9930,#9931);
#9929 = CARTESIAN_POINT('',(223.89322950885,192.20000000222,
    113.37596105606));
#9930 = DIRECTION('',(-1.3101E-13,-1.,1.25E-15));
#9931 = DIRECTION('',(-0.5,6.658753175473E-14,0.866025403784));
#9932 = ADVANCED_FACE('',(#9933),#9952,.F.);
#9933 = FACE_BOUND('',#9934,.T.);
#9934 = EDGE_LOOP('',(#9935,#9936,#9937,#9945,#9951));
#9935 = ORIENTED_EDGE('',*,*,#5292,.F.);
#9936 = ORIENTED_EDGE('',*,*,#5363,.T.);
#9937 = ORIENTED_EDGE('',*,*,#9938,.T.);
#9938 = EDGE_CURVE('',#5356,#9939,#9941,.T.);
#9939 = VERTEX_POINT('',#9940);
#9940 = CARTESIAN_POINT('',(149.84322950886,191.60000000223,
    134.55715890731));
#9941 = LINE('',#9942,#9943);
#9942 = CARTESIAN_POINT('',(149.84322950886,191.60000000223,
    137.30715890731));
#9943 = VECTOR('',#9944,1.);
#9944 = DIRECTION('',(-2.E-16,1.39E-15,1.));
#9945 = ORIENTED_EDGE('',*,*,#9946,.T.);
#9946 = EDGE_CURVE('',#9939,#5422,#9947,.T.);
#9947 = LINE('',#9948,#9949);
#9948 = CARTESIAN_POINT('',(149.84322950886,191.60000000223,
    137.30715890731));
#9949 = VECTOR('',#9950,1.);
#9950 = DIRECTION('',(-2.E-16,1.39E-15,1.));
#9951 = ORIENTED_EDGE('',*,*,#5421,.F.);
#9952 = PLANE('',#9953);
#9953 = AXIS2_PLACEMENT_3D('',#9954,#9955,#9956);
#9954 = CARTESIAN_POINT('',(149.84322950886,191.80000000223,
    131.80715890731));
#9955 = DIRECTION('',(1.,-1.3323E-13,2.E-16));
#9956 = DIRECTION('',(-1.999999999998E-16,1.39E-15,1.));
#9957 = ADVANCED_FACE('',(#9958),#9977,.F.);
#9958 = FACE_BOUND('',#9959,.T.);
#9959 = EDGE_LOOP('',(#9960,#9961,#9962,#9970,#9976));
#9960 = ORIENTED_EDGE('',*,*,#5389,.F.);
#9961 = ORIENTED_EDGE('',*,*,#5445,.T.);
#9962 = ORIENTED_EDGE('',*,*,#9963,.T.);
#9963 = EDGE_CURVE('',#5438,#9964,#9966,.T.);
#9964 = VERTEX_POINT('',#9965);
#9965 = CARTESIAN_POINT('',(144.34322950886,191.60000000223,
    134.55715890731));
#9966 = LINE('',#9967,#9968);
#9967 = CARTESIAN_POINT('',(144.34322950886,191.60000000223,
    137.30715890731));
#9968 = VECTOR('',#9969,1.);
#9969 = DIRECTION('',(2.E-16,-1.39E-15,-1.));
#9970 = ORIENTED_EDGE('',*,*,#9971,.T.);
#9971 = EDGE_CURVE('',#9964,#5340,#9972,.T.);
#9972 = LINE('',#9973,#9974);
#9973 = CARTESIAN_POINT('',(144.34322950886,191.60000000223,
    137.30715890731));
#9974 = VECTOR('',#9975,1.);
#9975 = DIRECTION('',(2.E-16,-1.39E-15,-1.));
#9976 = ORIENTED_EDGE('',*,*,#5339,.F.);
#9977 = PLANE('',#9978);
#9978 = AXIS2_PLACEMENT_3D('',#9979,#9980,#9981);
#9979 = CARTESIAN_POINT('',(144.34322950886,191.80000000223,
    137.30715890731));
#9980 = DIRECTION('',(-1.,1.3323E-13,-2.E-16));
#9981 = DIRECTION('',(1.999999999998E-16,-1.39E-15,-1.));
#9982 = ADVANCED_FACE('',(#9983),#9994,.T.);
#9983 = FACE_BOUND('',#9984,.T.);
#9984 = EDGE_LOOP('',(#9985,#9986,#9987));
#9985 = ORIENTED_EDGE('',*,*,#5347,.F.);
#9986 = ORIENTED_EDGE('',*,*,#9971,.F.);
#9987 = ORIENTED_EDGE('',*,*,#9988,.F.);
#9988 = EDGE_CURVE('',#5348,#9964,#9989,.T.);
#9989 = CIRCLE('',#9990,2.75);
#9990 = AXIS2_PLACEMENT_3D('',#9991,#9992,#9993);
#9991 = CARTESIAN_POINT('',(147.09322950886,191.60000000223,
    134.55715890731));
#9992 = DIRECTION('',(1.3053E-13,1.,-1.39E-15));
#9993 = DIRECTION('',(-1.,1.3053E-13,-2.E-16));
#9994 = PLANE('',#9995);
#9995 = AXIS2_PLACEMENT_3D('',#9996,#9997,#9998);
#9996 = CARTESIAN_POINT('',(145.71822950886,191.60000000223,
    133.18215890731));
#9997 = DIRECTION('',(1.3053E-13,1.,-1.39E-15));
#9998 = DIRECTION('',(-1.,1.3053E-13,-2.E-16));
#9999 = ADVANCED_FACE('',(#10000),#10011,.T.);
#10000 = FACE_BOUND('',#10001,.T.);
#10001 = EDGE_LOOP('',(#10002,#10003,#10004));
#10002 = ORIENTED_EDGE('',*,*,#9938,.F.);
#10003 = ORIENTED_EDGE('',*,*,#5355,.F.);
#10004 = ORIENTED_EDGE('',*,*,#10005,.F.);
#10005 = EDGE_CURVE('',#9939,#5348,#10006,.T.);
#10006 = CIRCLE('',#10007,2.75);
#10007 = AXIS2_PLACEMENT_3D('',#10008,#10009,#10010);
#10008 = CARTESIAN_POINT('',(147.09322950886,191.60000000223,
    134.55715890731));
#10009 = DIRECTION('',(1.3053E-13,1.,-1.39E-15));
#10010 = DIRECTION('',(-1.,1.3053E-13,-2.E-16));
#10011 = PLANE('',#10012);
#10012 = AXIS2_PLACEMENT_3D('',#10013,#10014,#10015);
#10013 = CARTESIAN_POINT('',(148.46822950886,191.60000000223,
    133.18215890731));
#10014 = DIRECTION('',(1.3053E-13,1.,-1.39E-15));
#10015 = DIRECTION('',(-1.,1.3053E-13,-2.E-16));
#10016 = ADVANCED_FACE('',(#10017),#10028,.T.);
#10017 = FACE_BOUND('',#10018,.T.);
#10018 = EDGE_LOOP('',(#10019,#10020,#10021));
#10019 = ORIENTED_EDGE('',*,*,#5429,.F.);
#10020 = ORIENTED_EDGE('',*,*,#9946,.F.);
#10021 = ORIENTED_EDGE('',*,*,#10022,.F.);
#10022 = EDGE_CURVE('',#5430,#9939,#10023,.T.);
#10023 = CIRCLE('',#10024,2.75);
#10024 = AXIS2_PLACEMENT_3D('',#10025,#10026,#10027);
#10025 = CARTESIAN_POINT('',(147.09322950886,191.60000000223,
    134.55715890731));
#10026 = DIRECTION('',(1.3053E-13,1.,-1.39E-15));
#10027 = DIRECTION('',(-1.,1.3053E-13,-2.E-16));
#10028 = PLANE('',#10029);
#10029 = AXIS2_PLACEMENT_3D('',#10030,#10031,#10032);
#10030 = CARTESIAN_POINT('',(148.46822950886,191.60000000223,
    135.93215890731));
#10031 = DIRECTION('',(1.3053E-13,1.,-1.39E-15));
#10032 = DIRECTION('',(-1.,1.3053E-13,-2.E-16));
#10033 = ADVANCED_FACE('',(#10034),#10045,.T.);
#10034 = FACE_BOUND('',#10035,.T.);
#10035 = EDGE_LOOP('',(#10036,#10037,#10044));
#10036 = ORIENTED_EDGE('',*,*,#5437,.F.);
#10037 = ORIENTED_EDGE('',*,*,#10038,.F.);
#10038 = EDGE_CURVE('',#9964,#5430,#10039,.T.);
#10039 = CIRCLE('',#10040,2.75);
#10040 = AXIS2_PLACEMENT_3D('',#10041,#10042,#10043);
#10041 = CARTESIAN_POINT('',(147.09322950886,191.60000000223,
    134.55715890731));
#10042 = DIRECTION('',(1.3053E-13,1.,-1.39E-15));
#10043 = DIRECTION('',(-1.,1.3053E-13,-2.E-16));
#10044 = ORIENTED_EDGE('',*,*,#9963,.F.);
#10045 = PLANE('',#10046);
#10046 = AXIS2_PLACEMENT_3D('',#10047,#10048,#10049);
#10047 = CARTESIAN_POINT('',(145.71822950886,191.60000000223,
    135.93215890731));
#10048 = DIRECTION('',(1.3053E-13,1.,-1.39E-15));
#10049 = DIRECTION('',(-1.,1.3053E-13,-2.E-16));
#10050 = ADVANCED_FACE('',(#10051),#10079,.F.);
#10051 = FACE_BOUND('',#10052,.F.);
#10052 = EDGE_LOOP('',(#10053,#10062,#10071,#10078));
#10053 = ORIENTED_EDGE('',*,*,#10054,.F.);
#10054 = EDGE_CURVE('',#10055,#5483,#10057,.T.);
#10055 = VERTEX_POINT('',#10056);
#10056 = CARTESIAN_POINT('',(255.40494613015,191.84452519662,
    106.40608563999));
#10057 = CIRCLE('',#10058,1.4);
#10058 = AXIS2_PLACEMENT_3D('',#10059,#10060,#10061);
#10059 = CARTESIAN_POINT('',(255.54679563545,190.95131119915,
    107.47475185194));
#10060 = DIRECTION('',(0.583400238125,-0.583400238125,-0.565056036434));
#10061 = DIRECTION('',(0.707106781187,0.707106781187,-9.992007221626E-16
    ));
#10062 = ORIENTED_EDGE('',*,*,#10063,.F.);
#10063 = EDGE_CURVE('',#10064,#10055,#10066,.T.);
#10064 = VERTEX_POINT('',#10065);
#10065 = CARTESIAN_POINT('',(254.82722725164,192.15223640124,
    107.47475185194));
#10066 = CIRCLE('',#10067,1.4);
#10067 = AXIS2_PLACEMENT_3D('',#10068,#10069,#10070);
#10068 = CARTESIAN_POINT('',(255.54679563545,190.95131119915,
    107.47475185194));
#10069 = DIRECTION('',(-0.818000105168,-0.490127955188,-0.30108207434));
#10070 = DIRECTION('',(-0.101321075217,0.638009998196,-0.763333008535));
#10071 = ORIENTED_EDGE('',*,*,#10072,.F.);
#10072 = EDGE_CURVE('',#5481,#10064,#10073,.T.);
#10073 = CIRCLE('',#10074,1.4);
#10074 = AXIS2_PLACEMENT_3D('',#10075,#10076,#10077);
#10075 = CARTESIAN_POINT('',(255.54679563545,190.95131119915,
    107.47475185193));
#10076 = DIRECTION('',(-5.54603E-12,-3.3217E-12,1.));
#10077 = DIRECTION('',(-0.513977416999,0.857803715785,-1.16757127495E-15
    ));
#10078 = ORIENTED_EDGE('',*,*,#5480,.T.);
#10079 = SPHERICAL_SURFACE('',#10080,1.4);
#10080 = AXIS2_PLACEMENT_3D('',#10081,#10082,#10083);
#10081 = CARTESIAN_POINT('',(255.54679563545,190.95131119915,
    107.47475185194));
#10082 = DIRECTION('',(0.,0.,1.));
#10083 = DIRECTION('',(1.,0.,0.));
#10084 = ADVANCED_FACE('',(#10085),#10104,.F.);
#10085 = FACE_BOUND('',#10086,.F.);
#10086 = EDGE_LOOP('',(#10087,#10088,#10096,#10103));
#10087 = ORIENTED_EDGE('',*,*,#10072,.T.);
#10088 = ORIENTED_EDGE('',*,*,#10089,.F.);
#10089 = EDGE_CURVE('',#10090,#10064,#10092,.T.);
#10090 = VERTEX_POINT('',#10091);
#10091 = CARTESIAN_POINT('',(254.82722725165,192.15223640125,
    110.03956594398));
#10092 = LINE('',#10093,#10094);
#10093 = CARTESIAN_POINT('',(254.82722725165,192.15223640125,
    111.23976505751));
#10094 = VECTOR('',#10095,1.);
#10095 = DIRECTION('',(2.53E-15,-1.04E-15,-1.));
#10096 = ORIENTED_EDGE('',*,*,#10097,.T.);
#10097 = EDGE_CURVE('',#10090,#5531,#10098,.T.);
#10098 = CIRCLE('',#10099,1.4);
#10099 = AXIS2_PLACEMENT_3D('',#10100,#10101,#10102);
#10100 = CARTESIAN_POINT('',(255.54679563545,190.95131119915,
    110.03956594397));
#10101 = DIRECTION('',(-4.56624E-12,4.56968E-12,-1.));
#10102 = DIRECTION('',(0.707106781187,0.707106781187,2.432447327296E-15)
  );
#10103 = ORIENTED_EDGE('',*,*,#5530,.T.);
#10104 = CYLINDRICAL_SURFACE('',#10105,1.4);
#10105 = AXIS2_PLACEMENT_3D('',#10106,#10107,#10108);
#10106 = CARTESIAN_POINT('',(255.54679563545,190.95131119915,
    111.23976505751));
#10107 = DIRECTION('',(2.53E-15,-1.04E-15,-1.));
#10108 = DIRECTION('',(0.122483179875,0.992470589311,-7.222869678005E-16
    ));
#10109 = ADVANCED_FACE('',(#10110),#10130,.F.);
#10110 = FACE_BOUND('',#10111,.F.);
#10111 = EDGE_LOOP('',(#10112,#10113,#10122,#10129));
#10112 = ORIENTED_EDGE('',*,*,#10097,.F.);
#10113 = ORIENTED_EDGE('',*,*,#10114,.F.);
#10114 = EDGE_CURVE('',#10115,#10090,#10117,.T.);
#10115 = VERTEX_POINT('',#10116);
#10116 = CARTESIAN_POINT('',(255.40494613045,191.84452519683,
    111.10823215579));
#10117 = CIRCLE('',#10118,1.4);
#10118 = AXIS2_PLACEMENT_3D('',#10119,#10120,#10121);
#10119 = CARTESIAN_POINT('',(255.54679563544,190.95131119914,
    110.03956594398));
#10120 = DIRECTION('',(-0.818000105083,-0.490127955124,0.301082074675));
#10121 = DIRECTION('',(-0.513977416999,0.857803715785,
    -4.329869796038E-15));
#10122 = ORIENTED_EDGE('',*,*,#10123,.F.);
#10123 = EDGE_CURVE('',#5579,#10115,#10124,.T.);
#10124 = CIRCLE('',#10125,1.4);
#10125 = AXIS2_PLACEMENT_3D('',#10126,#10127,#10128);
#10126 = CARTESIAN_POINT('',(255.54679563545,190.95131119915,
    110.03956594397));
#10127 = DIRECTION('',(0.583400238121,-0.583400238121,0.565056036443));
#10128 = DIRECTION('',(-0.101321075,0.638009998341,0.763333008443));
#10129 = ORIENTED_EDGE('',*,*,#5578,.T.);
#10130 = SPHERICAL_SURFACE('',#10131,1.4);
#10131 = AXIS2_PLACEMENT_3D('',#10132,#10133,#10134);
#10132 = CARTESIAN_POINT('',(255.54679563545,190.95131119915,
    110.03956594397));
#10133 = DIRECTION('',(0.,0.,1.));
#10134 = DIRECTION('',(1.,0.,0.));
#10135 = ADVANCED_FACE('',(#10136),#10156,.T.);
#10136 = FACE_BOUND('',#10137,.T.);
#10137 = EDGE_LOOP('',(#10138,#10139,#10148,#10155));
#10138 = ORIENTED_EDGE('',*,*,#5620,.F.);
#10139 = ORIENTED_EDGE('',*,*,#10140,.F.);
#10140 = EDGE_CURVE('',#10141,#5621,#10143,.T.);
#10141 = VERTEX_POINT('',#10142);
#10142 = CARTESIAN_POINT('',(257.03202709741,190.58791040951,
    112.38741447174));
#10143 = CIRCLE('',#10144,1.4);
#10144 = AXIS2_PLACEMENT_3D('',#10145,#10146,#10147);
#10145 = CARTESIAN_POINT('',(256.95927465818,189.53883217642,
    111.4632164716));
#10146 = DIRECTION('',(-0.566502877542,0.566502877542,-0.598455494982));
#10147 = DIRECTION('',(0.707106781187,0.707106781187,2.442490654175E-15)
  );
#10148 = ORIENTED_EDGE('',*,*,#10149,.T.);
#10149 = EDGE_CURVE('',#10141,#10115,#10150,.T.);
#10150 = B_SPLINE_CURVE_WITH_KNOTS('',3,(#10151,#10152,#10153,#10154),
  .UNSPECIFIED.,.F.,.F.,(4,4),(7.178867171019E-02,0.317101246934),
  .PIECEWISE_BEZIER_KNOTS.);
#10151 = CARTESIAN_POINT('',(257.03202709741,190.58791040951,
    112.38741447174));
#10152 = CARTESIAN_POINT('',(256.47620609288,190.99606182503,
    111.96786646155));
#10153 = CARTESIAN_POINT('',(255.93677155753,191.41436789285,
    111.53835869447));
#10154 = CARTESIAN_POINT('',(255.40494613045,191.84452519683,
    111.10823215579));
#10155 = ORIENTED_EDGE('',*,*,#10123,.F.);
#10156 = B_SPLINE_SURFACE_WITH_KNOTS('',3,3,(
    (#10157,#10158,#10159,#10160)
    ,(#10161,#10162,#10163,#10164)
    ,(#10165,#10166,#10167,#10168)
    ,(#10169,#10170,#10171,#10172
    )),.UNSPECIFIED.,.F.,.F.,.F.,(4,4),(4,4),(0.235741870238,1.),(
    7.178867171019E-02,0.317101246934),.PIECEWISE_BEZIER_KNOTS.);
#10157 = CARTESIAN_POINT('',(257.78945924416,190.63717554177,
    111.71705777045));
#10158 = CARTESIAN_POINT('',(257.31232576266,191.10474754488,
    111.25438386287));
#10159 = CARTESIAN_POINT('',(256.83010762701,191.57871170613,
    110.80241831173));
#10160 = CARTESIAN_POINT('',(256.34478887205,192.05690774652,
    110.35715540976));
#10161 = CARTESIAN_POINT('',(257.5918209049,190.72426905546,
    111.9865872766));
#10162 = CARTESIAN_POINT('',(257.09537727806,191.19118176545,
    111.55159395916));
#10163 = CARTESIAN_POINT('',(256.59832962312,191.6613262617,
    111.11954592929));
#10164 = CARTESIAN_POINT('',(256.10097580063,192.13686255066,
    110.69143421313));
#10165 = CARTESIAN_POINT('',(257.31608034091,190.70633425375,
    112.23062832462));
#10166 = CARTESIAN_POINT('',(256.78654944074,191.15131844494,
    111.81526180896));
#10167 = CARTESIAN_POINT('',(256.26370499835,191.59995435731,
    111.3953237153));
#10168 = CARTESIAN_POINT('',(255.74452898931,192.0563138809,
    110.9762892206));
#10169 = CARTESIAN_POINT('',(257.03202709741,190.58791040951,
    112.38741447174));
#10170 = CARTESIAN_POINT('',(256.47620609288,190.99606182503,
    111.96786646155));
#10171 = CARTESIAN_POINT('',(255.93677155753,191.41436789285,
    111.53835869447));
#10172 = CARTESIAN_POINT('',(255.40494613045,191.84452519683,
    111.10823215579));
#10173 = ADVANCED_FACE('',(#10174),#10194,.F.);
#10174 = FACE_BOUND('',#10175,.F.);
#10175 = EDGE_LOOP('',(#10176,#10177,#10186,#10193));
#10176 = ORIENTED_EDGE('',*,*,#10140,.F.);
#10177 = ORIENTED_EDGE('',*,*,#10178,.F.);
#10178 = EDGE_CURVE('',#10179,#10141,#10181,.T.);
#10179 = VERTEX_POINT('',#10180);
#10180 = CARTESIAN_POINT('',(257.98534423169,189.86483683636,
    112.35814786115));
#10181 = CIRCLE('',#10182,1.4);
#10182 = AXIS2_PLACEMENT_3D('',#10183,#10184,#10185);
#10183 = CARTESIAN_POINT('',(256.95927465818,189.53883217642,
    111.4632164716));
#10184 = DIRECTION('',(-0.420880607916,-0.583026683089,0.694938415031));
#10185 = DIRECTION('',(5.196602802633E-02,0.74934159506,0.660141428668)
  );
#10186 = ORIENTED_EDGE('',*,*,#10187,.F.);
#10187 = EDGE_CURVE('',#5672,#10179,#10188,.T.);
#10188 = CIRCLE('',#10189,1.4);
#10189 = AXIS2_PLACEMENT_3D('',#10190,#10191,#10192);
#10190 = CARTESIAN_POINT('',(256.95927465818,189.53883217642,
    111.4632164716));
#10191 = DIRECTION('',(0.618756497525,-0.618756497525,-0.484025612486));
#10192 = DIRECTION('',(0.732906838223,0.232860471385,0.639236706825));
#10193 = ORIENTED_EDGE('',*,*,#5671,.T.);
#10194 = SPHERICAL_SURFACE('',#10195,1.4);
#10195 = AXIS2_PLACEMENT_3D('',#10196,#10197,#10198);
#10196 = CARTESIAN_POINT('',(256.95927465818,189.53883217642,
    111.4632164716));
#10197 = DIRECTION('',(0.,0.,1.));
#10198 = DIRECTION('',(1.,0.,0.));
#10199 = ADVANCED_FACE('',(#10200),#10220,.T.);
#10200 = FACE_BOUND('',#10201,.T.);
#10201 = EDGE_LOOP('',(#10202,#10203,#10212,#10219));
#10202 = ORIENTED_EDGE('',*,*,#5711,.F.);
#10203 = ORIENTED_EDGE('',*,*,#10204,.F.);
#10204 = EDGE_CURVE('',#10205,#5712,#10207,.T.);
#10205 = VERTEX_POINT('',#10206);
#10206 = CARTESIAN_POINT('',(259.40089689685,188.56351189009,
    111.23044681439));
#10207 = CIRCLE('',#10208,1.4);
#10208 = AXIS2_PLACEMENT_3D('',#10209,#10210,#10211);
#10209 = CARTESIAN_POINT('',(258.3627960711,188.1353107635,
    110.39439031464));
#10210 = DIRECTION('',(-0.62842589939,0.62842589939,0.45843404973));
#10211 = DIRECTION('',(0.707106781187,0.707106781187,2.636779683485E-15)
  );
#10212 = ORIENTED_EDGE('',*,*,#10213,.T.);
#10213 = EDGE_CURVE('',#10205,#10179,#10214,.T.);
#10214 = B_SPLINE_CURVE_WITH_KNOTS('',3,(#10215,#10216,#10217,#10218),
  .UNSPECIFIED.,.F.,.F.,(4,4),(7.535121067739E-02,0.300796172783),
  .PIECEWISE_BEZIER_KNOTS.);
#10215 = CARTESIAN_POINT('',(259.40089689685,188.56351189009,
    111.23044681439));
#10216 = CARTESIAN_POINT('',(258.9254379708,188.98200971144,
    111.60646573806));
#10217 = CARTESIAN_POINT('',(258.45412959009,189.42091764908,
    111.98237975983));
#10218 = CARTESIAN_POINT('',(257.98534423169,189.86483683636,
    112.35814786115));
#10219 = ORIENTED_EDGE('',*,*,#10187,.F.);
#10220 = B_SPLINE_SURFACE_WITH_KNOTS('',3,3,(
    (#10221,#10222,#10223,#10224)
    ,(#10225,#10226,#10227,#10228)
    ,(#10229,#10230,#10231,#10232)
    ,(#10233,#10234,#10235,#10236
    )),.UNSPECIFIED.,.F.,.F.,.F.,(4,4),(4,4),(0.249983822859,1.),(
    7.535121067739E-02,0.300796172783),.PIECEWISE_BEZIER_KNOTS.);
#10221 = CARTESIAN_POINT('',(259.41912122951,189.02539134767,
    110.62228001032));
#10222 = CARTESIAN_POINT('',(258.9526740481,189.48795720981,
    110.97771073643));
#10223 = CARTESIAN_POINT('',(258.48896706784,189.94941073894,
    111.34407015836));
#10224 = CARTESIAN_POINT('',(258.02597123729,190.41067640193,
    111.71230692619));
#10225 = CARTESIAN_POINT('',(259.46790701247,188.90980281826,
    110.84760593267));
#10226 = CARTESIAN_POINT('',(259.00521548125,189.36100454243,
    111.21358006881));
#10227 = CARTESIAN_POINT('',(258.54274195422,189.81657898154,
    111.58537668762));
#10228 = CARTESIAN_POINT('',(258.08082322774,190.27339012182,
    111.95792781953));
#10229 = CARTESIAN_POINT('',(259.46152142832,188.74796588315,
    111.06070017184));
#10230 = CARTESIAN_POINT('',(258.99563539936,189.18279985908,
    111.43510690031));
#10231 = CARTESIAN_POINT('',(258.53043126892,189.62975486295,
    111.81103426655));
#10232 = CARTESIAN_POINT('',(258.06642370933,190.07992701126,
    112.18683463407));
#10233 = CARTESIAN_POINT('',(259.40089689685,188.56351189009,
    111.23044681439));
#10234 = CARTESIAN_POINT('',(258.9254379708,188.98200971144,
    111.60646573806));
#10235 = CARTESIAN_POINT('',(258.45412959009,189.42091764908,
    111.98237975983));
#10236 = CARTESIAN_POINT('',(257.98534423169,189.86483683636,
    112.35814786115));
#10237 = ADVANCED_FACE('',(#10238),#10267,.F.);
#10238 = FACE_BOUND('',#10239,.F.);
#10239 = EDGE_LOOP('',(#10240,#10241,#10250,#10259,#10266));
#10240 = ORIENTED_EDGE('',*,*,#10204,.F.);
#10241 = ORIENTED_EDGE('',*,*,#10242,.F.);
#10242 = EDGE_CURVE('',#10243,#10205,#10245,.T.);
#10243 = VERTEX_POINT('',#10244);
#10244 = CARTESIAN_POINT('',(259.65423406244,188.16194750886,
    110.93427770876));
#10245 = CIRCLE('',#10246,1.4);
#10246 = AXIS2_PLACEMENT_3D('',#10247,#10248,#10249);
#10247 = CARTESIAN_POINT('',(258.3627960711,188.1353107635,
    110.39439031464));
#10248 = DIRECTION('',(-0.272149592933,-0.676441315153,0.684369597674));
#10249 = DIRECTION('',(0.74150058982,0.30585794756,0.597183214107));
#10250 = ORIENTED_EDGE('',*,*,#10251,.T.);
#10251 = EDGE_CURVE('',#10243,#10252,#10254,.T.);
#10252 = VERTEX_POINT('',#10253);
#10253 = CARTESIAN_POINT('',(259.76254264952,188.16194750886,
    110.39439031464));
#10254 = CIRCLE('',#10255,1.399746578419);
#10255 = AXIS2_PLACEMENT_3D('',#10256,#10257,#10258);
#10256 = CARTESIAN_POINT('',(258.3627960711,188.16194750886,
    110.39439031464));
#10257 = DIRECTION('',(1.2998E-13,1.,-2.35E-15));
#10258 = DIRECTION('',(0.447341102937,-5.604364250889E-14,0.89436342592)
  );
#10259 = ORIENTED_EDGE('',*,*,#10260,.F.);
#10260 = EDGE_CURVE('',#5760,#10252,#10261,.T.);
#10261 = CIRCLE('',#10262,1.4);
#10262 = AXIS2_PLACEMENT_3D('',#10263,#10264,#10265);
#10263 = CARTESIAN_POINT('',(258.3627960711,188.1353107635,
    110.39439031464));
#10264 = DIRECTION('',(-5.128E-14,-1.2921E-13,-1.));
#10265 = DIRECTION('',(0.927730882683,-0.373249794798,6.535663218231E-16
    ));
#10266 = ORIENTED_EDGE('',*,*,#5759,.T.);
#10267 = SPHERICAL_SURFACE('',#10268,1.4);
#10268 = AXIS2_PLACEMENT_3D('',#10269,#10270,#10271);
#10269 = CARTESIAN_POINT('',(258.3627960711,188.1353107635,
    110.39439031464));
#10270 = DIRECTION('',(0.,0.,1.));
#10271 = DIRECTION('',(1.,0.,0.));
#10272 = ADVANCED_FACE('',(#10273),#10292,.F.);
#10273 = FACE_BOUND('',#10274,.F.);
#10274 = EDGE_LOOP('',(#10275,#10276,#10284,#10291));
#10275 = ORIENTED_EDGE('',*,*,#10260,.T.);
#10276 = ORIENTED_EDGE('',*,*,#10277,.T.);
#10277 = EDGE_CURVE('',#10252,#10278,#10280,.T.);
#10278 = VERTEX_POINT('',#10279);
#10279 = CARTESIAN_POINT('',(259.76254264952,188.16194750886,
    107.11992748146));
#10280 = LINE('',#10281,#10282);
#10281 = CARTESIAN_POINT('',(259.76254264952,188.16194750886,
    106.59194658141));
#10282 = VECTOR('',#10283,1.);
#10283 = DIRECTION('',(9.6E-16,5.3E-16,-1.));
#10284 = ORIENTED_EDGE('',*,*,#10285,.T.);
#10285 = EDGE_CURVE('',#10278,#5802,#10286,.T.);
#10286 = CIRCLE('',#10287,1.4);
#10287 = AXIS2_PLACEMENT_3D('',#10288,#10289,#10290);
#10288 = CARTESIAN_POINT('',(258.3627960711,188.1353107635,
    107.11992748146));
#10289 = DIRECTION('',(9.604E-14,-9.948E-14,1.));
#10290 = DIRECTION('',(0.707106781187,0.707106781187,2.432447327282E-15)
  );
#10291 = ORIENTED_EDGE('',*,*,#5801,.T.);
#10292 = CYLINDRICAL_SURFACE('',#10293,1.4);
#10293 = AXIS2_PLACEMENT_3D('',#10294,#10295,#10296);
#10294 = CARTESIAN_POINT('',(258.3627960711,188.1353107635,
    106.59194658141));
#10295 = DIRECTION('',(-9.6E-16,-5.3E-16,1.));
#10296 = DIRECTION('',(0.979778612555,0.200084658034,1.04663233681E-15)
  );
#10297 = ADVANCED_FACE('',(#10298),#10327,.F.);
#10298 = FACE_BOUND('',#10299,.F.);
#10299 = EDGE_LOOP('',(#10300,#10301,#10310,#10319,#10326));
#10300 = ORIENTED_EDGE('',*,*,#10285,.F.);
#10301 = ORIENTED_EDGE('',*,*,#10302,.T.);
#10302 = EDGE_CURVE('',#10278,#10303,#10305,.T.);
#10303 = VERTEX_POINT('',#10304);
#10304 = CARTESIAN_POINT('',(259.65423406217,188.16194750886,
    106.58004008669));
#10305 = CIRCLE('',#10306,1.399746578419);
#10306 = AXIS2_PLACEMENT_3D('',#10307,#10308,#10309);
#10307 = CARTESIAN_POINT('',(258.3627960711,188.16194750886,
    107.11992748146));
#10308 = DIRECTION('',(1.2998E-13,1.,-2.35E-15));
#10309 = DIRECTION('',(0.447341103451,-6.02471506768E-14,-0.894363425663
    ));
#10310 = ORIENTED_EDGE('',*,*,#10311,.F.);
#10311 = EDGE_CURVE('',#10312,#10303,#10314,.T.);
#10312 = VERTEX_POINT('',#10313);
#10313 = CARTESIAN_POINT('',(259.40089689671,188.56351188945,
    106.28387098121));
#10314 = CIRCLE('',#10315,1.4);
#10315 = AXIS2_PLACEMENT_3D('',#10316,#10317,#10318);
#10316 = CARTESIAN_POINT('',(258.3627960711,188.1353107635,
    107.11992748146));
#10317 = DIRECTION('',(-0.272149593112,-0.676441315599,-0.684369597162)
  );
#10318 = DIRECTION('',(0.927730882683,-0.373249794798,4.163336342344E-16
    ));
#10319 = ORIENTED_EDGE('',*,*,#10320,.F.);
#10320 = EDGE_CURVE('',#5852,#10312,#10321,.T.);
#10321 = CIRCLE('',#10322,1.4);
#10322 = AXIS2_PLACEMENT_3D('',#10323,#10324,#10325);
#10323 = CARTESIAN_POINT('',(258.3627960711,188.1353107635,
    107.11992748146));
#10324 = DIRECTION('',(-0.62842589936,0.62842589936,-0.458434049813));
#10325 = DIRECTION('',(0.741500589722,0.305857947106,-0.597183214461));
#10326 = ORIENTED_EDGE('',*,*,#5851,.T.);
#10327 = SPHERICAL_SURFACE('',#10328,1.4);
#10328 = AXIS2_PLACEMENT_3D('',#10329,#10330,#10331);
#10329 = CARTESIAN_POINT('',(258.3627960711,188.1353107635,
    107.11992748146));
#10330 = DIRECTION('',(0.,0.,1.));
#10331 = DIRECTION('',(1.,0.,0.));
#10332 = ADVANCED_FACE('',(#10333),#10353,.T.);
#10333 = FACE_BOUND('',#10334,.T.);
#10334 = EDGE_LOOP('',(#10335,#10336,#10345,#10352));
#10335 = ORIENTED_EDGE('',*,*,#5891,.F.);
#10336 = ORIENTED_EDGE('',*,*,#10337,.F.);
#10337 = EDGE_CURVE('',#10338,#5892,#10340,.T.);
#10338 = VERTEX_POINT('',#10339);
#10339 = CARTESIAN_POINT('',(257.98534423157,189.86483683593,
    105.15616993448));
#10340 = CIRCLE('',#10341,1.4);
#10341 = AXIS2_PLACEMENT_3D('',#10342,#10343,#10344);
#10342 = CARTESIAN_POINT('',(256.95927465818,189.53883217642,
    106.05110132433));
#10343 = DIRECTION('',(0.618756497509,-0.618756497509,0.484025612527));
#10344 = DIRECTION('',(0.707106781187,0.707106781187,-3.330669073875E-16
    ));
#10345 = ORIENTED_EDGE('',*,*,#10346,.T.);
#10346 = EDGE_CURVE('',#10338,#10312,#10347,.T.);
#10347 = B_SPLINE_CURVE_WITH_KNOTS('',3,(#10348,#10349,#10350,#10351),
  .UNSPECIFIED.,.F.,.F.,(4,4),(6.803302971917E-02,0.293477991832),
  .PIECEWISE_BEZIER_KNOTS.);
#10348 = CARTESIAN_POINT('',(257.98534423157,189.86483683593,
    105.15616993448));
#10349 = CARTESIAN_POINT('',(258.45412958996,189.42091764859,
    105.53193803581));
#10350 = CARTESIAN_POINT('',(258.92543797067,188.98200971089,
    105.90785205757));
#10351 = CARTESIAN_POINT('',(259.40089689671,188.56351188945,
    106.28387098121));
#10352 = ORIENTED_EDGE('',*,*,#10320,.F.);
#10353 = B_SPLINE_SURFACE_WITH_KNOTS('',3,3,(
    (#10354,#10355,#10356,#10357)
    ,(#10358,#10359,#10360,#10361)
    ,(#10362,#10363,#10364,#10365)
    ,(#10366,#10367,#10368,#10369
    )),.UNSPECIFIED.,.F.,.F.,.F.,(4,4),(4,4),(0.249983822949,1.),(
    6.803302971917E-02,0.293477991832),.PIECEWISE_BEZIER_KNOTS.);
#10354 = CARTESIAN_POINT('',(258.02597123734,190.41067640181,
    105.80201086955));
#10355 = CARTESIAN_POINT('',(258.48896706791,189.94941073881,
    106.1702476374));
#10356 = CARTESIAN_POINT('',(258.95267404817,189.48795720966,
    106.53660705937));
#10357 = CARTESIAN_POINT('',(259.41912122958,189.02539134753,
    106.89203778553));
#10358 = CARTESIAN_POINT('',(258.08082322779,190.27339012161,
    105.55638997614));
#10359 = CARTESIAN_POINT('',(258.54274195427,189.81657898131,
    105.92894110806));
#10360 = CARTESIAN_POINT('',(259.00521548132,189.36100454218,
    106.30073772689));
#10361 = CARTESIAN_POINT('',(259.46790701254,188.90980281798,
    106.66671186305));
#10362 = CARTESIAN_POINT('',(258.06642370931,190.07992701093,
    105.32748316155));
#10363 = CARTESIAN_POINT('',(258.53043126891,189.62975486258,
    105.70328352908));
#10364 = CARTESIAN_POINT('',(258.99563539936,189.18279985868,
    106.07921089532));
#10365 = CARTESIAN_POINT('',(259.46152142832,188.7479658827,
    106.45361762378));
#10366 = CARTESIAN_POINT('',(257.98534423157,189.86483683593,
    105.15616993448));
#10367 = CARTESIAN_POINT('',(258.45412958996,189.42091764859,
    105.53193803581));
#10368 = CARTESIAN_POINT('',(258.92543797067,188.98200971089,
    105.90785205757));
#10369 = CARTESIAN_POINT('',(259.40089689671,188.56351188945,
    106.28387098121));
#10370 = ADVANCED_FACE('',(#10371),#10391,.F.);
#10371 = FACE_BOUND('',#10372,.F.);
#10372 = EDGE_LOOP('',(#10373,#10374,#10383,#10390));
#10373 = ORIENTED_EDGE('',*,*,#10337,.F.);
#10374 = ORIENTED_EDGE('',*,*,#10375,.F.);
#10375 = EDGE_CURVE('',#10376,#10338,#10378,.T.);
#10376 = VERTEX_POINT('',#10377);
#10377 = CARTESIAN_POINT('',(257.03202709702,190.58791040934,
    105.12690332398));
#10378 = CIRCLE('',#10379,1.4);
#10379 = AXIS2_PLACEMENT_3D('',#10380,#10381,#10382);
#10380 = CARTESIAN_POINT('',(256.95927465818,189.53883217642,
    106.05110132433));
#10381 = DIRECTION('',(-0.420880608137,-0.58302668324,-0.694938414771));
#10382 = DIRECTION('',(0.732906838136,0.232860471077,-0.639236707037));
#10383 = ORIENTED_EDGE('',*,*,#10384,.F.);
#10384 = EDGE_CURVE('',#5940,#10376,#10385,.T.);
#10385 = CIRCLE('',#10386,1.4);
#10386 = AXIS2_PLACEMENT_3D('',#10387,#10388,#10389);
#10387 = CARTESIAN_POINT('',(256.95927465818,189.53883217642,
    106.05110132433));
#10388 = DIRECTION('',(-0.566502877542,0.566502877542,0.598455494981));
#10389 = DIRECTION('',(5.196602774411E-02,0.749341594942,-0.660141428824
    ));
#10390 = ORIENTED_EDGE('',*,*,#5939,.T.);
#10391 = SPHERICAL_SURFACE('',#10392,1.4);
#10392 = AXIS2_PLACEMENT_3D('',#10393,#10394,#10395);
#10393 = CARTESIAN_POINT('',(256.95927465818,189.53883217642,
    106.05110132433));
#10394 = DIRECTION('',(0.,0.,1.));
#10395 = DIRECTION('',(1.,0.,0.));
#10396 = ADVANCED_FACE('',(#10397),#10409,.T.);
#10397 = FACE_BOUND('',#10398,.T.);
#10398 = EDGE_LOOP('',(#10399,#10400,#10401,#10408));
#10399 = ORIENTED_EDGE('',*,*,#5981,.F.);
#10400 = ORIENTED_EDGE('',*,*,#10054,.F.);
#10401 = ORIENTED_EDGE('',*,*,#10402,.T.);
#10402 = EDGE_CURVE('',#10055,#10376,#10403,.T.);
#10403 = B_SPLINE_CURVE_WITH_KNOTS('',3,(#10404,#10405,#10406,#10407),
  .UNSPECIFIED.,.F.,.F.,(4,4),(7.122876768454E-02,0.316541342908),
  .PIECEWISE_BEZIER_KNOTS.);
#10404 = CARTESIAN_POINT('',(255.40494613015,191.84452519662,
    106.40608563999));
#10405 = CARTESIAN_POINT('',(255.93677155721,191.41436789265,
    105.97595910131));
#10406 = CARTESIAN_POINT('',(256.47620609252,190.99606182484,
    105.5464513342));
#10407 = CARTESIAN_POINT('',(257.03202709702,190.58791040934,
    105.12690332398));
#10408 = ORIENTED_EDGE('',*,*,#10384,.F.);
#10409 = B_SPLINE_SURFACE_WITH_KNOTS('',3,3,(
    (#10410,#10411,#10412,#10413)
    ,(#10414,#10415,#10416,#10417)
    ,(#10418,#10419,#10420,#10421)
    ,(#10422,#10423,#10424,#10425
    )),.UNSPECIFIED.,.F.,.F.,.F.,(4,4),(4,4),(0.235741870342,1.),(
    7.122876768454E-02,0.316541342908),.PIECEWISE_BEZIER_KNOTS.);
#10410 = CARTESIAN_POINT('',(256.3447888719,192.05690774657,
    107.15716238594));
#10411 = CARTESIAN_POINT('',(256.83010762686,191.57871170618,
    106.71189948398));
#10412 = CARTESIAN_POINT('',(257.31232576251,191.10474754494,
    106.25993393286));
#10413 = CARTESIAN_POINT('',(257.78945924401,190.63717554183,
    105.79726002528));
#10414 = CARTESIAN_POINT('',(256.10097580041,192.13686255065,
    106.82288358256));
#10415 = CARTESIAN_POINT('',(256.59832962291,191.6613262617,
    106.3947718664));
#10416 = CARTESIAN_POINT('',(257.09537727784,191.19118176546,
    105.96272383653));
#10417 = CARTESIAN_POINT('',(257.59182090468,190.72426905549,
    105.52773051908));
#10418 = CARTESIAN_POINT('',(255.74452898902,192.05631388079,
    106.53802857511));
#10419 = CARTESIAN_POINT('',(256.26370499806,191.59995435721,
    106.1189940804));
#10420 = CARTESIAN_POINT('',(256.78654944043,191.15131844486,
    105.69905598673));
#10421 = CARTESIAN_POINT('',(257.31608034059,190.7063342537,
    105.28368947105));
#10422 = CARTESIAN_POINT('',(255.40494613015,191.84452519662,
    106.40608563999));
#10423 = CARTESIAN_POINT('',(255.93677155721,191.41436789265,
    105.97595910131));
#10424 = CARTESIAN_POINT('',(256.47620609252,190.99606182484,
    105.5464513342));
#10425 = CARTESIAN_POINT('',(257.03202709702,190.58791040934,
    105.12690332398));
#10426 = ADVANCED_FACE('',(#10427),#10446,.F.);
#10427 = FACE_BOUND('',#10428,.T.);
#10428 = EDGE_LOOP('',(#10429,#10430,#10431,#10439,#10445));
#10429 = ORIENTED_EDGE('',*,*,#6021,.F.);
#10430 = ORIENTED_EDGE('',*,*,#6092,.T.);
#10431 = ORIENTED_EDGE('',*,*,#10432,.T.);
#10432 = EDGE_CURVE('',#6085,#10433,#10435,.T.);
#10433 = VERTEX_POINT('',#10434);
#10434 = CARTESIAN_POINT('',(276.24322950886,191.60000000222,
    134.55715873692));
#10435 = LINE('',#10436,#10437);
#10436 = CARTESIAN_POINT('',(276.24322950886,191.60000000222,
    137.30715890731));
#10437 = VECTOR('',#10438,1.);
#10438 = DIRECTION('',(-2.E-16,1.39E-15,1.));
#10439 = ORIENTED_EDGE('',*,*,#10440,.T.);
#10440 = EDGE_CURVE('',#10433,#6151,#10441,.T.);
#10441 = LINE('',#10442,#10443);
#10442 = CARTESIAN_POINT('',(276.24322950886,191.60000000222,
    137.30715890731));
#10443 = VECTOR('',#10444,1.);
#10444 = DIRECTION('',(-2.E-16,1.39E-15,1.));
#10445 = ORIENTED_EDGE('',*,*,#6150,.F.);
#10446 = PLANE('',#10447);
#10447 = AXIS2_PLACEMENT_3D('',#10448,#10449,#10450);
#10448 = CARTESIAN_POINT('',(276.24322950886,191.80000000222,
    131.80715890731));
#10449 = DIRECTION('',(1.,-1.3323E-13,2.E-16));
#10450 = DIRECTION('',(-1.999999999998E-16,1.39E-15,1.));
#10451 = ADVANCED_FACE('',(#10452),#10471,.F.);
#10452 = FACE_BOUND('',#10453,.T.);
#10453 = EDGE_LOOP('',(#10454,#10455,#10456,#10464,#10470));
#10454 = ORIENTED_EDGE('',*,*,#6118,.F.);
#10455 = ORIENTED_EDGE('',*,*,#6174,.T.);
#10456 = ORIENTED_EDGE('',*,*,#10457,.T.);
#10457 = EDGE_CURVE('',#6167,#10458,#10460,.T.);
#10458 = VERTEX_POINT('',#10459);
#10459 = CARTESIAN_POINT('',(270.74322950886,191.60000000222,
    134.55715890731));
#10460 = LINE('',#10461,#10462);
#10461 = CARTESIAN_POINT('',(270.74322950886,191.60000000222,
    137.30715890731));
#10462 = VECTOR('',#10463,1.);
#10463 = DIRECTION('',(2.E-16,-1.39E-15,-1.));
#10464 = ORIENTED_EDGE('',*,*,#10465,.T.);
#10465 = EDGE_CURVE('',#10458,#6069,#10466,.T.);
#10466 = LINE('',#10467,#10468);
#10467 = CARTESIAN_POINT('',(270.74322950886,191.60000000222,
    137.30715890731));
#10468 = VECTOR('',#10469,1.);
#10469 = DIRECTION('',(2.E-16,-1.39E-15,-1.));
#10470 = ORIENTED_EDGE('',*,*,#6068,.F.);
#10471 = PLANE('',#10472);
#10472 = AXIS2_PLACEMENT_3D('',#10473,#10474,#10475);
#10473 = CARTESIAN_POINT('',(270.74322950886,191.80000000222,
    137.30715890731));
#10474 = DIRECTION('',(-1.,1.3323E-13,-2.E-16));
#10475 = DIRECTION('',(1.999999999998E-16,-1.39E-15,-1.));
#10476 = ADVANCED_FACE('',(#10477),#10488,.T.);
#10477 = FACE_BOUND('',#10478,.T.);
#10478 = EDGE_LOOP('',(#10479,#10480,#10481));
#10479 = ORIENTED_EDGE('',*,*,#6076,.F.);
#10480 = ORIENTED_EDGE('',*,*,#10465,.F.);
#10481 = ORIENTED_EDGE('',*,*,#10482,.F.);
#10482 = EDGE_CURVE('',#6077,#10458,#10483,.T.);
#10483 = CIRCLE('',#10484,2.75);
#10484 = AXIS2_PLACEMENT_3D('',#10485,#10486,#10487);
#10485 = CARTESIAN_POINT('',(273.49322950886,191.60000000222,
    134.55715890731));
#10486 = DIRECTION('',(1.3053E-13,1.,-1.39E-15));
#10487 = DIRECTION('',(-1.,1.3053E-13,-2.E-16));
#10488 = PLANE('',#10489);
#10489 = AXIS2_PLACEMENT_3D('',#10490,#10491,#10492);
#10490 = CARTESIAN_POINT('',(272.11822950886,191.60000000222,
    133.18215890731));
#10491 = DIRECTION('',(1.3053E-13,1.,-1.39E-15));
#10492 = DIRECTION('',(-1.,1.3053E-13,-2.E-16));
#10493 = ADVANCED_FACE('',(#10494),#10505,.T.);
#10494 = FACE_BOUND('',#10495,.T.);
#10495 = EDGE_LOOP('',(#10496,#10497,#10498));
#10496 = ORIENTED_EDGE('',*,*,#10432,.F.);
#10497 = ORIENTED_EDGE('',*,*,#6084,.F.);
#10498 = ORIENTED_EDGE('',*,*,#10499,.F.);
#10499 = EDGE_CURVE('',#10433,#6077,#10500,.T.);
#10500 = CIRCLE('',#10501,2.75);
#10501 = AXIS2_PLACEMENT_3D('',#10502,#10503,#10504);
#10502 = CARTESIAN_POINT('',(273.49322950886,191.60000000222,
    134.55715890731));
#10503 = DIRECTION('',(1.3053E-13,1.,-1.05E-15));
#10504 = DIRECTION('',(-1.,1.3053E-13,-2.E-16));
#10505 = PLANE('',#10506);
#10506 = AXIS2_PLACEMENT_3D('',#10507,#10508,#10509);
#10507 = CARTESIAN_POINT('',(274.86822950886,191.60000000222,
    133.18215890731));
#10508 = DIRECTION('',(1.3053E-13,1.,-1.05E-15));
#10509 = DIRECTION('',(-1.,1.3053E-13,-2.E-16));
#10510 = ADVANCED_FACE('',(#10511),#10522,.T.);
#10511 = FACE_BOUND('',#10512,.T.);
#10512 = EDGE_LOOP('',(#10513,#10514,#10515));
#10513 = ORIENTED_EDGE('',*,*,#6158,.F.);
#10514 = ORIENTED_EDGE('',*,*,#10440,.F.);
#10515 = ORIENTED_EDGE('',*,*,#10516,.F.);
#10516 = EDGE_CURVE('',#6159,#10433,#10517,.T.);
#10517 = CIRCLE('',#10518,2.75);
#10518 = AXIS2_PLACEMENT_3D('',#10519,#10520,#10521);
#10519 = CARTESIAN_POINT('',(273.49322950886,191.60000000222,
    134.55715890731));
#10520 = DIRECTION('',(1.3053E-13,1.,-1.05E-15));
#10521 = DIRECTION('',(-1.,1.3053E-13,-2.E-16));
#10522 = PLANE('',#10523);
#10523 = AXIS2_PLACEMENT_3D('',#10524,#10525,#10526);
#10524 = CARTESIAN_POINT('',(274.86822950886,191.60000000222,
    135.93215882212));
#10525 = DIRECTION('',(1.3053E-13,1.,-1.05E-15));
#10526 = DIRECTION('',(-1.,1.3053E-13,-2.E-16));
#10527 = ADVANCED_FACE('',(#10528),#10539,.T.);
#10528 = FACE_BOUND('',#10529,.T.);
#10529 = EDGE_LOOP('',(#10530,#10531,#10538));
#10530 = ORIENTED_EDGE('',*,*,#6166,.F.);
#10531 = ORIENTED_EDGE('',*,*,#10532,.F.);
#10532 = EDGE_CURVE('',#10458,#6159,#10533,.T.);
#10533 = CIRCLE('',#10534,2.75);
#10534 = AXIS2_PLACEMENT_3D('',#10535,#10536,#10537);
#10535 = CARTESIAN_POINT('',(273.49322950886,191.60000000222,
    134.55715890731));
#10536 = DIRECTION('',(1.3053E-13,1.,-1.39E-15));
#10537 = DIRECTION('',(-1.,1.3053E-13,-2.E-16));
#10538 = ORIENTED_EDGE('',*,*,#10457,.F.);
#10539 = PLANE('',#10540);
#10540 = AXIS2_PLACEMENT_3D('',#10541,#10542,#10543);
#10541 = CARTESIAN_POINT('',(272.11822950886,191.60000000222,
    135.93215890731));
#10542 = DIRECTION('',(1.3053E-13,1.,-1.39E-15));
#10543 = DIRECTION('',(-1.,1.3053E-13,-2.E-16));
#10544 = ADVANCED_FACE('',(#10545),#10559,.F.);
#10545 = FACE_BOUND('',#10546,.F.);
#10546 = EDGE_LOOP('',(#10547,#10553,#10554,#10555,#10556,#10557,#10558)
  );
#10547 = ORIENTED_EDGE('',*,*,#10548,.T.);
#10548 = EDGE_CURVE('',#6605,#9939,#10549,.T.);
#10549 = LINE('',#10550,#10551);
#10550 = CARTESIAN_POINT('',(149.84322950886,196.20000000223,
    134.55715890731));
#10551 = VECTOR('',#10552,1.);
#10552 = DIRECTION('',(1.302E-13,1.,-1.25E-15));
#10553 = ORIENTED_EDGE('',*,*,#10022,.F.);
#10554 = ORIENTED_EDGE('',*,*,#10038,.F.);
#10555 = ORIENTED_EDGE('',*,*,#9988,.F.);
#10556 = ORIENTED_EDGE('',*,*,#10005,.F.);
#10557 = ORIENTED_EDGE('',*,*,#10548,.F.);
#10558 = ORIENTED_EDGE('',*,*,#6614,.T.);
#10559 = CYLINDRICAL_SURFACE('',#10560,2.75);
#10560 = AXIS2_PLACEMENT_3D('',#10561,#10562,#10563);
#10561 = CARTESIAN_POINT('',(147.09322950886,196.20000000223,
    134.55715890731));
#10562 = DIRECTION('',(-1.302E-13,-1.,1.25E-15));
#10563 = DIRECTION('',(-1.,1.302E-13,-2.E-16));
#10564 = ADVANCED_FACE('',(#10565),#10579,.F.);
#10565 = FACE_BOUND('',#10566,.F.);
#10566 = EDGE_LOOP('',(#10567,#10573,#10574,#10575,#10576,#10577,#10578)
  );
#10567 = ORIENTED_EDGE('',*,*,#10568,.T.);
#10568 = EDGE_CURVE('',#6630,#10433,#10569,.T.);
#10569 = LINE('',#10570,#10571);
#10570 = CARTESIAN_POINT('',(276.24322950886,196.20000000222,
    134.55715890731));
#10571 = VECTOR('',#10572,1.);
#10572 = DIRECTION('',(1.302E-13,1.,-1.25E-15));
#10573 = ORIENTED_EDGE('',*,*,#10516,.F.);
#10574 = ORIENTED_EDGE('',*,*,#10532,.F.);
#10575 = ORIENTED_EDGE('',*,*,#10482,.F.);
#10576 = ORIENTED_EDGE('',*,*,#10499,.F.);
#10577 = ORIENTED_EDGE('',*,*,#10568,.F.);
#10578 = ORIENTED_EDGE('',*,*,#6639,.T.);
#10579 = CYLINDRICAL_SURFACE('',#10580,2.75);
#10580 = AXIS2_PLACEMENT_3D('',#10581,#10582,#10583);
#10581 = CARTESIAN_POINT('',(273.49322950886,196.20000000222,
    134.55715890731));
#10582 = DIRECTION('',(-1.302E-13,-1.,1.25E-15));
#10583 = DIRECTION('',(-1.,1.302E-13,-2.E-16));
#10584 = ADVANCED_FACE('',(#10585),#10593,.T.);
#10585 = FACE_BOUND('',#10586,.T.);
#10586 = EDGE_LOOP('',(#10587,#10588,#10589,#10590,#10591,#10592));
#10587 = ORIENTED_EDGE('',*,*,#7029,.T.);
#10588 = ORIENTED_EDGE('',*,*,#7005,.T.);
#10589 = ORIENTED_EDGE('',*,*,#6980,.T.);
#10590 = ORIENTED_EDGE('',*,*,#6956,.T.);
#10591 = ORIENTED_EDGE('',*,*,#6931,.T.);
#10592 = ORIENTED_EDGE('',*,*,#6907,.T.);
#10593 = PLANE('',#10594);
#10594 = AXIS2_PLACEMENT_3D('',#10595,#10596,#10597);
#10595 = CARTESIAN_POINT('',(264.29322950544,190.20000000222,
    119.59143110751));
#10596 = DIRECTION('',(-1.3053E-13,-1.,1.39E-15));
#10597 = DIRECTION('',(1.,-1.3053E-13,2.E-16));
#10598 = ADVANCED_FACE('',(#10599),#10607,.T.);
#10599 = FACE_BOUND('',#10600,.T.);
#10600 = EDGE_LOOP('',(#10601,#10602,#10603,#10604,#10605,#10606));
#10601 = ORIENTED_EDGE('',*,*,#7176,.T.);
#10602 = ORIENTED_EDGE('',*,*,#7152,.T.);
#10603 = ORIENTED_EDGE('',*,*,#7127,.T.);
#10604 = ORIENTED_EDGE('',*,*,#7103,.T.);
#10605 = ORIENTED_EDGE('',*,*,#7078,.T.);
#10606 = ORIENTED_EDGE('',*,*,#7054,.T.);
#10607 = PLANE('',#10608);
#10608 = AXIS2_PLACEMENT_3D('',#10609,#10610,#10611);
#10609 = CARTESIAN_POINT('',(221.09322950544,190.20000000222,
    119.59143111228));
#10610 = DIRECTION('',(-1.3053E-13,-1.,1.39E-15));
#10611 = DIRECTION('',(1.,-1.3053E-13,2.E-16));
#10612 = ADVANCED_FACE('',(#10613),#10621,.T.);
#10613 = FACE_BOUND('',#10614,.T.);
#10614 = EDGE_LOOP('',(#10615,#10616,#10617,#10618,#10619,#10620));
#10615 = ORIENTED_EDGE('',*,*,#7323,.T.);
#10616 = ORIENTED_EDGE('',*,*,#7299,.T.);
#10617 = ORIENTED_EDGE('',*,*,#7274,.T.);
#10618 = ORIENTED_EDGE('',*,*,#7250,.T.);
#10619 = ORIENTED_EDGE('',*,*,#7225,.T.);
#10620 = ORIENTED_EDGE('',*,*,#7201,.T.);
#10621 = PLANE('',#10622);
#10622 = AXIS2_PLACEMENT_3D('',#10623,#10624,#10625);
#10623 = CARTESIAN_POINT('',(177.89322950885,190.20000000223,
    97.922886704735));
#10624 = DIRECTION('',(-1.3053E-13,-1.,1.39E-15));
#10625 = DIRECTION('',(1.,-1.3053E-13,2.E-16));
#10626 = ADVANCED_FACE('',(#10627),#10641,.T.);
#10627 = FACE_BOUND('',#10628,.T.);
#10628 = EDGE_LOOP('',(#10629,#10630,#10631,#10632,#10633,#10634,#10635,
    #10636,#10637,#10638,#10639,#10640));
#10629 = ORIENTED_EDGE('',*,*,#7617,.T.);
#10630 = ORIENTED_EDGE('',*,*,#7593,.T.);
#10631 = ORIENTED_EDGE('',*,*,#7568,.T.);
#10632 = ORIENTED_EDGE('',*,*,#7544,.T.);
#10633 = ORIENTED_EDGE('',*,*,#7519,.T.);
#10634 = ORIENTED_EDGE('',*,*,#7495,.T.);
#10635 = ORIENTED_EDGE('',*,*,#7470,.T.);
#10636 = ORIENTED_EDGE('',*,*,#7446,.T.);
#10637 = ORIENTED_EDGE('',*,*,#7421,.T.);
#10638 = ORIENTED_EDGE('',*,*,#7397,.T.);
#10639 = ORIENTED_EDGE('',*,*,#7372,.T.);
#10640 = ORIENTED_EDGE('',*,*,#7348,.T.);
#10641 = PLANE('',#10642);
#10642 = AXIS2_PLACEMENT_3D('',#10643,#10644,#10645);
#10643 = CARTESIAN_POINT('',(210.29322950934,190.20000000223,
    108.75715890731));
#10644 = DIRECTION('',(-1.3053E-13,-1.,1.39E-15));
#10645 = DIRECTION('',(1.,-1.3053E-13,2.E-16));
#10646 = ADVANCED_FACE('',(#10647),#10655,.T.);
#10647 = FACE_BOUND('',#10648,.T.);
#10648 = EDGE_LOOP('',(#10649,#10650,#10651,#10652,#10653,#10654));
#10649 = ORIENTED_EDGE('',*,*,#7764,.T.);
#10650 = ORIENTED_EDGE('',*,*,#7740,.T.);
#10651 = ORIENTED_EDGE('',*,*,#7715,.T.);
#10652 = ORIENTED_EDGE('',*,*,#7691,.T.);
#10653 = ORIENTED_EDGE('',*,*,#7666,.T.);
#10654 = ORIENTED_EDGE('',*,*,#7642,.T.);
#10655 = PLANE('',#10656);
#10656 = AXIS2_PLACEMENT_3D('',#10657,#10658,#10659);
#10657 = CARTESIAN_POINT('',(177.89322950544,190.20000000223,
    119.59143111705));
#10658 = DIRECTION('',(-1.3053E-13,-1.,-3.05E-15));
#10659 = DIRECTION('',(1.,-1.3053E-13,2.E-16));
#10660 = ADVANCED_FACE('',(#10661,#10675),#10807,.T.);
#10661 = FACE_BOUND('',#10662,.T.);
#10662 = EDGE_LOOP('',(#10663,#10664,#10665,#10666,#10667,#10668,#10669,
    #10670,#10671,#10672,#10673,#10674));
#10663 = ORIENTED_EDGE('',*,*,#8058,.T.);
#10664 = ORIENTED_EDGE('',*,*,#8034,.T.);
#10665 = ORIENTED_EDGE('',*,*,#8009,.T.);
#10666 = ORIENTED_EDGE('',*,*,#7985,.T.);
#10667 = ORIENTED_EDGE('',*,*,#7960,.T.);
#10668 = ORIENTED_EDGE('',*,*,#7936,.T.);
#10669 = ORIENTED_EDGE('',*,*,#7911,.T.);
#10670 = ORIENTED_EDGE('',*,*,#7887,.T.);
#10671 = ORIENTED_EDGE('',*,*,#7862,.T.);
#10672 = ORIENTED_EDGE('',*,*,#7838,.T.);
#10673 = ORIENTED_EDGE('',*,*,#7813,.T.);
#10674 = ORIENTED_EDGE('',*,*,#7789,.T.);
#10675 = FACE_BOUND('',#10676,.T.);
#10676 = EDGE_LOOP('',(#10677,#10688,#10697,#10705,#10714,#10723,#10732,
    #10743,#10752,#10762,#10770,#10780,#10789,#10800));
#10677 = ORIENTED_EDGE('',*,*,#10678,.F.);
#10678 = EDGE_CURVE('',#10679,#10681,#10683,.T.);
#10679 = VERTEX_POINT('',#10680);
#10680 = CARTESIAN_POINT('',(261.49914547864,186.20000000222,
    111.70554541463));
#10681 = VERTEX_POINT('',#10682);
#10682 = CARTESIAN_POINT('',(260.21539615224,186.20000000222,
    113.75421877505));
#10683 = B_SPLINE_CURVE_WITH_KNOTS('',3,(#10684,#10685,#10686,#10687),
  .UNSPECIFIED.,.F.,.F.,(4,4),(0.,0.242921795412),
  .PIECEWISE_BEZIER_KNOTS.);
#10684 = CARTESIAN_POINT('',(261.49914547864,186.20000000222,
    111.70554541463));
#10685 = CARTESIAN_POINT('',(261.18682605091,186.20000000222,
    112.45262930433));
#10686 = CARTESIAN_POINT('',(260.75830147199,186.20000000222,
    113.15344296249));
#10687 = CARTESIAN_POINT('',(260.21539615224,186.20000000222,
    113.75421877505));
#10688 = ORIENTED_EDGE('',*,*,#10689,.F.);
#10689 = EDGE_CURVE('',#10690,#10679,#10692,.T.);
#10690 = VERTEX_POINT('',#10691);
#10691 = CARTESIAN_POINT('',(261.76218061869,186.20000000222,
    110.39439031464));
#10692 = CIRCLE('',#10693,3.39938454759);
#10693 = AXIS2_PLACEMENT_3D('',#10694,#10695,#10696);
#10694 = CARTESIAN_POINT('',(258.3627960711,186.20000000222,
    110.39439031464));
#10695 = DIRECTION('',(-1.2998E-13,-1.,2.35E-15));
#10696 = DIRECTION('',(0.447341102937,-5.604364250889E-14,0.89436342592)
  );
#10697 = ORIENTED_EDGE('',*,*,#10698,.F.);
#10698 = EDGE_CURVE('',#10699,#10690,#10701,.T.);
#10699 = VERTEX_POINT('',#10700);
#10700 = CARTESIAN_POINT('',(261.76218061869,186.20000000222,
    107.11992748146));
#10701 = LINE('',#10702,#10703);
#10702 = CARTESIAN_POINT('',(261.76218061869,186.20000000222,
    106.59194658141));
#10703 = VECTOR('',#10704,1.);
#10704 = DIRECTION('',(-9.6E-16,2.35E-15,1.));
#10705 = ORIENTED_EDGE('',*,*,#10706,.F.);
#10706 = EDGE_CURVE('',#10707,#10699,#10709,.T.);
#10707 = VERTEX_POINT('',#10708);
#10708 = CARTESIAN_POINT('',(261.49914547797,186.20000000222,
    105.80877237988));
#10709 = CIRCLE('',#10710,3.39938454759);
#10710 = AXIS2_PLACEMENT_3D('',#10711,#10712,#10713);
#10711 = CARTESIAN_POINT('',(258.3627960711,186.20000000222,
    107.11992748146));
#10712 = DIRECTION('',(-1.2998E-13,-1.,2.35E-15));
#10713 = DIRECTION('',(0.447341103451,-6.02471506768E-14,-0.894363425663
    ));
#10714 = ORIENTED_EDGE('',*,*,#10715,.F.);
#10715 = EDGE_CURVE('',#10716,#10707,#10718,.T.);
#10716 = VERTEX_POINT('',#10717);
#10717 = CARTESIAN_POINT('',(260.215396154,186.20000000222,
    103.76009902477));
#10718 = B_SPLINE_CURVE_WITH_KNOTS('',3,(#10719,#10720,#10721,#10722),
  .UNSPECIFIED.,.F.,.F.,(4,4),(0.,0.242921794824),
  .PIECEWISE_BEZIER_KNOTS.);
#10719 = CARTESIAN_POINT('',(260.21539615402,186.20000000222,
    103.7600990248));
#10720 = CARTESIAN_POINT('',(260.7583014725,186.20000000222,
    104.36087483588));
#10721 = CARTESIAN_POINT('',(261.18682605063,186.20000000222,
    105.06168849215));
#10722 = CARTESIAN_POINT('',(261.49914547797,186.20000000222,
    105.80877237988));
#10723 = ORIENTED_EDGE('',*,*,#10724,.F.);
#10724 = EDGE_CURVE('',#10725,#10716,#10727,.T.);
#10725 = VERTEX_POINT('',#10726);
#10726 = CARTESIAN_POINT('',(257.38156191403,186.20000000222,
    100.7258698978));
#10727 = B_SPLINE_CURVE_WITH_KNOTS('',3,(#10728,#10729,#10730,#10731),
  .UNSPECIFIED.,.F.,.F.,(4,4),(-0.415190224426,0.),
  .PIECEWISE_BEZIER_KNOTS.);
#10728 = CARTESIAN_POINT('',(257.38156191403,186.20000000222,
    100.7258698978));
#10729 = CARTESIAN_POINT('',(258.33701646556,186.20000000222,
    101.72710533718));
#10730 = CARTESIAN_POINT('',(259.28748854826,186.20000000222,
    102.73328196205));
#10731 = CARTESIAN_POINT('',(260.215396154,186.20000000222,
    103.76009902477));
#10732 = ORIENTED_EDGE('',*,*,#10733,.F.);
#10733 = EDGE_CURVE('',#10734,#10725,#10736,.T.);
#10734 = VERTEX_POINT('',#10735);
#10735 = CARTESIAN_POINT('',(252.49086946425,186.20000000222,
    98.77885373719));
#10736 = B_SPLINE_CURVE_WITH_KNOTS('',3,(#10737,#10738,#10739,#10740,
    #10741,#10742),.UNSPECIFIED.,.F.,.F.,(4,1,1,4),(0.,0.160129359206,
    0.24019403881,0.560452757223),.UNSPECIFIED.);
#10737 = CARTESIAN_POINT('',(252.49086946425,186.20000000222,
    98.77885373719));
#10738 = CARTESIAN_POINT('',(252.95838021572,186.20000000222,
    98.521291567068));
#10739 = CARTESIAN_POINT('',(253.80071599171,186.20000000222,
    98.493625773142));
#10740 = CARTESIAN_POINT('',(255.57524271195,186.20000000222,
    99.094387003883));
#10741 = CARTESIAN_POINT('',(256.64456804429,186.20000000222,
    99.953562748508));
#10742 = CARTESIAN_POINT('',(257.38156191403,186.20000000222,
    100.7258698978));
#10743 = ORIENTED_EDGE('',*,*,#10744,.F.);
#10744 = EDGE_CURVE('',#10745,#10734,#10747,.T.);
#10745 = VERTEX_POINT('',#10746);
#10746 = CARTESIAN_POINT('',(245.47841541683,186.20000000222,
    102.66111389695));
#10747 = B_SPLINE_CURVE_WITH_KNOTS('',3,(#10748,#10749,#10750,#10751),
  .UNSPECIFIED.,.F.,.F.,(4,4),(-0.801539411391,-6.1E-16),
  .PIECEWISE_BEZIER_KNOTS.);
#10748 = CARTESIAN_POINT('',(245.47841541683,186.20000000222,
    102.66111389695));
#10749 = CARTESIAN_POINT('',(247.81335940027,186.20000000222,
    101.36244482829));
#10750 = CARTESIAN_POINT('',(250.15070964339,186.20000000222,
    100.06810032669));
#10751 = CARTESIAN_POINT('',(252.49086946425,186.20000000222,
    98.77885373719));
#10752 = ORIENTED_EDGE('',*,*,#10753,.F.);
#10753 = EDGE_CURVE('',#10754,#10745,#10756,.T.);
#10754 = VERTEX_POINT('',#10755);
#10755 = CARTESIAN_POINT('',(244.33991226373,186.20000000222,
    104.37431520738));
#10756 = B_SPLINE_CURVE_WITH_KNOTS('',3,(#10757,#10758,#10759,#10760,
    #10761),.UNSPECIFIED.,.F.,.F.,(4,1,4),(1.1E-16,9.27545597811E-02,
    0.216427306156),.UNSPECIFIED.);
#10757 = CARTESIAN_POINT('',(244.33991226373,186.20000000222,
    104.37431520738));
#10758 = CARTESIAN_POINT('',(244.33991226373,186.20000000222,
    104.06513334144));
#10759 = CARTESIAN_POINT('',(244.54035174248,186.20000000222,
    103.34174738309));
#10760 = CARTESIAN_POINT('',(245.11814749867,186.20000000222,
    102.86149078181));
#10761 = CARTESIAN_POINT('',(245.47841541683,186.20000000222,
    102.66111389695));
#10762 = ORIENTED_EDGE('',*,*,#10763,.F.);
#10763 = EDGE_CURVE('',#10764,#10754,#10766,.T.);
#10764 = VERTEX_POINT('',#10765);
#10765 = CARTESIAN_POINT('',(244.33991226373,186.20000000222,
    113.14000259246));
#10766 = LINE('',#10767,#10768);
#10767 = CARTESIAN_POINT('',(244.33991226373,186.20000000222,
    111.2397650575));
#10768 = VECTOR('',#10769,1.);
#10769 = DIRECTION('',(3.4E-16,-2.35E-15,-1.));
#10770 = ORIENTED_EDGE('',*,*,#10771,.F.);
#10771 = EDGE_CURVE('',#10772,#10764,#10774,.T.);
#10772 = VERTEX_POINT('',#10773);
#10773 = CARTESIAN_POINT('',(245.47841541441,186.20000000222,
    114.85320390138));
#10774 = B_SPLINE_CURVE_WITH_KNOTS('',3,(#10775,#10776,#10777,#10778,
    #10779),.UNSPECIFIED.,.F.,.F.,(4,1,4),(0.,9.275759747394E-02,
    0.216434394106),.UNSPECIFIED.);
#10775 = CARTESIAN_POINT('',(245.47841541388,186.20000000222,
    114.85320390108));
#10776 = CARTESIAN_POINT('',(245.20820562636,186.20000000222,
    114.70291631547));
#10777 = CARTESIAN_POINT('',(244.61420681916,186.20000000222,
    114.26391637114));
#10778 = CARTESIAN_POINT('',(244.33991226373,186.20000000222,
    113.55225858123));
#10779 = CARTESIAN_POINT('',(244.33991226373,186.20000000222,
    113.14000259246));
#10780 = ORIENTED_EDGE('',*,*,#10781,.F.);
#10781 = EDGE_CURVE('',#10782,#10772,#10784,.T.);
#10782 = VERTEX_POINT('',#10783);
#10783 = CARTESIAN_POINT('',(252.49086946469,186.20000000222,
    118.73546406276));
#10784 = B_SPLINE_CURVE_WITH_KNOTS('',3,(#10785,#10786,#10787,#10788),
  .UNSPECIFIED.,.F.,.F.,(4,4),(-0.80153941172,0.),
  .PIECEWISE_BEZIER_KNOTS.);
#10785 = CARTESIAN_POINT('',(252.49086946469,186.20000000222,
    118.73546406276));
#10786 = CARTESIAN_POINT('',(250.15070964288,186.20000000222,
    117.44621747271));
#10787 = CARTESIAN_POINT('',(247.81335939881,186.20000000222,
    116.15187297057));
#10788 = CARTESIAN_POINT('',(245.47841541441,186.20000000222,
    114.85320390138));
#10789 = ORIENTED_EDGE('',*,*,#10790,.F.);
#10790 = EDGE_CURVE('',#10791,#10782,#10793,.T.);
#10791 = VERTEX_POINT('',#10792);
#10792 = CARTESIAN_POINT('',(257.38156191222,186.20000000222,
    116.7884479025));
#10793 = B_SPLINE_CURVE_WITH_KNOTS('',3,(#10794,#10795,#10796,#10797,
    #10798,#10799),.UNSPECIFIED.,.F.,.F.,(4,1,1,4),(1.085834E-11,
    0.240198850447,0.400331417404,0.560463984362),.UNSPECIFIED.);
#10794 = CARTESIAN_POINT('',(257.38156191221,186.20000000222,
    116.78844790251));
#10795 = CARTESIAN_POINT('',(256.8288054372,186.20000000222,
    117.36768986779));
#10796 = CARTESIAN_POINT('',(255.79683102404,186.20000000222,
    118.2333868327));
#10797 = CARTESIAN_POINT('',(254.08027701768,186.20000000222,
    119.01750217761));
#10798 = CARTESIAN_POINT('',(252.95838958146,186.20000000222,
    118.99303139243));
#10799 = CARTESIAN_POINT('',(252.49086946469,186.20000000222,
    118.73546406276));
#10800 = ORIENTED_EDGE('',*,*,#10801,.F.);
#10801 = EDGE_CURVE('',#10681,#10791,#10802,.T.);
#10802 = B_SPLINE_CURVE_WITH_KNOTS('',3,(#10803,#10804,#10805,#10806),
  .UNSPECIFIED.,.F.,.F.,(4,4),(-0.415190224467,0.),
  .PIECEWISE_BEZIER_KNOTS.);
#10803 = CARTESIAN_POINT('',(260.21539615226,186.20000000222,
    113.75421877503));
#10804 = CARTESIAN_POINT('',(259.28748854652,186.20000000222,
    114.78103583794));
#10805 = CARTESIAN_POINT('',(258.33701646379,186.20000000222,
    115.78721246297));
#10806 = CARTESIAN_POINT('',(257.38156191222,186.20000000222,
    116.7884479025));
#10807 = PLANE('',#10808);
#10808 = AXIS2_PLACEMENT_3D('',#10809,#10810,#10811);
#10809 = CARTESIAN_POINT('',(253.49322950934,186.20000000222,
    108.75715889777));
#10810 = DIRECTION('',(-1.2998E-13,-1.,2.35E-15));
#10811 = DIRECTION('',(1.,-1.2998E-13,2.E-16));
#10812 = ADVANCED_FACE('',(#10813),#10821,.T.);
#10813 = FACE_BOUND('',#10814,.T.);
#10814 = EDGE_LOOP('',(#10815,#10816,#10817,#10818,#10819,#10820));
#10815 = ORIENTED_EDGE('',*,*,#8205,.T.);
#10816 = ORIENTED_EDGE('',*,*,#8181,.T.);
#10817 = ORIENTED_EDGE('',*,*,#8156,.T.);
#10818 = ORIENTED_EDGE('',*,*,#8132,.T.);
#10819 = ORIENTED_EDGE('',*,*,#8107,.T.);
#10820 = ORIENTED_EDGE('',*,*,#8083,.T.);
#10821 = PLANE('',#10822);
#10822 = AXIS2_PLACEMENT_3D('',#10823,#10824,#10825);
#10823 = CARTESIAN_POINT('',(264.29322950885,190.20000000222,
    97.922886695195));
#10824 = DIRECTION('',(-1.3053E-13,-1.,1.39E-15));
#10825 = DIRECTION('',(1.,-1.3053E-13,2.E-16));
#10826 = ADVANCED_FACE('',(#10827),#10835,.T.);
#10827 = FACE_BOUND('',#10828,.T.);
#10828 = EDGE_LOOP('',(#10829,#10830,#10831,#10832,#10833,#10834));
#10829 = ORIENTED_EDGE('',*,*,#8352,.T.);
#10830 = ORIENTED_EDGE('',*,*,#8328,.T.);
#10831 = ORIENTED_EDGE('',*,*,#8303,.T.);
#10832 = ORIENTED_EDGE('',*,*,#8279,.T.);
#10833 = ORIENTED_EDGE('',*,*,#8254,.T.);
#10834 = ORIENTED_EDGE('',*,*,#8230,.T.);
#10835 = PLANE('',#10836);
#10836 = AXIS2_PLACEMENT_3D('',#10837,#10838,#10839);
#10837 = CARTESIAN_POINT('',(242.69322950885,190.20000000222,
    97.92288669758));
#10838 = DIRECTION('',(-1.3053E-13,-1.,1.39E-15));
#10839 = DIRECTION('',(1.,-1.3053E-13,2.E-16));
#10840 = ADVANCED_FACE('',(#10841),#10849,.T.);
#10841 = FACE_BOUND('',#10842,.T.);
#10842 = EDGE_LOOP('',(#10843,#10844,#10845,#10846,#10847,#10848));
#10843 = ORIENTED_EDGE('',*,*,#8499,.T.);
#10844 = ORIENTED_EDGE('',*,*,#8475,.T.);
#10845 = ORIENTED_EDGE('',*,*,#8450,.T.);
#10846 = ORIENTED_EDGE('',*,*,#8426,.T.);
#10847 = ORIENTED_EDGE('',*,*,#8401,.T.);
#10848 = ORIENTED_EDGE('',*,*,#8377,.T.);
#10849 = PLANE('',#10850);
#10850 = AXIS2_PLACEMENT_3D('',#10851,#10852,#10853);
#10851 = CARTESIAN_POINT('',(156.29322950544,190.20000000223,
    119.59143111943));
#10852 = DIRECTION('',(-1.3053E-13,-1.,-3.05E-15));
#10853 = DIRECTION('',(1.,-1.3053E-13,2.E-16));
#10854 = ADVANCED_FACE('',(#10855),#10863,.T.);
#10855 = FACE_BOUND('',#10856,.T.);
#10856 = EDGE_LOOP('',(#10857,#10858,#10859,#10860,#10861,#10862));
#10857 = ORIENTED_EDGE('',*,*,#8646,.T.);
#10858 = ORIENTED_EDGE('',*,*,#8622,.T.);
#10859 = ORIENTED_EDGE('',*,*,#8597,.T.);
#10860 = ORIENTED_EDGE('',*,*,#8573,.T.);
#10861 = ORIENTED_EDGE('',*,*,#8548,.T.);
#10862 = ORIENTED_EDGE('',*,*,#8524,.T.);
#10863 = PLANE('',#10864);
#10864 = AXIS2_PLACEMENT_3D('',#10865,#10866,#10867);
#10865 = CARTESIAN_POINT('',(221.09322950885,190.20000000222,
    97.922886699965));
#10866 = DIRECTION('',(-1.3053E-13,-1.,1.39E-15));
#10867 = DIRECTION('',(1.,-1.3053E-13,2.E-16));
#10868 = ADVANCED_FACE('',(#10869),#10877,.T.);
#10869 = FACE_BOUND('',#10870,.T.);
#10870 = EDGE_LOOP('',(#10871,#10872,#10873,#10874,#10875,#10876));
#10871 = ORIENTED_EDGE('',*,*,#8793,.T.);
#10872 = ORIENTED_EDGE('',*,*,#8769,.T.);
#10873 = ORIENTED_EDGE('',*,*,#8744,.T.);
#10874 = ORIENTED_EDGE('',*,*,#8720,.T.);
#10875 = ORIENTED_EDGE('',*,*,#8695,.T.);
#10876 = ORIENTED_EDGE('',*,*,#8671,.T.);
#10877 = PLANE('',#10878);
#10878 = AXIS2_PLACEMENT_3D('',#10879,#10880,#10881);
#10879 = CARTESIAN_POINT('',(199.49322950885,190.20000000223,
    97.92288670235));
#10880 = DIRECTION('',(-1.3053E-13,-1.,1.39E-15));
#10881 = DIRECTION('',(1.,-1.3053E-13,2.E-16));
#10882 = ADVANCED_FACE('',(#10883),#10891,.T.);
#10883 = FACE_BOUND('',#10884,.T.);
#10884 = EDGE_LOOP('',(#10885,#10886,#10887,#10888,#10889,#10890));
#10885 = ORIENTED_EDGE('',*,*,#8940,.T.);
#10886 = ORIENTED_EDGE('',*,*,#8916,.T.);
#10887 = ORIENTED_EDGE('',*,*,#8891,.T.);
#10888 = ORIENTED_EDGE('',*,*,#8867,.T.);
#10889 = ORIENTED_EDGE('',*,*,#8842,.T.);
#10890 = ORIENTED_EDGE('',*,*,#8818,.T.);
#10891 = PLANE('',#10892);
#10892 = AXIS2_PLACEMENT_3D('',#10893,#10894,#10895);
#10893 = CARTESIAN_POINT('',(242.69322950544,190.20000000222,
    119.5914311099));
#10894 = DIRECTION('',(-1.3053E-13,-1.,1.39E-15));
#10895 = DIRECTION('',(1.,-1.3053E-13,2.E-16));
#10896 = ADVANCED_FACE('',(#10897),#10907,.T.);
#10897 = FACE_BOUND('',#10898,.T.);
#10898 = EDGE_LOOP('',(#10899,#10900,#10901,#10902,#10903,#10904,#10905,
    #10906));
#10899 = ORIENTED_EDGE('',*,*,#9136,.T.);
#10900 = ORIENTED_EDGE('',*,*,#9112,.T.);
#10901 = ORIENTED_EDGE('',*,*,#9087,.T.);
#10902 = ORIENTED_EDGE('',*,*,#9063,.T.);
#10903 = ORIENTED_EDGE('',*,*,#9038,.T.);
#10904 = ORIENTED_EDGE('',*,*,#9014,.T.);
#10905 = ORIENTED_EDGE('',*,*,#8989,.T.);
#10906 = ORIENTED_EDGE('',*,*,#8965,.T.);
#10907 = PLANE('',#10908);
#10908 = AXIS2_PLACEMENT_3D('',#10909,#10910,#10911);
#10909 = CARTESIAN_POINT('',(270.59322950886,190.20000000222,
    108.757158893));
#10910 = DIRECTION('',(-1.3053E-13,-1.,1.39E-15));
#10911 = DIRECTION('',(1.,-1.3053E-13,2.E-16));
#10912 = ADVANCED_FACE('',(#10913),#10923,.T.);
#10913 = FACE_BOUND('',#10914,.T.);
#10914 = EDGE_LOOP('',(#10915,#10916,#10917,#10918,#10919,#10920,#10921,
    #10922));
#10915 = ORIENTED_EDGE('',*,*,#9332,.T.);
#10916 = ORIENTED_EDGE('',*,*,#9308,.T.);
#10917 = ORIENTED_EDGE('',*,*,#9283,.T.);
#10918 = ORIENTED_EDGE('',*,*,#9259,.T.);
#10919 = ORIENTED_EDGE('',*,*,#9234,.T.);
#10920 = ORIENTED_EDGE('',*,*,#9210,.T.);
#10921 = ORIENTED_EDGE('',*,*,#9185,.T.);
#10922 = ORIENTED_EDGE('',*,*,#9161,.T.);
#10923 = PLANE('',#10924);
#10924 = AXIS2_PLACEMENT_3D('',#10925,#10926,#10927);
#10925 = CARTESIAN_POINT('',(149.99322950934,190.20000000223,
    108.75715892187));
#10926 = DIRECTION('',(-1.3201E-13,-1.,1.39E-15));
#10927 = DIRECTION('',(1.,-1.3201E-13,2.E-16));
#10928 = ADVANCED_FACE('',(#10929),#10937,.T.);
#10929 = FACE_BOUND('',#10930,.T.);
#10930 = EDGE_LOOP('',(#10931,#10932,#10933,#10934,#10935,#10936));
#10931 = ORIENTED_EDGE('',*,*,#9479,.T.);
#10932 = ORIENTED_EDGE('',*,*,#9455,.T.);
#10933 = ORIENTED_EDGE('',*,*,#9430,.T.);
#10934 = ORIENTED_EDGE('',*,*,#9406,.T.);
#10935 = ORIENTED_EDGE('',*,*,#9381,.T.);
#10936 = ORIENTED_EDGE('',*,*,#9357,.T.);
#10937 = PLANE('',#10938);
#10938 = AXIS2_PLACEMENT_3D('',#10939,#10940,#10941);
#10939 = CARTESIAN_POINT('',(199.49322950544,190.20000000223,
    119.59143111467));
#10940 = DIRECTION('',(-1.3053E-13,-1.,1.39E-15));
#10941 = DIRECTION('',(1.,-1.3053E-13,2.E-16));
#10942 = ADVANCED_FACE('',(#10943),#10951,.T.);
#10943 = FACE_BOUND('',#10944,.T.);
#10944 = EDGE_LOOP('',(#10945,#10946,#10947,#10948,#10949,#10950));
#10945 = ORIENTED_EDGE('',*,*,#9626,.T.);
#10946 = ORIENTED_EDGE('',*,*,#9602,.T.);
#10947 = ORIENTED_EDGE('',*,*,#9577,.T.);
#10948 = ORIENTED_EDGE('',*,*,#9553,.T.);
#10949 = ORIENTED_EDGE('',*,*,#9528,.T.);
#10950 = ORIENTED_EDGE('',*,*,#9504,.T.);
#10951 = PLANE('',#10952);
#10952 = AXIS2_PLACEMENT_3D('',#10953,#10954,#10955);
#10953 = CARTESIAN_POINT('',(156.29322950885,190.20000000223,
    97.92288670712));
#10954 = DIRECTION('',(-1.3053E-13,-1.,1.39E-15));
#10955 = DIRECTION('',(1.,-1.3053E-13,2.E-16));
#10956 = ADVANCED_FACE('',(#10957),#10971,.T.);
#10957 = FACE_BOUND('',#10958,.T.);
#10958 = EDGE_LOOP('',(#10959,#10960,#10961,#10962,#10963,#10964,#10965,
    #10966,#10967,#10968,#10969,#10970));
#10959 = ORIENTED_EDGE('',*,*,#9920,.T.);
#10960 = ORIENTED_EDGE('',*,*,#9896,.T.);
#10961 = ORIENTED_EDGE('',*,*,#9871,.T.);
#10962 = ORIENTED_EDGE('',*,*,#9847,.T.);
#10963 = ORIENTED_EDGE('',*,*,#9822,.T.);
#10964 = ORIENTED_EDGE('',*,*,#9798,.T.);
#10965 = ORIENTED_EDGE('',*,*,#9773,.T.);
#10966 = ORIENTED_EDGE('',*,*,#9749,.T.);
#10967 = ORIENTED_EDGE('',*,*,#9724,.T.);
#10968 = ORIENTED_EDGE('',*,*,#9700,.T.);
#10969 = ORIENTED_EDGE('',*,*,#9675,.T.);
#10970 = ORIENTED_EDGE('',*,*,#9651,.T.);
#10971 = PLANE('',#10972);
#10972 = AXIS2_PLACEMENT_3D('',#10973,#10974,#10975);
#10973 = CARTESIAN_POINT('',(231.89322950934,190.20000000222,
    108.75715890254));
#10974 = DIRECTION('',(-1.3053E-13,-1.,1.39E-15));
#10975 = DIRECTION('',(1.,-1.3053E-13,2.E-16));
#10976 = ADVANCED_FACE('',(#10977),#11010,.T.);
#10977 = FACE_BOUND('',#10978,.T.);
#10978 = EDGE_LOOP('',(#10979,#10991,#11000,#11001));
#10979 = ORIENTED_EDGE('',*,*,#10980,.F.);
#10980 = EDGE_CURVE('',#10981,#10983,#10985,.T.);
#10981 = VERTEX_POINT('',#10982);
#10982 = CARTESIAN_POINT('',(246.08121451205,186.63092283406,
    103.74491742673));
#10983 = VERTEX_POINT('',#10984);
#10984 = CARTESIAN_POINT('',(245.36786709773,186.48439257065,
    104.37431520738));
#10985 = B_SPLINE_CURVE_WITH_KNOTS('',3,(#10986,#10987,#10988,#10989,
    #10990),.UNSPECIFIED.,.F.,.F.,(4,1,4),(-0.216427306156,
    -9.27545597811E-02,-1.1E-16),.UNSPECIFIED.);
#10986 = CARTESIAN_POINT('',(246.08121451205,186.63092283406,
    103.74491742673));
#10987 = CARTESIAN_POINT('',(245.81276682759,186.55896027299,
    103.79004111237));
#10988 = CARTESIAN_POINT('',(245.4018890236,186.45532524412,
    103.93407169663));
#10989 = CARTESIAN_POINT('',(245.32905664743,186.46113818899,
    104.23495080586));
#10990 = CARTESIAN_POINT('',(245.36786709773,186.48439257065,
    104.37431520738));
#10991 = ORIENTED_EDGE('',*,*,#10992,.T.);
#10992 = EDGE_CURVE('',#10981,#10055,#10993,.T.);
#10993 = B_SPLINE_CURVE_WITH_KNOTS('',3,(#10994,#10995,#10996,#10997,
    #10998,#10999),.UNSPECIFIED.,.F.,.F.,(4,1,1,4),(8.792811179415E-02,
    0.524071429991,0.853714512971,1.183357595951),.UNSPECIFIED.);
#10994 = CARTESIAN_POINT('',(246.08119292587,186.6309658856,
    103.74490512336));
#10995 = CARTESIAN_POINT('',(247.30053064983,187.34302932955,
    104.09721326845));
#10996 = CARTESIAN_POINT('',(249.44551764442,188.58856690207,
    104.71406723585));
#10997 = CARTESIAN_POINT('',(252.54177570487,190.33884723954,
    105.59566199292));
#10998 = CARTESIAN_POINT('',(254.43418709495,191.35962948722,
    106.12965325845));
#10999 = CARTESIAN_POINT('',(255.40494613015,191.84452519662,
    106.40608563999));
#11000 = ORIENTED_EDGE('',*,*,#10063,.F.);
#11001 = ORIENTED_EDGE('',*,*,#11002,.T.);
#11002 = EDGE_CURVE('',#10064,#10983,#11003,.T.);
#11003 = B_SPLINE_CURVE_WITH_KNOTS('',3,(#11004,#11005,#11006,#11007,
    #11008,#11009),.UNSPECIFIED.,.F.,.F.,(4,1,1,4),(-1.183357595951,
    -0.853714512971,-0.524071429991,-3.776706521813E-02),.UNSPECIFIED.);
#11004 = CARTESIAN_POINT('',(254.82722725165,192.15223640125,
    107.47475185194));
#11005 = CARTESIAN_POINT('',(253.92839252335,191.61367408978,
    107.14391690123));
#11006 = CARTESIAN_POINT('',(252.1200195485,190.53013615041,
    106.52291980967));
#11007 = CARTESIAN_POINT('',(248.96476296045,188.63957470698,
    105.49740491171));
#11008 = CARTESIAN_POINT('',(246.7115208224,187.28948079542,
    104.79161868077));
#11009 = CARTESIAN_POINT('',(245.36786722921,186.48439264943,
    104.37431463202));
#11010 = B_SPLINE_SURFACE_WITH_KNOTS('',3,3,(
    (#11011,#11012,#11013,#11014,#11015,#11016)
    ,(#11017,#11018,#11019,#11020,#11021,#11022)
    ,(#11023,#11024,#11025,#11026,#11027,#11028)
    ,(#11029,#11030,#11031,#11032,#11033,#11034
  )),.UNSPECIFIED.,.F.,.F.,.F.,(4,4),(4,1,1,4),(0.,1.),(
    2.960680552127E-02,0.524071429991,0.853714512971,1.183357595951),
  .UNSPECIFIED.);
#11011 = CARTESIAN_POINT('',(245.30022650324,186.4438637907,
    104.3533101591));
#11012 = CARTESIAN_POINT('',(246.66645105185,187.26247596457,
    104.77750406194));
#11013 = CARTESIAN_POINT('',(248.94228746639,188.62610787748,
    105.49009997363));
#11014 = CARTESIAN_POINT('',(252.1200195485,190.53013615041,
    106.52291980967));
#11015 = CARTESIAN_POINT('',(253.92839252335,191.61367408978,
    107.14391690123));
#11016 = CARTESIAN_POINT('',(254.82722725165,192.15223640125,
    107.47475185194));
#11017 = CARTESIAN_POINT('',(245.36074808661,186.4801270133,
    104.08840397434));
#11018 = CARTESIAN_POINT('',(246.72959757196,187.30039427428,
    104.50276496736));
#11019 = CARTESIAN_POINT('',(249.01117756127,188.66570377235,
    105.19653163504));
#11020 = CARTESIAN_POINT('',(252.20317988382,190.57901801697,
    106.18321016157));
#11021 = CARTESIAN_POINT('',(254.02652887871,191.67147219958,
    106.76241721138));
#11022 = CARTESIAN_POINT('',(254.93908591733,192.21925969224,
    107.06174025328));
#11023 = CARTESIAN_POINT('',(245.46368712544,186.44532952267,
    103.82401499642));
#11024 = CARTESIAN_POINT('',(246.83844578771,187.26171150895,
    104.22865312035));
#11025 = CARTESIAN_POINT('',(249.13151203112,188.61934906105,
    104.90328608181));
#11026 = CARTESIAN_POINT('',(252.35689553835,190.50938619641,
    105.84494221835));
#11027 = CARTESIAN_POINT('',(254.21504987651,191.57693031352,
    106.38362947836));
#11028 = CARTESIAN_POINT('',(255.15970954829,192.10174862279,
    106.65362996168));
#11029 = CARTESIAN_POINT('',(245.59215587833,186.3451800473,
    103.60351775787));
#11030 = CARTESIAN_POINT('',(246.97392501349,187.15318487183,
    104.00325244804));
#11031 = CARTESIAN_POINT('',(249.28067105479,188.49538095345,
    104.66713061548));
#11032 = CARTESIAN_POINT('',(252.54177570487,190.33884723954,
    105.59566199292));
#11033 = CARTESIAN_POINT('',(254.43418709495,191.35962948722,
    106.12965325845));
#11034 = CARTESIAN_POINT('',(255.40494613015,191.84452519662,
    106.40608563999));
#11035 = ADVANCED_FACE('',(#11036),#11057,.T.);
#11036 = FACE_BOUND('',#11037,.T.);
#11037 = EDGE_LOOP('',(#11038,#11046,#11047,#11048));
#11038 = ORIENTED_EDGE('',*,*,#11039,.F.);
#11039 = EDGE_CURVE('',#10983,#11040,#11042,.T.);
#11040 = VERTEX_POINT('',#11041);
#11041 = CARTESIAN_POINT('',(245.36786709773,186.48439257065,
    113.14000259246));
#11042 = LINE('',#11043,#11044);
#11043 = CARTESIAN_POINT('',(245.36786709773,186.48439257065,
    111.2397650575));
#11044 = VECTOR('',#11045,1.);
#11045 = DIRECTION('',(-3.4E-16,2.35E-15,1.));
#11046 = ORIENTED_EDGE('',*,*,#11002,.F.);
#11047 = ORIENTED_EDGE('',*,*,#10089,.F.);
#11048 = ORIENTED_EDGE('',*,*,#11049,.F.);
#11049 = EDGE_CURVE('',#11040,#10090,#11050,.T.);
#11050 = B_SPLINE_CURVE_WITH_KNOTS('',3,(#11051,#11052,#11053,#11054,
    #11055,#11056),.UNSPECIFIED.,.F.,.F.,(4,1,1,4),(3.776706544633E-02,
    0.524437525411,0.853897560755,1.183357596099),.UNSPECIFIED.);
#11051 = CARTESIAN_POINT('',(245.36786720957,186.48439263766,
    113.14000308186));
#11052 = CARTESIAN_POINT('',(246.71253189524,187.29008660839,
    112.72238316809));
#11053 = CARTESIAN_POINT('',(248.96627935362,188.64048329694,
    112.01643720994));
#11054 = CARTESIAN_POINT('',(252.1215277168,190.5310398122,
    110.99088863091));
#11055 = CARTESIAN_POINT('',(253.92889163774,191.61397314831,
    110.37021718558));
#11056 = CARTESIAN_POINT('',(254.82722725165,192.15223640125,
    110.03956594397));
#11057 = PLANE('',#11058);
#11058 = AXIS2_PLACEMENT_3D('',#11059,#11060,#11061);
#11059 = CARTESIAN_POINT('',(244.89322950885,186.20000000222,
    113.72237121722));
#11060 = DIRECTION('',(0.513977416999,-0.857803715785,2.19E-15));
#11061 = DIRECTION('',(2.171240926712E-15,-1.252071047306E-15,-1.));
#11062 = ADVANCED_FACE('',(#11063),#11086,.T.);
#11063 = FACE_BOUND('',#11064,.T.);
#11064 = EDGE_LOOP('',(#11065,#11075,#11076,#11077));
#11065 = ORIENTED_EDGE('',*,*,#11066,.F.);
#11066 = EDGE_CURVE('',#11040,#11067,#11069,.T.);
#11067 = VERTEX_POINT('',#11068);
#11068 = CARTESIAN_POINT('',(246.08121450888,186.6309228329,
    113.76940037286));
#11069 = B_SPLINE_CURVE_WITH_KNOTS('',3,(#11070,#11071,#11072,#11073,
    #11074),.UNSPECIFIED.,.F.,.F.,(4,1,4),(-0.216434394106,
    -9.275759747394E-02,0.),.UNSPECIFIED.);
#11070 = CARTESIAN_POINT('',(245.36786709773,186.48439257065,
    113.14000259246));
#11071 = CARTESIAN_POINT('',(245.31611813589,186.45338571296,
    113.32582788007));
#11072 = CARTESIAN_POINT('',(245.45069488542,186.46634709869,
    113.61215547588));
#11073 = CARTESIAN_POINT('',(245.87987215268,186.57694914499,
    113.73555649999));
#11074 = CARTESIAN_POINT('',(246.08121450955,186.63092283329,
    113.76940037266));
#11075 = ORIENTED_EDGE('',*,*,#11049,.T.);
#11076 = ORIENTED_EDGE('',*,*,#10114,.F.);
#11077 = ORIENTED_EDGE('',*,*,#11078,.T.);
#11078 = EDGE_CURVE('',#10115,#11067,#11079,.T.);
#11079 = B_SPLINE_CURVE_WITH_KNOTS('',3,(#11080,#11081,#11082,#11083,
    #11084,#11085),.UNSPECIFIED.,.F.,.F.,(4,1,1,4),(-1.183357596099,
    -0.853897560755,-0.524437525411,-8.792807649018E-02),.UNSPECIFIED.);
#11080 = CARTESIAN_POINT('',(255.40494613045,191.84452519683,
    111.10823215579));
#11081 = CARTESIAN_POINT('',(254.43472614847,191.35989874542,
    111.38451103744));
#11082 = CARTESIAN_POINT('',(252.54334395667,190.33970627205,
    111.91821301299));
#11083 = CARTESIAN_POINT('',(249.44705690217,188.58945901764,
    112.79980860053));
#11084 = CARTESIAN_POINT('',(247.30155612007,187.34362486502,
    113.41680783582));
#11085 = CARTESIAN_POINT('',(246.08119336063,186.63096501005,
    113.76941242438));
#11086 = B_SPLINE_SURFACE_WITH_KNOTS('',3,3,(
    (#11087,#11088,#11089,#11090,#11091,#11092)
    ,(#11093,#11094,#11095,#11096,#11097,#11098)
    ,(#11099,#11100,#11101,#11102,#11103,#11104)
    ,(#11105,#11106,#11107,#11108,#11109,#11110
  )),.UNSPECIFIED.,.F.,.F.,.F.,(4,4),(4,1,1,4),(0.,1.),(
    3.024747239501E-02,0.524437525411,0.853897560755,1.183357596099),
  .UNSPECIFIED.);
#11087 = CARTESIAN_POINT('',(245.59752687766,186.34832077082,
    113.90924626456));
#11088 = CARTESIAN_POINT('',(246.97853719175,187.15586745754,
    113.50973604394));
#11089 = CARTESIAN_POINT('',(249.28401975139,188.49729852978,
    112.84622963004));
#11090 = CARTESIAN_POINT('',(252.54334395667,190.33970627205,
    111.91821301299));
#11091 = CARTESIAN_POINT('',(254.43472614847,191.35989874542,
    111.38451103744));
#11092 = CARTESIAN_POINT('',(255.40494613045,191.84452519683,
    111.10823215579));
#11093 = CARTESIAN_POINT('',(245.46903097365,186.44850257853,
    113.68872984853));
#11094 = CARTESIAN_POINT('',(246.84303002535,187.26442793245,
    113.28431740042));
#11095 = CARTESIAN_POINT('',(249.13483148393,188.6213034407,
    112.61005973865));
#11096 = CARTESIAN_POINT('',(252.35843884794,190.51027856141,
    111.66892717117));
#11097 = CARTESIAN_POINT('',(254.21557443725,191.57722174029,
    111.13053838913));
#11098 = CARTESIAN_POINT('',(255.15970954853,192.10174862294,
    110.86068783413));
#11099 = CARTESIAN_POINT('',(245.36606897034,186.48331517165,
    113.4243030967));
#11100 = CARTESIAN_POINT('',(246.73415782152,187.30312671552,
    113.01016746626));
#11101 = CARTESIAN_POINT('',(249.01447039641,188.66767642832,
    112.31677597291));
#11102 = CARTESIAN_POINT('',(252.20469867181,190.57992784302,
    111.33062912993));
#11103 = CARTESIAN_POINT('',(254.02703561307,191.67177638083,
    110.75173437363));
#11104 = CARTESIAN_POINT('',(254.93908591745,192.21925969231,
    110.45257754258));
#11105 = CARTESIAN_POINT('',(245.30553705913,186.44704576082,
    113.15935876435));
#11106 = CARTESIAN_POINT('',(246.67100062355,187.26520196945,
    112.73538984264));
#11107 = CARTESIAN_POINT('',(248.94556847742,188.62807378826,
    112.02316885424));
#11108 = CARTESIAN_POINT('',(252.1215277168,190.5310398122,
    110.99088863091));
#11109 = CARTESIAN_POINT('',(253.92889163774,191.61397314831,
    110.37021718558));
#11110 = CARTESIAN_POINT('',(254.82722725165,192.15223640125,
    110.03956594397));
#11111 = ADVANCED_FACE('',(#11112),#11133,.T.);
#11112 = FACE_BOUND('',#11113,.T.);
#11113 = EDGE_LOOP('',(#11114,#11123,#11124,#11125));
#11114 = ORIENTED_EDGE('',*,*,#11115,.F.);
#11115 = EDGE_CURVE('',#11067,#11116,#11118,.T.);
#11116 = VERTEX_POINT('',#11117);
#11117 = CARTESIAN_POINT('',(252.98005859548,186.47597948996,
    117.84751853086));
#11118 = B_SPLINE_CURVE_WITH_KNOTS('',3,(#11119,#11120,#11121,#11122),
  .UNSPECIFIED.,.F.,.F.,(4,4),(0.,0.80153941172),
  .PIECEWISE_BEZIER_KNOTS.);
#11119 = CARTESIAN_POINT('',(246.08121450949,186.63092283382,
    113.76940037187));
#11120 = CARTESIAN_POINT('',(248.38452674901,186.58164537987,
    115.1218176889));
#11121 = CARTESIAN_POINT('',(250.68453253207,186.52881512153,
    116.48027688296));
#11122 = CARTESIAN_POINT('',(252.98005859548,186.47597948996,
    117.84751853086));
#11123 = ORIENTED_EDGE('',*,*,#11078,.F.);
#11124 = ORIENTED_EDGE('',*,*,#10149,.F.);
#11125 = ORIENTED_EDGE('',*,*,#11126,.F.);
#11126 = EDGE_CURVE('',#11116,#10141,#11127,.T.);
#11127 = B_SPLINE_CURVE_WITH_KNOTS('',3,(#11128,#11129,#11130,#11131,
    #11132),.UNSPECIFIED.,.F.,.F.,(4,1,4),(-9.068102711859E-02,
    0.254079948073,0.713761248328),.UNSPECIFIED.);
#11128 = CARTESIAN_POINT('',(252.98005859548,186.47597948996,
    117.84751853086));
#11129 = CARTESIAN_POINT('',(253.54301570792,187.05390367912,
    117.03557609719));
#11130 = CARTESIAN_POINT('',(254.86324524755,188.40781906575,
    115.15447514718));
#11131 = CARTESIAN_POINT('',(256.20709002767,189.79939369864,
    113.34741644285));
#11132 = CARTESIAN_POINT('',(257.03202709741,190.58791040951,
    112.38741447174));
#11133 = B_SPLINE_SURFACE_WITH_KNOTS('',3,3,(
    (#11134,#11135,#11136,#11137)
    ,(#11138,#11139,#11140,#11141)
    ,(#11142,#11143,#11144,#11145)
    ,(#11146,#11147,#11148,#11149
    )),.UNSPECIFIED.,.F.,.F.,.F.,(4,4),(4,4),(9.464290903048E-02,
    0.944204410138),(6.008493561396E-02,0.922202722552),
  .PIECEWISE_BEZIER_KNOTS.);
#11134 = CARTESIAN_POINT('',(252.98005859528,186.47597948977,
    117.84751853111));
#11135 = CARTESIAN_POINT('',(254.41851627439,187.79592667576,
    116.07720931105));
#11136 = CARTESIAN_POINT('',(255.8569739535,189.11587386175,
    114.306900091));
#11137 = CARTESIAN_POINT('',(257.29543163261,190.43582104773,
    112.53659087095));
#11138 = CARTESIAN_POINT('',(250.65488552464,186.51207435511,
    116.49644727894));
#11139 = CARTESIAN_POINT('',(252.62057965235,188.0046550812,
    114.98925349001));
#11140 = CARTESIAN_POINT('',(254.58627378006,189.49723580729,
    113.48205970109));
#11141 = CARTESIAN_POINT('',(256.55196790777,190.98981653338,
    111.97486591217));
#11142 = CARTESIAN_POINT('',(248.32971245399,186.54816922045,
    115.14537602677));
#11143 = CARTESIAN_POINT('',(250.82264303031,188.21338348665,
    113.90129766897));
#11144 = CARTESIAN_POINT('',(253.31557360662,189.87859775284,
    112.65721931118));
#11145 = CARTESIAN_POINT('',(255.80850418293,191.54381201903,
    111.41314095339));
#11146 = CARTESIAN_POINT('',(246.00453938335,186.58426408579,
    113.7943047746));
#11147 = CARTESIAN_POINT('',(249.02470640826,188.42211189209,
    112.81334184793));
#11148 = CARTESIAN_POINT('',(252.04487343318,190.25995969838,
    111.83237892127));
#11149 = CARTESIAN_POINT('',(255.06504045809,192.09780750468,
    110.8514159946));
#11150 = ADVANCED_FACE('',(#11151),#11173,.T.);
#11151 = FACE_BOUND('',#11152,.T.);
#11152 = EDGE_LOOP('',(#11153,#11164,#11165,#11166));
#11153 = ORIENTED_EDGE('',*,*,#11154,.F.);
#11154 = EDGE_CURVE('',#11116,#11155,#11157,.T.);
#11155 = VERTEX_POINT('',#11156);
#11156 = CARTESIAN_POINT('',(256.00304239351,187.592401072,
    115.47296035922));
#11157 = B_SPLINE_CURVE_WITH_KNOTS('',3,(#11158,#11159,#11160,#11161,
    #11162,#11163),.UNSPECIFIED.,.F.,.F.,(4,1,1,4),(-0.560463984362,
    -0.400331417404,-0.240198850447,-1.085834E-11),.UNSPECIFIED.);
#11158 = CARTESIAN_POINT('',(252.98005859548,186.47597948996,
    117.84751853086));
#11159 = CARTESIAN_POINT('',(253.18167560276,186.48580979616,
    117.9395075055));
#11160 = CARTESIAN_POINT('',(253.78518475392,186.63844393868,
    117.73102016533));
#11161 = CARTESIAN_POINT('',(254.86990250746,187.0510164277,
    116.82183545835));
#11162 = CARTESIAN_POINT('',(255.59527237548,187.38648536557,
    115.9953773866));
#11163 = CARTESIAN_POINT('',(256.00304239352,187.592401072,
    115.47296035921));
#11164 = ORIENTED_EDGE('',*,*,#11126,.T.);
#11165 = ORIENTED_EDGE('',*,*,#10178,.F.);
#11166 = ORIENTED_EDGE('',*,*,#11167,.T.);
#11167 = EDGE_CURVE('',#10179,#11155,#11168,.T.);
#11168 = B_SPLINE_CURVE_WITH_KNOTS('',3,(#11169,#11170,#11171,#11172),
  .UNSPECIFIED.,.F.,.F.,(4,4),(-0.713761248328,-0.27938793962),
  .PIECEWISE_BEZIER_KNOTS.);
#11169 = CARTESIAN_POINT('',(257.98534423169,189.86483683636,
    112.35814786115));
#11170 = CARTESIAN_POINT('',(257.3545446234,189.06074457313,
    113.37429515524));
#11171 = CARTESIAN_POINT('',(256.68403968179,188.31998607229,
    114.42220070828));
#11172 = CARTESIAN_POINT('',(256.00308701732,187.59229813864,
    115.47291403657));
#11173 = B_SPLINE_SURFACE_WITH_KNOTS('',3,3,(
    (#11174,#11175,#11176,#11177,#11178)
    ,(#11179,#11180,#11181,#11182,#11183)
    ,(#11184,#11185,#11186,#11187,#11188)
    ,(#11189,#11190,#11191,#11192,#11193)
    ,(#11194,#11195,#11196,#11197,#11198
    )),.UNSPECIFIED.,.F.,.F.,.F.,(4,1,4),(4,1,4),(0.,0.5,1.),(
    -9.068102711859E-02,0.254079948073,0.713761248328),.UNSPECIFIED.);
#11174 = CARTESIAN_POINT('',(254.24527652417,185.75260147341,
    118.16124065586));
#11175 = CARTESIAN_POINT('',(254.79573950784,186.31863680208,
    117.32555723665));
#11176 = CARTESIAN_POINT('',(256.07175918002,187.64887375567,
    115.37760578208));
#11177 = CARTESIAN_POINT('',(257.31779220138,189.01389556148,
    113.43349917771));
#11178 = CARTESIAN_POINT('',(257.98534423169,189.86483683636,
    112.35814786115));
#11179 = CARTESIAN_POINT('',(254.09120479638,185.95970861064,
    118.20620244862));
#11180 = CARTESIAN_POINT('',(254.64472830019,186.52492705682,
    117.37340160299));
#11181 = CARTESIAN_POINT('',(255.92983233127,187.85084331054,
    115.43257447578));
#11182 = CARTESIAN_POINT('',(257.19095476705,189.20163374616,
    113.49960170097));
#11183 = CARTESIAN_POINT('',(257.87517241082,190.02527020113,
    112.42602114109));
#11184 = CARTESIAN_POINT('',(253.68371295222,186.32120677944,
    118.19496480264));
#11185 = CARTESIAN_POINT('',(254.24359948102,186.88733239079,
    117.36990473856));
#11186 = CARTESIAN_POINT('',(255.54882465436,188.2113994273,
    115.44945357668));
#11187 = CARTESIAN_POINT('',(256.85093201112,189.54594846671,
    113.55414901094));
#11188 = CARTESIAN_POINT('',(257.58704246451,190.32443053654,
    112.50250295581));
#11189 = CARTESIAN_POINT('',(253.2024490735,186.46784743592,
    117.98582750161));
#11190 = CARTESIAN_POINT('',(253.76545335716,187.04102237116,
    117.16988663061));
#11191 = CARTESIAN_POINT('',(255.08360764258,188.38242130957,
    115.27641222791));
#11192 = CARTESIAN_POINT('',(256.41990130164,189.7472380705,
    113.44049416362));
#11193 = CARTESIAN_POINT('',(257.21869045154,190.52319973469,
    112.44617498199));
#11194 = CARTESIAN_POINT('',(252.98005859548,186.47597948996,
    117.84751853086));
#11195 = CARTESIAN_POINT('',(253.54301570792,187.05390367912,
    117.03557609719));
#11196 = CARTESIAN_POINT('',(254.86324524755,188.40781906575,
    115.15447514718));
#11197 = CARTESIAN_POINT('',(256.20709002767,189.79939369864,
    113.34741644285));
#11198 = CARTESIAN_POINT('',(257.03202709741,190.58791040951,
    112.38741447174));
#11199 = ADVANCED_FACE('',(#11200),#11220,.T.);
#11200 = FACE_BOUND('',#11201,.T.);
#11201 = EDGE_LOOP('',(#11202,#11211,#11212,#11213));
#11202 = ORIENTED_EDGE('',*,*,#11203,.F.);
#11203 = EDGE_CURVE('',#11155,#11204,#11206,.T.);
#11204 = VERTEX_POINT('',#11205);
#11205 = CARTESIAN_POINT('',(258.83954669232,187.45086977801,
    112.51089976096));
#11206 = B_SPLINE_CURVE_WITH_KNOTS('',3,(#11207,#11208,#11209,#11210),
  .UNSPECIFIED.,.F.,.F.,(4,4),(0.,0.415190224467),
  .PIECEWISE_BEZIER_KNOTS.);
#11207 = CARTESIAN_POINT('',(256.0030423935,187.59240107205,
    115.47296035921));
#11208 = CARTESIAN_POINT('',(256.95941692182,187.56135713829,
    114.48509947053));
#11209 = CARTESIAN_POINT('',(257.91040766854,187.52512866588,
    113.49433670109));
#11210 = CARTESIAN_POINT('',(258.83954669228,187.45086977809,
    112.51089976096));
#11211 = ORIENTED_EDGE('',*,*,#11167,.F.);
#11212 = ORIENTED_EDGE('',*,*,#10213,.F.);
#11213 = ORIENTED_EDGE('',*,*,#11214,.F.);
#11214 = EDGE_CURVE('',#11204,#10205,#11215,.T.);
#11215 = B_SPLINE_CURVE_WITH_KNOTS('',3,(#11216,#11217,#11218,#11219),
  .UNSPECIFIED.,.F.,.F.,(4,4),(0.20084364631,0.381145394908),
  .PIECEWISE_BEZIER_KNOTS.);
#11216 = CARTESIAN_POINT('',(258.83954669234,187.45086977799,
    112.51089976095));
#11217 = CARTESIAN_POINT('',(259.02334791584,187.82351678703,
    112.08297744537));
#11218 = CARTESIAN_POINT('',(259.21039509588,188.1944761522,
    111.65599412574));
#11219 = CARTESIAN_POINT('',(259.40089689685,188.56351189009,
    111.23044681439));
#11220 = B_SPLINE_SURFACE_WITH_KNOTS('',3,3,(
    (#11221,#11222,#11223,#11224)
    ,(#11225,#11226,#11227,#11228)
    ,(#11229,#11230,#11231,#11232)
    ,(#11233,#11234,#11235,#11236
    )),.UNSPECIFIED.,.F.,.F.,.F.,(4,4),(4,4),(0.17376992054,
    0.809953108777),(0.354360787145,0.918680961314),
  .PIECEWISE_BEZIER_KNOTS.);
#11221 = CARTESIAN_POINT('',(258.65810792769,187.13540244396,
    112.90175563585));
#11222 = CARTESIAN_POINT('',(258.94369125406,187.63194578621,
    112.28655126594));
#11223 = CARTESIAN_POINT('',(259.22927458043,188.12848912847,
    111.67134689603));
#11224 = CARTESIAN_POINT('',(259.5148579068,188.62503247073,
    111.05614252612));
#11225 = CARTESIAN_POINT('',(257.73197527338,187.29481144791,
    113.7986361929));
#11226 = CARTESIAN_POINT('',(258.1563235206,187.87597449616,
    113.02913889677));
#11227 = CARTESIAN_POINT('',(258.58067176781,188.45713754441,
    112.25964160065));
#11228 = CARTESIAN_POINT('',(259.00502001502,189.03830059266,
    111.49014430453));
#11229 = CARTESIAN_POINT('',(256.80584261908,187.45422045186,
    114.69551674995));
#11230 = CARTESIAN_POINT('',(257.36895578713,188.12000320611,
    113.77172652761));
#11231 = CARTESIAN_POINT('',(257.93206895519,188.78578596036,
    112.84793630527));
#11232 = CARTESIAN_POINT('',(258.49518212325,189.4515687146,
    111.92414608293));
#11233 = CARTESIAN_POINT('',(255.87970996477,187.61362945581,
    115.59239730699));
#11234 = CARTESIAN_POINT('',(256.58158805367,188.36403191606,
    114.51431415844));
#11235 = CARTESIAN_POINT('',(257.28346614257,189.1144343763,
    113.43623100989));
#11236 = CARTESIAN_POINT('',(257.98534423147,189.86483683654,
    112.35814786134));
#11237 = ADVANCED_FACE('',(#11238),#11249,.T.);
#11238 = FACE_BOUND('',#11239,.T.);
#11239 = EDGE_LOOP('',(#11240,#11247,#11248));
#11240 = ORIENTED_EDGE('',*,*,#11241,.F.);
#11241 = EDGE_CURVE('',#11204,#10243,#11242,.T.);
#11242 = B_SPLINE_CURVE_WITH_KNOTS('',3,(#11243,#11244,#11245,#11246),
  .UNSPECIFIED.,.F.,.F.,(4,4),(-0.242921795412,0.),
  .PIECEWISE_BEZIER_KNOTS.);
#11243 = CARTESIAN_POINT('',(258.83954669231,187.45086977803,
    112.51089976096));
#11244 = CARTESIAN_POINT('',(259.15397273973,187.67674856833,
    112.02686024292));
#11245 = CARTESIAN_POINT('',(259.42806209209,187.91943279846,
    111.4872576096));
#11246 = CARTESIAN_POINT('',(259.65423406244,188.16194750886,
    110.93427770876));
#11247 = ORIENTED_EDGE('',*,*,#11214,.T.);
#11248 = ORIENTED_EDGE('',*,*,#10242,.F.);
#11249 = B_SPLINE_SURFACE_WITH_KNOTS('',3,3,(
    (#11250,#11251,#11252,#11253)
    ,(#11254,#11255,#11256,#11257)
    ,(#11258,#11259,#11260,#11261)
    ,(#11262,#11263,#11264,#11265
    )),.UNSPECIFIED.,.F.,.F.,.F.,(4,4),(4,4),(0.580686180988,1.),(
    0.20084364631,0.381145394908),.PIECEWISE_BEZIER_KNOTS.);
#11250 = CARTESIAN_POINT('',(259.15005107543,187.01590805229,
    112.21498741121));
#11251 = CARTESIAN_POINT('',(259.31659306767,187.39758666081,
    111.78630301349));
#11252 = CARTESIAN_POINT('',(259.48455750104,187.77938072084,
    111.3590275626));
#11253 = CARTESIAN_POINT('',(259.65423406244,188.16194750886,
    110.93427770876));
#11254 = CARTESIAN_POINT('',(259.08488213542,187.16861008957,
    112.33570767187));
#11255 = CARTESIAN_POINT('',(259.25561940953,187.54619000181,
    111.90584684691));
#11256 = CARTESIAN_POINT('',(259.42820664552,187.92325999938,
    111.47714510149));
#11257 = CARTESIAN_POINT('',(259.60280021231,188.30021338351,
    111.05048837765));
#11258 = CARTESIAN_POINT('',(258.97803207442,187.3182881278,
    112.43753635558));
#11259 = CARTESIAN_POINT('',(259.15487524958,187.69252686634,
    112.0077792213));
#11260 = CARTESIAN_POINT('',(259.33418278417,188.0656281192,
    111.57900335501));
#11261 = CARTESIAN_POINT('',(259.51606906794,188.43769079723,
    111.15188323379));
#11262 = CARTESIAN_POINT('',(258.83954669234,187.45086977799,
    112.51089976095));
#11263 = CARTESIAN_POINT('',(259.02334791584,187.82351678703,
    112.08297744537));
#11264 = CARTESIAN_POINT('',(259.21039509588,188.1944761522,
    111.65599412574));
#11265 = CARTESIAN_POINT('',(259.40089689685,188.56351189009,
    111.23044681439));
#11266 = ADVANCED_FACE('',(#11267),#11285,.T.);
#11267 = FACE_BOUND('',#11268,.T.);
#11268 = EDGE_LOOP('',(#11269,#11276,#11277,#11284));
#11269 = ORIENTED_EDGE('',*,*,#11270,.T.);
#11270 = EDGE_CURVE('',#10252,#10690,#11271,.T.);
#11271 = CIRCLE('',#11272,2.);
#11272 = AXIS2_PLACEMENT_3D('',#11273,#11274,#11275);
#11273 = CARTESIAN_POINT('',(261.76218061869,188.20000000222,
    110.39439031464));
#11274 = DIRECTION('',(-1.352E-14,1.25E-15,1.));
#11275 = DIRECTION('',(-0.999818984585,-1.90262466816E-02,
    -1.349376986324E-14));
#11276 = ORIENTED_EDGE('',*,*,#10689,.T.);
#11277 = ORIENTED_EDGE('',*,*,#11278,.F.);
#11278 = EDGE_CURVE('',#10243,#10679,#11279,.T.);
#11279 = CIRCLE('',#11280,2.);
#11280 = AXIS2_PLACEMENT_3D('',#11281,#11282,#11283);
#11281 = CARTESIAN_POINT('',(261.49914547864,188.20000000222,
    111.70554541463));
#11282 = DIRECTION('',(-0.385703671249,5.082132631395E-14,0.922622717033
    ));
#11283 = DIRECTION('',(-0.922455708099,-1.902624668155E-02,
    -0.385633852939));
#11284 = ORIENTED_EDGE('',*,*,#10251,.T.);
#11285 = TOROIDAL_SURFACE('',#11286,3.39938454759,2.);
#11286 = AXIS2_PLACEMENT_3D('',#11287,#11288,#11289);
#11287 = CARTESIAN_POINT('',(258.3627960711,188.20000000222,
    110.39439031464));
#11288 = DIRECTION('',(-1.2998E-13,-1.,2.35E-15));
#11289 = DIRECTION('',(0.,-2.35E-15,-1.));
#11290 = ADVANCED_FACE('',(#11291),#11303,.T.);
#11291 = FACE_BOUND('',#11292,.T.);
#11292 = EDGE_LOOP('',(#11293,#11300,#11301,#11302));
#11293 = ORIENTED_EDGE('',*,*,#11294,.F.);
#11294 = EDGE_CURVE('',#10699,#10278,#11295,.T.);
#11295 = CIRCLE('',#11296,2.);
#11296 = AXIS2_PLACEMENT_3D('',#11297,#11298,#11299);
#11297 = CARTESIAN_POINT('',(261.76218061869,188.20000000222,
    107.11992748146));
#11298 = DIRECTION('',(-9.53E-14,-1.25E-15,-1.));
#11299 = DIRECTION('',(-1.2879E-13,-1.,1.250000000012E-15));
#11300 = ORIENTED_EDGE('',*,*,#10698,.T.);
#11301 = ORIENTED_EDGE('',*,*,#11270,.F.);
#11302 = ORIENTED_EDGE('',*,*,#10277,.T.);
#11303 = CYLINDRICAL_SURFACE('',#11304,2.);
#11304 = AXIS2_PLACEMENT_3D('',#11305,#11306,#11307);
#11305 = CARTESIAN_POINT('',(261.76218061869,188.20000000222,
    106.59194658141));
#11306 = DIRECTION('',(9.6E-16,5.3E-16,-1.));
#11307 = DIRECTION('',(-0.700347682697,-0.713801879614,
    -1.050648771585E-15));
#11308 = ADVANCED_FACE('',(#11309),#11321,.T.);
#11309 = FACE_BOUND('',#11310,.T.);
#11310 = EDGE_LOOP('',(#11311,#11312,#11313,#11320));
#11311 = ORIENTED_EDGE('',*,*,#11294,.T.);
#11312 = ORIENTED_EDGE('',*,*,#10302,.T.);
#11313 = ORIENTED_EDGE('',*,*,#11314,.F.);
#11314 = EDGE_CURVE('',#10707,#10303,#11315,.T.);
#11315 = CIRCLE('',#11316,2.);
#11316 = AXIS2_PLACEMENT_3D('',#11317,#11318,#11319);
#11317 = CARTESIAN_POINT('',(261.49914547797,188.20000000222,
    105.80877237988));
#11318 = DIRECTION('',(-0.385703671715,4.852E-14,-0.922622716838));
#11319 = DIRECTION('',(-1.287894224149E-13,-1.,1.251381612839E-15));
#11320 = ORIENTED_EDGE('',*,*,#10706,.T.);
#11321 = TOROIDAL_SURFACE('',#11322,3.39938454759,2.);
#11322 = AXIS2_PLACEMENT_3D('',#11323,#11324,#11325);
#11323 = CARTESIAN_POINT('',(258.3627960711,188.20000000222,
    107.11992748146));
#11324 = DIRECTION('',(-1.2998E-13,-1.,2.35E-15));
#11325 = DIRECTION('',(0.,-2.35E-15,-1.));
#11326 = ADVANCED_FACE('',(#11327),#11346,.T.);
#11327 = FACE_BOUND('',#11328,.T.);
#11328 = EDGE_LOOP('',(#11329,#11338,#11339));
#11329 = ORIENTED_EDGE('',*,*,#11330,.F.);
#11330 = EDGE_CURVE('',#10303,#11331,#11333,.T.);
#11331 = VERTEX_POINT('',#11332);
#11332 = CARTESIAN_POINT('',(258.83954669367,187.45086977963,
    105.00341803939));
#11333 = B_SPLINE_CURVE_WITH_KNOTS('',3,(#11334,#11335,#11336,#11337),
  .UNSPECIFIED.,.F.,.F.,(4,4),(-0.242921794824,0.),
  .PIECEWISE_BEZIER_KNOTS.);
#11334 = CARTESIAN_POINT('',(259.65423406217,188.16194750886,
    106.58004008669));
#11335 = CARTESIAN_POINT('',(259.4280620922,187.91943279902,
    106.02706018757));
#11336 = CARTESIAN_POINT('',(259.15397274039,187.67674856945,
    105.48745755598));
#11337 = CARTESIAN_POINT('',(258.83954669369,187.45086977963,
    105.00341803941));
#11338 = ORIENTED_EDGE('',*,*,#10311,.F.);
#11339 = ORIENTED_EDGE('',*,*,#11340,.T.);
#11340 = EDGE_CURVE('',#10312,#11331,#11341,.T.);
#11341 = B_SPLINE_CURVE_WITH_KNOTS('',3,(#11342,#11343,#11344,#11345),
  .UNSPECIFIED.,.F.,.F.,(4,4),(-0.381145394458,-0.200843646391),
  .PIECEWISE_BEZIER_KNOTS.);
#11342 = CARTESIAN_POINT('',(259.40089689671,188.56351188945,
    106.28387098121));
#11343 = CARTESIAN_POINT('',(259.21039509626,188.1944761523,
    105.85832367145));
#11344 = CARTESIAN_POINT('',(259.02334791671,187.82351678788,
    105.43134035339));
#11345 = CARTESIAN_POINT('',(258.83954669369,187.45086977961,
    105.00341803939));
#11346 = B_SPLINE_SURFACE_WITH_KNOTS('',3,3,(
    (#11347,#11348,#11349,#11350)
    ,(#11351,#11352,#11353,#11354)
    ,(#11355,#11356,#11357,#11358)
    ,(#11359,#11360,#11361,#11362
    )),.UNSPECIFIED.,.F.,.F.,.F.,(4,4),(4,4),(0.,0.419313818598),(
    0.200843646391,0.381145394458),.PIECEWISE_BEZIER_KNOTS.);
#11347 = CARTESIAN_POINT('',(258.83954669369,187.45086977961,
    105.00341803939));
#11348 = CARTESIAN_POINT('',(259.02334791671,187.82351678788,
    105.43134035339));
#11349 = CARTESIAN_POINT('',(259.21039509626,188.1944761523,
    105.85832367145));
#11350 = CARTESIAN_POINT('',(259.40089689671,188.56351188945,
    106.28387098121));
#11351 = CARTESIAN_POINT('',(258.97803207551,187.31828812963,
    105.07678144477));
#11352 = CARTESIAN_POINT('',(259.15487525024,187.6925268674,
    105.50653857747));
#11353 = CARTESIAN_POINT('',(259.33418278438,188.0656281195,
    105.93531444217));
#11354 = CARTESIAN_POINT('',(259.51606906768,188.43769079678,
    106.36243456179));
#11355 = CARTESIAN_POINT('',(259.08488213633,187.16861009169,
    105.17861012843));
#11356 = CARTESIAN_POINT('',(259.25561941004,187.54619000315,
    105.60847095179));
#11357 = CARTESIAN_POINT('',(259.42820664563,187.92325999994,
    106.03717269561));
#11358 = CARTESIAN_POINT('',(259.60280021201,188.30021338328,
    106.46382941787));
#11359 = CARTESIAN_POINT('',(259.1500510763,187.01590805473,
    105.29933038898));
#11360 = CARTESIAN_POINT('',(259.31659306817,187.39758666244,
    105.72801478511));
#11361 = CARTESIAN_POINT('',(259.48455750116,187.77938072166,
    106.15529023443));
#11362 = CARTESIAN_POINT('',(259.65423406217,188.16194750886,
    106.58004008669));
#11363 = ADVANCED_FACE('',(#11364),#11384,.T.);
#11364 = FACE_BOUND('',#11365,.T.);
#11365 = EDGE_LOOP('',(#11366,#11375,#11376,#11377));
#11366 = ORIENTED_EDGE('',*,*,#11367,.F.);
#11367 = EDGE_CURVE('',#11331,#11368,#11370,.T.);
#11368 = VERTEX_POINT('',#11369);
#11369 = CARTESIAN_POINT('',(256.00304239511,187.5924010732,
    102.04135744142));
#11370 = B_SPLINE_CURVE_WITH_KNOTS('',3,(#11371,#11372,#11373,#11374),
  .UNSPECIFIED.,.F.,.F.,(4,4),(0.,0.415190224426),
  .PIECEWISE_BEZIER_KNOTS.);
#11371 = CARTESIAN_POINT('',(258.83954669365,187.45086977964,
    105.00341803938));
#11372 = CARTESIAN_POINT('',(257.91040767003,187.52512866725,
    104.01998109933));
#11373 = CARTESIAN_POINT('',(256.95941692336,187.56135713954,
    103.02921833));
#11374 = CARTESIAN_POINT('',(256.00304239511,187.5924010732,
    102.04135744142));
#11375 = ORIENTED_EDGE('',*,*,#11340,.F.);
#11376 = ORIENTED_EDGE('',*,*,#10346,.F.);
#11377 = ORIENTED_EDGE('',*,*,#11378,.F.);
#11378 = EDGE_CURVE('',#11368,#10338,#11379,.T.);
#11379 = B_SPLINE_CURVE_WITH_KNOTS('',3,(#11380,#11381,#11382,#11383),
  .UNSPECIFIED.,.F.,.F.,(4,4),(0.279387943204,0.713761247916),
  .PIECEWISE_BEZIER_KNOTS.);
#11380 = CARTESIAN_POINT('',(256.00308695454,187.5922982963,
    102.04140369147));
#11381 = CARTESIAN_POINT('',(256.68403961075,188.31998622737,
    103.09211700715));
#11382 = CARTESIAN_POINT('',(257.35454462882,189.06074457977,
    104.14002265014));
#11383 = CARTESIAN_POINT('',(257.98534423157,189.86483683593,
    105.15616993448));
#11384 = B_SPLINE_SURFACE_WITH_KNOTS('',3,3,(
    (#11385,#11386,#11387,#11388)
    ,(#11389,#11390,#11391,#11392)
    ,(#11393,#11394,#11395,#11396)
    ,(#11397,#11398,#11399,#11400
    )),.UNSPECIFIED.,.F.,.F.,.F.,(4,4),(4,4),(0.190046891291,
    0.826230079552),(0.354360787475,0.918680961238),
  .PIECEWISE_BEZIER_KNOTS.);
#11385 = CARTESIAN_POINT('',(255.8797099663,187.61362945708,
    101.92192049359));
#11386 = CARTESIAN_POINT('',(256.58158805465,188.36403191675,
    103.00000364049));
#11387 = CARTESIAN_POINT('',(257.283466143,189.11443437643,
    104.07808678739));
#11388 = CARTESIAN_POINT('',(257.98534423135,189.86483683611,
    105.15616993429));
#11389 = CARTESIAN_POINT('',(256.8058426204,187.45422045297,
    102.8188010504));
#11390 = CARTESIAN_POINT('',(257.368955788,188.12000320671,
    103.74259127119));
#11391 = CARTESIAN_POINT('',(257.9320689556,188.78578596045,
    104.66638149199));
#11392 = CARTESIAN_POINT('',(258.4951821232,189.45156871419,
    105.59017171278));
#11393 = CARTESIAN_POINT('',(257.73197527449,187.29481144887,
    103.71568160721));
#11394 = CARTESIAN_POINT('',(258.15632352135,187.87597449667,
    104.4851789019));
#11395 = CARTESIAN_POINT('',(258.5806717682,188.45713754447,
    105.25467619658));
#11396 = CARTESIAN_POINT('',(259.00502001506,189.03830059227,
    106.02417349127));
#11397 = CARTESIAN_POINT('',(258.65810792859,187.13540244476,
    104.61256216403));
#11398 = CARTESIAN_POINT('',(258.9436912547,187.63194578662,
    105.2277665326));
#11399 = CARTESIAN_POINT('',(259.2292745808,188.12848912848,
    105.84297090118));
#11400 = CARTESIAN_POINT('',(259.51485790691,188.62503247035,
    106.45817526975));
#11401 = ADVANCED_FACE('',(#11402),#11425,.T.);
#11402 = FACE_BOUND('',#11403,.T.);
#11403 = EDGE_LOOP('',(#11404,#11415,#11416,#11417));
#11404 = ORIENTED_EDGE('',*,*,#11405,.F.);
#11405 = EDGE_CURVE('',#11368,#11406,#11408,.T.);
#11406 = VERTEX_POINT('',#11407);
#11407 = CARTESIAN_POINT('',(252.98005859522,186.47597949019,
    99.666799269431));
#11408 = B_SPLINE_CURVE_WITH_KNOTS('',3,(#11409,#11410,#11411,#11412,
    #11413,#11414),.UNSPECIFIED.,.F.,.F.,(4,1,1,4),(-0.560452757223,
    -0.24019403881,-0.160129359206,0.),.UNSPECIFIED.);
#11409 = CARTESIAN_POINT('',(256.00304239511,187.5924010732,
    102.04135744142));
#11410 = CARTESIAN_POINT('',(255.45935992882,187.3178522977,
    101.34481535839));
#11411 = CARTESIAN_POINT('',(254.71317411148,186.97913091907,
    100.5138334399));
#11412 = CARTESIAN_POINT('',(253.63293585592,186.59840508376,
    99.724658915834));
#11413 = CARTESIAN_POINT('',(253.1816715638,186.48580959952,
    99.574812137562));
#11414 = CARTESIAN_POINT('',(252.98005859522,186.47597949019,
    99.666799269431));
#11415 = ORIENTED_EDGE('',*,*,#11378,.T.);
#11416 = ORIENTED_EDGE('',*,*,#10375,.F.);
#11417 = ORIENTED_EDGE('',*,*,#11418,.T.);
#11418 = EDGE_CURVE('',#10376,#11406,#11419,.T.);
#11419 = B_SPLINE_CURVE_WITH_KNOTS('',3,(#11420,#11421,#11422,#11423,
    #11424),.UNSPECIFIED.,.F.,.F.,(4,1,4),(-0.713761247916,
    -0.254079947857,9.068102718646E-02),.UNSPECIFIED.);
#11420 = CARTESIAN_POINT('',(257.03202709702,190.58791040934,
    105.12690332398));
#11421 = CARTESIAN_POINT('',(256.20709002736,189.79939369857,
    104.1669013537));
#11422 = CARTESIAN_POINT('',(254.86324549238,188.40781886034,
    102.35984258072));
#11423 = CARTESIAN_POINT('',(253.54301570765,187.0539036793,
    100.47874170244));
#11424 = CARTESIAN_POINT('',(252.98005859522,186.47597949019,
    99.666799269431));
#11425 = B_SPLINE_SURFACE_WITH_KNOTS('',3,3,(
    (#11426,#11427,#11428,#11429,#11430)
    ,(#11431,#11432,#11433,#11434,#11435)
    ,(#11436,#11437,#11438,#11439,#11440)
    ,(#11441,#11442,#11443,#11444,#11445)
    ,(#11446,#11447,#11448,#11449,#11450
    )),.UNSPECIFIED.,.F.,.F.,.F.,(4,1,4),(4,1,4),(0.,0.5,1.),(
    -9.068102718646E-02,0.254079947857,0.713761247916),.UNSPECIFIED.);
#11426 = CARTESIAN_POINT('',(252.98005859522,186.47597949019,
    99.666799269431));
#11427 = CARTESIAN_POINT('',(253.54301570765,187.0539036793,
    100.47874170244));
#11428 = CARTESIAN_POINT('',(254.86324549238,188.40781886034,
    102.35984258072));
#11429 = CARTESIAN_POINT('',(256.20709002736,189.79939369857,
    104.1669013537));
#11430 = CARTESIAN_POINT('',(257.03202709702,190.58791040934,
    105.12690332398));
#11431 = CARTESIAN_POINT('',(253.20244907332,186.4678474361,
    99.528490298552));
#11432 = CARTESIAN_POINT('',(253.76545335696,187.0410223713,
    100.3444311689));
#11433 = CARTESIAN_POINT('',(255.08360777329,188.38242115503,
    102.23790555185));
#11434 = CARTESIAN_POINT('',(256.41990130137,189.74723807039,
    104.07382363285));
#11435 = CARTESIAN_POINT('',(257.21869045119,190.5231997345,
    105.06814281365));
#11436 = CARTESIAN_POINT('',(253.68371300783,186.32120694127,
    99.319352848276));
#11437 = CARTESIAN_POINT('',(254.24359953659,186.88733255259,
    100.14441291171));
#11438 = CARTESIAN_POINT('',(255.54882468074,188.21139961903,
    102.06486401814));
#11439 = CARTESIAN_POINT('',(256.85093204944,189.54594851467,
    103.9601687217));
#11440 = CARTESIAN_POINT('',(257.58704250277,190.32443058445,
    105.011814776));
#11441 = CARTESIAN_POINT('',(254.09120479651,185.95970861026,
    99.308115351545));
#11442 = CARTESIAN_POINT('',(254.64472830028,186.52492705644,
    100.14091619652));
#11443 = CARTESIAN_POINT('',(255.92983217056,187.85084350559,
    102.08174320282));
#11444 = CARTESIAN_POINT('',(257.19095476693,189.2016337458,
    104.01471609547));
#11445 = CARTESIAN_POINT('',(257.87517241068,190.02527020075,
    105.0882966545));
#11446 = CARTESIAN_POINT('',(254.2452765243,185.75260147288,
    99.353077144449));
#11447 = CARTESIAN_POINT('',(254.79573950791,186.31863680155,
    100.18876056299));
#11448 = CARTESIAN_POINT('',(256.07175901782,187.64887403455,
    102.13671181949));
#11449 = CARTESIAN_POINT('',(257.31779220127,189.01389556107,
    104.08081861881));
#11450 = CARTESIAN_POINT('',(257.98534423157,189.86483683593,
    105.15616993448));
#11451 = ADVANCED_FACE('',(#11452),#11464,.T.);
#11452 = FACE_BOUND('',#11453,.T.);
#11453 = EDGE_LOOP('',(#11454,#11461,#11462,#11463));
#11454 = ORIENTED_EDGE('',*,*,#11455,.F.);
#11455 = EDGE_CURVE('',#11406,#10981,#11456,.T.);
#11456 = B_SPLINE_CURVE_WITH_KNOTS('',3,(#11457,#11458,#11459,#11460),
  .UNSPECIFIED.,.F.,.F.,(4,4),(6.1E-16,0.801539411391),
  .PIECEWISE_BEZIER_KNOTS.);
#11457 = CARTESIAN_POINT('',(252.98005859522,186.47597949019,
    99.666799269431));
#11458 = CARTESIAN_POINT('',(250.68453253275,186.52881512177,
    101.03404091676));
#11459 = CARTESIAN_POINT('',(248.38452675063,186.58164538012,
    102.39250011025));
#11460 = CARTESIAN_POINT('',(246.08121451205,186.63092283406,
    103.74491742673));
#11461 = ORIENTED_EDGE('',*,*,#11418,.F.);
#11462 = ORIENTED_EDGE('',*,*,#10402,.F.);
#11463 = ORIENTED_EDGE('',*,*,#10992,.F.);
#11464 = B_SPLINE_SURFACE_WITH_KNOTS('',3,3,(
    (#11465,#11466,#11467,#11468)
    ,(#11469,#11470,#11471,#11472)
    ,(#11473,#11474,#11475,#11476)
    ,(#11477,#11478,#11479,#11480
    )),.UNSPECIFIED.,.F.,.F.,.F.,(4,4),(4,4),(5.579558989806E-02,
    0.905357090908),(6.008493566231E-02,0.92220272252),
  .PIECEWISE_BEZIER_KNOTS.);
#11465 = CARTESIAN_POINT('',(246.00453938415,186.5842640861,
    103.72001302509));
#11466 = CARTESIAN_POINT('',(249.02470640872,188.4221118922,
    104.70097595044));
#11467 = CARTESIAN_POINT('',(252.04487343328,190.2599596983,
    105.68193887578));
#11468 = CARTESIAN_POINT('',(255.06504045785,192.0978075044,
    106.66290180113));
#11469 = CARTESIAN_POINT('',(248.32971245444,186.54816922073,
    102.36894177312));
#11470 = CARTESIAN_POINT('',(250.82264303051,188.21338348677,
    103.61302012954));
#11471 = CARTESIAN_POINT('',(253.31557360659,189.8785977528,
    104.85709848596));
#11472 = CARTESIAN_POINT('',(255.80850418266,191.54381201884,
    106.10117684238));
#11473 = CARTESIAN_POINT('',(250.65488552473,186.51207435537,
    101.01787052115));
#11474 = CARTESIAN_POINT('',(252.62057965231,188.00465508134,
    102.52506430865));
#11475 = CARTESIAN_POINT('',(254.58627377989,189.4972358073,
    104.03225809614));
#11476 = CARTESIAN_POINT('',(256.55196790747,190.98981653327,
    105.53945188364));
#11477 = CARTESIAN_POINT('',(252.98005859502,186.47597949,
    99.666799269187));
#11478 = CARTESIAN_POINT('',(254.41851627411,187.79592667591,
    101.43710848775));
#11479 = CARTESIAN_POINT('',(255.8569739532,189.11587386181,
    103.20741770632));
#11480 = CARTESIAN_POINT('',(257.29543163229,190.43582104771,
    104.97772692489));
#11481 = ADVANCED_FACE('',(#11482),#11494,.F.);
#11482 = FACE_BOUND('',#11483,.F.);
#11483 = EDGE_LOOP('',(#11484,#11485,#11486,#11487));
#11484 = ORIENTED_EDGE('',*,*,#10678,.F.);
#11485 = ORIENTED_EDGE('',*,*,#11278,.F.);
#11486 = ORIENTED_EDGE('',*,*,#11241,.F.);
#11487 = ORIENTED_EDGE('',*,*,#11488,.F.);
#11488 = EDGE_CURVE('',#10681,#11204,#11489,.T.);
#11489 = CIRCLE('',#11490,2.);
#11490 = AXIS2_PLACEMENT_3D('',#11491,#11492,#11493);
#11491 = CARTESIAN_POINT('',(260.21539615224,188.20000000222,
    113.75421877505));
#11492 = DIRECTION('',(0.670469258017,-8.727E-14,-0.741937311404));
#11493 = DIRECTION('',(-1.287901756588E-13,-1.,1.240194382966E-15));
#11494 = B_SPLINE_SURFACE_WITH_KNOTS('',3,3,(
    (#11495,#11496,#11497,#11498)
    ,(#11499,#11500,#11501,#11502)
    ,(#11503,#11504,#11505,#11506)
    ,(#11507,#11508,#11509,#11510)
    ,(#11511,#11512,#11513,#11514
    )),.UNSPECIFIED.,.F.,.F.,.F.,(4,1,4),(4,4),(0.,0.571428571429,1.),(
    0.,0.242921795412),.UNSPECIFIED.);
#11495 = CARTESIAN_POINT('',(261.49914547864,186.20000000222,
    111.70554541463));
#11496 = CARTESIAN_POINT('',(261.18682605091,186.20000000222,
    112.45262930433));
#11497 = CARTESIAN_POINT('',(260.75830147199,186.20000000222,
    113.15344296249));
#11498 = CARTESIAN_POINT('',(260.21539615224,186.20000000222,
    113.75421877505));
#11499 = CARTESIAN_POINT('',(260.95373699549,186.20000000222,
    111.47753666263));
#11500 = CARTESIAN_POINT('',(260.70926083689,186.2018691559,
    112.18466381419));
#11501 = CARTESIAN_POINT('',(260.34890508069,186.19912020836,
    112.86240138196));
#11502 = CARTESIAN_POINT('',(259.87993629688,186.20000000222,
    113.45107251612));
#11503 = CARTESIAN_POINT('',(260.00909308036,186.68944908585,
    111.08262699982));
#11504 = CARTESIAN_POINT('',(259.87600294711,186.60799294059,
    111.71887357163));
#11505 = CARTESIAN_POINT('',(259.63678740596,186.53876168663,
    112.35614711937));
#11506 = CARTESIAN_POINT('',(259.29495667705,186.47911537564,
    112.92244180079));
#11507 = CARTESIAN_POINT('',(259.6620168697,187.71866521231,
    110.93753132183));
#11508 = CARTESIAN_POINT('',(259.4849811139,187.5112947822,
    111.51185518338));
#11509 = CARTESIAN_POINT('',(259.24028284226,187.31471512476,
    112.08279845347));
#11510 = CARTESIAN_POINT('',(258.93378536106,187.1364511148,
    112.5960607703));
#11511 = CARTESIAN_POINT('',(259.65423406244,188.16194750886,
    110.93427770876));
#11512 = CARTESIAN_POINT('',(259.42806209209,187.91943279846,
    111.4872576096));
#11513 = CARTESIAN_POINT('',(259.15397273973,187.67674856833,
    112.02686024292));
#11514 = CARTESIAN_POINT('',(258.83954669231,187.45086977803,
    112.51089976096));
#11515 = ADVANCED_FACE('',(#11516),#11528,.F.);
#11516 = FACE_BOUND('',#11517,.F.);
#11517 = EDGE_LOOP('',(#11518,#11519,#11526,#11527));
#11518 = ORIENTED_EDGE('',*,*,#10715,.F.);
#11519 = ORIENTED_EDGE('',*,*,#11520,.T.);
#11520 = EDGE_CURVE('',#10716,#11331,#11521,.T.);
#11521 = CIRCLE('',#11522,2.);
#11522 = AXIS2_PLACEMENT_3D('',#11523,#11524,#11525);
#11523 = CARTESIAN_POINT('',(260.215396154,188.20000000222,
    103.76009902477));
#11524 = DIRECTION('',(-0.670469258061,8.377E-14,-0.741937311365));
#11525 = DIRECTION('',(-1.287865046593E-13,-1.,3.473867923373E-15));
#11526 = ORIENTED_EDGE('',*,*,#11330,.F.);
#11527 = ORIENTED_EDGE('',*,*,#11314,.F.);
#11528 = B_SPLINE_SURFACE_WITH_KNOTS('',3,3,(
    (#11529,#11530,#11531,#11532)
    ,(#11533,#11534,#11535,#11536)
    ,(#11537,#11538,#11539,#11540)
    ,(#11541,#11542,#11543,#11544)
    ,(#11545,#11546,#11547,#11548
    )),.UNSPECIFIED.,.F.,.F.,.F.,(4,1,4),(4,4),(0.,0.571428571429,1.),(
    0.,0.242921794824),.UNSPECIFIED.);
#11529 = CARTESIAN_POINT('',(260.21539615402,186.20000000222,
    103.7600990248));
#11530 = CARTESIAN_POINT('',(260.7583014725,186.20000000222,
    104.36087483588));
#11531 = CARTESIAN_POINT('',(261.18682605063,186.20000000222,
    105.06168849215));
#11532 = CARTESIAN_POINT('',(261.49914547797,186.20000000222,
    105.80877237988));
#11533 = CARTESIAN_POINT('',(259.87993629843,186.20000000222,
    104.06324528398));
#11534 = CARTESIAN_POINT('',(260.3489050811,186.19912020836,
    104.65191641663));
#11535 = CARTESIAN_POINT('',(260.70926083662,186.20186915589,
    105.32965398251));
#11536 = CARTESIAN_POINT('',(260.95373699494,186.20000000222,
    106.03678113216));
#11537 = CARTESIAN_POINT('',(259.29495658635,186.47911516307,
    104.59187608274));
#11538 = CARTESIAN_POINT('',(259.63678731434,186.53876147396,
    105.15817076262));
#11539 = CARTESIAN_POINT('',(259.87600254286,186.60799240617,
    105.79544439435));
#11540 = CARTESIAN_POINT('',(260.009092676,186.68944855124,
    106.43169096435));
#11541 = CARTESIAN_POINT('',(258.9337853623,187.13645111606,
    104.91825703018));
#11542 = CARTESIAN_POINT('',(259.24028284275,187.31471512567,
    105.43151934551));
#11543 = CARTESIAN_POINT('',(259.48498111389,187.51129478268,
    106.00246261381));
#11544 = CARTESIAN_POINT('',(259.66201686942,187.71866521231,
    106.57678647362));
#11545 = CARTESIAN_POINT('',(258.83954669369,187.45086977963,
    105.00341803941));
#11546 = CARTESIAN_POINT('',(259.15397274039,187.67674856945,
    105.48745755598));
#11547 = CARTESIAN_POINT('',(259.4280620922,187.91943279902,
    106.02706018757));
#11548 = CARTESIAN_POINT('',(259.65423406217,188.16194750886,
    106.58004008669));
#11549 = ADVANCED_FACE('',(#11550),#11562,.F.);
#11550 = FACE_BOUND('',#11551,.F.);
#11551 = EDGE_LOOP('',(#11552,#11553,#11554,#11555));
#11552 = ORIENTED_EDGE('',*,*,#11367,.F.);
#11553 = ORIENTED_EDGE('',*,*,#11520,.F.);
#11554 = ORIENTED_EDGE('',*,*,#10724,.F.);
#11555 = ORIENTED_EDGE('',*,*,#11556,.T.);
#11556 = EDGE_CURVE('',#10725,#11368,#11557,.T.);
#11557 = CIRCLE('',#11558,2.);
#11558 = AXIS2_PLACEMENT_3D('',#11559,#11560,#11561);
#11559 = CARTESIAN_POINT('',(257.38156191403,188.20000000222,
    100.7258698978));
#11560 = DIRECTION('',(-0.690373589253,8.72E-14,-0.723453044269));
#11561 = DIRECTION('',(-1.287859506998E-13,-1.,2.364243323665E-15));
#11562 = B_SPLINE_SURFACE_WITH_KNOTS('',3,3,(
    (#11563,#11564,#11565,#11566)
    ,(#11567,#11568,#11569,#11570)
    ,(#11571,#11572,#11573,#11574)
    ,(#11575,#11576,#11577,#11578)
    ,(#11579,#11580,#11581,#11582
    )),.UNSPECIFIED.,.F.,.F.,.F.,(4,1,4),(4,4),(0.,0.571428571429,1.),(
    0.,0.415190224426),.UNSPECIFIED.);
#11563 = CARTESIAN_POINT('',(258.83954669365,187.45086977964,
    105.00341803938));
#11564 = CARTESIAN_POINT('',(257.91040767003,187.52512866725,
    104.01998109933));
#11565 = CARTESIAN_POINT('',(256.95941692336,187.56135713954,
    103.02921833));
#11566 = CARTESIAN_POINT('',(256.00304239511,187.5924010732,
    102.04135744142));
#11567 = CARTESIAN_POINT('',(258.9651982518,187.03164489488,
    104.88987002707));
#11568 = CARTESIAN_POINT('',(258.02573593166,187.08484124367,
    103.91194174372));
#11569 = CARTESIAN_POINT('',(257.06969906387,187.1116251511,
    102.92492140813));
#11570 = CARTESIAN_POINT('',(256.10871638109,187.13431898302,
    101.94051533484));
#11571 = CARTESIAN_POINT('',(259.37640117597,186.40529055495,
    104.51827674654));
#11572 = CARTESIAN_POINT('',(258.43301280013,186.41948433687,
    103.53121484655));
#11573 = CARTESIAN_POINT('',(257.47426676122,186.42665640542,
    102.542522702));
#11574 = CARTESIAN_POINT('',(256.51152497107,186.43283632049,
    101.5561249252));
#11575 = CARTESIAN_POINT('',(259.96380126231,186.20000000222,
    103.98745871916));
#11576 = CARTESIAN_POINT('',(259.03127723804,186.19993327328,
    102.97253659003));
#11577 = CARTESIAN_POINT('',(258.07830819706,186.20003466547,
    101.9716216677));
#11578 = CARTESIAN_POINT('',(257.12068097529,186.20000000222,
    100.97482221263));
#11579 = CARTESIAN_POINT('',(260.215396154,186.20000000222,
    103.76009902477));
#11580 = CARTESIAN_POINT('',(259.28748854826,186.20000000222,
    102.73328196205));
#11581 = CARTESIAN_POINT('',(258.33701646556,186.20000000222,
    101.72710533718));
#11582 = CARTESIAN_POINT('',(257.38156191403,186.20000000222,
    100.7258698978));
#11583 = ADVANCED_FACE('',(#11584),#11596,.F.);
#11584 = FACE_BOUND('',#11585,.F.);
#11585 = EDGE_LOOP('',(#11586,#11587,#11594,#11595));
#11586 = ORIENTED_EDGE('',*,*,#10733,.F.);
#11587 = ORIENTED_EDGE('',*,*,#11588,.F.);
#11588 = EDGE_CURVE('',#11406,#10734,#11589,.T.);
#11589 = CIRCLE('',#11590,2.);
#11590 = AXIS2_PLACEMENT_3D('',#11591,#11592,#11593);
#11591 = CARTESIAN_POINT('',(252.49086946425,188.20000000222,
    98.77885373719));
#11592 = DIRECTION('',(0.875874518807,-1.139088823265E-13,
    -0.482538938641));
#11593 = DIRECTION('',(0.244594565488,-0.862010256016,0.443972766121));
#11594 = ORIENTED_EDGE('',*,*,#11405,.F.);
#11595 = ORIENTED_EDGE('',*,*,#11556,.F.);
#11596 = B_SPLINE_SURFACE_WITH_KNOTS('',3,3,(
    (#11597,#11598,#11599,#11600,#11601,#11602)
    ,(#11603,#11604,#11605,#11606,#11607,#11608)
    ,(#11609,#11610,#11611,#11612,#11613,#11614)
    ,(#11615,#11616,#11617,#11618,#11619,#11620)
    ,(#11621,#11622,#11623,#11624,#11625,#11626
  )),.UNSPECIFIED.,.F.,.F.,.F.,(4,1,4),(4,1,1,4),(0.,0.571428571429,1.),
  (0.,0.160129359206,0.24019403881,0.560452757223),.UNSPECIFIED.);
#11597 = CARTESIAN_POINT('',(252.49086946425,186.20000000222,
    98.77885373719));
#11598 = CARTESIAN_POINT('',(252.95838021572,186.20000000222,
    98.521291567068));
#11599 = CARTESIAN_POINT('',(253.80071599171,186.20000000222,
    98.493625773142));
#11600 = CARTESIAN_POINT('',(255.57524271195,186.20000000222,
    99.094387003883));
#11601 = CARTESIAN_POINT('',(256.64456804429,186.20000000222,
    99.953562748508));
#11602 = CARTESIAN_POINT('',(257.38156191403,186.20000000222,
    100.7258698978));
#11603 = CARTESIAN_POINT('',(252.58858572656,186.20000000222,
    98.956222188477));
#11604 = CARTESIAN_POINT('',(253.00315154368,186.19999354258,
    98.732047145424));
#11605 = CARTESIAN_POINT('',(253.76812325891,186.20067913236,
    98.744268623232));
#11606 = CARTESIAN_POINT('',(255.39065582989,186.20010762048,
    99.404513890301));
#11607 = CARTESIAN_POINT('',(256.36965125516,186.20121973551,
    100.28169321626));
#11608 = CARTESIAN_POINT('',(257.03372066238,186.20000000222,
    101.05780631757));
#11609 = CARTESIAN_POINT('',(252.75956388435,186.25427647427,
    99.266571052965));
#11610 = CARTESIAN_POINT('',(253.08149567261,186.25627450992,
    99.100803658572));
#11611 = CARTESIAN_POINT('',(253.7105297852,186.27887350313,
    99.183240136577));
#11612 = CARTESIAN_POINT('',(255.06759738375,186.36118218069,
    99.946785072719));
#11613 = CARTESIAN_POINT('',(255.88826080919,186.44157202045,
    100.85530429284));
#11614 = CARTESIAN_POINT('',(256.42784373755,186.51735989926,
    101.63597988468));
#11615 = CARTESIAN_POINT('',(252.91688428,186.39899376869,
    99.552129201354));
#11616 = CARTESIAN_POINT('',(253.15308274327,186.4061497228,
    99.43921491366));
#11617 = CARTESIAN_POINT('',(253.65574326717,186.48796266072,
    99.572732472811));
#11618 = CARTESIAN_POINT('',(254.80665744336,186.77022984732,
    100.36861710732));
#11619 = CARTESIAN_POINT('',(255.55818435136,187.02912530753,
    101.23563437602));
#11620 = CARTESIAN_POINT('',(256.0822978846,187.24883950556,
    101.96572586149));
#11621 = CARTESIAN_POINT('',(252.98005859522,186.47597949019,
    99.666799269431));
#11622 = CARTESIAN_POINT('',(253.1816715638,186.48580959952,
    99.574812137562));
#11623 = CARTESIAN_POINT('',(253.63293585592,186.59840508376,
    99.724658915834));
#11624 = CARTESIAN_POINT('',(254.71317411148,186.97913091907,
    100.5138334399));
#11625 = CARTESIAN_POINT('',(255.45935992882,187.3178522977,
    101.34481535839));
#11626 = CARTESIAN_POINT('',(256.00304239511,187.5924010732,
    102.04135744142));
#11627 = ADVANCED_FACE('',(#11628),#11640,.F.);
#11628 = FACE_BOUND('',#11629,.F.);
#11629 = EDGE_LOOP('',(#11630,#11631,#11632,#11633));
#11630 = ORIENTED_EDGE('',*,*,#11455,.F.);
#11631 = ORIENTED_EDGE('',*,*,#11588,.T.);
#11632 = ORIENTED_EDGE('',*,*,#10744,.F.);
#11633 = ORIENTED_EDGE('',*,*,#11634,.T.);
#11634 = EDGE_CURVE('',#10745,#10981,#11635,.T.);
#11635 = CIRCLE('',#11636,2.);
#11636 = AXIS2_PLACEMENT_3D('',#11637,#11638,#11639);
#11637 = CARTESIAN_POINT('',(245.47841541683,188.20000000222,
    102.66111389695));
#11638 = DIRECTION('',(-0.873922336293,1.1316E-13,0.486065582127));
#11639 = DIRECTION('',(-1.287899653326E-13,-1.,1.249980718367E-15));
#11640 = B_SPLINE_SURFACE_WITH_KNOTS('',3,3,(
    (#11641,#11642,#11643,#11644)
    ,(#11645,#11646,#11647,#11648)
    ,(#11649,#11650,#11651,#11652)
    ,(#11653,#11654,#11655,#11656
    )),.UNSPECIFIED.,.F.,.F.,.F.,(4,4),(4,4),(0.,1.),(6.1E-16,
    0.801539411391),.PIECEWISE_BEZIER_KNOTS.);
#11641 = CARTESIAN_POINT('',(252.98005859522,186.47597949019,
    99.666799269431));
#11642 = CARTESIAN_POINT('',(250.68453253275,186.52881512177,
    101.03404091676));
#11643 = CARTESIAN_POINT('',(248.38452675063,186.58164538012,
    102.39250011025));
#11644 = CARTESIAN_POINT('',(246.08121451205,186.63092283406,
    103.74491742673));
#11645 = CARTESIAN_POINT('',(252.83265185971,186.29634614003,
    99.399235777252));
#11646 = CARTESIAN_POINT('',(250.52684015748,186.31547654843,
    100.74871756598));
#11647 = CARTESIAN_POINT('',(248.21956139073,186.33572948398,
    102.09502028224));
#11648 = CARTESIAN_POINT('',(245.91117760707,186.35443136258,
    103.43919932052));
#11649 = CARTESIAN_POINT('',(252.66187292329,186.20000000222,
    99.089248526942));
#11650 = CARTESIAN_POINT('',(250.3389501466,186.19982143623,
    100.40872624929));
#11651 = CARTESIAN_POINT('',(248.01669385319,186.20026414954,
    101.72915440054));
#11652 = CARTESIAN_POINT('',(245.69515033393,186.20000000222,
    103.05079276349));
#11653 = CARTESIAN_POINT('',(252.49086946425,186.20000000222,
    98.77885373719));
#11654 = CARTESIAN_POINT('',(250.15070964339,186.20000000222,
    100.06810032669));
#11655 = CARTESIAN_POINT('',(247.81335940027,186.20000000222,
    101.36244482829));
#11656 = CARTESIAN_POINT('',(245.47841541683,186.20000000222,
    102.66111389695));
#11657 = ADVANCED_FACE('',(#11658),#11670,.F.);
#11658 = FACE_BOUND('',#11659,.F.);
#11659 = EDGE_LOOP('',(#11660,#11661,#11668,#11669));
#11660 = ORIENTED_EDGE('',*,*,#10753,.F.);
#11661 = ORIENTED_EDGE('',*,*,#11662,.T.);
#11662 = EDGE_CURVE('',#10754,#10983,#11663,.T.);
#11663 = CIRCLE('',#11664,2.);
#11664 = AXIS2_PLACEMENT_3D('',#11665,#11666,#11667);
#11665 = CARTESIAN_POINT('',(244.33991226373,188.20000000222,
    104.37431520738));
#11666 = DIRECTION('',(-2.E-16,1.25E-15,1.));
#11667 = DIRECTION('',(-1.2879E-13,-1.,1.25E-15));
#11668 = ORIENTED_EDGE('',*,*,#10980,.F.);
#11669 = ORIENTED_EDGE('',*,*,#11634,.F.);
#11670 = B_SPLINE_SURFACE_WITH_KNOTS('',3,3,(
    (#11671,#11672,#11673,#11674,#11675)
    ,(#11676,#11677,#11678,#11679,#11680)
    ,(#11681,#11682,#11683,#11684,#11685)
    ,(#11686,#11687,#11688,#11689,#11690
    )),.UNSPECIFIED.,.F.,.F.,.F.,(4,4),(4,1,4),(0.,1.),(1.1E-16,
    9.27545597811E-02,0.216427306156),.UNSPECIFIED.);
#11671 = CARTESIAN_POINT('',(244.33991226373,186.20000000222,
    104.37431520738));
#11672 = CARTESIAN_POINT('',(244.33991226373,186.20000000222,
    104.06513334144));
#11673 = CARTESIAN_POINT('',(244.54035174248,186.20000000222,
    103.34174738309));
#11674 = CARTESIAN_POINT('',(245.11814749867,186.20000000222,
    102.86149078181));
#11675 = CARTESIAN_POINT('',(245.47841541683,186.20000000222,
    102.66111389695));
#11676 = CARTESIAN_POINT('',(244.69978901608,186.20000000222,
    104.37431520738));
#11677 = CARTESIAN_POINT('',(244.68468401773,186.20008105778,
    104.12460350644));
#11678 = CARTESIAN_POINT('',(244.840649833,186.20032932082,
    103.54713418492));
#11679 = CARTESIAN_POINT('',(245.3649721555,186.200385751,
    103.19000647049));
#11680 = CARTESIAN_POINT('',(245.69515033393,186.20000000222,
    103.05079276349));
#11681 = CARTESIAN_POINT('',(245.05916348234,186.29942404704,
    104.37431520738));
#11682 = CARTESIAN_POINT('',(245.02907329022,186.29098280707,
    104.18397877043));
#11683 = CARTESIAN_POINT('',(245.1406407151,186.28907035033,
    103.75236846642));
#11684 = CARTESIAN_POINT('',(245.61125520296,186.32711998642,
    103.51797896642));
#11685 = CARTESIAN_POINT('',(245.91117760707,186.35443136258,
    103.43919932052));
#11686 = CARTESIAN_POINT('',(245.36786709773,186.48439257065,
    104.37431520738));
#11687 = CARTESIAN_POINT('',(245.32905664743,186.46113818899,
    104.23495080586));
#11688 = CARTESIAN_POINT('',(245.4018890236,186.45532524412,
    103.93407169663));
#11689 = CARTESIAN_POINT('',(245.81276682759,186.55896027299,
    103.79004111237));
#11690 = CARTESIAN_POINT('',(246.08121451205,186.63092283406,
    103.74491742673));
#11691 = ADVANCED_FACE('',(#11692),#11704,.T.);
#11692 = FACE_BOUND('',#11693,.T.);
#11693 = EDGE_LOOP('',(#11694,#11695,#11696,#11703));
#11694 = ORIENTED_EDGE('',*,*,#11662,.T.);
#11695 = ORIENTED_EDGE('',*,*,#11039,.T.);
#11696 = ORIENTED_EDGE('',*,*,#11697,.F.);
#11697 = EDGE_CURVE('',#10764,#11040,#11698,.T.);
#11698 = CIRCLE('',#11699,2.);
#11699 = AXIS2_PLACEMENT_3D('',#11700,#11701,#11702);
#11700 = CARTESIAN_POINT('',(244.33991226373,188.20000000222,
    113.14000259246));
#11701 = DIRECTION('',(-1.316E-14,1.25E-15,1.));
#11702 = DIRECTION('',(-1.2879E-13,-1.,1.249999999998E-15));
#11703 = ORIENTED_EDGE('',*,*,#10763,.T.);
#11704 = CYLINDRICAL_SURFACE('',#11705,2.);
#11705 = AXIS2_PLACEMENT_3D('',#11706,#11707,#11708);
#11706 = CARTESIAN_POINT('',(244.33991226373,188.20000000222,
    111.2397650575));
#11707 = DIRECTION('',(-3.4E-16,2.35E-15,1.));
#11708 = DIRECTION('',(0.266642348676,-0.963795547766,2.355577935799E-15
    ));
#11709 = ADVANCED_FACE('',(#11710),#11722,.F.);
#11710 = FACE_BOUND('',#11711,.F.);
#11711 = EDGE_LOOP('',(#11712,#11713,#11720,#11721));
#11712 = ORIENTED_EDGE('',*,*,#10771,.F.);
#11713 = ORIENTED_EDGE('',*,*,#11714,.T.);
#11714 = EDGE_CURVE('',#10772,#11067,#11715,.T.);
#11715 = CIRCLE('',#11716,2.);
#11716 = AXIS2_PLACEMENT_3D('',#11717,#11718,#11719);
#11717 = CARTESIAN_POINT('',(245.47841541441,188.20000000222,
    114.85320390138));
#11718 = DIRECTION('',(0.873922336308,-1.059E-13,0.486065582099));
#11719 = DIRECTION('',(-1.243419312509E-13,-1.,5.688925860414E-15));
#11720 = ORIENTED_EDGE('',*,*,#11066,.F.);
#11721 = ORIENTED_EDGE('',*,*,#11697,.F.);
#11722 = B_SPLINE_SURFACE_WITH_KNOTS('',3,3,(
    (#11723,#11724,#11725,#11726,#11727)
    ,(#11728,#11729,#11730,#11731,#11732)
    ,(#11733,#11734,#11735,#11736,#11737)
    ,(#11738,#11739,#11740,#11741,#11742
    )),.UNSPECIFIED.,.F.,.F.,.F.,(4,4),(4,1,4),(0.,1.),(0.,
    9.275759747394E-02,0.216434394106),.UNSPECIFIED.);
#11723 = CARTESIAN_POINT('',(245.47841541388,186.20000000222,
    114.85320390108));
#11724 = CARTESIAN_POINT('',(245.20820562636,186.20000000222,
    114.70291631547));
#11725 = CARTESIAN_POINT('',(244.61420681916,186.20000000222,
    114.26391637114));
#11726 = CARTESIAN_POINT('',(244.33991226373,186.20000000222,
    113.55225858123));
#11727 = CARTESIAN_POINT('',(244.33991226373,186.20000000222,
    113.14000259246));
#11728 = CARTESIAN_POINT('',(245.69515033111,186.20000000222,
    114.46352503508));
#11729 = CARTESIAN_POINT('',(245.44750858748,186.20028932328,
    114.35911133522));
#11730 = CARTESIAN_POINT('',(244.90656301615,186.20050091436,
    114.03801579846));
#11731 = CARTESIAN_POINT('',(244.67964835868,186.20010807984,
    113.47296243106));
#11732 = CARTESIAN_POINT('',(244.69978901608,186.20000000222,
    113.14000259246));
#11733 = CARTESIAN_POINT('',(245.91117760439,186.35443136228,
    114.07511847859));
#11734 = CARTESIAN_POINT('',(245.68622843466,186.33394715936,
    114.01603180898));
#11735 = CARTESIAN_POINT('',(245.19858962973,186.2931159785,
    113.81220649776));
#11736 = CARTESIAN_POINT('',(245.01904191221,186.2881686918,
    113.39379281972));
#11737 = CARTESIAN_POINT('',(245.05916348234,186.29942404704,
    113.14000259246));
#11738 = CARTESIAN_POINT('',(246.08121450955,186.63092283329,
    113.76940037266));
#11739 = CARTESIAN_POINT('',(245.87987215268,186.57694914499,
    113.73555649999));
#11740 = CARTESIAN_POINT('',(245.45069488542,186.46634709869,
    113.61215547588));
#11741 = CARTESIAN_POINT('',(245.31611813589,186.45338571296,
    113.32582788007));
#11742 = CARTESIAN_POINT('',(245.36786709773,186.48439257065,
    113.14000259246));
#11743 = ADVANCED_FACE('',(#11744),#11756,.F.);
#11744 = FACE_BOUND('',#11745,.F.);
#11745 = EDGE_LOOP('',(#11746,#11747,#11748,#11749));
#11746 = ORIENTED_EDGE('',*,*,#11115,.F.);
#11747 = ORIENTED_EDGE('',*,*,#11714,.F.);
#11748 = ORIENTED_EDGE('',*,*,#10781,.F.);
#11749 = ORIENTED_EDGE('',*,*,#11750,.T.);
#11750 = EDGE_CURVE('',#10782,#11116,#11751,.T.);
#11751 = CIRCLE('',#11752,2.);
#11752 = AXIS2_PLACEMENT_3D('',#11753,#11754,#11755);
#11753 = CARTESIAN_POINT('',(252.49086946469,188.20000000222,
    118.73546406276));
#11754 = DIRECTION('',(0.875874518805,-1.122E-13,0.482538938645));
#11755 = DIRECTION('',(-1.287893819798E-13,-1.,1.250340481186E-15));
#11756 = B_SPLINE_SURFACE_WITH_KNOTS('',3,3,(
    (#11757,#11758,#11759,#11760)
    ,(#11761,#11762,#11763,#11764)
    ,(#11765,#11766,#11767,#11768)
    ,(#11769,#11770,#11771,#11772
    )),.UNSPECIFIED.,.F.,.F.,.F.,(4,4),(4,4),(0.,1.),(0.,0.80153941172),
  .PIECEWISE_BEZIER_KNOTS.);
#11757 = CARTESIAN_POINT('',(246.08121450949,186.63092283382,
    113.76940037187));
#11758 = CARTESIAN_POINT('',(248.38452674901,186.58164537987,
    115.1218176889));
#11759 = CARTESIAN_POINT('',(250.68453253207,186.52881512153,
    116.48027688296));
#11760 = CARTESIAN_POINT('',(252.98005859548,186.47597948996,
    117.84751853086));
#11761 = CARTESIAN_POINT('',(245.91117760453,186.35443136248,
    114.07511847803));
#11762 = CARTESIAN_POINT('',(248.21956138913,186.33572948389,
    115.41929751686));
#11763 = CARTESIAN_POINT('',(250.52684015683,186.31547654834,
    116.76560023367));
#11764 = CARTESIAN_POINT('',(252.83265186001,186.29634613995,
    118.11508202296));
#11765 = CARTESIAN_POINT('',(245.69515033145,186.20000000222,
    114.46352503495));
#11766 = CARTESIAN_POINT('',(248.01669385167,186.20026414954,
    115.78516339844));
#11767 = CARTESIAN_POINT('',(250.33895014603,186.19982143623,
    117.10559155023));
#11768 = CARTESIAN_POINT('',(252.66187292367,186.20000000222,
    118.42506927314));
#11769 = CARTESIAN_POINT('',(245.47841541441,186.20000000222,
    114.85320390138));
#11770 = CARTESIAN_POINT('',(247.81335939881,186.20000000222,
    116.15187297057));
#11771 = CARTESIAN_POINT('',(250.15070964288,186.20000000222,
    117.44621747271));
#11772 = CARTESIAN_POINT('',(252.49086946469,186.20000000222,
    118.73546406276));
#11773 = ADVANCED_FACE('',(#11774),#11786,.F.);
#11774 = FACE_BOUND('',#11775,.F.);
#11775 = EDGE_LOOP('',(#11776,#11777,#11784,#11785));
#11776 = ORIENTED_EDGE('',*,*,#10790,.F.);
#11777 = ORIENTED_EDGE('',*,*,#11778,.T.);
#11778 = EDGE_CURVE('',#10791,#11155,#11779,.T.);
#11779 = CIRCLE('',#11780,2.);
#11780 = AXIS2_PLACEMENT_3D('',#11781,#11782,#11783);
#11781 = CARTESIAN_POINT('',(257.38156191222,188.20000000222,
    116.7884479025));
#11782 = DIRECTION('',(0.690373589212,-9.142E-14,-0.723453044308));
#11783 = DIRECTION('',(-1.287875169897E-13,-1.,3.467398015479E-15));
#11784 = ORIENTED_EDGE('',*,*,#11154,.F.);
#11785 = ORIENTED_EDGE('',*,*,#11750,.F.);
#11786 = B_SPLINE_SURFACE_WITH_KNOTS('',3,3,(
    (#11787,#11788,#11789,#11790,#11791,#11792)
    ,(#11793,#11794,#11795,#11796,#11797,#11798)
    ,(#11799,#11800,#11801,#11802,#11803,#11804)
    ,(#11805,#11806,#11807,#11808,#11809,#11810)
    ,(#11811,#11812,#11813,#11814,#11815,#11816
  )),.UNSPECIFIED.,.F.,.F.,.F.,(4,1,4),(4,1,1,4),(0.,0.571428571429,1.),
  (1.085834E-11,0.240198850447,0.400331417404,0.560463984362),
  .UNSPECIFIED.);
#11787 = CARTESIAN_POINT('',(257.38156191221,186.20000000222,
    116.78844790251));
#11788 = CARTESIAN_POINT('',(256.8288054372,186.20000000222,
    117.36768986779));
#11789 = CARTESIAN_POINT('',(255.79683102404,186.20000000222,
    118.2333868327));
#11790 = CARTESIAN_POINT('',(254.08027701768,186.20000000222,
    119.01750217761));
#11791 = CARTESIAN_POINT('',(252.95838958146,186.20000000222,
    118.99303139243));
#11792 = CARTESIAN_POINT('',(252.49086946469,186.20000000222,
    118.73546406276));
#11793 = CARTESIAN_POINT('',(257.03372066073,186.20000000222,
    116.45651148291));
#11794 = CARTESIAN_POINT('',(256.53565862821,186.20091482051,
    117.0386079694));
#11795 = CARTESIAN_POINT('',(255.59489473423,186.20036379633,
    117.91996689436));
#11796 = CARTESIAN_POINT('',(254.02242496103,186.2008663847,
    118.75416889197));
#11797 = CARTESIAN_POINT('',(253.00315984876,186.19999354245,
    118.78227514535));
#11798 = CARTESIAN_POINT('',(252.58858572696,186.20000000222,
    118.55809561155));
#11799 = CARTESIAN_POINT('',(256.42784404285,186.51736039987,
    115.87833820878));
#11800 = CARTESIAN_POINT('',(256.02314873976,186.46051835214,
    116.46385663173));
#11801 = CARTESIAN_POINT('',(255.24132681177,186.37743477405,
    117.37189399209));
#11802 = CARTESIAN_POINT('',(253.92048718308,186.28690071831,
    118.29287451159));
#11803 = CARTESIAN_POINT('',(253.08150211888,186.25627457072,
    118.41351746786));
#11804 = CARTESIAN_POINT('',(252.75956388163,186.25427649505,
    118.24774675273));
#11805 = CARTESIAN_POINT('',(256.08229788312,187.24883950461,
    115.54859193925));
#11806 = CARTESIAN_POINT('',(255.68920485885,187.08405055513,
    116.0961715225));
#11807 = CARTESIAN_POINT('',(254.96540406769,186.82435476313,
    116.95918137861));
#11808 = CARTESIAN_POINT('',(253.82464562578,186.51702333341,
    117.88769670252));
#11809 = CARTESIAN_POINT('',(253.15308747509,186.40614986595,
    118.07510514858));
#11810 = CARTESIAN_POINT('',(252.91688428028,186.39899376852,
    117.9621885989));
#11811 = CARTESIAN_POINT('',(256.00304239352,187.592401072,
    115.47296035921));
#11812 = CARTESIAN_POINT('',(255.59527237548,187.38648536557,
    115.9953773866));
#11813 = CARTESIAN_POINT('',(254.86990250746,187.0510164277,
    116.82183545835));
#11814 = CARTESIAN_POINT('',(253.78518475392,186.63844393868,
    117.73102016533));
#11815 = CARTESIAN_POINT('',(253.18167560276,186.48580979616,
    117.9395075055));
#11816 = CARTESIAN_POINT('',(252.98005859548,186.47597948996,
    117.84751853086));
#11817 = ADVANCED_FACE('',(#11818),#11824,.F.);
#11818 = FACE_BOUND('',#11819,.F.);
#11819 = EDGE_LOOP('',(#11820,#11821,#11822,#11823));
#11820 = ORIENTED_EDGE('',*,*,#11203,.F.);
#11821 = ORIENTED_EDGE('',*,*,#11778,.F.);
#11822 = ORIENTED_EDGE('',*,*,#10801,.F.);
#11823 = ORIENTED_EDGE('',*,*,#11488,.T.);
#11824 = B_SPLINE_SURFACE_WITH_KNOTS('',3,3,(
    (#11825,#11826,#11827,#11828)
    ,(#11829,#11830,#11831,#11832)
    ,(#11833,#11834,#11835,#11836)
    ,(#11837,#11838,#11839,#11840)
    ,(#11841,#11842,#11843,#11844
    )),.UNSPECIFIED.,.F.,.F.,.F.,(4,1,4),(4,4),(0.,0.571428571429,1.),(
    0.,0.415190224467),.UNSPECIFIED.);
#11825 = CARTESIAN_POINT('',(256.0030423935,187.59240107205,
    115.47296035921));
#11826 = CARTESIAN_POINT('',(256.95941692182,187.56135713829,
    114.48509947053));
#11827 = CARTESIAN_POINT('',(257.91040766854,187.52512866588,
    113.49433670109));
#11828 = CARTESIAN_POINT('',(258.83954669228,187.45086977809,
    112.51089976096));
#11829 = CARTESIAN_POINT('',(256.10871637964,187.13431898218,
    115.57380246592));
#11830 = CARTESIAN_POINT('',(257.06969906249,187.11162515019,
    114.58939639253));
#11831 = CARTESIAN_POINT('',(258.02573593034,187.08484124268,
    113.60237605685));
#11832 = CARTESIAN_POINT('',(258.9651982506,187.03164489376,
    112.62444777341));
#11833 = CARTESIAN_POINT('',(256.51152512338,186.43283665938,
    115.95819302226));
#11834 = CARTESIAN_POINT('',(257.4742669136,186.42665674429,
    114.97179524534));
#11835 = CARTESIAN_POINT('',(258.43301291642,186.41948460918,
    113.98310306025));
#11836 = CARTESIAN_POINT('',(259.37640129236,186.40529082723,
    112.99604116014));
#11837 = CARTESIAN_POINT('',(257.1206809736,186.20000000222,
    116.5394955878));
#11838 = CARTESIAN_POINT('',(258.07830819541,186.20003466547,
    115.54269613259));
#11839 = CARTESIAN_POINT('',(259.03127723642,186.19993327328,
    114.54178121012));
#11840 = CARTESIAN_POINT('',(259.96380126073,186.20000000222,
    113.52685908083));
#11841 = CARTESIAN_POINT('',(257.38156191222,186.20000000222,
    116.7884479025));
#11842 = CARTESIAN_POINT('',(258.33701646379,186.20000000222,
    115.78721246297));
#11843 = CARTESIAN_POINT('',(259.28748854652,186.20000000222,
    114.78103583794));
#11844 = CARTESIAN_POINT('',(260.21539615226,186.20000000222,
    113.75421877503));
#11845 = ( GEOMETRIC_REPRESENTATION_CONTEXT(3) 
GLOBAL_UNCERTAINTY_ASSIGNED_CONTEXT((#11849)) 
GLOBAL_UNIT_ASSIGNED_CONTEXT((#11846,#11847,#11848)) 
REPRESENTATION_CONTEXT('Context #1',
  '3D Context with UNIT and UNCERTAINTY') );
#11846 = ( LENGTH_UNIT() NAMED_UNIT(*) SI_UNIT(.MILLI.,.METRE.) );
#11847 = ( NAMED_UNIT(*) PLANE_ANGLE_UNIT() SI_UNIT($,.RADIAN.) );
#11848 = ( NAMED_UNIT(*) SI_UNIT($,.STERADIAN.) SOLID_ANGLE_UNIT() );
#11849 = UNCERTAINTY_MEASURE_WITH_UNIT(LENGTH_MEASURE(2.E-04),#11846,
  'distance_accuracy_value','confusion accuracy');
#11850 = PRODUCT_RELATED_PRODUCT_CATEGORY('part',$,(#7));
#11851 = MECHANICAL_DESIGN_GEOMETRIC_PRESENTATION_REPRESENTATION('',(
    #11852),#11845);
#11852 = STYLED_ITEM('color',(#11853),#15);
#11853 = PRESENTATION_STYLE_ASSIGNMENT((#11854,#11860));
#11854 = SURFACE_STYLE_USAGE(.BOTH.,#11855);
#11855 = SURFACE_SIDE_STYLE('',(#11856));
#11856 = SURFACE_STYLE_FILL_AREA(#11857);
#11857 = FILL_AREA_STYLE('',(#11858));
#11858 = FILL_AREA_STYLE_COLOUR('',#11859);
#11859 = COLOUR_RGB('',0.678431390124,0.709803936702,0.741176476869);
#11860 = CURVE_STYLE('',#11861,POSITIVE_LENGTH_MEASURE(0.1),#11862);
#11861 = DRAUGHTING_PRE_DEFINED_CURVE_FONT('continuous');
#11862 = COLOUR_RGB('',9.803921802644E-02,9.803921802644E-02,
  9.803921802644E-02);
ENDSEC;
END-ISO-10303-21;
